sample_idx,t,abs_frame,pos_err_mm,ee_speed_mm_s,joint_vel_norm,control_lag_mm
0,0,0,3.260,381.860,5.1006,38.186
0,1,1,6.842,1067.142,3.8049,106.714
0,2,2,8.114,2.912,0.2984,0.291
0,3,3,1.209,0.002,0.0304,0.000
0,4,4,1.003,0.001,0.0304,0.000
0,5,5,0.796,0.002,0.0304,0.000
0,6,6,0.538,0.003,0.0304,0.000
0,7,7,0.660,0.001,0.0304,0.000
0,8,8,0.472,0.002,0.0304,0.000
0,9,9,0.869,0.003,0.0304,0.000
0,10,10,0.948,0.001,0.0304,0.000
0,11,11,1.885,3426.070,0.0304,0.000
0,12,12,4.254,0.000,0.0304,342.607
0,13,13,2.131,0.000,0.0304,162.445
0,14,14,1.986,0.000,5.7688,19.523
0,15,15,1.474,258.819,2.9778,0.118
1,0,1,4.387,1067.142,3.8049,106.714
1,1,2,2.107,2.912,0.2984,0.291
1,2,3,1.571,0.002,0.0304,0.000
1,3,4,0.697,0.001,0.0304,0.000
1,4,5,1.246,0.002,0.0304,0.000
1,5,6,1.354,0.003,0.0304,0.000
1,6,7,1.052,0.001,0.0304,0.000
1,7,8,0.651,0.002,0.0304,0.000
1,8,9,0.568,0.003,0.0304,0.000
1,9,10,1.882,0.001,0.0304,0.000
1,10,11,2.082,3426.070,0.0304,0.000
1,11,12,0.656,0.000,0.0304,342.607
1,12,13,0.651,0.000,0.0304,162.445
1,13,14,0.788,0.000,5.7688,19.523
1,14,15,1.660,258.819,2.9778,0.118
1,15,16,0.384,0.000,0.0154,25.741
2,0,2,2.234,2.912,0.2984,0.291
2,1,3,1.800,0.002,0.0304,0.000
2,2,4,1.763,0.001,0.0304,0.000
2,3,5,3.172,0.002,0.0304,0.000
2,4,6,2.757,0.003,0.0304,0.000
2,5,7,0.355,0.001,0.0304,0.000
2,6,8,1.280,0.002,0.0304,0.000
2,7,9,0.865,0.003,0.0304,0.000
2,8,10,1.231,0.001,0.0304,0.000
2,9,11,0.757,3426.070,0.0304,0.000
2,10,12,1.252,0.000,0.0304,342.607
2,11,13,0.966,0.000,0.0304,162.445
2,12,14,0.720,0.000,5.7688,19.523
2,13,15,0.776,258.819,2.9778,0.118
2,14,16,0.731,0.000,0.0154,25.741
2,15,17,0.538,241.182,0.0153,2.779
3,0,3,0.559,0.002,0.0304,0.000
3,1,4,0.568,0.001,0.0304,0.000
3,2,5,0.353,0.002,0.0304,0.000
3,3,6,0.192,0.003,0.0304,0.000
3,4,7,0.234,0.001,0.0304,0.000
3,5,8,0.665,0.002,0.0304,0.000
3,6,9,0.287,0.003,0.0304,0.000
3,7,10,0.741,0.001,0.0304,0.000
3,8,11,0.686,3426.070,0.0304,0.000
3,9,12,0.523,0.000,0.0304,342.607
3,10,13,0.776,0.000,0.0304,162.445
3,11,14,0.767,0.000,5.7688,19.523
3,12,15,0.141,258.819,2.9778,0.118
3,13,16,0.655,0.000,0.0154,25.741
3,14,17,1.287,241.182,0.0153,2.779
3,15,18,0.621,0.000,0.0147,23.344
4,0,4,0.539,0.001,0.0304,0.000
4,1,5,0.959,0.002,0.0304,0.000
4,2,6,0.562,0.003,0.0304,0.000
4,3,7,0.765,0.001,0.0304,0.000
4,4,8,0.550,0.002,0.0304,0.000
4,5,9,0.361,0.003,0.0304,0.000
4,6,10,0.554,0.001,0.0304,0.000
4,7,11,0.513,3426.070,0.0304,0.000
4,8,12,0.702,0.000,0.0304,342.607
4,9,13,0.660,0.000,0.0304,162.445
4,10,14,1.468,0.000,5.7688,19.523
4,11,15,0.201,258.819,2.9778,0.118
4,12,16,0.401,0.000,0.0154,25.741
4,13,17,1.066,241.182,0.0153,2.779
4,14,18,1.383,0.000,0.0147,23.344
4,15,19,0.808,207.106,0.0147,3.566
5,0,5,0.217,0.002,0.0304,0.000
5,1,6,0.428,0.003,0.0304,0.000
5,2,7,0.442,0.001,0.0304,0.000
5,3,8,0.466,0.002,0.0304,0.000
5,4,9,0.587,0.003,0.0304,0.000
5,5,10,0.794,0.001,0.0304,0.000
5,6,11,1.014,3426.070,0.0304,0.000
5,7,12,1.024,0.000,0.0304,342.607
5,8,13,0.422,0.000,0.0304,162.445
5,9,14,0.632,0.000,5.7688,19.523
5,10,15,0.481,258.819,2.9778,0.118
5,11,16,0.580,0.000,0.0154,25.741
5,12,17,0.114,241.182,0.0153,2.779
5,13,18,0.269,0.000,0.0147,23.344
5,14,19,0.399,207.106,0.0147,3.566
5,15,20,0.850,158.919,0.0140,19.787
6,0,6,0.744,0.003,0.0304,0.000
6,1,7,0.441,0.001,0.0304,0.000
6,2,8,0.533,0.002,0.0304,0.000
6,3,9,0.930,0.003,0.0304,0.000
6,4,10,0.637,0.001,0.0304,0.000
6,5,11,1.950,3426.070,0.0304,0.000
6,6,12,0.748,0.000,0.0304,342.607
6,7,13,0.707,0.000,0.0304,162.445
6,8,14,0.394,0.000,5.7688,19.523
6,9,15,0.237,258.819,2.9778,0.118
6,10,16,0.560,0.000,0.0154,25.741
6,11,17,0.525,241.182,0.0153,2.779
6,12,18,1.331,0.000,0.0147,23.344
6,13,19,0.512,207.106,0.0147,3.566
6,14,20,0.535,158.919,0.0140,19.787
6,15,21,1.167,99.900,0.0140,15.085
7,0,7,5.618,0.001,0.0304,0.000
7,1,8,0.896,0.002,0.0304,0.000
7,2,9,0.862,0.003,0.0304,0.000
7,3,10,0.606,0.001,0.0304,0.000
7,4,11,342.910,3426.070,0.0304,0.000
7,5,12,0.597,0.000,0.0304,342.607
7,6,13,1.252,0.000,0.0304,162.445
7,7,14,1.000,0.000,5.7688,19.523
7,8,15,26.120,258.819,2.9778,0.118
7,9,16,0.720,0.000,0.0154,25.741
7,10,17,24.030,241.182,0.0153,2.779
7,11,18,0.542,0.000,0.0147,23.344
7,12,19,20.910,207.106,0.0147,3.566
7,13,20,15.991,158.919,0.0140,19.787
7,14,21,8.929,99.900,0.0140,15.085
7,15,22,3.201,34.075,0.0132,9.469
8,0,8,4.147,0.002,0.0304,0.000
8,1,9,1.246,0.003,0.0304,0.000
8,2,10,340.295,0.001,0.0304,0.000
8,3,11,341.973,3426.070,0.0304,0.000
8,4,12,0.321,0.000,0.0304,342.607
8,5,13,0.729,0.000,0.0304,162.445
8,6,14,26.092,0.000,5.7688,19.523
8,7,15,25.261,258.819,2.9778,0.118
8,8,16,23.828,0.000,0.0154,25.741
8,9,17,23.304,241.182,0.0153,2.779
8,10,18,21.734,0.000,0.0147,23.344
8,11,19,35.724,207.106,0.0147,3.566
8,12,20,24.595,158.919,0.0140,19.787
8,13,21,12.850,99.900,0.0140,15.085
8,14,22,2.717,34.075,0.0132,9.469
8,15,23,0.780,0.000,0.0126,3.199
9,0,9,0.769,0.003,0.0304,0.000
9,1,10,0.807,0.001,0.0304,0.000
9,2,11,0.743,3426.070,0.0304,0.000
9,3,12,1.690,0.000,0.0304,342.607
9,4,13,1.945,0.000,0.0304,162.445
9,5,14,0.903,0.000,5.7688,19.523
9,6,15,0.575,258.819,2.9778,0.118
9,7,16,0.135,0.000,0.0154,25.741
9,8,17,0.485,241.182,0.0153,2.779
9,9,18,0.359,0.000,0.0147,23.344
9,10,19,1.100,207.106,0.0147,3.566
9,11,20,0.431,158.919,0.0140,19.787
9,12,21,0.865,99.900,0.0140,15.085
9,13,22,0.769,34.075,0.0132,9.469
9,14,23,1.046,0.000,0.0126,3.199
9,15,24,0.833,0.000,0.0122,3.371
10,0,10,0.359,0.001,0.0304,0.000
10,1,11,1.007,3426.070,0.0304,0.000
10,2,12,1.684,0.000,0.0304,342.607
10,3,13,1.738,0.000,0.0304,162.445
10,4,14,0.677,0.000,5.7688,19.523
10,5,15,0.829,258.819,2.9778,0.118
10,6,16,0.795,0.000,0.0154,25.741
10,7,17,0.637,241.182,0.0153,2.779
10,8,18,0.511,0.000,0.0147,23.344
10,9,19,0.311,207.106,0.0147,3.566
10,10,20,0.194,158.919,0.0140,19.787
10,11,21,0.547,99.900,0.0140,15.085
10,12,22,1.011,34.075,0.0132,9.469
10,13,23,1.189,0.000,0.0126,3.199
10,14,24,1.050,0.000,0.0122,3.371
10,15,25,2.397,0.000,0.0595,3.338
11,0,11,342.333,3426.070,0.0304,0.000
11,1,12,0.546,0.000,0.0304,342.607
11,2,13,0.371,0.000,0.0304,162.445
11,3,14,1.250,0.000,5.7688,19.523
11,4,15,25.492,258.819,2.9778,0.118
11,5,16,0.164,0.000,0.0154,25.741
11,6,17,24.082,241.182,0.0153,2.779
11,7,18,0.247,0.000,0.0147,23.344
11,8,19,21.138,207.106,0.0147,3.566
11,9,20,16.310,158.919,0.0140,19.787
11,10,21,10.601,99.900,0.0140,15.085
11,11,22,4.271,34.075,0.0132,9.469
11,12,23,0.410,0.000,0.0126,3.199
11,13,24,0.698,0.000,0.0122,3.371
11,14,25,1.049,0.000,0.0595,3.338
11,15,26,5.979,0.000,0.0701,3.338
12,0,12,5.702,0.000,0.0304,342.607
12,1,13,2.851,0.000,0.0304,162.445
12,2,14,1.413,0.000,5.7688,19.523
12,3,15,1.590,258.819,2.9778,0.118
12,4,16,1.262,0.000,0.0154,25.741
12,5,17,2.115,241.182,0.0153,2.779
12,6,18,1.075,0.000,0.0147,23.344
12,7,19,2.525,207.106,0.0147,3.566
12,8,20,1.416,158.919,0.0140,19.787
12,9,21,1.487,99.900,0.0140,15.085
12,10,22,2.125,34.075,0.0132,9.469
12,11,23,1.468,0.000,0.0126,3.199
12,12,24,1.853,0.000,0.0122,3.371
12,13,25,1.422,0.000,0.0595,3.338
12,14,26,0.637,0.000,0.0701,3.338
12,15,27,1.676,0.000,0.0697,3.338
13,0,13,1.089,0.000,0.0304,162.445
13,1,14,2.231,0.000,5.7688,19.523
13,2,15,0.863,258.819,2.9778,0.118
13,3,16,25.986,0.000,0.0154,25.741
13,4,17,0.555,241.182,0.0153,2.779
13,5,18,24.346,0.000,0.0147,23.344
13,6,19,1.210,207.106,0.0147,3.566
13,7,20,20.783,158.919,0.0140,19.787
13,8,21,16.035,99.900,0.0140,15.085
13,9,22,10.127,34.075,0.0132,9.469
13,10,23,3.841,0.000,0.0126,3.199
13,11,24,0.349,0.000,0.0122,3.371
13,12,25,0.563,0.000,0.0595,3.338
13,13,26,0.814,0.000,0.0701,3.338
13,14,27,0.658,0.000,0.0697,3.338
13,15,28,0.852,0.000,0.0707,3.338
14,0,14,1.725,0.000,5.7688,19.523
14,1,15,4.309,258.819,2.9778,0.118
14,2,16,1.081,0.000,0.0154,25.741
14,3,17,1.720,241.182,0.0153,2.779
14,4,18,0.746,0.000,0.0147,23.344
14,5,19,0.705,207.106,0.0147,3.566
14,6,20,1.174,158.919,0.0140,19.787
14,7,21,1.552,99.900,0.0140,15.085
14,8,22,3.893,34.075,0.0132,9.469
14,9,23,2.106,0.000,0.0126,3.199
14,10,24,1.196,0.000,0.0122,3.371
14,11,25,1.685,0.000,0.0595,3.338
14,12,26,1.968,0.000,0.0701,3.338
14,13,27,0.948,0.000,0.0697,3.338
14,14,28,0.886,0.000,0.0707,3.338
14,15,29,2.621,0.000,0.0702,3.338
15,0,15,0.436,258.819,2.9778,0.118
15,1,16,0.390,0.000,0.0154,25.741
15,2,17,0.360,241.182,0.0153,2.779
15,3,18,0.597,0.000,0.0147,23.344
15,4,19,0.620,207.106,0.0147,3.566
15,5,20,0.336,158.919,0.0140,19.787
15,6,21,0.430,99.900,0.0140,15.085
15,7,22,0.537,34.075,0.0132,9.469
15,8,23,0.734,0.000,0.0126,3.199
15,9,24,0.307,0.000,0.0122,3.371
15,10,25,0.272,0.000,0.0595,3.338
15,11,26,0.339,0.000,0.0701,3.338
15,12,27,0.534,0.000,0.0697,3.338
15,13,28,1.249,0.000,0.0707,3.338
15,14,29,1.275,0.000,0.0702,3.338
15,15,30,0.122,0.000,0.0701,3.338
16,0,16,1.210,0.000,0.0154,25.741
16,1,17,0.375,241.182,0.0153,2.779
16,2,18,0.672,0.000,0.0147,23.344
16,3,19,0.721,207.106,0.0147,3.566
16,4,20,0.874,158.919,0.0140,19.787
16,5,21,2.030,99.900,0.0140,15.085
16,6,22,0.466,34.075,0.0132,9.469
16,7,23,0.355,0.000,0.0126,3.199
16,8,24,1.122,0.000,0.0122,3.371
16,9,25,0.442,0.000,0.0595,3.338
16,10,26,0.471,0.000,0.0701,3.338
16,11,27,0.355,0.000,0.0697,3.338
16,12,28,0.839,0.000,0.0707,3.338
16,13,29,1.073,0.000,0.0702,3.338
16,14,30,2.761,0.000,0.0701,3.338
16,15,31,1.053,0.000,0.0704,3.338
17,0,17,0.475,241.182,0.0153,2.779
17,1,18,0.166,0.000,0.0147,23.344
17,2,19,0.495,207.106,0.0147,3.566
17,3,20,0.321,158.919,0.0140,19.787
17,4,21,0.361,99.900,0.0140,15.085
17,5,22,0.455,34.075,0.0132,9.469
17,6,23,0.397,0.000,0.0126,3.199
17,7,24,0.499,0.000,0.0122,3.371
17,8,25,0.371,0.000,0.0595,3.338
17,9,26,0.503,0.000,0.0701,3.338
17,10,27,0.304,0.000,0.0697,3.338
17,11,28,0.634,0.000,0.0707,3.338
17,12,29,0.108,0.000,0.0702,3.338
17,13,30,0.775,0.000,0.0701,3.338
17,14,31,1.032,0.000,0.0704,3.338
17,15,32,0.413,0.000,0.0706,3.338
18,0,18,0.267,0.000,0.0147,23.344
18,1,19,0.527,207.106,0.0147,3.566
18,2,20,0.178,158.919,0.0140,19.787
18,3,21,0.590,99.900,0.0140,15.085
18,4,22,0.947,34.075,0.0132,9.469
18,5,23,0.400,0.000,0.0126,3.199
18,6,24,0.656,0.000,0.0122,3.371
18,7,25,0.173,0.000,0.0595,3.338
18,8,26,0.235,0.000,0.0701,3.338
18,9,27,0.650,0.000,0.0697,3.338
18,10,28,0.214,0.000,0.0707,3.338
18,11,29,0.295,0.000,0.0702,3.338
18,12,30,0.311,0.000,0.0701,3.338
18,13,31,0.679,0.000,0.0704,3.338
18,14,32,0.562,0.000,0.0706,3.338
18,15,33,0.893,0.000,0.0695,3.337
19,0,19,0.946,207.106,0.0147,3.566
19,1,20,0.911,158.919,0.0140,19.787
19,2,21,0.587,99.900,0.0140,15.085
19,3,22,0.544,34.075,0.0132,9.469
19,4,23,0.419,0.000,0.0126,3.199
19,5,24,0.827,0.000,0.0122,3.371
19,6,25,0.354,0.000,0.0595,3.338
19,7,26,0.197,0.000,0.0701,3.338
19,8,27,0.199,0.000,0.0697,3.338
19,9,28,0.246,0.000,0.0707,3.338
19,10,29,0.318,0.000,0.0702,3.338
19,11,30,0.156,0.000,0.0701,3.338
19,12,31,0.261,0.000,0.0704,3.338
19,13,32,0.267,0.000,0.0706,3.338
19,14,33,0.420,0.000,0.0695,3.337
19,15,34,0.385,1000.000,0.0708,3.337
20,0,20,0.579,158.919,0.0140,19.787
20,1,21,0.593,99.900,0.0140,15.085
20,2,22,0.685,34.075,0.0132,9.469
20,3,23,0.809,0.000,0.0126,3.199
20,4,24,0.457,0.000,0.0122,3.371
20,5,25,0.471,0.000,0.0595,3.338
20,6,26,0.483,0.000,0.0701,3.338
20,7,27,0.766,0.000,0.0697,3.338
20,8,28,0.429,0.000,0.0707,3.338
20,9,29,0.380,0.000,0.0702,3.338
20,10,30,0.718,0.000,0.0701,3.338
20,11,31,0.543,0.000,0.0704,3.338
20,12,32,0.562,0.000,0.0706,3.338
20,13,33,0.484,0.000,0.0695,3.337
20,14,34,0.287,1000.000,0.0708,3.337
20,15,35,0.519,0.000,0.0710,12.210
21,0,21,0.471,99.900,0.0140,15.085
21,1,22,0.766,34.075,0.0132,9.469
21,2,23,0.899,0.000,0.0126,3.199
21,3,24,0.790,0.000,0.0122,3.371
21,4,25,0.543,0.000,0.0595,3.338
21,5,26,1.544,0.000,0.0701,3.338
21,6,27,1.100,0.000,0.0697,3.338
21,7,28,0.676,0.000,0.0707,3.338
21,8,29,0.796,0.000,0.0702,3.338
21,9,30,0.470,0.000,0.0701,3.338
21,10,31,0.644,0.000,0.0704,3.338
21,11,32,0.895,0.000,0.0706,3.338
21,12,33,0.777,0.000,0.0695,3.337
21,13,34,0.683,1000.000,0.0708,3.337
21,14,35,0.448,0.000,0.0710,12.210
21,15,36,0.799,1028.260,1.3412,1.162
22,0,22,2.279,34.075,0.0132,9.469
22,1,23,0.535,0.000,0.0126,3.199
22,2,24,0.909,0.000,0.0122,3.371
22,3,25,0.406,0.000,0.0595,3.338
22,4,26,0.802,0.000,0.0701,3.338
22,5,27,0.636,0.000,0.0697,3.338
22,6,28,1.006,0.000,0.0707,3.338
22,7,29,0.724,0.000,0.0702,3.338
22,8,30,0.339,0.000,0.0701,3.338
22,9,31,0.849,0.000,0.0704,3.338
22,10,32,0.148,0.000,0.0706,3.338
22,11,33,0.820,0.000,0.0695,3.337
22,12,34,0.587,1000.000,0.0708,3.337
22,13,35,0.563,0.000,0.0710,12.210
22,14,36,0.940,1028.260,1.3412,1.162
22,15,37,1.128,0.000,0.0894,123.289
23,0,23,2.279,0.000,0.0126,3.199
23,1,24,0.443,0.000,0.0122,3.371
23,2,25,1.256,0.000,0.0595,3.338
23,3,26,1.026,0.000,0.0701,3.338
23,4,27,0.623,0.000,0.0697,3.338
23,5,28,1.008,0.000,0.0707,3.338
23,6,29,0.745,0.000,0.0702,3.338
23,7,30,0.486,0.000,0.0701,3.338
23,8,31,0.521,0.000,0.0704,3.338
23,9,32,0.461,0.000,0.0706,3.338
23,10,33,0.165,0.000,0.0695,3.337
23,11,34,0.429,1000.000,0.0708,3.337
23,12,35,0.205,0.000,0.0710,12.210
23,13,36,0.658,1028.260,1.3412,1.162
23,14,37,0.724,0.000,0.0894,123.289
23,15,38,0.653,0.000,4.4494,47.004
24,0,24,0.297,0.000,0.0122,3.371
24,1,25,0.458,0.000,0.0595,3.338
24,2,26,0.540,0.000,0.0701,3.338
24,3,27,0.422,0.000,0.0697,3.338
24,4,28,0.297,0.000,0.0707,3.338
24,5,29,0.572,0.000,0.0702,3.338
24,6,30,1.146,0.000,0.0701,3.338
24,7,31,0.470,0.000,0.0704,3.338
24,8,32,0.477,0.000,0.0706,3.338
24,9,33,0.761,0.000,0.0695,3.337
24,10,34,0.417,1000.000,0.0708,3.337
24,11,35,0.248,0.000,0.0710,12.210
24,12,36,1.770,1028.260,1.3412,1.162
24,13,37,0.379,0.000,0.0894,123.289
24,14,38,0.764,0.000,4.4494,47.004
24,15,39,0.827,0.000,2.5711,14.453
25,0,25,1.080,0.000,0.0595,3.338
25,1,26,1.009,0.000,0.0701,3.338
25,2,27,1.002,0.000,0.0697,3.338
25,3,28,0.661,0.000,0.0707,3.338
25,4,29,1.195,0.000,0.0702,3.338
25,5,30,0.578,0.000,0.0701,3.338
25,6,31,0.700,0.000,0.0704,3.338
25,7,32,0.448,0.000,0.0706,3.338
25,8,33,0.480,0.000,0.0695,3.337
25,9,34,0.281,1000.000,0.0708,3.337
25,10,35,0.815,0.000,0.0710,12.210
25,11,36,1.607,1028.260,1.3412,1.162
25,12,37,0.428,0.000,0.0894,123.289
25,13,38,1.170,0.000,4.4494,47.004
25,14,39,0.749,0.000,2.5711,14.453
25,15,40,0.384,0.000,0.9929,2.072
26,0,26,0.548,0.000,0.0701,3.338
26,1,27,0.592,0.000,0.0697,3.338
26,2,28,0.641,0.000,0.0707,3.338
26,3,29,0.415,0.000,0.0702,3.338
26,4,30,0.136,0.000,0.0701,3.338
26,5,31,0.364,0.000,0.0704,3.338
26,6,32,0.838,0.000,0.0706,3.338
26,7,33,0.662,0.000,0.0695,3.337
26,8,34,1.207,1000.000,0.0708,3.337
26,9,35,1.021,0.000,0.0710,12.210
26,10,36,1.418,1028.260,1.3412,1.162
26,11,37,0.608,0.000,0.0894,123.289
26,12,38,0.525,0.000,4.4494,47.004
26,13,39,0.822,0.000,2.5711,14.453
26,14,40,0.136,0.000,0.9929,2.072
26,15,41,1.288,0.000,0.8258,1.127
27,0,27,0.509,0.000,0.0697,3.338
27,1,28,1.143,0.000,0.0707,3.338
27,2,29,0.585,0.000,0.0702,3.338
27,3,30,0.818,0.000,0.0701,3.338
27,4,31,0.313,0.000,0.0704,3.338
27,5,32,0.233,0.000,0.0706,3.338
27,6,33,0.636,0.000,0.0695,3.337
27,7,34,0.242,1000.000,0.0708,3.337
27,8,35,0.937,0.000,0.0710,12.210
27,9,36,0.785,1028.260,1.3412,1.162
27,10,37,0.356,0.000,0.0894,123.289
27,11,38,0.506,0.000,4.4494,47.004
27,12,39,0.325,0.000,2.5711,14.453
27,13,40,1.290,0.000,0.9929,2.072
27,14,41,0.558,0.000,0.8258,1.127
27,15,42,1.053,0.000,0.0665,1.127
28,0,28,1.231,0.000,0.0707,3.338
28,1,29,0.794,0.000,0.0702,3.338
28,2,30,0.533,0.000,0.0701,3.338
28,3,31,0.626,0.000,0.0704,3.338
28,4,32,0.604,0.000,0.0706,3.338
28,5,33,0.690,0.000,0.0695,3.337
28,6,34,0.767,1000.000,0.0708,3.337
28,7,35,0.657,0.000,0.0710,12.210
28,8,36,1.803,1028.260,1.3412,1.162
28,9,37,0.371,0.000,0.0894,123.289
28,10,38,0.456,0.000,4.4494,47.004
28,11,39,0.537,0.000,2.5711,14.453
28,12,40,0.595,0.000,0.9929,2.072
28,13,41,0.497,0.000,0.8258,1.127
28,14,42,0.594,0.000,0.0665,1.127
28,15,43,1.044,0.000,0.0658,1.127
29,0,29,5.222,0.000,0.0702,3.338
29,1,30,0.880,0.000,0.0701,3.338
29,2,31,0.715,0.000,0.0704,3.338
29,3,32,2.202,0.000,0.0706,3.338
29,4,33,0.802,0.000,0.0695,3.337
29,5,34,2.303,1000.000,0.0708,3.337
29,6,35,2.307,0.000,0.0710,12.210
29,7,36,2.659,1028.260,1.3412,1.162
29,8,37,1.101,0.000,0.0894,123.289
29,9,38,0.417,0.000,4.4494,47.004
29,10,39,1.728,0.000,2.5711,14.453
29,11,40,1.258,0.000,0.9929,2.072
29,12,41,1.861,0.000,0.8258,1.127
29,13,42,1.794,0.000,0.0665,1.127
29,14,43,1.555,0.000,0.0658,1.127
29,15,44,1.657,0.000,0.0661,1.127
30,0,30,0.790,0.000,0.0701,3.338
30,1,31,0.581,0.000,0.0704,3.338
30,2,32,0.198,0.000,0.0706,3.338
30,3,33,0.426,0.000,0.0695,3.337
30,4,34,0.458,1000.000,0.0708,3.337
30,5,35,0.378,0.000,0.0710,12.210
30,6,36,0.928,1028.260,1.3412,1.162
30,7,37,0.603,0.000,0.0894,123.289
30,8,38,0.626,0.000,4.4494,47.004
30,9,39,0.920,0.000,2.5711,14.453
30,10,40,0.398,0.000,0.9929,2.072
30,11,41,1.045,0.000,0.8258,1.127
30,12,42,0.658,0.000,0.0665,1.127
30,13,43,0.784,0.000,0.0658,1.127
30,14,44,0.474,0.000,0.0661,1.127
30,15,45,1.044,0.000,0.0658,1.127
31,0,31,0.938,0.000,0.0704,3.338
31,1,32,0.565,0.000,0.0706,3.338
31,2,33,1.216,0.000,0.0695,3.337
31,3,34,1.488,1000.000,0.0708,3.337
31,4,35,1.905,0.000,0.0710,12.210
31,5,36,0.323,1028.260,1.3412,1.162
31,6,37,0.632,0.000,0.0894,123.289
31,7,38,1.112,0.000,4.4494,47.004
31,8,39,0.957,0.000,2.5711,14.453
31,9,40,0.222,0.000,0.9929,2.072
31,10,41,0.497,0.000,0.8258,1.127
31,11,42,0.452,0.000,0.0665,1.127
31,12,43,0.429,0.000,0.0658,1.127
31,13,44,0.334,0.000,0.0661,1.127
31,14,45,0.748,0.000,0.0658,1.127
31,15,46,0.526,0.000,0.0645,1.127
32,0,32,1.335,0.000,0.0706,3.338
32,1,33,0.717,0.000,0.0695,3.337
32,2,34,1.215,1000.000,0.0708,3.337
32,3,35,1.302,0.000,0.0710,12.210
32,4,36,0.646,1028.260,1.3412,1.162
32,5,37,0.882,0.000,0.0894,123.289
32,6,38,1.168,0.000,4.4494,47.004
32,7,39,0.260,0.000,2.5711,14.453
32,8,40,0.566,0.000,0.9929,2.072
32,9,41,0.438,0.000,0.8258,1.127
32,10,42,0.358,0.000,0.0665,1.127
32,11,43,0.643,0.000,0.0658,1.127
32,12,44,0.170,0.000,0.0661,1.127
32,13,45,0.232,0.000,0.0658,1.127
32,14,46,0.505,0.000,0.0645,1.127
32,15,47,0.942,0.000,0.0649,1.127
33,0,33,1.030,0.000,0.0695,3.337
33,1,34,0.842,1000.000,0.0708,3.337
33,2,35,0.233,0.000,0.0710,12.210
33,3,36,0.436,1028.260,1.3412,1.162
33,4,37,0.721,0.000,0.0894,123.289
33,5,38,0.463,0.000,4.4494,47.004
33,6,39,0.182,0.000,2.5711,14.453
33,7,40,0.607,0.000,0.9929,2.072
33,8,41,0.486,0.000,0.8258,1.127
33,9,42,0.471,0.000,0.0665,1.127
33,10,43,1.103,0.000,0.0658,1.127
33,11,44,0.864,0.000,0.0661,1.127
33,12,45,0.298,0.000,0.0658,1.127
33,13,46,0.314,0.000,0.0645,1.127
33,14,47,1.839,0.000,0.0649,1.127
33,15,48,0.709,0.000,0.0654,1.126
34,0,34,0.848,1000.000,0.0708,3.337
34,1,35,2.147,0.000,0.0710,12.210
34,2,36,2.688,1028.260,1.3412,1.162
34,3,37,2.480,0.000,0.0894,123.289
34,4,38,1.419,0.000,4.4494,47.004
34,5,39,0.657,0.000,2.5711,14.453
34,6,40,0.327,0.000,0.9929,2.072
34,7,41,0.339,0.000,0.8258,1.127
34,8,42,0.146,0.000,0.0665,1.127
34,9,43,0.839,0.000,0.0658,1.127
34,10,44,1.020,0.000,0.0661,1.127
34,11,45,0.969,0.000,0.0658,1.127
34,12,46,0.361,0.000,0.0645,1.127
34,13,47,0.828,0.000,0.0649,1.127
34,14,48,1.609,0.000,0.0654,1.126
34,15,49,2.863,0.000,0.0651,1.126
35,0,35,0.781,0.000,0.0710,12.210
35,1,36,2.312,1028.260,1.3412,1.162
35,2,37,1.387,0.000,0.0894,123.289
35,3,38,0.410,0.000,4.4494,47.004
35,4,39,0.904,0.000,2.5711,14.453
35,5,40,0.536,0.000,0.9929,2.072
35,6,41,0.397,0.000,0.8258,1.127
35,7,42,0.446,0.000,0.0665,1.127
35,8,43,0.781,0.000,0.0658,1.127
35,9,44,0.868,0.000,0.0661,1.127
35,10,45,0.750,0.000,0.0658,1.127
35,11,46,0.774,0.000,0.0645,1.127
35,12,47,0.479,0.000,0.0649,1.127
35,13,48,0.537,0.000,0.0654,1.126
35,14,49,1.234,0.000,0.0651,1.126
35,15,50,2.798,258.820,0.0650,1.126
36,0,36,2.021,1028.260,1.3412,1.162
36,1,37,0.565,0.000,0.0894,123.289
36,2,38,0.692,0.000,4.4494,47.004
36,3,39,0.551,0.000,2.5711,14.453
36,4,40,0.824,0.000,0.9929,2.072
36,5,41,0.859,0.000,0.8258,1.127
36,6,42,0.856,0.000,0.0665,1.127
36,7,43,1.017,0.000,0.0658,1.127
36,8,44,1.283,0.000,0.0661,1.127
36,9,45,1.250,0.000,0.0658,1.127
36,10,46,0.955,0.000,0.0645,1.127
36,11,47,0.830,0.000,0.0649,1.127
36,12,48,0.839,0.000,0.0654,1.126
36,13,49,1.444,0.000,0.0651,1.126
36,14,50,0.891,258.820,0.0650,1.126
36,15,51,9.435,0.000,0.0646,25.773
37,0,37,1.014,0.000,0.0894,123.289
37,1,38,1.459,0.000,4.4494,47.004
37,2,39,0.594,0.000,2.5711,14.453
37,3,40,0.571,0.000,0.9929,2.072
37,4,41,0.615,0.000,0.8258,1.127
37,5,42,0.278,0.000,0.0665,1.127
37,6,43,0.563,0.000,0.0658,1.127
37,7,44,0.998,0.000,0.0661,1.127
37,8,45,1.067,0.000,0.0658,1.127
37,9,46,0.738,0.000,0.0645,1.127
37,10,47,0.845,0.000,0.0649,1.127
37,11,48,0.394,0.000,0.0654,1.126
37,12,49,0.699,0.000,0.0651,1.126
37,13,50,1.716,258.820,0.0650,1.126
37,14,51,11.850,0.000,0.0646,25.773
37,15,52,4.119,241.181,0.0638,4.564
38,0,38,1.118,0.000,4.4494,47.004
38,1,39,0.366,0.000,2.5711,14.453
38,2,40,0.535,0.000,0.9929,2.072
38,3,41,0.571,0.000,0.8258,1.127
38,4,42,0.321,0.000,0.0665,1.127
38,5,43,0.478,0.000,0.0658,1.127
38,6,44,0.552,0.000,0.0661,1.127
38,7,45,0.140,0.000,0.0658,1.127
38,8,46,0.324,0.000,0.0645,1.127
38,9,47,0.401,0.000,0.0649,1.127
38,10,48,0.749,0.000,0.0654,1.126
38,11,49,0.674,0.000,0.0651,1.126
38,12,50,0.523,258.820,0.0650,1.126
38,13,51,0.416,0.000,0.0646,25.773
38,14,52,0.430,241.181,0.0638,4.564
38,15,53,0.865,0.000,0.0681,23.182
39,0,39,0.699,0.000,2.5711,14.453
39,1,40,0.929,0.000,0.9929,2.072
39,2,41,0.504,0.000,0.8258,1.127
39,3,42,0.607,0.000,0.0665,1.127
39,4,43,0.427,0.000,0.0658,1.127
39,5,44,0.922,0.000,0.0661,1.127
39,6,45,0.764,0.000,0.0658,1.127
39,7,46,0.595,0.000,0.0645,1.127
39,8,47,0.756,0.000,0.0649,1.127
39,9,48,1.232,0.000,0.0654,1.126
39,10,49,1.197,0.000,0.0651,1.126
39,11,50,0.655,258.820,0.0650,1.126
39,12,51,2.917,0.000,0.0646,25.773
39,13,52,1.105,241.181,0.0638,4.564
39,14,53,2.193,0.000,0.0681,23.182
39,15,54,2.074,207.107,0.0673,4.890
40,0,40,0.709,0.000,0.9929,2.072
40,1,41,0.771,0.000,0.8258,1.127
40,2,42,0.605,0.000,0.0665,1.127
40,3,43,0.440,0.000,0.0658,1.127
40,4,44,0.470,0.000,0.0661,1.127
40,5,45,0.738,0.000,0.0658,1.127
40,6,46,0.955,0.000,0.0645,1.127
40,7,47,0.727,0.000,0.0649,1.127
40,8,48,0.723,0.000,0.0654,1.126
40,9,49,0.353,0.000,0.0651,1.126
40,10,50,1.492,258.820,0.0650,1.126
40,11,51,1.343,0.000,0.0646,25.773
40,12,52,1.171,241.181,0.0638,4.564
40,13,53,0.367,0.000,0.0681,23.182
40,14,54,0.594,207.107,0.0673,4.890
40,15,55,0.987,0.000,0.0725,19.483
41,0,41,0.587,0.000,0.8258,1.127
41,1,42,0.507,0.000,0.0665,1.127
41,2,43,0.337,0.000,0.0658,1.127
41,3,44,0.599,0.000,0.0661,1.127
41,4,45,1.415,0.000,0.0658,1.127
41,5,46,0.497,0.000,0.0645,1.127
41,6,47,0.126,0.000,0.0649,1.127
41,7,48,0.430,0.000,0.0654,1.126
41,8,49,0.350,0.000,0.0651,1.126
41,9,50,0.688,258.820,0.0650,1.126
41,10,51,2.527,0.000,0.0646,25.773
41,11,52,0.779,241.181,0.0638,4.564
41,12,53,0.929,0.000,0.0681,23.182
41,13,54,0.989,207.107,0.0673,4.890
41,14,55,1.211,0.000,0.0725,19.483
41,15,56,1.423,158.918,0.0717,3.997
42,0,42,0.179,0.000,0.0665,1.127
42,1,43,0.519,0.000,0.0658,1.127
42,2,44,0.375,0.000,0.0661,1.127
42,3,45,0.784,0.000,0.0658,1.127
42,4,46,0.409,0.000,0.0645,1.127
42,5,47,1.036,0.000,0.0649,1.127
42,6,48,0.494,0.000,0.0654,1.126
42,7,49,1.990,0.000,0.0651,1.126
42,8,50,0.452,258.820,0.0650,1.126
42,9,51,1.419,0.000,0.0646,25.773
42,10,52,2.616,241.181,0.0638,4.564
42,11,53,1.837,0.000,0.0681,23.182
42,12,54,0.624,207.107,0.0673,4.890
42,13,55,2.210,0.000,0.0725,19.483
42,14,56,1.096,158.918,0.0717,3.997
42,15,57,1.045,99.901,0.0761,14.802
43,0,43,0.164,0.000,0.0658,1.127
43,1,44,1.008,0.000,0.0661,1.127
43,2,45,0.957,0.000,0.0658,1.127
43,3,46,0.429,0.000,0.0645,1.127
43,4,47,0.551,0.000,0.0649,1.127
43,5,48,2.300,0.000,0.0654,1.126
43,6,49,1.738,0.000,0.0651,1.126
43,7,50,1.298,258.820,0.0650,1.126
43,8,51,2.202,0.000,0.0646,25.773
43,9,52,2.664,241.181,0.0638,4.564
43,10,53,1.552,0.000,0.0681,23.182
43,11,54,1.844,207.107,0.0673,4.890
43,12,55,0.890,0.000,0.0725,19.483
43,13,56,1.429,158.918,0.0717,3.997
43,14,57,1.687,99.901,0.0761,14.802
43,15,58,0.452,34.074,0.0763,9.323
44,0,44,0.403,0.000,0.0661,1.127
44,1,45,1.134,0.000,0.0658,1.127
44,2,46,0.399,0.000,0.0645,1.127
44,3,47,0.625,0.000,0.0649,1.127
44,4,48,0.175,0.000,0.0654,1.126
44,5,49,0.784,0.000,0.0651,1.126
44,6,50,2.234,258.820,0.0650,1.126
44,7,51,2.065,0.000,0.0646,25.773
44,8,52,4.405,241.181,0.0638,4.564
44,9,53,2.060,0.000,0.0681,23.182
44,10,54,2.982,207.107,0.0673,4.890
44,11,55,1.873,0.000,0.0725,19.483
44,12,56,2.746,158.918,0.0717,3.997
44,13,57,2.120,99.901,0.0761,14.802
44,14,58,1.558,34.074,0.0763,9.323
44,15,59,2.091,0.000,0.0795,3.802
45,0,45,0.827,0.000,0.0658,1.127
45,1,46,0.292,0.000,0.0645,1.127
45,2,47,0.631,0.000,0.0649,1.127
45,3,48,0.684,0.000,0.0654,1.126
45,4,49,0.595,0.000,0.0651,1.126
45,5,50,0.591,258.820,0.0650,1.126
45,6,51,14.686,0.000,0.0646,25.773
45,7,52,0.711,241.181,0.0638,4.564
45,8,53,13.549,0.000,0.0681,23.182
45,9,54,1.534,207.107,0.0673,4.890
45,10,55,10.862,0.000,0.0725,19.483
45,11,56,1.223,158.918,0.0717,3.997
45,12,57,9.882,99.901,0.0761,14.802
45,13,58,6.028,34.074,0.0763,9.323
45,14,59,0.843,0.000,0.0795,3.802
45,15,60,0.602,0.000,0.1012,2.086
46,0,46,0.772,0.000,0.0645,1.127
46,1,47,0.430,0.000,0.0649,1.127
46,2,48,0.451,0.000,0.0654,1.126
46,3,49,0.458,0.000,0.0651,1.126
46,4,50,1.982,258.820,0.0650,1.126
46,5,51,21.723,0.000,0.0646,25.773
46,6,52,4.372,241.181,0.0638,4.564
46,7,53,20.078,0.000,0.0681,23.182
46,8,54,4.988,207.107,0.0673,4.890
46,9,55,14.809,0.000,0.0725,19.483
46,10,56,4.934,158.918,0.0717,3.997
46,11,57,11.669,99.901,0.0761,14.802
46,12,58,6.868,34.074,0.0763,9.323
46,13,59,1.642,0.000,0.0795,3.802
46,14,60,0.778,0.000,0.1012,2.086
46,15,61,0.464,0.000,0.2507,2.081
47,0,47,0.398,0.000,0.0649,1.127
47,1,48,0.794,0.000,0.0654,1.126
47,2,49,0.669,0.000,0.0651,1.126
47,3,50,2.058,258.820,0.0650,1.126
47,4,51,17.437,0.000,0.0646,25.773
47,5,52,2.986,241.181,0.0638,4.564
47,6,53,15.759,0.000,0.0681,23.182
47,7,54,2.712,207.107,0.0673,4.890
47,8,55,11.529,0.000,0.0725,19.483
47,9,56,2.832,158.918,0.0717,3.997
47,10,57,8.984,99.901,0.0761,14.802
47,11,58,4.528,34.074,0.0763,9.323
47,12,59,1.314,0.000,0.0795,3.802
47,13,60,0.511,0.000,0.1012,2.086
47,14,61,0.785,0.000,0.2507,2.081
47,15,62,0.348,0.000,0.2601,1.899
48,0,48,0.628,0.000,0.0654,1.126
48,1,49,0.358,0.000,0.0651,1.126
48,2,50,1.844,258.820,0.0650,1.126
48,3,51,23.336,0.000,0.0646,25.773
48,4,52,1.767,241.181,0.0638,4.564
48,5,53,21.526,0.000,0.0681,23.182
48,6,54,1.390,207.107,0.0673,4.890
48,7,55,18.709,0.000,0.0725,19.483
48,8,56,2.390,158.918,0.0717,3.997
48,9,57,13.477,99.901,0.0761,14.802
48,10,58,8.759,34.074,0.0763,9.323
48,11,59,2.356,0.000,0.0795,3.802
48,12,60,0.253,0.000,0.1012,2.086
48,13,61,2.428,0.000,0.2507,2.081
48,14,62,0.345,0.000,0.2601,1.899
48,15,63,0.634,0.000,0.1928,1.894
49,0,49,0.765,0.000,0.0651,1.126
49,1,50,1.055,258.820,0.0650,1.126
49,2,51,21.556,0.000,0.0646,25.773
49,3,52,1.081,241.181,0.0638,4.564
49,4,53,19.284,0.000,0.0681,23.182
49,5,54,0.749,207.107,0.0673,4.890
49,6,55,14.807,0.000,0.0725,19.483
49,7,56,0.757,158.918,0.0717,3.997
49,8,57,12.122,99.901,0.0761,14.802
49,9,58,7.819,34.074,0.0763,9.323
49,10,59,1.773,0.000,0.0795,3.802
49,11,60,0.788,0.000,0.1012,2.086
49,12,61,1.472,0.000,0.2507,2.081
49,13,62,0.421,0.000,0.2601,1.899
49,14,63,1.676,0.000,0.1928,1.894
49,15,64,0.803,0.000,0.2280,1.884
50,0,50,2.322,258.820,0.0650,1.126
50,1,51,5.847,0.000,0.0646,25.773
50,2,52,5.947,241.181,0.0638,4.564
50,3,53,5.060,0.000,0.0681,23.182
50,4,54,4.963,207.107,0.0673,4.890
50,5,55,5.382,0.000,0.0725,19.483
50,6,56,3.442,158.918,0.0717,3.997
50,7,57,3.603,99.901,0.0761,14.802
50,8,58,1.906,34.074,0.0763,9.323
50,9,59,0.758,0.000,0.0795,3.802
50,10,60,3.485,0.000,0.1012,2.086
50,11,61,0.763,0.000,0.2507,2.081
50,12,62,0.690,0.000,0.2601,1.899
50,13,63,1.520,0.000,0.1928,1.894
50,14,64,1.980,0.000,0.2280,1.884
50,15,65,0.680,0.000,0.2219,1.893
51,0,51,26.573,0.000,0.0646,25.773
51,1,52,1.412,241.181,0.0638,4.564
51,2,53,23.344,0.000,0.0681,23.182
51,3,54,1.239,207.107,0.0673,4.890
51,4,55,20.531,0.000,0.0725,19.483
51,5,56,0.513,158.918,0.0717,3.997
51,6,57,17.379,99.901,0.0761,14.802
51,7,58,9.218,34.074,0.0763,9.323
51,8,59,3.419,0.000,0.0795,3.802
51,9,60,0.304,0.000,0.1012,2.086
51,10,61,0.889,0.000,0.2507,2.081
51,11,62,0.535,0.000,0.2601,1.899
51,12,63,0.266,0.000,0.1928,1.894
51,13,64,1.600,0.000,0.2280,1.884
51,14,65,2.078,0.000,0.2219,1.893
51,15,66,0.589,0.000,0.2286,1.893
52,0,52,5.131,241.181,0.0638,4.564
52,1,53,18.172,0.000,0.0681,23.182
52,2,54,4.073,207.107,0.0673,4.890
52,3,55,15.843,0.000,0.0725,19.483
52,4,56,3.671,158.918,0.0717,3.997
52,5,57,11.023,99.901,0.0761,14.802
52,6,58,6.426,34.074,0.0763,9.323
52,7,59,0.866,0.000,0.0795,3.802
52,8,60,0.990,0.000,0.1012,2.086
52,9,61,0.355,0.000,0.2507,2.081
52,10,62,0.681,0.000,0.2601,1.899
52,11,63,0.492,0.000,0.1928,1.894
52,12,64,0.269,0.000,0.2280,1.884
52,13,65,0.116,0.000,0.2219,1.893
52,14,66,0.574,0.000,0.2286,1.893
52,15,67,0.370,0.000,0.2328,1.885
53,0,53,1.989,0.000,0.0681,23.182
53,1,54,2.807,207.107,0.0673,4.890
53,2,55,2.922,0.000,0.0725,19.483
53,3,56,1.884,158.918,0.0717,3.997
53,4,57,1.747,99.901,0.0761,14.802
53,5,58,1.597,34.074,0.0763,9.323
53,6,59,0.170,0.000,0.0795,3.802
53,7,60,0.649,0.000,0.1012,2.086
53,8,61,0.707,0.000,0.2507,2.081
53,9,62,0.149,0.000,0.2601,1.899
53,10,63,0.200,0.000,0.1928,1.894
53,11,64,0.326,0.000,0.2280,1.884
53,12,65,0.895,0.000,0.2219,1.893
53,13,66,0.658,0.000,0.2286,1.893
53,14,67,0.331,0.000,0.2328,1.885
53,15,68,0.512,0.000,0.2264,1.894
54,0,54,0.658,207.107,0.0673,4.890
54,1,55,0.569,0.000,0.0725,19.483
54,2,56,0.811,158.918,0.0717,3.997
54,3,57,0.248,99.901,0.0761,14.802
54,4,58,0.495,34.074,0.0763,9.323
54,5,59,0.591,0.000,0.0795,3.802
54,6,60,0.200,0.000,0.1012,2.086
54,7,61,0.536,0.000,0.2507,2.081
54,8,62,0.553,0.000,0.2601,1.899
54,9,63,0.228,0.000,0.1928,1.894
54,10,64,0.274,0.000,0.2280,1.884
54,11,65,0.587,0.000,0.2219,1.893
54,12,66,0.499,0.000,0.2286,1.893
54,13,67,0.217,0.000,0.2328,1.885
54,14,68,0.423,0.000,0.2264,1.894
54,15,69,0.342,0.000,0.2391,1.893
55,0,55,0.590,0.000,0.0725,19.483
55,1,56,7.799,158.918,0.0717,3.997
55,2,57,6.852,99.901,0.0761,14.802
55,3,58,2.339,34.074,0.0763,9.323
55,4,59,1.268,0.000,0.0795,3.802
55,5,60,0.793,0.000,0.1012,2.086
55,6,61,1.329,0.000,0.2507,2.081
55,7,62,0.506,0.000,0.2601,1.899
55,8,63,0.355,0.000,0.1928,1.894
55,9,64,0.306,0.000,0.2280,1.884
55,10,65,0.504,0.000,0.2219,1.893
55,11,66,1.210,0.000,0.2286,1.893
55,12,67,1.446,0.000,0.2328,1.885
55,13,68,0.653,0.000,0.2264,1.894
55,14,69,0.760,0.000,0.2391,1.893
55,15,70,0.745,0.000,0.2414,1.892
56,0,56,2.190,158.918,0.0717,3.997
56,1,57,9.006,99.901,0.0761,14.802
56,2,58,5.694,34.074,0.0763,9.323
56,3,59,1.421,0.000,0.0795,3.802
56,4,60,0.658,0.000,0.1012,2.086
56,5,61,1.079,0.000,0.2507,2.081
56,6,62,0.357,0.000,0.2601,1.899
56,7,63,1.073,0.000,0.1928,1.894
56,8,64,1.150,0.000,0.2280,1.884
56,9,65,1.036,0.000,0.2219,1.893
56,10,66,0.204,0.000,0.2286,1.893
56,11,67,0.235,0.000,0.2328,1.885
56,12,68,0.496,0.000,0.2264,1.894
56,13,69,0.519,0.000,0.2391,1.893
56,14,70,0.536,0.000,0.2414,1.892
56,15,71,0.266,0.000,0.2419,1.887
57,0,57,7.248,99.901,0.0761,14.802
57,1,58,2.339,34.074,0.0763,9.323
57,2,59,1.477,0.000,0.0795,3.802
57,3,60,0.961,0.000,0.1012,2.086
57,4,61,0.194,0.000,0.2507,2.081
57,5,62,0.625,0.000,0.2601,1.899
57,6,63,0.547,0.000,0.1928,1.894
57,7,64,0.275,0.000,0.2280,1.884
57,8,65,0.280,0.000,0.2219,1.893
57,9,66,0.070,0.000,0.2286,1.893
57,10,67,0.226,0.000,0.2328,1.885
57,11,68,0.931,0.000,0.2264,1.894
57,12,69,0.578,0.000,0.2391,1.893
57,13,70,0.367,0.000,0.2414,1.892
57,14,71,0.574,0.000,0.2419,1.887
57,15,72,0.989,0.000,0.2369,1.893
58,0,58,5.270,34.074,0.0763,9.323
58,1,59,2.730,0.000,0.0795,3.802
58,2,60,0.408,0.000,0.1012,2.086
58,3,61,0.361,0.000,0.2507,2.081
58,4,62,1.101,0.000,0.2601,1.899
58,5,63,0.980,0.000,0.1928,1.894
58,6,64,0.813,0.000,0.2280,1.884
58,7,65,1.586,0.000,0.2219,1.893
58,8,66,0.421,0.000,0.2286,1.893
58,9,67,0.817,0.000,0.2328,1.885
58,10,68,1.386,0.000,0.2264,1.894
58,11,69,0.873,0.000,0.2391,1.893
58,12,70,1.408,0.000,0.2414,1.892
58,13,71,0.991,0.000,0.2419,1.887
58,14,72,1.562,0.000,0.2369,1.893
58,15,73,1.509,0.000,0.2538,1.893
59,0,59,0.872,0.000,0.0795,3.802
59,1,60,0.303,0.000,0.1012,2.086
59,2,61,0.500,0.000,0.2507,2.081
59,3,62,0.306,0.000,0.2601,1.899
59,4,63,0.617,0.000,0.1928,1.894
59,5,64,0.518,0.000,0.2280,1.884
59,6,65,1.502,0.000,0.2219,1.893
59,7,66,0.612,0.000,0.2286,1.893
59,8,67,0.526,0.000,0.2328,1.885
59,9,68,0.413,0.000,0.2264,1.894
59,10,69,0.757,0.000,0.2391,1.893
59,11,70,0.746,0.000,0.2414,1.892
59,12,71,0.624,0.000,0.2419,1.887
59,13,72,0.380,0.000,0.2369,1.893
59,14,73,0.890,0.000,0.2538,1.893
59,15,74,0.432,0.000,0.2507,1.891
60,0,60,0.324,0.000,0.1012,2.086
60,1,61,0.347,0.000,0.2507,2.081
60,2,62,0.487,0.000,0.2601,1.899
60,3,63,0.554,0.000,0.1928,1.894
60,4,64,0.379,0.000,0.2280,1.884
60,5,65,0.704,0.000,0.2219,1.893
60,6,66,1.295,0.000,0.2286,1.893
60,7,67,0.536,0.000,0.2328,1.885
60,8,68,0.281,0.000,0.2264,1.894
60,9,69,0.835,0.000,0.2391,1.893
60,10,70,0.403,0.000,0.2414,1.892
60,11,71,0.473,0.000,0.2419,1.887
60,12,72,0.567,0.000,0.2369,1.893
60,13,73,0.448,0.000,0.2538,1.893
60,14,74,1.300,0.000,0.2507,1.891
61,0,61,1.039,0.000,0.2507,2.081
61,1,62,0.302,0.000,0.2601,1.899
61,2,63,0.559,0.000,0.1928,1.894
61,3,64,0.250,0.000,0.2280,1.884
61,4,65,0.474,0.000,0.2219,1.893
61,5,66,0.185,0.000,0.2286,1.893
61,6,67,0.187,0.000,0.2328,1.885
61,7,68,0.465,0.000,0.2264,1.894
61,8,69,0.533,0.000,0.2391,1.893
61,9,70,0.360,0.000,0.2414,1.892
61,10,71,1.180,0.000,0.2419,1.887
61,11,72,0.962,0.000,0.2369,1.893
61,12,73,1.423,0.000,0.2538,1.893
61,13,74,0.877,0.000,0.2507,1.891
62,0,62,0.803,0.000,0.2601,1.899
62,1,63,0.617,0.000,0.1928,1.894
62,2,64,0.478,0.000,0.2280,1.884
62,3,65,0.678,0.000,0.2219,1.893
62,4,66,0.298,0.000,0.2286,1.893
62,5,67,1.091,0.000,0.2328,1.885
62,6,68,0.816,0.000,0.2264,1.894
62,7,69,0.658,0.000,0.2391,1.893
62,8,70,1.831,0.000,0.2414,1.892
62,9,71,1.114,0.000,0.2419,1.887
62,10,72,0.282,0.000,0.2369,1.893
62,11,73,1.201,0.000,0.2538,1.893
62,12,74,0.935,0.000,0.2507,1.891
63,0,63,1.087,0.000,0.1928,1.894
63,1,64,1.182,0.000,0.2280,1.884
63,2,65,1.072,0.000,0.2219,1.893
63,3,66,0.938,0.000,0.2286,1.893
63,4,67,0.969,0.000,0.2328,1.885
63,5,68,0.862,0.000,0.2264,1.894
63,6,69,0.660,0.000,0.2391,1.893
63,7,70,0.972,0.000,0.2414,1.892
63,8,71,1.360,0.000,0.2419,1.887
63,9,72,0.775,0.000,0.2369,1.893
63,10,73,0.540,0.000,0.2538,1.893
63,11,74,0.659,0.000,0.2507,1.891
64,0,64,1.356,0.000,0.2280,1.884
64,1,65,0.914,0.000,0.2219,1.893
64,2,66,0.395,0.000,0.2286,1.893
64,3,67,0.833,0.000,0.2328,1.885
64,4,68,1.799,0.000,0.2264,1.894
64,5,69,0.969,0.000,0.2391,1.893
64,6,70,1.309,0.000,0.2414,1.892
64,7,71,1.238,0.000,0.2419,1.887
64,8,72,1.046,0.000,0.2369,1.893
64,9,73,1.631,0.000,0.2538,1.893
64,10,74,1.772,0.000,0.2507,1.891
65,0,65,1.211,0.000,0.2219,1.893
65,1,66,1.049,0.000,0.2286,1.893
65,2,67,0.661,0.000,0.2328,1.885
65,3,68,1.351,0.000,0.2264,1.894
65,4,69,0.783,0.000,0.2391,1.893
65,5,70,0.545,0.000,0.2414,1.892
65,6,71,0.943,0.000,0.2419,1.887
65,7,72,1.100,0.000,0.2369,1.893
65,8,73,1.695,0.000,0.2538,1.893
65,9,74,1.788,0.000,0.2507,1.891
66,0,66,2.647,0.000,0.2286,1.893
66,1,67,1.240,0.000,0.2328,1.885
66,2,68,1.991,0.000,0.2264,1.894
66,3,69,1.326,0.000,0.2391,1.893
66,4,70,0.923,0.000,0.2414,1.892
66,5,71,0.875,0.000,0.2419,1.887
66,6,72,1.331,0.000,0.2369,1.893
66,7,73,0.840,0.000,0.2538,1.893
66,8,74,1.447,0.000,0.2507,1.891
67,0,67,1.910,0.000,0.2328,1.885
67,1,68,1.598,0.000,0.2264,1.894
67,2,69,1.156,0.000,0.2391,1.893
67,3,70,1.671,0.000,0.2414,1.892
67,4,71,1.887,0.000,0.2419,1.887
67,5,72,1.727,0.000,0.2369,1.893
67,6,73,3.305,0.000,0.2538,1.893
67,7,74,1.743,0.000,0.2507,1.891
68,0,68,1.709,0.000,0.2264,1.894
68,1,69,1.323,0.000,0.2391,1.893
68,2,70,1.055,0.000,0.2414,1.892
68,3,71,1.095,0.000,0.2419,1.887
68,4,72,1.014,0.000,0.2369,1.893
68,5,73,0.769,0.000,0.2538,1.893
68,6,74,1.388,0.000,0.2507,1.891
69,0,69,2.074,0.000,0.2391,1.893
69,1,70,1.865,0.000,0.2414,1.892
69,2,71,1.658,0.000,0.2419,1.887
69,3,72,2.443,0.000,0.2369,1.893
69,4,73,2.104,0.000,0.2538,1.893
69,5,74,1.657,0.000,0.2507,1.891
70,0,70,2.665,0.000,0.2414,1.892
70,1,71,1.643,0.000,0.2419,1.887
70,2,72,2.194,0.000,0.2369,1.893
70,3,73,2.758,0.000,0.2538,1.893
70,4,74,2.097,0.000,0.2507,1.891
71,0,71,2.129,0.000,0.2419,1.887
71,1,72,2.488,0.000,0.2369,1.893
71,2,73,2.449,0.000,0.2538,1.893
71,3,74,2.799,0.000,0.2507,1.891
72,0,72,2.360,0.000,0.2369,1.893
72,1,73,2.137,0.000,0.2538,1.893
72,2,74,4.682,0.000,0.2507,1.891
73,0,73,3.962,0.000,0.2538,1.893
73,1,74,3.419,0.000,0.2507,1.891
74,0,74,3.952,0.000,0.2507,1.891
76,0,0,3.153,353.565,5.1027,35.357
76,1,1,3.952,1174.845,3.8098,117.484
76,2,2,2.374,47.350,1.3945,4.735
76,3,3,1.793,0.002,0.0304,0.000
76,4,4,1.885,0.003,0.0304,0.000
76,5,5,2.198,0.001,0.0304,0.000
76,6,6,0.928,0.002,0.0304,0.000
76,7,7,1.802,0.003,0.0304,0.000
76,8,8,0.999,0.001,0.0304,0.000
76,9,9,0.470,0.002,0.0304,0.000
76,10,10,0.651,0.003,0.0304,0.000
76,11,11,1.779,3426.071,0.0304,0.000
76,12,12,1.554,0.000,0.0304,342.607
76,13,13,1.686,0.000,0.0304,162.445
76,14,14,0.539,0.000,5.7688,19.524
76,15,15,0.694,258.819,2.9780,0.118
77,0,1,2.902,1174.845,3.8098,117.484
77,1,2,3.435,47.350,1.3945,4.735
77,2,3,2.079,0.002,0.0304,0.000
77,3,4,1.662,0.003,0.0304,0.000
77,4,5,0.380,0.001,0.0304,0.000
77,5,6,1.017,0.002,0.0304,0.000
77,6,7,0.555,0.003,0.0304,0.000
77,7,8,0.371,0.001,0.0304,0.000
77,8,9,0.697,0.002,0.0304,0.000
77,9,10,1.734,0.003,0.0304,0.000
77,10,11,0.640,3426.071,0.0304,0.000
77,11,12,0.910,0.000,0.0304,342.607
77,12,13,0.724,0.000,0.0304,162.445
77,13,14,0.499,0.000,5.7688,19.524
77,14,15,2.143,258.819,2.9780,0.118
77,15,16,1.985,0.000,0.0154,25.741
78,0,2,1.493,47.350,1.3945,4.735
78,1,3,1.824,0.002,0.0304,0.000
78,2,4,1.704,0.003,0.0304,0.000
78,3,5,2.039,0.001,0.0304,0.000
78,4,6,2.702,0.002,0.0304,0.000
78,5,7,0.593,0.003,0.0304,0.000
78,6,8,1.345,0.001,0.0304,0.000
78,7,9,2.705,0.002,0.0304,0.000
78,8,10,2.130,0.003,0.0304,0.000
78,9,11,2.636,3426.071,0.0304,0.000
78,10,12,1.908,0.000,0.0304,342.607
78,11,13,0.646,0.000,0.0304,162.445
78,12,14,0.954,0.000,5.7688,19.524
78,13,15,1.089,258.819,2.9780,0.118
78,14,16,1.850,0.000,0.0154,25.741
78,15,17,1.079,241.182,0.0153,2.779
79,0,3,1.602,0.002,0.0304,0.000
79,1,4,4.406,0.003,0.0304,0.000
79,2,5,1.107,0.001,0.0304,0.000
79,3,6,0.675,0.002,0.0304,0.000
79,4,7,0.964,0.003,0.0304,0.000
79,5,8,0.507,0.001,0.0304,0.000
79,6,9,1.032,0.002,0.0304,0.000
79,7,10,2.609,0.003,0.0304,0.000
79,8,11,4.247,3426.071,0.0304,0.000
79,9,12,1.060,0.000,0.0304,342.607
79,10,13,1.420,0.000,0.0304,162.445
79,11,14,1.964,0.000,5.7688,19.524
79,12,15,2.364,258.819,2.9780,0.118
79,13,16,0.981,0.000,0.0154,25.741
79,14,17,1.775,241.182,0.0153,2.779
79,15,18,3.131,0.000,0.0147,23.344
80,0,4,0.453,0.003,0.0304,0.000
80,1,5,0.494,0.001,0.0304,0.000
80,2,6,0.898,0.002,0.0304,0.000
80,3,7,0.397,0.003,0.0304,0.000
80,4,8,0.720,0.001,0.0304,0.000
80,5,9,1.040,0.002,0.0304,0.000
80,6,10,0.202,0.003,0.0304,0.000
80,7,11,1.040,3426.071,0.0304,0.000
80,8,12,1.540,0.000,0.0304,342.607
80,9,13,1.279,0.000,0.0304,162.445
80,10,14,0.562,0.000,5.7688,19.524
80,11,15,1.224,258.819,2.9780,0.118
80,12,16,1.426,0.000,0.0154,25.741
80,13,17,0.551,241.182,0.0153,2.779
80,14,18,0.600,0.000,0.0147,23.344
80,15,19,0.948,207.106,0.0147,3.566
81,0,5,1.092,0.001,0.0304,0.000
81,1,6,1.102,0.002,0.0304,0.000
81,2,7,0.978,0.003,0.0304,0.000
81,3,8,0.325,0.001,0.0304,0.000
81,4,9,0.623,0.002,0.0304,0.000
81,5,10,0.715,0.003,0.0304,0.000
81,6,11,1.448,3426.071,0.0304,0.000
81,7,12,0.527,0.000,0.0304,342.607
81,8,13,0.368,0.000,0.0304,162.445
81,9,14,0.215,0.000,5.7688,19.524
81,10,15,0.422,258.819,2.9780,0.118
81,11,16,0.248,0.000,0.0154,25.741
81,12,17,0.533,241.182,0.0153,2.779
81,13,18,0.539,0.000,0.0147,23.344
81,14,19,0.471,207.106,0.0147,3.566
81,15,20,0.322,158.919,0.0140,19.788
82,0,6,1.882,0.002,0.0304,0.000
82,1,7,1.006,0.003,0.0304,0.000
82,2,8,0.777,0.001,0.0304,0.000
82,3,9,0.798,0.002,0.0304,0.000
82,4,10,1.096,0.003,0.0304,0.000
82,5,11,0.597,3426.071,0.0304,0.000
82,6,12,0.472,0.000,0.0304,342.607
82,7,13,0.698,0.000,0.0304,162.445
82,8,14,0.739,0.000,5.7688,19.524
82,9,15,0.709,258.819,2.9780,0.118
82,10,16,0.713,0.000,0.0154,25.741
82,11,17,0.354,241.182,0.0153,2.779
82,12,18,0.394,0.000,0.0147,23.344
82,13,19,0.429,207.106,0.0147,3.566
82,14,20,0.333,158.919,0.0140,19.788
82,15,21,0.279,99.900,0.0140,15.085
83,0,7,0.489,0.003,0.0304,0.000
83,1,8,0.582,0.001,0.0304,0.000
83,2,9,0.817,0.002,0.0304,0.000
83,3,10,0.568,0.003,0.0304,0.000
83,4,11,343.312,3426.071,0.0304,0.000
83,5,12,1.574,0.000,0.0304,342.607
83,6,13,0.990,0.000,0.0304,162.445
83,7,14,0.153,0.000,5.7688,19.524
83,8,15,25.597,258.819,2.9780,0.118
83,9,16,0.432,0.000,0.0154,25.741
83,10,17,24.003,241.182,0.0153,2.779
83,11,18,0.480,0.000,0.0147,23.344
83,12,19,20.248,207.106,0.0147,3.566
83,13,20,16.152,158.919,0.0140,19.788
83,14,21,10.258,99.900,0.0140,15.085
83,15,22,4.106,34.075,0.0132,9.469
84,0,8,1.491,0.001,0.0304,0.000
84,1,9,0.282,0.002,0.0304,0.000
84,2,10,0.451,0.003,0.0304,0.000
84,3,11,0.997,3426.071,0.0304,0.000
84,4,12,0.710,0.000,0.0304,342.607
84,5,13,0.739,0.000,0.0304,162.445
84,6,14,0.341,0.000,5.7688,19.524
84,7,15,0.790,258.819,2.9780,0.118
84,8,16,0.643,0.000,0.0154,25.741
84,9,17,0.254,241.182,0.0153,2.779
84,10,18,0.582,0.000,0.0147,23.344
84,11,19,0.506,207.106,0.0147,3.566
84,12,20,0.524,158.919,0.0140,19.788
84,13,21,0.695,99.900,0.0140,15.085
84,14,22,0.182,34.075,0.0132,9.469
84,15,23,0.557,0.000,0.0126,3.199
85,0,9,1.246,0.002,0.0304,0.000
85,1,10,0.652,0.003,0.0304,0.000
85,2,11,0.406,3426.071,0.0304,0.000
85,3,12,341.634,0.000,0.0304,342.607
85,4,13,1.056,0.000,0.0304,162.445
85,5,14,1.592,0.000,5.7688,19.524
85,6,15,0.974,258.819,2.9780,0.118
85,7,16,26.412,0.000,0.0154,25.741
85,8,17,0.414,241.182,0.0153,2.779
85,9,18,24.104,0.000,0.0147,23.344
85,10,19,0.497,207.106,0.0147,3.566
85,11,20,20.741,158.919,0.0140,19.788
85,12,21,15.473,99.900,0.0140,15.085
85,13,22,9.907,34.075,0.0132,9.469
85,14,23,4.164,0.000,0.0126,3.199
85,15,24,0.803,0.000,0.0122,3.446
86,0,10,25.703,0.003,0.0304,0.000
86,1,11,339.396,3426.071,0.0304,0.000
86,2,12,2.399,0.000,0.0304,342.607
86,3,13,1.637,0.000,0.0304,162.445
86,4,14,2.946,0.000,5.7688,19.524
86,5,15,26.090,258.819,2.9780,0.118
86,6,16,1.560,0.000,0.0154,25.741
86,7,17,22.849,241.182,0.0153,2.779
86,8,18,1.264,0.000,0.0147,23.344
86,9,19,21.150,207.106,0.0147,3.566
86,10,20,16.566,158.919,0.0140,19.788
86,11,21,9.920,99.900,0.0140,15.085
86,12,22,2.704,34.075,0.0132,9.469
86,13,23,1.106,0.000,0.0126,3.199
86,14,24,2.583,0.000,0.0122,3.446
86,15,25,0.563,0.000,0.1736,3.417
87,0,11,1.113,3426.071,0.0304,0.000
87,1,12,342.227,0.000,0.0304,342.607
87,2,13,0.825,0.000,0.0304,162.445
87,3,14,1.390,0.000,5.7688,19.524
87,4,15,1.016,258.819,2.9780,0.118
87,5,16,25.536,0.000,0.0154,25.741
87,6,17,1.161,241.182,0.0153,2.779
87,7,18,24.144,0.000,0.0147,23.344
87,8,19,0.696,207.106,0.0147,3.566
87,9,20,20.682,158.919,0.0140,19.788
87,10,21,14.991,99.900,0.0140,15.085
87,11,22,9.115,34.075,0.0132,9.469
87,12,23,3.451,0.000,0.0126,3.199
87,13,24,2.198,0.000,0.0122,3.446
87,14,25,1.013,0.000,0.1736,3.417
87,15,26,0.851,0.000,0.1733,3.416
88,0,12,342.431,0.000,0.0304,342.607
88,1,13,1.280,0.000,0.0304,162.445
88,2,14,1.361,0.000,5.7688,19.524
88,3,15,0.585,258.819,2.9780,0.118
88,4,16,25.334,0.000,0.0154,25.741
88,5,17,0.998,241.182,0.0153,2.779
88,6,18,25.112,0.000,0.0147,23.344
88,7,19,1.351,207.106,0.0147,3.566
88,8,20,21.039,158.919,0.0140,19.788
88,9,21,16.405,99.900,0.0140,15.085
88,10,22,10.133,34.075,0.0132,9.469
88,11,23,2.828,0.000,0.0126,3.199
88,12,24,1.406,0.000,0.0122,3.446
88,13,25,0.913,0.000,0.1736,3.417
88,14,26,0.615,0.000,0.1733,3.416
88,15,27,1.423,0.000,0.1730,3.416
89,0,13,1.140,0.000,0.0304,162.445
89,1,14,0.270,0.000,5.7688,19.524
89,2,15,0.883,258.819,2.9780,0.118
89,3,16,25.958,0.000,0.0154,25.741
89,4,17,0.933,241.182,0.0153,2.779
89,5,18,23.855,0.000,0.0147,23.344
89,6,19,0.366,207.106,0.0147,3.566
89,7,20,20.020,158.919,0.0140,19.788
89,8,21,15.480,99.900,0.0140,15.085
89,9,22,10.024,34.075,0.0132,9.469
89,10,23,3.695,0.000,0.0126,3.199
89,11,24,0.500,0.000,0.0122,3.446
89,12,25,0.426,0.000,0.1736,3.417
89,13,26,1.038,0.000,0.1733,3.416
89,14,27,0.671,0.000,0.1730,3.416
89,15,28,2.349,0.000,0.1729,3.416
90,0,14,1.606,0.000,5.7688,19.524
90,1,15,0.553,258.819,2.9780,0.118
90,2,16,0.762,0.000,0.0154,25.741
90,3,17,0.408,241.182,0.0153,2.779
90,4,18,0.846,0.000,0.0147,23.344
90,5,19,1.029,207.106,0.0147,3.566
90,6,20,0.791,158.919,0.0140,19.788
90,7,21,0.864,99.900,0.0140,15.085
90,8,22,0.394,34.075,0.0132,9.469
90,9,23,1.193,0.000,0.0126,3.199
90,10,24,0.211,0.000,0.0122,3.446
90,11,25,0.299,0.000,0.1736,3.417
90,12,26,0.919,0.000,0.1733,3.416
90,13,27,0.437,0.000,0.1730,3.416
90,14,28,0.537,0.000,0.1729,3.416
90,15,29,3.295,0.000,0.1732,3.416
91,0,15,0.672,258.819,2.9780,0.118
91,1,16,0.335,0.000,0.0154,25.741
91,2,17,1.039,241.182,0.0153,2.779
91,3,18,0.289,0.000,0.0147,23.344
91,4,19,0.599,207.106,0.0147,3.566
91,5,20,1.089,158.919,0.0140,19.788
91,6,21,0.490,99.900,0.0140,15.085
91,7,22,0.960,34.075,0.0132,9.469
91,8,23,0.956,0.000,0.0126,3.199
91,9,24,0.776,0.000,0.0122,3.446
91,10,25,0.853,0.000,0.1736,3.417
91,11,26,0.693,0.000,0.1733,3.416
91,12,27,0.365,0.000,0.1730,3.416
91,13,28,0.743,0.000,0.1729,3.416
91,14,29,0.781,0.000,0.1732,3.416
91,15,30,0.780,0.000,0.1736,3.415
92,0,16,0.860,0.000,0.0154,25.741
92,1,17,0.280,241.182,0.0153,2.779
92,2,18,0.739,0.000,0.0147,23.344
92,3,19,1.173,207.106,0.0147,3.566
92,4,20,1.233,158.919,0.0140,19.788
92,5,21,0.598,99.900,0.0140,15.085
92,6,22,1.283,34.075,0.0132,9.469
92,7,23,0.939,0.000,0.0126,3.199
92,8,24,1.303,0.000,0.0122,3.446
92,9,25,0.848,0.000,0.1736,3.417
92,10,26,0.457,0.000,0.1733,3.416
92,11,27,0.710,0.000,0.1730,3.416
92,12,28,0.799,0.000,0.1729,3.416
92,13,29,0.851,0.000,0.1732,3.416
92,14,30,1.072,0.000,0.1736,3.415
92,15,31,3.519,0.000,0.1728,3.415
93,0,17,1.442,241.182,0.0153,2.779
93,1,18,0.535,0.000,0.0147,23.344
93,2,19,0.862,207.106,0.0147,3.566
93,3,20,0.490,158.919,0.0140,19.788
93,4,21,1.037,99.900,0.0140,15.085
93,5,22,0.687,34.075,0.0132,9.469
93,6,23,0.117,0.000,0.0126,3.199
93,7,24,0.252,0.000,0.0122,3.446
93,8,25,1.246,0.000,0.1736,3.417
93,9,26,1.011,0.000,0.1733,3.416
93,10,27,0.386,0.000,0.1730,3.416
93,11,28,0.308,0.000,0.1729,3.416
93,12,29,0.530,0.000,0.1732,3.416
93,13,30,1.279,0.000,0.1736,3.415
93,14,31,2.425,0.000,0.1728,3.415
93,15,32,1.827,0.000,0.1728,3.416
94,0,18,0.800,0.000,0.0147,23.344
94,1,19,0.708,207.106,0.0147,3.566
94,2,20,1.558,158.919,0.0140,19.788
94,3,21,0.327,99.900,0.0140,15.085
94,4,22,0.836,34.075,0.0132,9.469
94,5,23,0.725,0.000,0.0126,3.199
94,6,24,0.258,0.000,0.0122,3.446
94,7,25,0.435,0.000,0.1736,3.417
94,8,26,0.765,0.000,0.1733,3.416
94,9,27,0.963,0.000,0.1730,3.416
94,10,28,0.480,0.000,0.1729,3.416
94,11,29,0.586,0.000,0.1732,3.416
94,12,30,0.492,0.000,0.1736,3.415
94,13,31,0.608,0.000,0.1728,3.415
94,14,32,0.343,0.000,0.1728,3.416
94,15,33,0.437,0.000,0.1728,3.415
95,0,19,0.474,207.106,0.0147,3.566
95,1,20,0.706,158.919,0.0140,19.788
95,2,21,0.518,99.900,0.0140,15.085
95,3,22,0.299,34.075,0.0132,9.469
95,4,23,0.991,0.000,0.0126,3.199
95,5,24,0.404,0.000,0.0122,3.446
95,6,25,0.480,0.000,0.1736,3.417
95,7,26,0.449,0.000,0.1733,3.416
95,8,27,0.884,0.000,0.1730,3.416
95,9,28,0.253,0.000,0.1729,3.416
95,10,29,0.604,0.000,0.1732,3.416
95,11,30,0.403,0.000,0.1736,3.415
95,12,31,0.355,0.000,0.1728,3.415
95,13,32,0.911,0.000,0.1728,3.416
95,14,33,0.742,0.000,0.1728,3.415
95,15,34,0.619,1000.000,0.1721,3.416
96,0,20,2.277,158.919,0.0140,19.788
96,1,21,1.647,99.900,0.0140,15.085
96,2,22,0.961,34.075,0.0132,9.469
96,3,23,0.784,0.000,0.0126,3.199
96,4,24,0.484,0.000,0.0122,3.446
96,5,25,1.213,0.000,0.1736,3.417
96,6,26,0.691,0.000,0.1733,3.416
96,7,27,0.642,0.000,0.1730,3.416
96,8,28,1.082,0.000,0.1729,3.416
96,9,29,0.913,0.000,0.1732,3.416
96,10,30,0.804,0.000,0.1736,3.415
96,11,31,0.604,0.000,0.1728,3.415
96,12,32,0.696,0.000,0.1728,3.416
96,13,33,0.181,0.000,0.1728,3.415
96,14,34,0.544,1000.000,0.1721,3.416
96,15,35,1.254,0.000,0.1728,14.987
97,0,21,0.674,99.900,0.0140,15.085
97,1,22,2.110,34.075,0.0132,9.469
97,2,23,0.924,0.000,0.0126,3.199
97,3,24,0.334,0.000,0.0122,3.446
97,4,25,0.467,0.000,0.1736,3.417
97,5,26,0.721,0.000,0.1733,3.416
97,6,27,0.694,0.000,0.1730,3.416
97,7,28,0.532,0.000,0.1729,3.416
97,8,29,0.608,0.000,0.1732,3.416
97,9,30,0.590,0.000,0.1736,3.415
97,10,31,0.803,0.000,0.1728,3.415
97,11,32,1.593,0.000,0.1728,3.416
97,12,33,1.735,0.000,0.1728,3.415
97,13,34,1.508,1000.000,0.1721,3.416
97,14,35,1.161,0.000,0.1728,14.987
97,15,36,0.401,1028.263,1.0805,1.780
98,0,22,0.617,34.075,0.0132,9.469
98,1,23,1.184,0.000,0.0126,3.199
98,2,24,0.636,0.000,0.0122,3.446
98,3,25,0.698,0.000,0.1736,3.417
98,4,26,0.586,0.000,0.1733,3.416
98,5,27,0.590,0.000,0.1730,3.416
98,6,28,0.730,0.000,0.1729,3.416
98,7,29,0.228,0.000,0.1732,3.416
98,8,30,1.553,0.000,0.1736,3.415
98,9,31,0.843,0.000,0.1728,3.415
98,10,32,1.657,0.000,0.1728,3.416
98,11,33,2.099,0.000,0.1728,3.415
98,12,34,2.775,1000.000,0.1721,3.416
98,13,35,2.077,0.000,0.1728,14.987
98,14,36,4.220,1028.263,1.0805,1.780
98,15,37,4.037,0.000,0.3765,122.644
99,0,23,0.350,0.000,0.0126,3.199
99,1,24,1.429,0.000,0.0122,3.446
99,2,25,0.622,0.000,0.1736,3.417
99,3,26,0.438,0.000,0.1733,3.416
99,4,27,0.565,0.000,0.1730,3.416
99,5,28,0.254,0.000,0.1729,3.416
99,6,29,0.461,0.000,0.1732,3.416
99,7,30,0.601,0.000,0.1736,3.415
99,8,31,0.623,0.000,0.1728,3.415
99,9,32,0.502,0.000,0.1728,3.416
99,10,33,0.914,0.000,0.1728,3.415
99,11,34,0.183,1000.000,0.1721,3.416
99,12,35,0.658,0.000,0.1728,14.987
99,13,36,1.243,1028.263,1.0805,1.780
99,14,37,0.645,0.000,0.3765,122.644
99,15,38,0.906,0.000,4.4425,48.269
100,0,24,1.529,0.000,0.0122,3.446
100,1,25,0.405,0.000,0.1736,3.417
100,2,26,0.792,0.000,0.1733,3.416
100,3,27,0.287,0.000,0.1730,3.416
100,4,28,0.506,0.000,0.1729,3.416
100,5,29,0.491,0.000,0.1732,3.416
100,6,30,0.556,0.000,0.1736,3.415
100,7,31,0.497,0.000,0.1728,3.415
100,8,32,0.475,0.000,0.1728,3.416
100,9,33,0.357,0.000,0.1728,3.415
100,10,34,0.541,1000.000,0.1721,3.416
100,11,35,0.889,0.000,0.1728,14.987
100,12,36,1.113,1028.263,1.0805,1.780
100,13,37,0.281,0.000,0.3765,122.644
100,14,38,0.099,0.000,4.4425,48.269
100,15,39,0.947,0.000,2.4964,17.874
101,0,25,1.019,0.000,0.1736,3.417
101,1,26,0.362,0.000,0.1733,3.416
101,2,27,0.954,0.000,0.1730,3.416
101,3,28,0.232,0.000,0.1729,3.416
101,4,29,0.301,0.000,0.1732,3.416
101,5,30,0.397,0.000,0.1736,3.415
101,6,31,0.819,0.000,0.1728,3.415
101,7,32,0.383,0.000,0.1728,3.416
101,8,33,0.434,0.000,0.1728,3.415
101,9,34,0.644,1000.000,0.1721,3.416
101,10,35,0.665,0.000,0.1728,14.987
101,11,36,1.409,1028.263,1.0805,1.780
101,12,37,0.605,0.000,0.3765,122.644
101,13,38,0.458,0.000,4.4425,48.269
101,14,39,0.374,0.000,2.4964,17.874
101,15,40,2.456,0.000,0.7448,7.204
102,0,26,0.299,0.000,0.1733,3.416
102,1,27,0.194,0.000,0.1730,3.416
102,2,28,0.528,0.000,0.1729,3.416
102,3,29,0.244,0.000,0.1732,3.416
102,4,30,0.504,0.000,0.1736,3.415
102,5,31,0.198,0.000,0.1728,3.415
102,6,32,0.584,0.000,0.1728,3.416
102,7,33,0.415,0.000,0.1728,3.415
102,8,34,1.379,1000.000,0.1721,3.416
102,9,35,0.562,0.000,0.1728,14.987
102,10,36,1.496,1028.263,1.0805,1.780
102,11,37,0.326,0.000,0.3765,122.644
102,12,38,0.378,0.000,4.4425,48.269
102,13,39,0.503,0.000,2.4964,17.874
102,14,40,0.326,0.000,0.7448,7.204
102,15,41,0.286,0.000,0.8343,1.206
103,0,27,0.509,0.000,0.1730,3.416
103,1,28,0.538,0.000,0.1729,3.416
103,2,29,0.899,0.000,0.1732,3.416
103,3,30,0.622,0.000,0.1736,3.415
103,4,31,0.880,0.000,0.1728,3.415
103,5,32,0.300,0.000,0.1728,3.416
103,6,33,0.431,0.000,0.1728,3.415
103,7,34,0.651,1000.000,0.1721,3.416
103,8,35,0.478,0.000,0.1728,14.987
103,9,36,1.010,1028.263,1.0805,1.780
103,10,37,0.586,0.000,0.3765,122.644
103,11,38,0.722,0.000,4.4425,48.269
103,12,39,0.603,0.000,2.4964,17.874
103,13,40,0.488,0.000,0.7448,7.204
103,14,41,0.366,0.000,0.8343,1.206
103,15,42,0.769,0.000,0.1258,1.202
104,0,28,1.036,0.000,0.1729,3.416
104,1,29,0.692,0.000,0.1732,3.416
104,2,30,0.414,0.000,0.1736,3.415
104,3,31,0.589,0.000,0.1728,3.415
104,4,32,0.334,0.000,0.1728,3.416
104,5,33,1.622,0.000,0.1728,3.415
104,6,34,0.563,1000.000,0.1721,3.416
104,7,35,0.476,0.000,0.1728,14.987
104,8,36,3.076,1028.263,1.0805,1.780
104,9,37,0.383,0.000,0.3765,122.644
104,10,38,0.296,0.000,4.4425,48.269
104,11,39,1.313,0.000,2.4964,17.874
104,12,40,1.087,0.000,0.7448,7.204
104,13,41,0.579,0.000,0.8343,1.206
104,14,42,0.184,0.000,0.1258,1.202
104,15,43,2.149,0.000,0.1293,1.202
105,0,29,0.723,0.000,0.1732,3.416
105,1,30,0.277,0.000,0.1736,3.415
105,2,31,0.285,0.000,0.1728,3.415
105,3,32,0.614,0.000,0.1728,3.416
105,4,33,0.746,0.000,0.1728,3.415
105,5,34,0.399,1000.000,0.1721,3.416
105,6,35,0.370,0.000,0.1728,14.987
105,7,36,0.761,1028.263,1.0805,1.780
105,8,37,0.705,0.000,0.3765,122.644
105,9,38,0.285,0.000,4.4425,48.269
105,10,39,0.027,0.000,2.4964,17.874
105,11,40,1.184,0.000,0.7448,7.204
105,12,41,0.222,0.000,0.8343,1.206
105,13,42,0.204,0.000,0.1258,1.202
105,14,43,0.355,0.000,0.1293,1.202
105,15,44,0.430,0.000,0.1297,1.202
106,0,30,0.784,0.000,0.1736,3.415
106,1,31,0.502,0.000,0.1728,3.415
106,2,32,0.692,0.000,0.1728,3.416
106,3,33,0.623,0.000,0.1728,3.415
106,4,34,1.563,1000.000,0.1721,3.416
106,5,35,1.187,0.000,0.1728,14.987
106,6,36,1.440,1028.263,1.0805,1.780
106,7,37,0.527,0.000,0.3765,122.644
106,8,38,0.221,0.000,4.4425,48.269
106,9,39,0.845,0.000,2.4964,17.874
106,10,40,0.497,0.000,0.7448,7.204
106,11,41,0.700,0.000,0.8343,1.206
106,12,42,0.136,0.000,0.1258,1.202
106,13,43,0.675,0.000,0.1293,1.202
106,14,44,0.279,0.000,0.1297,1.202
106,15,45,0.719,0.000,0.1303,1.202
107,0,31,1.037,0.000,0.1728,3.415
107,1,32,0.958,0.000,0.1728,3.416
107,2,33,0.625,0.000,0.1728,3.415
107,3,34,0.973,1000.000,0.1721,3.416
107,4,35,2.875,0.000,0.1728,14.987
107,5,36,1.958,1028.263,1.0805,1.780
107,6,37,1.788,0.000,0.3765,122.644
107,7,38,1.610,0.000,4.4425,48.269
107,8,39,2.083,0.000,2.4964,17.874
107,9,40,0.969,0.000,0.7448,7.204
107,10,41,0.511,0.000,0.8343,1.206
107,11,42,0.871,0.000,0.1258,1.202
107,12,43,0.511,0.000,0.1293,1.202
107,13,44,0.549,0.000,0.1297,1.202
107,14,45,0.720,0.000,0.1303,1.202
107,15,46,0.723,0.000,0.1299,1.201
108,0,32,0.537,0.000,0.1728,3.416
108,1,33,1.174,0.000,0.1728,3.415
108,2,34,1.974,1000.000,0.1721,3.416
108,3,35,1.058,0.000,0.1728,14.987
108,4,36,4.202,1028.263,1.0805,1.780
108,5,37,0.845,0.000,0.3765,122.644
108,6,38,1.194,0.000,4.4425,48.269
108,7,39,0.588,0.000,2.4964,17.874
108,8,40,1.164,0.000,0.7448,7.204
108,9,41,0.667,0.000,0.8343,1.206
108,10,42,1.337,0.000,0.1258,1.202
108,11,43,1.927,0.000,0.1293,1.202
108,12,44,0.738,0.000,0.1297,1.202
108,13,45,0.749,0.000,0.1303,1.202
108,14,46,0.250,0.000,0.1299,1.201
108,15,47,0.659,0.000,0.1304,1.202
109,0,33,0.968,0.000,0.1728,3.415
109,1,34,101.074,1000.000,0.1721,3.416
109,2,35,1.041,0.000,0.1728,14.987
109,3,36,103.321,1028.263,1.0805,1.780
109,4,37,0.664,0.000,0.3765,122.644
109,5,38,0.349,0.000,4.4425,48.269
109,6,39,0.450,0.000,2.4964,17.874
109,7,40,0.591,0.000,0.7448,7.204
109,8,41,0.617,0.000,0.8343,1.206
109,9,42,0.307,0.000,0.1258,1.202
109,10,43,0.402,0.000,0.1293,1.202
109,11,44,0.299,0.000,0.1297,1.202
109,12,45,0.287,0.000,0.1303,1.202
109,13,46,0.348,0.000,0.1299,1.201
109,14,47,0.469,0.000,0.1304,1.202
109,15,48,0.428,0.000,0.1305,1.202
110,0,34,0.831,1000.000,0.1721,3.416
110,1,35,0.798,0.000,0.1728,14.987
110,2,36,1.108,1028.263,1.0805,1.780
110,3,37,0.425,0.000,0.3765,122.644
110,4,38,0.681,0.000,4.4425,48.269
110,5,39,0.347,0.000,2.4964,17.874
110,6,40,0.545,0.000,0.7448,7.204
110,7,41,0.560,0.000,0.8343,1.206
110,8,42,0.313,0.000,0.1258,1.202
110,9,43,0.304,0.000,0.1293,1.202
110,10,44,0.228,0.000,0.1297,1.202
110,11,45,0.348,0.000,0.1303,1.202
110,12,46,0.246,0.000,0.1299,1.201
110,13,47,0.504,0.000,0.1304,1.202
110,14,48,0.678,0.000,0.1305,1.202
110,15,49,0.439,0.000,0.1308,1.202
111,0,35,2.211,0.000,0.1728,14.987
111,1,36,3.725,1028.263,1.0805,1.780
111,2,37,0.342,0.000,0.3765,122.644
111,3,38,1.210,0.000,4.4425,48.269
111,4,39,1.196,0.000,2.4964,17.874
111,5,40,0.774,0.000,0.7448,7.204
111,6,41,0.221,0.000,0.8343,1.206
111,7,42,0.542,0.000,0.1258,1.202
111,8,43,0.817,0.000,0.1293,1.202
111,9,44,1.201,0.000,0.1297,1.202
111,10,45,0.788,0.000,0.1303,1.202
111,11,46,2.354,0.000,0.1299,1.201
111,12,47,0.130,0.000,0.1304,1.202
111,13,48,0.644,0.000,0.1305,1.202
111,14,49,3.658,0.000,0.1308,1.202
111,15,50,1.006,0.000,0.1307,1.202
112,0,36,0.846,1028.263,1.0805,1.780
112,1,37,1.001,0.000,0.3765,122.644
112,2,38,1.988,0.000,4.4425,48.269
112,3,39,1.239,0.000,2.4964,17.874
112,4,40,1.058,0.000,0.7448,7.204
112,5,41,0.383,0.000,0.8343,1.206
112,6,42,0.255,0.000,0.1258,1.202
112,7,43,0.690,0.000,0.1293,1.202
112,8,44,0.819,0.000,0.1297,1.202
112,9,45,0.491,0.000,0.1303,1.202
112,10,46,0.990,0.000,0.1299,1.201
112,11,47,0.800,0.000,0.1304,1.202
112,12,48,1.173,0.000,0.1305,1.202
112,13,49,0.566,0.000,0.1308,1.202
112,14,50,3.844,0.000,0.1307,1.202
112,15,51,5.215,258.820,0.1312,1.202
113,0,37,0.571,0.000,0.3765,122.644
113,1,38,0.111,0.000,4.4425,48.269
113,2,39,0.603,0.000,2.4964,17.874
113,3,40,0.689,0.000,0.7448,7.204
113,4,41,0.553,0.000,0.8343,1.206
113,5,42,0.904,0.000,0.1258,1.202
113,6,43,0.353,0.000,0.1293,1.202
113,7,44,0.508,0.000,0.1297,1.202
113,8,45,0.742,0.000,0.1303,1.202
113,9,46,0.692,0.000,0.1299,1.201
113,10,47,0.368,0.000,0.1304,1.202
113,11,48,0.935,0.000,0.1305,1.202
113,12,49,0.778,0.000,0.1308,1.202
113,13,50,1.725,0.000,0.1307,1.202
113,14,51,8.571,258.820,0.1312,1.202
113,15,52,4.544,0.000,0.1318,25.782
114,0,38,0.614,0.000,4.4425,48.269
114,1,39,0.692,0.000,2.4964,17.874
114,2,40,0.413,0.000,0.7448,7.204
114,3,41,0.241,0.000,0.8343,1.206
114,4,42,0.294,0.000,0.1258,1.202
114,5,43,0.332,0.000,0.1293,1.202
114,6,44,0.653,0.000,0.1297,1.202
114,7,45,0.213,0.000,0.1303,1.202
114,8,46,0.583,0.000,0.1299,1.201
114,9,47,0.919,0.000,0.1304,1.202
114,10,48,0.689,0.000,0.1305,1.202
114,11,49,1.026,0.000,0.1308,1.202
114,12,50,1.039,0.000,0.1307,1.202
114,13,51,0.769,258.820,0.1312,1.202
114,14,52,1.710,0.000,0.1318,25.782
114,15,53,2.998,241.181,0.1344,4.725
115,0,39,2.000,0.000,2.4964,17.874
115,1,40,0.998,0.000,0.7448,7.204
115,2,41,1.234,0.000,0.8343,1.206
115,3,42,0.924,0.000,0.1258,1.202
115,4,43,0.696,0.000,0.1293,1.202
115,5,44,0.405,0.000,0.1297,1.202
115,6,45,0.531,0.000,0.1303,1.202
115,7,46,0.357,0.000,0.1299,1.201
115,8,47,0.281,0.000,0.1304,1.202
115,9,48,0.663,0.000,0.1305,1.202
115,10,49,0.553,0.000,0.1308,1.202
115,11,50,0.667,0.000,0.1307,1.202
115,12,51,1.159,258.820,0.1312,1.202
115,13,52,0.784,0.000,0.1318,25.782
115,14,53,1.233,241.181,0.1344,4.725
115,15,54,0.571,0.000,0.1363,23.209
116,0,40,0.487,0.000,0.7448,7.204
116,1,41,0.870,0.000,0.8343,1.206
116,2,42,0.492,0.000,0.1258,1.202
116,3,43,0.162,0.000,0.1293,1.202
116,4,44,0.447,0.000,0.1297,1.202
116,5,45,0.564,0.000,0.1303,1.202
116,6,46,0.557,0.000,0.1299,1.201
116,7,47,0.450,0.000,0.1304,1.202
116,8,48,0.444,0.000,0.1305,1.202
116,9,49,1.349,0.000,0.1308,1.202
116,10,50,0.179,0.000,0.1307,1.202
116,11,51,0.519,258.820,0.1312,1.202
116,12,52,0.464,0.000,0.1318,25.782
116,13,53,0.766,241.181,0.1344,4.725
116,14,54,0.427,0.000,0.1363,23.209
116,15,55,1.455,207.107,0.1345,5.002
117,0,41,1.402,0.000,0.8343,1.206
117,1,42,0.268,0.000,0.1258,1.202
117,2,43,0.889,0.000,0.1293,1.202
117,3,44,0.221,0.000,0.1297,1.202
117,4,45,0.543,0.000,0.1303,1.202
117,5,46,1.544,0.000,0.1299,1.201
117,6,47,0.196,0.000,0.1304,1.202
117,7,48,0.599,0.000,0.1305,1.202
117,8,49,0.697,0.000,0.1308,1.202
117,9,50,0.402,0.000,0.1307,1.202
117,10,51,0.553,258.820,0.1312,1.202
117,11,52,0.187,0.000,0.1318,25.782
117,12,53,0.291,241.181,0.1344,4.725
117,13,54,0.598,0.000,0.1363,23.209
117,14,55,0.387,207.107,0.1345,5.002
117,15,56,2.487,0.000,0.1358,19.504
118,0,42,0.121,0.000,0.1258,1.202
118,1,43,2.583,0.000,0.1293,1.202
118,2,44,0.790,0.000,0.1297,1.202
118,3,45,0.552,0.000,0.1303,1.202
118,4,46,0.276,0.000,0.1299,1.201
118,5,47,0.753,0.000,0.1304,1.202
118,6,48,0.596,0.000,0.1305,1.202
118,7,49,0.581,0.000,0.1308,1.202
118,8,50,0.422,0.000,0.1307,1.202
118,9,51,0.903,258.820,0.1312,1.202
118,10,52,0.423,0.000,0.1318,25.782
118,11,53,0.319,241.181,0.1344,4.725
118,12,54,0.181,0.000,0.1363,23.209
118,13,55,1.084,207.107,0.1345,5.002
118,14,56,0.632,0.000,0.1358,19.504
118,15,57,0.574,158.918,0.1353,4.084
119,0,43,0.928,0.000,0.1293,1.202
119,1,44,0.681,0.000,0.1297,1.202
119,2,45,1.005,0.000,0.1303,1.202
119,3,46,0.960,0.000,0.1299,1.201
119,4,47,0.686,0.000,0.1304,1.202
119,5,48,0.915,0.000,0.1305,1.202
119,6,49,0.397,0.000,0.1308,1.202
119,7,50,0.490,0.000,0.1307,1.202
119,8,51,0.525,258.820,0.1312,1.202
119,9,52,1.480,0.000,0.1318,25.782
119,10,53,0.812,241.181,0.1344,4.725
119,11,54,0.741,0.000,0.1363,23.209
119,12,55,1.502,207.107,0.1345,5.002
119,13,56,1.671,0.000,0.1358,19.504
119,14,57,0.431,158.918,0.1353,4.084
119,15,58,1.100,99.901,0.1353,14.819
120,0,44,0.712,0.000,0.1297,1.202
120,1,45,0.374,0.000,0.1303,1.202
120,2,46,0.229,0.000,0.1299,1.201
120,3,47,0.761,0.000,0.1304,1.202
120,4,48,0.536,0.000,0.1305,1.202
120,5,49,0.677,0.000,0.1308,1.202
120,6,50,0.447,0.000,0.1307,1.202
120,7,51,0.418,258.820,0.1312,1.202
120,8,52,0.772,0.000,0.1318,25.782
120,9,53,0.576,241.181,0.1344,4.725
120,10,54,0.913,0.000,0.1363,23.209
120,11,55,1.571,207.107,0.1345,5.002
120,12,56,0.498,0.000,0.1358,19.504
120,13,57,0.996,158.918,0.1353,4.084
120,14,58,0.215,99.901,0.1353,14.819
120,15,59,0.231,34.074,0.1347,9.339
121,0,45,1.825,0.000,0.1303,1.202
121,1,46,1.093,0.000,0.1299,1.201
121,2,47,0.466,0.000,0.1304,1.202
121,3,48,0.862,0.000,0.1305,1.202
121,4,49,0.721,0.000,0.1308,1.202
121,5,50,0.434,0.000,0.1307,1.202
121,6,51,0.596,258.820,0.1312,1.202
121,7,52,2.469,0.000,0.1318,25.782
121,8,53,0.662,241.181,0.1344,4.725
121,9,54,2.516,0.000,0.1363,23.209
121,10,55,0.763,207.107,0.1345,5.002
121,11,56,1.181,0.000,0.1358,19.504
121,12,57,0.841,158.918,0.1353,4.084
121,13,58,1.658,99.901,0.1353,14.819
121,14,59,1.063,34.074,0.1347,9.339
121,15,60,0.752,0.000,0.1350,4.592
122,0,46,1.083,0.000,0.1299,1.201
122,1,47,0.187,0.000,0.1304,1.202
122,2,48,1.057,0.000,0.1305,1.202
122,3,49,0.261,0.000,0.1308,1.202
122,4,50,0.853,0.000,0.1307,1.202
122,5,51,0.782,258.820,0.1312,1.202
122,6,52,1.158,0.000,0.1318,25.782
122,7,53,1.654,241.181,0.1344,4.725
122,8,54,0.810,0.000,0.1363,23.209
122,9,55,0.566,207.107,0.1345,5.002
122,10,56,0.660,0.000,0.1358,19.504
122,11,57,0.666,158.918,0.1353,4.084
122,12,58,0.257,99.901,0.1353,14.819
122,13,59,0.742,34.074,0.1347,9.339
122,14,60,0.417,0.000,0.1350,4.592
122,15,61,0.345,0.000,0.1696,2.724
123,0,47,0.791,0.000,0.1304,1.202
123,1,48,0.838,0.000,0.1305,1.202
123,2,49,0.302,0.000,0.1308,1.202
123,3,50,2.746,0.000,0.1307,1.202
123,4,51,8.454,258.820,0.1312,1.202
123,5,52,12.003,0.000,0.1318,25.782
123,6,53,9.881,241.181,0.1344,4.725
123,7,54,11.907,0.000,0.1363,23.209
123,8,55,8.329,207.107,0.1345,5.002
123,9,56,8.934,0.000,0.1358,19.504
123,10,57,5.226,158.918,0.1353,4.084
123,11,58,1.080,99.901,0.1353,14.819
123,12,59,1.036,34.074,0.1347,9.339
123,13,60,0.580,0.000,0.1350,4.592
123,14,61,0.671,0.000,0.1696,2.724
123,15,62,0.166,0.000,0.0878,2.708
124,0,48,0.222,0.000,0.1305,1.202
124,1,49,1.038,0.000,0.1308,1.202
124,2,50,0.884,0.000,0.1307,1.202
124,3,51,1.703,258.820,0.1312,1.202
124,4,52,5.104,0.000,0.1318,25.782
124,5,53,0.938,241.181,0.1344,4.725
124,6,54,6.472,0.000,0.1363,23.209
124,7,55,2.869,207.107,0.1345,5.002
124,8,56,4.175,0.000,0.1358,19.504
124,9,57,1.719,158.918,0.1353,4.084
124,10,58,2.924,99.901,0.1353,14.819
124,11,59,1.100,34.074,0.1347,9.339
124,12,60,0.426,0.000,0.1350,4.592
124,13,61,0.641,0.000,0.1696,2.724
124,14,62,2.065,0.000,0.0878,2.708
124,15,63,0.207,0.000,0.0970,2.703
125,0,49,1.085,0.000,0.1308,1.202
125,1,50,0.347,0.000,0.1307,1.202
125,2,51,1.105,258.820,0.1312,1.202
125,3,52,0.848,0.000,0.1318,25.782
125,4,53,1.130,241.181,0.1344,4.725
125,5,54,0.569,0.000,0.1363,23.209
125,6,55,1.045,207.107,0.1345,5.002
125,7,56,1.605,0.000,0.1358,19.504
125,8,57,0.273,158.918,0.1353,4.084
125,9,58,1.227,99.901,0.1353,14.819
125,10,59,1.412,34.074,0.1347,9.339
125,11,60,0.392,0.000,0.1350,4.592
125,12,61,0.479,0.000,0.1696,2.724
125,13,62,0.390,0.000,0.0878,2.708
125,14,63,0.347,0.000,0.0970,2.703
125,15,64,1.227,0.000,0.1137,2.699
126,0,50,1.010,0.000,0.1307,1.202
126,1,51,2.140,258.820,0.1312,1.202
126,2,52,9.588,0.000,0.1318,25.782
126,3,53,3.168,241.181,0.1344,4.725
126,4,54,8.269,0.000,0.1363,23.209
126,5,55,3.531,207.107,0.1345,5.002
126,6,56,6.391,0.000,0.1358,19.504
126,7,57,3.407,158.918,0.1353,4.084
126,8,58,5.926,99.901,0.1353,14.819
126,9,59,5.802,34.074,0.1347,9.339
126,10,60,1.409,0.000,0.1350,4.592
126,11,61,0.639,0.000,0.1696,2.724
126,12,62,1.037,0.000,0.0878,2.708
126,13,63,0.616,0.000,0.0970,2.703
126,14,64,1.253,0.000,0.1137,2.699
126,15,65,0.694,0.000,0.1214,2.698
127,0,51,4.544,258.820,0.1312,1.202
127,1,52,18.771,0.000,0.1318,25.782
127,2,53,6.380,241.181,0.1344,4.725
127,3,54,16.124,0.000,0.1363,23.209
127,4,55,6.072,207.107,0.1345,5.002
127,5,56,13.098,0.000,0.1358,19.504
127,6,57,2.410,158.918,0.1353,4.084
127,7,58,5.495,99.901,0.1353,14.819
127,8,59,3.869,34.074,0.1347,9.339
127,9,60,1.255,0.000,0.1350,4.592
127,10,61,0.762,0.000,0.1696,2.724
127,11,62,0.605,0.000,0.0878,2.708
127,12,63,0.636,0.000,0.0970,2.703
127,13,64,0.799,0.000,0.1137,2.699
127,14,65,1.308,0.000,0.1214,2.698
127,15,66,1.041,0.000,0.1251,2.687
128,0,52,0.762,0.000,0.1318,25.782
128,1,53,2.872,241.181,0.1344,4.725
128,2,54,0.335,0.000,0.1363,23.209
128,3,55,2.509,207.107,0.1345,5.002
128,4,56,1.053,0.000,0.1358,19.504
128,5,57,2.474,158.918,0.1353,4.084
128,6,58,1.337,99.901,0.1353,14.819
128,7,59,2.074,34.074,0.1347,9.339
128,8,60,0.802,0.000,0.1350,4.592
128,9,61,0.291,0.000,0.1696,2.724
128,10,62,0.890,0.000,0.0878,2.708
128,11,63,0.601,0.000,0.0970,2.703
128,12,64,0.817,0.000,0.1137,2.699
128,13,65,0.190,0.000,0.1214,2.698
128,14,66,1.889,0.000,0.1251,2.687
128,15,67,0.698,0.000,0.1467,2.695
129,0,53,1.851,241.181,0.1344,4.725
129,1,54,1.090,0.000,0.1363,23.209
129,2,55,1.671,207.107,0.1345,5.002
129,3,56,1.792,0.000,0.1358,19.504
129,4,57,1.360,158.918,0.1353,4.084
129,5,58,1.277,99.901,0.1353,14.819
129,6,59,1.714,34.074,0.1347,9.339
129,7,60,0.911,0.000,0.1350,4.592
129,8,61,0.874,0.000,0.1696,2.724
129,9,62,0.313,0.000,0.0878,2.708
129,10,63,0.389,0.000,0.0970,2.703
129,11,64,0.245,0.000,0.1137,2.699
129,12,65,0.575,0.000,0.1214,2.698
129,13,66,0.677,0.000,0.1251,2.687
129,14,67,0.273,0.000,0.1467,2.695
129,15,68,0.241,0.000,0.1284,2.699
130,0,54,1.123,0.000,0.1363,23.209
130,1,55,1.314,207.107,0.1345,5.002
130,2,56,1.207,0.000,0.1358,19.504
130,3,57,1.904,158.918,0.1353,4.084
130,4,58,1.337,99.901,0.1353,14.819
130,5,59,1.582,34.074,0.1347,9.339
130,6,60,1.104,0.000,0.1350,4.592
130,7,61,0.699,0.000,0.1696,2.724
130,8,62,0.909,0.000,0.0878,2.708
130,9,63,1.070,0.000,0.0970,2.703
130,10,64,0.438,0.000,0.1137,2.699
130,11,65,0.609,0.000,0.1214,2.698
130,12,66,0.350,0.000,0.1251,2.687
130,13,67,0.471,0.000,0.1467,2.695
130,14,68,0.358,0.000,0.1284,2.699
130,15,69,0.518,0.000,0.1247,2.718
131,0,55,0.221,207.107,0.1345,5.002
131,1,56,2.001,0.000,0.1358,19.504
131,2,57,0.813,158.918,0.1353,4.084
131,3,58,0.917,99.901,0.1353,14.819
131,4,59,0.339,34.074,0.1347,9.339
131,5,60,0.704,0.000,0.1350,4.592
131,6,61,1.481,0.000,0.1696,2.724
131,7,62,1.741,0.000,0.0878,2.708
131,8,63,0.750,0.000,0.0970,2.703
131,9,64,0.214,0.000,0.1137,2.699
131,10,65,0.594,0.000,0.1214,2.698
131,11,66,0.728,0.000,0.1251,2.687
131,12,67,0.269,0.000,0.1467,2.695
131,13,68,1.014,0.000,0.1284,2.699
131,14,69,3.711,0.000,0.1247,2.718
131,15,70,0.856,0.000,0.0976,2.682
132,0,56,1.680,0.000,0.1358,19.504
132,1,57,4.482,158.918,0.1353,4.084
132,2,58,2.645,99.901,0.1353,14.819
132,3,59,0.938,34.074,0.1347,9.339
132,4,60,0.296,0.000,0.1350,4.592
132,5,61,0.274,0.000,0.1696,2.724
132,6,62,0.488,0.000,0.0878,2.708
132,7,63,0.816,0.000,0.0970,2.703
132,8,64,0.974,0.000,0.1137,2.699
132,9,65,0.280,0.000,0.1214,2.698
132,10,66,0.465,0.000,0.1251,2.687
132,11,67,0.380,0.000,0.1467,2.695
132,12,68,0.687,0.000,0.1284,2.699
132,13,69,0.443,0.000,0.1247,2.718
132,14,70,0.218,0.000,0.0976,2.682
132,15,71,1.908,0.000,0.1616,2.708
133,0,57,1.837,158.918,0.1353,4.084
133,1,58,3.280,99.901,0.1353,14.819
133,2,59,0.665,34.074,0.1347,9.339
133,3,60,0.699,0.000,0.1350,4.592
133,4,61,0.472,0.000,0.1696,2.724
133,5,62,0.136,0.000,0.0878,2.708
133,6,63,0.453,0.000,0.0970,2.703
133,7,64,0.392,0.000,0.1137,2.699
133,8,65,0.172,0.000,0.1214,2.698
133,9,66,0.358,0.000,0.1251,2.687
133,10,67,0.278,0.000,0.1467,2.695
133,11,68,0.878,0.000,0.1284,2.699
133,12,69,0.368,0.000,0.1247,2.718
133,13,70,0.228,0.000,0.0976,2.682
133,14,71,0.529,0.000,0.1616,2.708
133,15,72,0.185,0.000,0.1119,2.702
134,0,58,2.128,99.901,0.1353,14.819
134,1,59,0.993,34.074,0.1347,9.339
134,2,60,0.600,0.000,0.1350,4.592
134,3,61,0.353,0.000,0.1696,2.724
134,4,62,0.222,0.000,0.0878,2.708
134,5,63,0.292,0.000,0.0970,2.703
134,6,64,0.575,0.000,0.1137,2.699
134,7,65,0.245,0.000,0.1214,2.698
134,8,66,0.458,0.000,0.1251,2.687
134,9,67,0.300,0.000,0.1467,2.695
134,10,68,0.442,0.000,0.1284,2.699
134,11,69,0.322,0.000,0.1247,2.718
134,12,70,0.680,0.000,0.0976,2.682
134,13,71,0.659,0.000,0.1616,2.708
134,14,72,0.500,0.000,0.1119,2.702
134,15,73,0.321,0.000,0.1345,2.682
135,0,59,2.722,34.074,0.1347,9.339
135,1,60,0.654,0.000,0.1350,4.592
135,2,61,0.302,0.000,0.1696,2.724
135,3,62,0.808,0.000,0.0878,2.708
135,4,63,0.807,0.000,0.0970,2.703
135,5,64,0.819,0.000,0.1137,2.699
135,6,65,0.082,0.000,0.1214,2.698
135,7,66,0.799,0.000,0.1251,2.687
135,8,67,0.249,0.000,0.1467,2.695
135,9,68,0.437,0.000,0.1284,2.699
135,10,69,0.561,0.000,0.1247,2.718
135,11,70,0.193,0.000,0.0976,2.682
135,12,71,0.624,0.000,0.1616,2.708
135,13,72,1.275,0.000,0.1119,2.702
135,14,73,2.359,0.000,0.1345,2.682
135,15,74,2.149,0.000,0.1687,2.691
136,0,60,1.282,0.000,0.1350,4.592
136,1,61,0.955,0.000,0.1696,2.724
136,2,62,0.700,0.000,0.0878,2.708
136,3,63,0.872,0.000,0.0970,2.703
136,4,64,0.698,0.000,0.1137,2.699
136,5,65,0.309,0.000,0.1214,2.698
136,6,66,0.416,0.000,0.1251,2.687
136,7,67,0.591,0.000,0.1467,2.695
136,8,68,0.727,0.000,0.1284,2.699
136,9,69,0.377,0.000,0.1247,2.718
136,10,70,0.591,0.000,0.0976,2.682
136,11,71,0.742,0.000,0.1616,2.708
136,12,72,1.012,0.000,0.1119,2.702
136,13,73,0.287,0.000,0.1345,2.682
136,14,74,1.027,0.000,0.1687,2.691
136,15,75,0.637,0.000,0.1533,2.692
137,0,61,1.895,0.000,0.1696,2.724
137,1,62,0.803,0.000,0.0878,2.708
137,2,63,0.518,0.000,0.0970,2.703
137,3,64,0.572,0.000,0.1137,2.699
137,4,65,0.597,0.000,0.1214,2.698
137,5,66,0.829,0.000,0.1251,2.687
137,6,67,0.671,0.000,0.1467,2.695
137,7,68,0.677,0.000,0.1284,2.699
137,8,69,0.563,0.000,0.1247,2.718
137,9,70,0.289,0.000,0.0976,2.682
137,10,71,0.213,0.000,0.1616,2.708
137,11,72,0.760,0.000,0.1119,2.702
137,12,73,0.625,0.000,0.1345,2.682
137,13,74,0.504,0.000,0.1687,2.691
137,14,75,0.541,0.000,0.1533,2.692
137,15,76,0.239,0.000,0.1546,2.699
138,0,62,0.875,0.000,0.0878,2.708
138,1,63,0.456,0.000,0.0970,2.703
138,2,64,1.035,0.000,0.1137,2.699
138,3,65,0.920,0.000,0.1214,2.698
138,4,66,1.175,0.000,0.1251,2.687
138,5,67,1.107,0.000,0.1467,2.695
138,6,68,0.920,0.000,0.1284,2.699
138,7,69,0.686,0.000,0.1247,2.718
138,8,70,0.582,0.000,0.0976,2.682
138,9,71,0.811,0.000,0.1616,2.708
138,10,72,1.656,0.000,0.1119,2.702
138,11,73,0.350,0.000,0.1345,2.682
138,12,74,0.833,0.000,0.1687,2.691
138,13,75,0.489,0.000,0.1533,2.692
138,14,76,2.807,0.000,0.1546,2.699
139,0,63,1.316,0.000,0.0970,2.703
139,1,64,1.191,0.000,0.1137,2.699
139,2,65,1.160,0.000,0.1214,2.698
139,3,66,1.074,0.000,0.1251,2.687
139,4,67,0.437,0.000,0.1467,2.695
139,5,68,0.649,0.000,0.1284,2.699
139,6,69,0.651,0.000,0.1247,2.718
139,7,70,0.871,0.000,0.0976,2.682
139,8,71,0.794,0.000,0.1616,2.708
139,9,72,1.356,0.000,0.1119,2.702
139,10,73,1.421,0.000,0.1345,2.682
139,11,74,1.180,0.000,0.1687,2.691
139,12,75,1.286,0.000,0.1533,2.692
139,13,76,1.093,0.000,0.1546,2.699
140,0,64,0.484,0.000,0.1137,2.699
140,1,65,0.439,0.000,0.1214,2.698
140,2,66,1.121,0.000,0.1251,2.687
140,3,67,0.674,0.000,0.1467,2.695
140,4,68,0.623,0.000,0.1284,2.699
140,5,69,0.834,0.000,0.1247,2.718
140,6,70,0.713,0.000,0.0976,2.682
140,7,71,0.694,0.000,0.1616,2.708
140,8,72,1.870,0.000,0.1119,2.702
140,9,73,1.499,0.000,0.1345,2.682
140,10,74,0.603,0.000,0.1687,2.691
140,11,75,0.735,0.000,0.1533,2.692
140,12,76,1.443,0.000,0.1546,2.699
141,0,65,0.291,0.000,0.1214,2.698
141,1,66,0.386,0.000,0.1251,2.687
141,2,67,0.223,0.000,0.1467,2.695
141,3,68,0.747,0.000,0.1284,2.699
141,4,69,0.871,0.000,0.1247,2.718
141,5,70,0.816,0.000,0.0976,2.682
141,6,71,0.320,0.000,0.1616,2.708
141,7,72,1.070,0.000,0.1119,2.702
141,8,73,0.302,0.000,0.1345,2.682
141,9,74,0.727,0.000,0.1687,2.691
141,10,75,0.570,0.000,0.1533,2.692
141,11,76,1.067,0.000,0.1546,2.699
142,0,66,0.905,0.000,0.1251,2.687
142,1,67,0.727,0.000,0.1467,2.695
142,2,68,0.807,0.000,0.1284,2.699
142,3,69,0.757,0.000,0.1247,2.718
142,4,70,0.964,0.000,0.0976,2.682
142,5,71,0.785,0.000,0.1616,2.708
142,6,72,1.348,0.000,0.1119,2.702
142,7,73,1.031,0.000,0.1345,2.682
142,8,74,1.045,0.000,0.1687,2.691
142,9,75,0.960,0.000,0.1533,2.692
142,10,76,1.575,0.000,0.1546,2.699
143,0,67,1.170,0.000,0.1467,2.695
143,1,68,1.523,0.000,0.1284,2.699
143,2,69,0.673,0.000,0.1247,2.718
143,3,70,1.698,0.000,0.0976,2.682
143,4,71,0.892,0.000,0.1616,2.708
143,5,72,0.817,0.000,0.1119,2.702
143,6,73,1.333,0.000,0.1345,2.682
143,7,74,2.558,0.000,0.1687,2.691
143,8,75,2.363,0.000,0.1533,2.692
143,9,76,2.251,0.000,0.1546,2.699
144,0,68,1.152,0.000,0.1284,2.699
144,1,69,1.565,0.000,0.1247,2.718
144,2,70,1.343,0.000,0.0976,2.682
144,3,71,1.130,0.000,0.1616,2.708
144,4,72,1.259,0.000,0.1119,2.702
144,5,73,0.718,0.000,0.1345,2.682
144,6,74,2.401,0.000,0.1687,2.691
144,7,75,1.146,0.000,0.1533,2.692
144,8,76,1.874,0.000,0.1546,2.699
145,0,69,1.407,0.000,0.1247,2.718
145,1,70,1.779,0.000,0.0976,2.682
145,2,71,2.180,0.000,0.1616,2.708
145,3,72,0.833,0.000,0.1119,2.702
145,4,73,1.323,0.000,0.1345,2.682
145,5,74,1.861,0.000,0.1687,2.691
145,6,75,2.654,0.000,0.1533,2.692
145,7,76,2.332,0.000,0.1546,2.699
146,0,70,1.895,0.000,0.0976,2.682
146,1,71,1.361,0.000,0.1616,2.708
146,2,72,0.738,0.000,0.1119,2.702
146,3,73,1.085,0.000,0.1345,2.682
146,4,74,1.572,0.000,0.1687,2.691
146,5,75,1.797,0.000,0.1533,2.692
146,6,76,2.394,0.000,0.1546,2.699
147,0,71,1.176,0.000,0.1616,2.708
147,1,72,1.201,0.000,0.1119,2.702
147,2,73,1.458,0.000,0.1345,2.682
147,3,74,0.718,0.000,0.1687,2.691
147,4,75,1.872,0.000,0.1533,2.692
147,5,76,2.394,0.000,0.1546,2.699
148,0,72,2.613,0.000,0.1119,2.702
148,1,73,3.481,0.000,0.1345,2.682
148,2,74,0.977,0.000,0.1687,2.691
148,3,75,2.076,0.000,0.1533,2.692
148,4,76,2.333,0.000,0.1546,2.699
149,0,73,1.898,0.000,0.1345,2.682
149,1,74,1.524,0.000,0.1687,2.691
149,2,75,1.275,0.000,0.1533,2.692
149,3,76,1.865,0.000,0.1546,2.699
150,0,74,1.477,0.000,0.1687,2.691
150,1,75,0.993,0.000,0.1533,2.692
150,2,76,3.381,0.000,0.1546,2.699
151,0,75,1.425,0.000,0.1533,2.692
151,1,76,0.886,0.000,0.1546,2.699
152,0,76,0.661,0.000,0.1546,2.699
154,0,0,2.558,356.506,5.1029,35.651
154,1,1,4.380,1174.170,3.8472,117.417
154,2,2,1.223,64.839,1.6989,6.484
154,3,3,1.202,0.005,0.0304,0.000
154,4,4,1.607,0.001,0.0304,0.000
154,5,5,0.963,0.002,0.0304,0.000
154,6,6,1.108,0.003,0.0304,0.000
154,7,7,1.493,0.001,0.0304,0.000
154,8,8,0.540,0.002,0.0304,0.000
154,9,9,0.734,0.003,0.0304,0.000
154,10,10,0.415,0.001,0.0304,0.000
154,11,11,2.346,3426.073,0.0304,0.000
154,12,12,1.032,0.000,0.0304,342.607
154,13,13,1.389,0.000,0.0304,162.445
154,14,14,0.456,0.000,5.7688,19.530
154,15,15,0.685,258.819,2.9789,0.118
155,0,1,3.460,1174.170,3.8472,117.417
155,1,2,3.954,64.839,1.6989,6.484
155,2,3,1.989,0.005,0.0304,0.000
155,3,4,2.495,0.001,0.0304,0.000
155,4,5,0.168,0.002,0.0304,0.000
155,5,6,1.240,0.003,0.0304,0.000
155,6,7,1.683,0.001,0.0304,0.000
155,7,8,3.078,0.002,0.0304,0.000
155,8,9,2.550,0.003,0.0304,0.000
155,9,10,3.550,0.001,0.0304,0.000
155,10,11,2.454,3426.073,0.0304,0.000
155,11,12,10.554,0.000,0.0304,342.607
155,12,13,1.723,0.000,0.0304,162.445
155,13,14,1.176,0.000,5.7688,19.530
155,14,15,2.978,258.819,2.9789,0.118
155,15,16,1.541,0.000,0.0154,25.741
156,0,2,1.169,64.839,1.6989,6.484
156,1,3,0.488,0.005,0.0304,0.000
156,2,4,1.515,0.001,0.0304,0.000
156,3,5,0.556,0.002,0.0304,0.000
156,4,6,1.611,0.003,0.0304,0.000
156,5,7,0.342,0.001,0.0304,0.000
156,6,8,0.440,0.002,0.0304,0.000
156,7,9,0.738,0.003,0.0304,0.000
156,8,10,1.709,0.001,0.0304,0.000
156,9,11,1.049,3426.073,0.0304,0.000
156,10,12,0.806,0.000,0.0304,342.607
156,11,13,0.797,0.000,0.0304,162.445
156,12,14,0.936,0.000,5.7688,19.530
156,13,15,0.235,258.819,2.9789,0.118
156,14,16,0.444,0.000,0.0154,25.741
156,15,17,0.824,241.182,0.0153,2.779
157,0,3,1.693,0.005,0.0304,0.000
157,1,4,0.808,0.001,0.0304,0.000
157,2,5,0.566,0.002,0.0304,0.000
157,3,6,0.682,0.003,0.0304,0.000
157,4,7,0.739,0.001,0.0304,0.000
157,5,8,0.567,0.002,0.0304,0.000
157,6,9,1.075,0.003,0.0304,0.000
157,7,10,0.793,0.001,0.0304,0.000
157,8,11,0.738,3426.073,0.0304,0.000
157,9,12,1.610,0.000,0.0304,342.607
157,10,13,1.548,0.000,0.0304,162.445
157,11,14,0.193,0.000,5.7688,19.530
157,12,15,0.742,258.819,2.9789,0.118
157,13,16,0.185,0.000,0.0154,25.741
157,14,17,0.727,241.182,0.0153,2.779
157,15,18,0.572,0.000,0.0147,23.344
158,0,4,0.439,0.001,0.0304,0.000
158,1,5,0.605,0.002,0.0304,0.000
158,2,6,0.642,0.003,0.0304,0.000
158,3,7,0.353,0.001,0.0304,0.000
158,4,8,0.851,0.002,0.0304,0.000
158,5,9,0.871,0.003,0.0304,0.000
158,6,10,1.757,0.001,0.0304,0.000
158,7,11,1.553,3426.073,0.0304,0.000
158,8,12,1.278,0.000,0.0304,342.607
158,9,13,1.164,0.000,0.0304,162.445
158,10,14,1.046,0.000,5.7688,19.530
158,11,15,0.621,258.819,2.9789,0.118
158,12,16,0.924,0.000,0.0154,25.741
158,13,17,0.384,241.182,0.0153,2.779
158,14,18,0.579,0.000,0.0147,23.344
158,15,19,1.407,207.106,0.0147,3.566
159,0,5,1.456,0.002,0.0304,0.000
159,1,6,0.086,0.003,0.0304,0.000
159,2,7,0.739,0.001,0.0304,0.000
159,3,8,0.621,0.002,0.0304,0.000
159,4,9,0.814,0.003,0.0304,0.000
159,5,10,0.823,0.001,0.0304,0.000
159,6,11,0.342,3426.073,0.0304,0.000
159,7,12,0.307,0.000,0.0304,342.607
159,8,13,0.516,0.000,0.0304,162.445
159,9,14,0.602,0.000,5.7688,19.530
159,10,15,0.778,258.819,2.9789,0.118
159,11,16,0.915,0.000,0.0154,25.741
159,12,17,1.836,241.182,0.0153,2.779
159,13,18,0.347,0.000,0.0147,23.344
159,14,19,0.827,207.106,0.0147,3.566
159,15,20,1.981,158.919,0.0140,19.788
160,0,6,0.838,0.003,0.0304,0.000
160,1,7,0.367,0.001,0.0304,0.000
160,2,8,0.836,0.002,0.0304,0.000
160,3,9,0.538,0.003,0.0304,0.000
160,4,10,0.569,0.001,0.0304,0.000
160,5,11,343.163,3426.073,0.0304,0.000
160,6,12,0.669,0.000,0.0304,342.607
160,7,13,0.823,0.000,0.0304,162.445
160,8,14,0.675,0.000,5.7688,19.530
160,9,15,26.244,258.819,2.9789,0.118
160,10,16,0.410,0.000,0.0154,25.741
160,11,17,24.045,241.182,0.0153,2.779
160,12,18,0.812,0.000,0.0147,23.344
160,13,19,20.400,207.106,0.0147,3.566
160,14,20,15.916,158.919,0.0140,19.788
160,15,21,9.928,99.900,0.0140,15.085
161,0,7,0.191,0.001,0.0304,0.000
161,1,8,1.177,0.002,0.0304,0.000
161,2,9,0.538,0.003,0.0304,0.000
161,3,10,0.600,0.001,0.0304,0.000
161,4,11,0.893,3426.073,0.0304,0.000
161,5,12,0.934,0.000,0.0304,342.607
161,6,13,0.605,0.000,0.0304,162.445
161,7,14,0.541,0.000,5.7688,19.530
161,8,15,0.623,258.819,2.9789,0.118
161,9,16,0.798,0.000,0.0154,25.741
161,10,17,0.549,241.182,0.0153,2.779
161,11,18,0.740,0.000,0.0147,23.344
161,12,19,0.926,207.106,0.0147,3.566
161,13,20,0.610,158.919,0.0140,19.788
161,14,21,0.710,99.900,0.0140,15.085
161,15,22,0.533,34.075,0.0132,9.469
162,0,8,0.849,0.002,0.0304,0.000
162,1,9,3.146,0.003,0.0304,0.000
162,2,10,0.737,0.001,0.0304,0.000
162,3,11,0.496,3426.073,0.0304,0.000
162,4,12,1.437,0.000,0.0304,342.607
162,5,13,2.234,0.000,0.0304,162.445
162,6,14,0.895,0.000,5.7688,19.530
162,7,15,0.552,258.819,2.9789,0.118
162,8,16,2.482,0.000,0.0154,25.741
162,9,17,1.124,241.182,0.0153,2.779
162,10,18,1.183,0.000,0.0147,23.344
162,11,19,1.249,207.106,0.0147,3.566
162,12,20,0.955,158.919,0.0140,19.788
162,13,21,0.414,99.900,0.0140,15.085
162,14,22,2.421,34.075,0.0132,9.469
162,15,23,0.993,0.000,0.0126,3.199
163,0,9,0.387,0.003,0.0304,0.000
163,1,10,1.630,0.001,0.0304,0.000
163,2,11,2.205,3426.073,0.0304,0.000
163,3,12,1.431,0.000,0.0304,342.607
163,4,13,2.049,0.000,0.0304,162.445
163,5,14,2.163,0.000,5.7688,19.530
163,6,15,1.236,258.819,2.9789,0.118
163,7,16,1.296,0.000,0.0154,25.741
163,8,17,0.700,241.182,0.0153,2.779
163,9,18,1.132,0.000,0.0147,23.344
163,10,19,0.532,207.106,0.0147,3.566
163,11,20,0.653,158.919,0.0140,19.788
163,12,21,1.834,99.900,0.0140,15.085
163,13,22,1.220,34.075,0.0132,9.469
163,14,23,0.073,0.000,0.0126,3.199
163,15,24,0.391,0.000,0.0122,3.363
164,0,10,4.949,0.001,0.0304,0.000
164,1,11,3.476,3426.073,0.0304,0.000
164,2,12,4.306,0.000,0.0304,342.607
164,3,13,1.883,0.000,0.0304,162.445
164,4,14,2.248,0.000,5.7688,19.530
164,5,15,2.376,258.819,2.9789,0.118
164,6,16,1.795,0.000,0.0154,25.741
164,7,17,0.748,241.182,0.0153,2.779
164,8,18,1.565,0.000,0.0147,23.344
164,9,19,1.431,207.106,0.0147,3.566
164,10,20,1.120,158.919,0.0140,19.788
164,11,21,0.799,99.900,0.0140,15.085
164,12,22,1.398,34.075,0.0132,9.469
164,13,23,1.014,0.000,0.0126,3.199
164,14,24,1.515,0.000,0.0122,3.363
164,15,25,1.912,0.000,0.1215,3.331
165,0,11,4.643,3426.073,0.0304,0.000
165,1,12,3.457,0.000,0.0304,342.607
165,2,13,1.669,0.000,0.0304,162.445
165,3,14,0.661,0.000,5.7688,19.530
165,4,15,1.484,258.819,2.9789,0.118
165,5,16,1.018,0.000,0.0154,25.741
165,6,17,0.737,241.182,0.0153,2.779
165,7,18,0.886,0.000,0.0147,23.344
165,8,19,0.420,207.106,0.0147,3.566
165,9,20,1.666,158.919,0.0140,19.788
165,10,21,1.234,99.900,0.0140,15.085
165,11,22,2.335,34.075,0.0132,9.469
165,12,23,1.700,0.000,0.0126,3.199
165,13,24,2.227,0.000,0.0122,3.363
165,14,25,1.122,0.000,0.1215,3.331
165,15,26,0.447,0.000,0.1213,3.332
166,0,12,0.696,0.000,0.0304,342.607
166,1,13,0.115,0.000,0.0304,162.445
166,2,14,0.435,0.000,5.7688,19.530
166,3,15,0.964,258.819,2.9789,0.118
166,4,16,0.797,0.000,0.0154,25.741
166,5,17,0.789,241.182,0.0153,2.779
166,6,18,0.709,0.000,0.0147,23.344
166,7,19,0.704,207.106,0.0147,3.566
166,8,20,0.114,158.919,0.0140,19.788
166,9,21,0.781,99.900,0.0140,15.085
166,10,22,0.528,34.075,0.0132,9.469
166,11,23,0.432,0.000,0.0126,3.199
166,12,24,0.208,0.000,0.0122,3.363
166,13,25,0.265,0.000,0.1215,3.331
166,14,26,0.374,0.000,0.1213,3.332
166,15,27,0.506,0.000,0.1207,3.332
167,0,13,0.215,0.000,0.0304,162.445
167,1,14,0.902,0.000,5.7688,19.530
167,2,15,0.482,258.819,2.9789,0.118
167,3,16,26.637,0.000,0.0154,25.741
167,4,17,1.362,241.182,0.0153,2.779
167,5,18,24.392,0.000,0.0147,23.344
167,6,19,0.421,207.106,0.0147,3.566
167,7,20,21.078,158.919,0.0140,19.788
167,8,21,16.023,99.900,0.0140,15.085
167,9,22,10.151,34.075,0.0132,9.469
167,10,23,3.583,0.000,0.0126,3.199
167,11,24,0.827,0.000,0.0122,3.363
167,12,25,0.413,0.000,0.1215,3.331
167,13,26,0.311,0.000,0.1213,3.332
167,14,27,0.488,0.000,0.1207,3.332
167,15,28,0.289,0.000,0.1209,3.331
168,0,14,1.357,0.000,5.7688,19.530
168,1,15,0.627,258.819,2.9789,0.118
168,2,16,0.726,0.000,0.0154,25.741
168,3,17,0.652,241.182,0.0153,2.779
168,4,18,0.998,0.000,0.0147,23.344
168,5,19,0.472,207.106,0.0147,3.566
168,6,20,1.125,158.919,0.0140,19.788
168,7,21,0.286,99.900,0.0140,15.085
168,8,22,0.863,34.075,0.0132,9.469
168,9,23,0.483,0.000,0.0126,3.199
168,10,24,0.341,0.000,0.0122,3.363
168,11,25,0.546,0.000,0.1215,3.331
168,12,26,0.964,0.000,0.1213,3.332
168,13,27,0.574,0.000,0.1207,3.332
168,14,28,0.564,0.000,0.1209,3.331
168,15,29,0.311,0.000,0.1211,3.331
169,0,15,0.207,258.819,2.9789,0.118
169,1,16,0.495,0.000,0.0154,25.741
169,2,17,0.928,241.182,0.0153,2.779
169,3,18,0.447,0.000,0.0147,23.344
169,4,19,0.711,207.106,0.0147,3.566
169,5,20,0.723,158.919,0.0140,19.788
169,6,21,0.730,99.900,0.0140,15.085
169,7,22,0.685,34.075,0.0132,9.469
169,8,23,0.894,0.000,0.0126,3.199
169,9,24,0.887,0.000,0.0122,3.363
169,10,25,0.437,0.000,0.1215,3.331
169,11,26,0.231,0.000,0.1213,3.332
169,12,27,0.384,0.000,0.1207,3.332
169,13,28,0.133,0.000,0.1209,3.331
169,14,29,0.418,0.000,0.1211,3.331
169,15,30,0.181,0.000,0.1206,3.331
170,0,16,0.394,0.000,0.0154,25.741
170,1,17,0.155,241.182,0.0153,2.779
170,2,18,0.575,0.000,0.0147,23.344
170,3,19,0.654,207.106,0.0147,3.566
170,4,20,0.210,158.919,0.0140,19.788
170,5,21,0.581,99.900,0.0140,15.085
170,6,22,0.624,34.075,0.0132,9.469
170,7,23,0.457,0.000,0.0126,3.199
170,8,24,0.683,0.000,0.0122,3.363
170,9,25,1.277,0.000,0.1215,3.331
170,10,26,0.121,0.000,0.1213,3.332
170,11,27,0.367,0.000,0.1207,3.332
170,12,28,0.668,0.000,0.1209,3.331
170,13,29,0.139,0.000,0.1211,3.331
170,14,30,0.254,0.000,0.1206,3.331
170,15,31,0.594,0.000,0.1208,3.331
171,0,17,0.145,241.182,0.0153,2.779
171,1,18,0.484,0.000,0.0147,23.344
171,2,19,0.892,207.106,0.0147,3.566
171,3,20,0.274,158.919,0.0140,19.788
171,4,21,0.469,99.900,0.0140,15.085
171,5,22,1.075,34.075,0.0132,9.469
171,6,23,0.589,0.000,0.0126,3.199
171,7,24,0.535,0.000,0.0122,3.363
171,8,25,0.293,0.000,0.1215,3.331
171,9,26,0.518,0.000,0.1213,3.332
171,10,27,0.579,0.000,0.1207,3.332
171,11,28,0.455,0.000,0.1209,3.331
171,12,29,0.382,0.000,0.1211,3.331
171,13,30,0.288,0.000,0.1206,3.331
171,14,31,0.561,0.000,0.1208,3.331
171,15,32,0.675,0.000,0.1211,3.331
172,0,18,0.590,0.000,0.0147,23.344
172,1,19,1.393,207.106,0.0147,3.566
172,2,20,0.234,158.919,0.0140,19.788
172,3,21,0.863,99.900,0.0140,15.085
172,4,22,1.656,34.075,0.0132,9.469
172,5,23,0.977,0.000,0.0126,3.199
172,6,24,2.239,0.000,0.0122,3.363
172,7,25,0.851,0.000,0.1215,3.331
172,8,26,0.434,0.000,0.1213,3.332
172,9,27,0.389,0.000,0.1207,3.332
172,10,28,1.305,0.000,0.1209,3.331
172,11,29,0.771,0.000,0.1211,3.331
172,12,30,0.573,0.000,0.1206,3.331
172,13,31,1.025,0.000,0.1208,3.331
172,14,32,0.532,0.000,0.1211,3.331
172,15,33,0.802,0.000,0.1209,3.331
173,0,19,0.157,207.106,0.0147,3.566
173,1,20,0.829,158.919,0.0140,19.788
173,2,21,1.406,99.900,0.0140,15.085
173,3,22,0.586,34.075,0.0132,9.469
173,4,23,1.097,0.000,0.0126,3.199
173,5,24,2.958,0.000,0.0122,3.363
173,6,25,1.076,0.000,0.1215,3.331
173,7,26,0.472,0.000,0.1213,3.332
173,8,27,0.415,0.000,0.1207,3.332
173,9,28,1.053,0.000,0.1209,3.331
173,10,29,0.959,0.000,0.1211,3.331
173,11,30,0.936,0.000,0.1206,3.331
173,12,31,0.504,0.000,0.1208,3.331
173,13,32,0.313,0.000,0.1211,3.331
173,14,33,0.404,0.000,0.1209,3.331
173,15,34,1.474,1000.000,0.1210,3.331
174,0,20,3.468,158.919,0.0140,19.788
174,1,21,1.303,99.900,0.0140,15.085
174,2,22,0.465,34.075,0.0132,9.469
174,3,23,0.141,0.000,0.0126,3.199
174,4,24,0.752,0.000,0.0122,3.363
174,5,25,0.439,0.000,0.1215,3.331
174,6,26,0.486,0.000,0.1213,3.332
174,7,27,0.665,0.000,0.1207,3.332
174,8,28,1.001,0.000,0.1209,3.331
174,9,29,0.513,0.000,0.1211,3.331
174,10,30,0.841,0.000,0.1206,3.331
174,11,31,0.775,0.000,0.1208,3.331
174,12,32,0.530,0.000,0.1211,3.331
174,13,33,0.557,0.000,0.1209,3.331
174,14,34,0.535,1000.000,0.1210,3.331
174,15,35,0.483,0.000,0.1203,12.179
175,0,21,4.366,99.900,0.0140,15.085
175,1,22,0.985,34.075,0.0132,9.469
175,2,23,0.773,0.000,0.0126,3.199
175,3,24,2.001,0.000,0.0122,3.363
175,4,25,0.859,0.000,0.1215,3.331
175,5,26,1.698,0.000,0.1213,3.332
175,6,27,0.787,0.000,0.1207,3.332
175,7,28,0.747,0.000,0.1209,3.331
175,8,29,0.777,0.000,0.1211,3.331
175,9,30,0.920,0.000,0.1206,3.331
175,10,31,1.614,0.000,0.1208,3.331
175,11,32,0.822,0.000,0.1211,3.331
175,12,33,0.823,0.000,0.1209,3.331
175,13,34,1.178,1000.000,0.1210,3.331
175,14,35,3.682,0.000,0.1203,12.179
175,15,36,3.005,1028.265,1.3440,1.157
176,0,22,0.818,34.075,0.0132,9.469
176,1,23,0.739,0.000,0.0126,3.199
176,2,24,0.338,0.000,0.0122,3.363
176,3,25,0.444,0.000,0.1215,3.331
176,4,26,0.661,0.000,0.1213,3.332
176,5,27,0.696,0.000,0.1207,3.332
176,6,28,0.769,0.000,0.1209,3.331
176,7,29,0.332,0.000,0.1211,3.331
176,8,30,0.698,0.000,0.1206,3.331
176,9,31,0.257,0.000,0.1208,3.331
176,10,32,0.395,0.000,0.1211,3.331
176,11,33,0.292,0.000,0.1209,3.331
176,12,34,0.874,1000.000,0.1210,3.331
176,13,35,0.528,0.000,0.1203,12.179
176,14,36,3.015,1028.265,1.3440,1.157
176,15,37,0.231,0.000,0.0960,123.332
177,0,23,0.164,0.000,0.0126,3.199
177,1,24,0.858,0.000,0.0122,3.363
177,2,25,1.438,0.000,0.1215,3.331
177,3,26,0.252,0.000,0.1213,3.332
177,4,27,0.284,0.000,0.1207,3.332
177,5,28,1.050,0.000,0.1209,3.331
177,6,29,0.453,0.000,0.1211,3.331
177,7,30,0.334,0.000,0.1206,3.331
177,8,31,0.433,0.000,0.1208,3.331
177,9,32,0.433,0.000,0.1211,3.331
177,10,33,0.485,0.000,0.1209,3.331
177,11,34,0.639,1000.000,0.1210,3.331
177,12,35,0.652,0.000,0.1203,12.179
177,13,36,1.249,1028.265,1.3440,1.157
177,14,37,2.015,0.000,0.0960,123.332
177,15,38,0.985,0.000,4.4498,46.962
178,0,24,3.870,0.000,0.0122,3.363
178,1,25,3.178,0.000,0.1215,3.331
178,2,26,4.292,0.000,0.1213,3.332
178,3,27,1.603,0.000,0.1207,3.332
178,4,28,3.581,0.000,0.1209,3.331
178,5,29,2.517,0.000,0.1211,3.331
178,6,30,6.233,0.000,0.1206,3.331
178,7,31,1.074,0.000,0.1208,3.331
178,8,32,1.346,0.000,0.1211,3.331
178,9,33,3.563,0.000,0.1209,3.331
178,10,34,1.041,1000.000,0.1210,3.331
178,11,35,1.958,0.000,0.1203,12.179
178,12,36,4.460,1028.265,1.3440,1.157
178,13,37,4.161,0.000,0.0960,123.332
178,14,38,2.185,0.000,4.4498,46.962
178,15,39,3.690,0.000,2.5757,14.323
179,0,25,0.342,0.000,0.1215,3.331
179,1,26,0.545,0.000,0.1213,3.332
179,2,27,0.783,0.000,0.1207,3.332
179,3,28,0.574,0.000,0.1209,3.331
179,4,29,0.670,0.000,0.1211,3.331
179,5,30,0.514,0.000,0.1206,3.331
179,6,31,0.479,0.000,0.1208,3.331
179,7,32,0.629,0.000,0.1211,3.331
179,8,33,0.369,0.000,0.1209,3.331
179,9,34,0.810,1000.000,0.1210,3.331
179,10,35,0.595,0.000,0.1203,12.179
179,11,36,1.524,1028.265,1.3440,1.157
179,12,37,0.242,0.000,0.0960,123.332
179,13,38,0.126,0.000,4.4498,46.962
179,14,39,0.419,0.000,2.5757,14.323
179,15,40,0.364,0.000,1.0083,1.939
180,0,26,0.811,0.000,0.1213,3.332
180,1,27,1.161,0.000,0.1207,3.332
180,2,28,1.855,0.000,0.1209,3.331
180,3,29,1.459,0.000,0.1211,3.331
180,4,30,1.011,0.000,0.1206,3.331
180,5,31,0.536,0.000,0.1208,3.331
180,6,32,1.396,0.000,0.1211,3.331
180,7,33,1.709,0.000,0.1209,3.331
180,8,34,98.443,1000.000,0.1210,3.331
180,9,35,0.662,0.000,0.1203,12.179
180,10,36,97.927,1028.265,1.3440,1.157
180,11,37,2.061,0.000,0.0960,123.332
180,12,38,1.852,0.000,4.4498,46.962
180,13,39,0.978,0.000,2.5757,14.323
180,14,40,2.455,0.000,1.0083,1.939
180,15,41,2.441,0.000,0.7290,1.123
181,0,27,0.697,0.000,0.1207,3.332
181,1,28,1.312,0.000,0.1209,3.331
181,2,29,0.619,0.000,0.1211,3.331
181,3,30,0.586,0.000,0.1206,3.331
181,4,31,0.493,0.000,0.1208,3.331
181,5,32,1.020,0.000,0.1211,3.331
181,6,33,0.696,0.000,0.1209,3.331
181,7,34,2.633,1000.000,0.1210,3.331
181,8,35,0.734,0.000,0.1203,12.179
181,9,36,2.324,1028.265,1.3440,1.157
181,10,37,2.125,0.000,0.0960,123.332
181,11,38,1.063,0.000,4.4498,46.962
181,12,39,0.676,0.000,2.5757,14.323
181,13,40,1.225,0.000,1.0083,1.939
181,14,41,1.180,0.000,0.7290,1.123
181,15,42,1.252,0.000,0.0887,1.123
182,0,28,0.562,0.000,0.1209,3.331
182,1,29,0.428,0.000,0.1211,3.331
182,2,30,0.796,0.000,0.1206,3.331
182,3,31,0.814,0.000,0.1208,3.331
182,4,32,0.397,0.000,0.1211,3.331
182,5,33,0.787,0.000,0.1209,3.331
182,6,34,0.765,1000.000,0.1210,3.331
182,7,35,0.444,0.000,0.1203,12.179
182,8,36,1.683,1028.265,1.3440,1.157
182,9,37,0.517,0.000,0.0960,123.332
182,10,38,0.975,0.000,4.4498,46.962
182,11,39,0.799,0.000,2.5757,14.323
182,12,40,0.493,0.000,1.0083,1.939
182,13,41,0.944,0.000,0.7290,1.123
182,14,42,0.471,0.000,0.0887,1.123
182,15,43,0.530,0.000,0.0880,1.123
183,0,29,0.698,0.000,0.1211,3.331
183,1,30,0.790,0.000,0.1206,3.331
183,2,31,0.757,0.000,0.1208,3.331
183,3,32,0.613,0.000,0.1211,3.331
183,4,33,1.485,0.000,0.1209,3.331
183,5,34,0.678,1000.000,0.1210,3.331
183,6,35,0.964,0.000,0.1203,12.179
183,7,36,0.570,1028.265,1.3440,1.157
183,8,37,1.576,0.000,0.0960,123.332
183,9,38,1.547,0.000,4.4498,46.962
183,10,39,0.266,0.000,2.5757,14.323
183,11,40,1.421,0.000,1.0083,1.939
183,12,41,0.325,0.000,0.7290,1.123
183,13,42,0.719,0.000,0.0887,1.123
183,14,43,2.318,0.000,0.0880,1.123
183,15,44,0.842,0.000,0.0885,1.123
184,0,30,0.891,0.000,0.1206,3.331
184,1,31,0.833,0.000,0.1208,3.331
184,2,32,0.366,0.000,0.1211,3.331
184,3,33,0.128,0.000,0.1209,3.331
184,4,34,0.904,1000.000,0.1210,3.331
184,5,35,0.518,0.000,0.1203,12.179
184,6,36,1.085,1028.265,1.3440,1.157
184,7,37,0.926,0.000,0.0960,123.332
184,8,38,0.608,0.000,4.4498,46.962
184,9,39,0.705,0.000,2.5757,14.323
184,10,40,0.398,0.000,1.0083,1.939
184,11,41,0.546,0.000,0.7290,1.123
184,12,42,0.536,0.000,0.0887,1.123
184,13,43,0.422,0.000,0.0880,1.123
184,14,44,0.491,0.000,0.0885,1.123
184,15,45,0.392,0.000,0.0880,1.123
185,0,31,2.158,0.000,0.1208,3.331
185,1,32,3.958,0.000,0.1211,3.331
185,2,33,8.072,0.000,0.1209,3.331
185,3,34,21.222,1000.000,0.1210,3.331
185,4,35,6.798,0.000,0.1203,12.179
185,5,36,21.868,1028.265,1.3440,1.157
185,6,37,5.137,0.000,0.0960,123.332
185,7,38,2.528,0.000,4.4498,46.962
185,8,39,1.730,0.000,2.5757,14.323
185,9,40,1.362,0.000,1.0083,1.939
185,10,41,2.164,0.000,0.7290,1.123
185,11,42,1.747,0.000,0.0887,1.123
185,12,43,1.380,0.000,0.0880,1.123
185,13,44,3.049,0.000,0.0885,1.123
185,14,45,1.509,0.000,0.0880,1.123
185,15,46,1.151,0.000,0.0879,1.123
186,0,32,0.314,0.000,0.1211,3.331
186,1,33,0.338,0.000,0.1209,3.331
186,2,34,0.567,1000.000,0.1210,3.331
186,3,35,1.502,0.000,0.1203,12.179
186,4,36,2.253,1028.265,1.3440,1.157
186,5,37,0.272,0.000,0.0960,123.332
186,6,38,1.034,0.000,4.4498,46.962
186,7,39,0.815,0.000,2.5757,14.323
186,8,40,0.936,0.000,1.0083,1.939
186,9,41,1.305,0.000,0.7290,1.123
186,10,42,0.402,0.000,0.0887,1.123
186,11,43,0.951,0.000,0.0880,1.123
186,12,44,0.593,0.000,0.0885,1.123
186,13,45,0.531,0.000,0.0880,1.123
186,14,46,0.639,0.000,0.0879,1.123
186,15,47,0.857,0.000,0.0885,1.123
187,0,33,1.535,0.000,0.1209,3.331
187,1,34,1.291,1000.000,0.1210,3.331
187,2,35,0.684,0.000,0.1203,12.179
187,3,36,0.681,1028.265,1.3440,1.157
187,4,37,1.648,0.000,0.0960,123.332
187,5,38,0.875,0.000,4.4498,46.962
187,6,39,1.725,0.000,2.5757,14.323
187,7,40,1.042,0.000,1.0083,1.939
187,8,41,1.063,0.000,0.7290,1.123
187,9,42,0.537,0.000,0.0887,1.123
187,10,43,0.350,0.000,0.0880,1.123
187,11,44,0.495,0.000,0.0885,1.123
187,12,45,0.491,0.000,0.0880,1.123
187,13,46,0.686,0.000,0.0879,1.123
187,14,47,0.542,0.000,0.0885,1.123
187,15,48,1.807,0.000,0.0882,1.123
188,0,34,3.075,1000.000,0.1210,3.331
188,1,35,11.704,0.000,0.1203,12.179
188,2,36,5.185,1028.265,1.3440,1.157
188,3,37,15.872,0.000,0.0960,123.332
188,4,38,4.620,0.000,4.4498,46.962
188,5,39,2.096,0.000,2.5757,14.323
188,6,40,2.124,0.000,1.0083,1.939
188,7,41,0.193,0.000,0.7290,1.123
188,8,42,2.025,0.000,0.0887,1.123
188,9,43,2.809,0.000,0.0880,1.123
188,10,44,2.601,0.000,0.0885,1.123
188,11,45,1.871,0.000,0.0880,1.123
188,12,46,1.942,0.000,0.0879,1.123
188,13,47,1.648,0.000,0.0885,1.123
188,14,48,2.600,0.000,0.0882,1.123
188,15,49,5.521,0.000,0.0875,1.122
189,0,35,100.305,0.000,0.1203,12.179
189,1,36,1.853,1028.265,1.3440,1.157
189,2,37,102.274,0.000,0.0960,123.332
189,3,38,0.515,0.000,4.4498,46.962
189,4,39,0.748,0.000,2.5757,14.323
189,5,40,0.625,0.000,1.0083,1.939
189,6,41,1.088,0.000,0.7290,1.123
189,7,42,0.748,0.000,0.0887,1.123
189,8,43,0.347,0.000,0.0880,1.123
189,9,44,0.450,0.000,0.0885,1.123
189,10,45,0.309,0.000,0.0880,1.123
189,11,46,0.413,0.000,0.0879,1.123
189,12,47,0.334,0.000,0.0885,1.123
189,13,48,0.241,0.000,0.0882,1.123
189,14,49,0.372,0.000,0.0875,1.122
189,15,50,1.437,258.820,0.0874,1.122
190,0,36,1.306,1028.265,1.3440,1.157
190,1,37,1.727,0.000,0.0960,123.332
190,2,38,0.663,0.000,4.4498,46.962
190,3,39,0.704,0.000,2.5757,14.323
190,4,40,0.525,0.000,1.0083,1.939
190,5,41,0.849,0.000,0.7290,1.123
190,6,42,0.935,0.000,0.0887,1.123
190,7,43,0.955,0.000,0.0880,1.123
190,8,44,0.432,0.000,0.0885,1.123
190,9,45,0.363,0.000,0.0880,1.123
190,10,46,0.658,0.000,0.0879,1.123
190,11,47,0.847,0.000,0.0885,1.123
190,12,48,0.505,0.000,0.0882,1.123
190,13,49,0.745,0.000,0.0875,1.122
190,14,50,4.510,258.820,0.0874,1.122
190,15,51,14.362,0.000,0.0873,25.769
191,0,37,2.822,0.000,0.0960,123.332
191,1,38,0.557,0.000,4.4498,46.962
191,2,39,1.372,0.000,2.5757,14.323
191,3,40,0.593,0.000,1.0083,1.939
191,4,41,0.991,0.000,0.7290,1.123
191,5,42,1.708,0.000,0.0887,1.123
191,6,43,0.369,0.000,0.0880,1.123
191,7,44,0.396,0.000,0.0885,1.123
191,8,45,0.109,0.000,0.0880,1.123
191,9,46,0.468,0.000,0.0879,1.123
191,10,47,1.664,0.000,0.0885,1.123
191,11,48,0.838,0.000,0.0882,1.123
191,12,49,0.740,0.000,0.0875,1.122
191,13,50,4.498,258.820,0.0874,1.122
191,14,51,13.637,0.000,0.0873,25.769
191,15,52,3.231,241.181,0.0864,4.559
192,0,38,0.268,0.000,4.4498,46.962
192,1,39,0.406,0.000,2.5757,14.323
192,2,40,0.748,0.000,1.0083,1.939
192,3,41,0.586,0.000,0.7290,1.123
192,4,42,0.259,0.000,0.0887,1.123
192,5,43,0.591,0.000,0.0880,1.123
192,6,44,0.787,0.000,0.0885,1.123
192,7,45,1.136,0.000,0.0880,1.123
192,8,46,1.502,0.000,0.0879,1.123
192,9,47,0.924,0.000,0.0885,1.123
192,10,48,0.582,0.000,0.0882,1.123
192,11,49,0.762,0.000,0.0875,1.122
192,12,50,1.108,258.820,0.0874,1.122
192,13,51,1.971,0.000,0.0873,25.769
192,14,52,0.810,241.181,0.0864,4.559
192,15,53,1.199,0.000,0.0723,23.182
193,0,39,0.804,0.000,2.5757,14.323
193,1,40,0.631,0.000,1.0083,1.939
193,2,41,0.761,0.000,0.7290,1.123
193,3,42,0.774,0.000,0.0887,1.123
193,4,43,2.507,0.000,0.0880,1.123
193,5,44,0.784,0.000,0.0885,1.123
193,6,45,0.253,0.000,0.0880,1.123
193,7,46,0.532,0.000,0.0879,1.123
193,8,47,0.781,0.000,0.0885,1.123
193,9,48,1.137,0.000,0.0882,1.123
193,10,49,0.818,0.000,0.0875,1.122
193,11,50,1.778,258.820,0.0874,1.122
193,12,51,4.070,0.000,0.0873,25.769
193,13,52,1.068,241.181,0.0864,4.559
193,14,53,2.403,0.000,0.0723,23.182
193,15,54,1.025,207.107,0.0719,4.889
194,0,40,0.932,0.000,1.0083,1.939
194,1,41,0.784,0.000,0.7290,1.123
194,2,42,0.225,0.000,0.0887,1.123
194,3,43,0.338,0.000,0.0880,1.123
194,4,44,0.527,0.000,0.0885,1.123
194,5,45,0.852,0.000,0.0880,1.123
194,6,46,0.710,0.000,0.0879,1.123
194,7,47,0.918,0.000,0.0885,1.123
194,8,48,0.551,0.000,0.0882,1.123
194,9,49,1.718,0.000,0.0875,1.122
194,10,50,2.212,258.820,0.0874,1.122
194,11,51,2.512,0.000,0.0873,25.769
194,12,52,4.097,241.181,0.0864,4.559
194,13,53,1.706,0.000,0.0723,23.182
194,14,54,3.362,207.107,0.0719,4.889
194,15,55,1.132,0.000,0.0967,19.485
195,0,41,0.306,0.000,0.7290,1.123
195,1,42,1.631,0.000,0.0887,1.123
195,2,43,0.975,0.000,0.0880,1.123
195,3,44,0.514,0.000,0.0885,1.123
195,4,45,0.989,0.000,0.0880,1.123
195,5,46,0.469,0.000,0.0879,1.123
195,6,47,0.121,0.000,0.0885,1.123
195,7,48,0.810,0.000,0.0882,1.123
195,8,49,0.253,0.000,0.0875,1.122
195,9,50,1.037,258.820,0.0874,1.122
195,10,51,2.296,0.000,0.0873,25.769
195,11,52,1.319,241.181,0.0864,4.559
195,12,53,1.865,0.000,0.0723,23.182
195,13,54,1.467,207.107,0.0719,4.889
195,14,55,1.263,0.000,0.0967,19.485
195,15,56,1.606,158.918,0.0953,3.997
196,0,42,0.584,0.000,0.0887,1.123
196,1,43,2.142,0.000,0.0880,1.123
196,2,44,0.215,0.000,0.0885,1.123
196,3,45,1.324,0.000,0.0880,1.123
196,4,46,0.945,0.000,0.0879,1.123
196,5,47,1.301,0.000,0.0885,1.123
196,6,48,2.756,0.000,0.0882,1.123
196,7,49,0.606,0.000,0.0875,1.122
196,8,50,0.788,258.820,0.0874,1.122
196,9,51,1.060,0.000,0.0873,25.769
196,10,52,1.118,241.181,0.0864,4.559
196,11,53,1.902,0.000,0.0723,23.182
196,12,54,0.203,207.107,0.0719,4.889
196,13,55,1.112,0.000,0.0967,19.485
196,14,56,0.788,158.918,0.0953,3.997
196,15,57,1.043,99.901,0.1093,14.805
197,0,43,0.394,0.000,0.0880,1.123
197,1,44,0.164,0.000,0.0885,1.123
197,2,45,0.359,0.000,0.0880,1.123
197,3,46,0.745,0.000,0.0879,1.123
197,4,47,0.254,0.000,0.0885,1.123
197,5,48,0.572,0.000,0.0882,1.123
197,6,49,0.234,0.000,0.0875,1.122
197,7,50,1.752,258.820,0.0874,1.122
197,8,51,2.026,0.000,0.0873,25.769
197,9,52,2.217,241.181,0.0864,4.559
197,10,53,1.337,0.000,0.0723,23.182
197,11,54,2.724,207.107,0.0719,4.889
197,12,55,1.272,0.000,0.0967,19.485
197,13,56,1.560,158.918,0.0953,3.997
197,14,57,2.013,99.901,0.1093,14.805
197,15,58,0.803,34.074,0.1089,9.323
198,0,44,0.957,0.000,0.0885,1.123
198,1,45,0.867,0.000,0.0880,1.123
198,2,46,0.397,0.000,0.0879,1.123
198,3,47,0.753,0.000,0.0885,1.123
198,4,48,0.889,0.000,0.0882,1.123
198,5,49,1.031,0.000,0.0875,1.122
198,6,50,1.521,258.820,0.0874,1.122
198,7,51,4.527,0.000,0.0873,25.769
198,8,52,3.167,241.181,0.0864,4.559
198,9,53,4.630,0.000,0.0723,23.182
198,10,54,3.157,207.107,0.0719,4.889
198,11,55,3.457,0.000,0.0967,19.485
198,12,56,1.221,158.918,0.0953,3.997
198,13,57,3.657,99.901,0.1093,14.805
198,14,58,2.651,34.074,0.1089,9.323
198,15,59,3.521,0.000,0.0845,3.690
199,0,45,1.048,0.000,0.0880,1.123
199,1,46,1.095,0.000,0.0879,1.123
199,2,47,0.310,0.000,0.0885,1.123
199,3,48,0.423,0.000,0.0882,1.123
199,4,49,1.327,0.000,0.0875,1.122
199,5,50,1.760,258.820,0.0874,1.122
199,6,51,1.222,0.000,0.0873,25.769
199,7,52,0.969,241.181,0.0864,4.559
199,8,53,1.584,0.000,0.0723,23.182
199,9,54,0.355,207.107,0.0719,4.889
199,10,55,1.116,0.000,0.0967,19.485
199,11,56,0.393,158.918,0.0953,3.997
199,12,57,0.270,99.901,0.1093,14.805
199,13,58,0.397,34.074,0.1089,9.323
199,14,59,0.533,0.000,0.0845,3.690
199,15,60,0.499,0.000,0.1244,1.743
200,0,46,0.808,0.000,0.0879,1.123
200,1,47,0.949,0.000,0.0885,1.123
200,2,48,0.304,0.000,0.0882,1.123
200,3,49,0.896,0.000,0.0875,1.122
200,4,50,5.613,258.820,0.0874,1.122
200,5,51,3.176,0.000,0.0873,25.769
200,6,52,6.958,241.181,0.0864,4.559
200,7,53,3.775,0.000,0.0723,23.182
200,8,54,6.070,207.107,0.0719,4.889
200,9,55,2.562,0.000,0.0967,19.485
200,10,56,3.600,158.918,0.0953,3.997
200,11,57,1.385,99.901,0.1093,14.805
200,12,58,0.781,34.074,0.1089,9.323
200,13,59,0.025,0.000,0.0845,3.690
200,14,60,1.991,0.000,0.1244,1.743
200,15,61,0.910,0.000,0.0970,1.741
201,0,47,0.497,0.000,0.0885,1.123
201,1,48,1.052,0.000,0.0882,1.123
201,2,49,1.401,0.000,0.0875,1.122
201,3,50,3.024,258.820,0.0874,1.122
201,4,51,5.333,0.000,0.0873,25.769
201,5,52,3.970,241.181,0.0864,4.559
201,6,53,5.854,0.000,0.0723,23.182
201,7,54,3.152,207.107,0.0719,4.889
201,8,55,4.423,0.000,0.0967,19.485
201,9,56,3.248,158.918,0.0953,3.997
201,10,57,4.903,99.901,0.1093,14.805
201,11,58,2.611,34.074,0.1089,9.323
201,12,59,1.227,0.000,0.0845,3.690
201,13,60,0.868,0.000,0.1244,1.743
201,14,61,0.665,0.000,0.0970,1.741
201,15,62,0.880,0.000,0.1003,1.740
202,0,48,3.337,0.000,0.0882,1.123
202,1,49,0.436,0.000,0.0875,1.122
202,2,50,2.389,258.820,0.0874,1.122
202,3,51,7.983,0.000,0.0873,25.769
202,4,52,4.144,241.181,0.0864,4.559
202,5,53,7.208,0.000,0.0723,23.182
202,6,54,5.340,207.107,0.0719,4.889
202,7,55,4.617,0.000,0.0967,19.485
202,8,56,2.829,158.918,0.0953,3.997
202,9,57,4.826,99.901,0.1093,14.805
202,10,58,5.286,34.074,0.1089,9.323
202,11,59,1.385,0.000,0.0845,3.690
202,12,60,0.743,0.000,0.1244,1.743
202,13,61,0.565,0.000,0.0970,1.741
202,14,62,0.697,0.000,0.1003,1.740
202,15,63,0.455,0.000,0.1002,1.742
203,0,49,1.254,0.000,0.0875,1.122
203,1,50,2.575,258.820,0.0874,1.122
203,2,51,7.928,0.000,0.0873,25.769
203,3,52,2.004,241.181,0.0864,4.559
203,4,53,9.131,0.000,0.0723,23.182
203,5,54,1.758,207.107,0.0719,4.889
203,6,55,6.627,0.000,0.0967,19.485
203,7,56,0.401,158.918,0.0953,3.997
203,8,57,5.301,99.901,0.1093,14.805
203,9,58,3.084,34.074,0.1089,9.323
203,10,59,0.767,0.000,0.0845,3.690
203,11,60,0.826,0.000,0.1244,1.743
203,12,61,0.692,0.000,0.0970,1.741
203,13,62,0.714,0.000,0.1003,1.740
203,14,63,0.613,0.000,0.1002,1.742
203,15,64,1.662,0.000,0.1007,1.742
204,0,50,9.334,258.820,0.0874,1.122
204,1,51,3.350,0.000,0.0873,25.769
204,2,52,10.520,241.181,0.0864,4.559
204,3,53,4.052,0.000,0.0723,23.182
204,4,54,9.387,207.107,0.0719,4.889
204,5,55,3.783,0.000,0.0967,19.485
204,6,56,6.233,158.918,0.0953,3.997
204,7,57,3.000,99.901,0.1093,14.805
204,8,58,1.178,34.074,0.1089,9.323
204,9,59,0.486,0.000,0.0845,3.690
204,10,60,0.598,0.000,0.1244,1.743
204,11,61,0.334,0.000,0.0970,1.741
204,12,62,0.366,0.000,0.1003,1.740
204,13,63,0.407,0.000,0.1002,1.742
204,14,64,0.375,0.000,0.1007,1.742
204,15,65,0.471,0.000,0.1009,1.742
205,0,51,8.708,0.000,0.0873,25.769
205,1,52,17.222,241.181,0.0864,4.559
205,2,53,8.332,0.000,0.0723,23.182
205,3,54,13.876,207.107,0.0719,4.889
205,4,55,6.040,0.000,0.0967,19.485
205,5,56,11.638,158.918,0.0953,3.997
205,6,57,4.034,99.901,0.1093,14.805
205,7,58,2.336,34.074,0.1089,9.323
205,8,59,0.866,0.000,0.0845,3.690
205,9,60,0.565,0.000,0.1244,1.743
205,10,61,0.606,0.000,0.0970,1.741
205,11,62,0.776,0.000,0.1003,1.740
205,12,63,0.377,0.000,0.1002,1.742
205,13,64,0.495,0.000,0.1007,1.742
205,14,65,0.217,0.000,0.1009,1.742
205,15,66,0.502,0.000,0.1012,1.744
206,0,52,8.782,241.181,0.0864,4.559
206,1,53,7.278,0.000,0.0723,23.182
206,2,54,7.616,207.107,0.0719,4.889
206,3,55,5.185,0.000,0.0967,19.485
206,4,56,6.223,158.918,0.0953,3.997
206,5,57,2.507,99.901,0.1093,14.805
206,6,58,0.924,34.074,0.1089,9.323
206,7,59,0.558,0.000,0.0845,3.690
206,8,60,0.891,0.000,0.1244,1.743
206,9,61,0.442,0.000,0.0970,1.741
206,10,62,0.825,0.000,0.1003,1.740
206,11,63,0.582,0.000,0.1002,1.742
206,12,64,0.488,0.000,0.1007,1.742
206,13,65,0.533,0.000,0.1009,1.742
206,14,66,0.236,0.000,0.1012,1.744
206,15,67,0.565,0.000,0.1015,1.744
207,0,53,1.986,0.000,0.0723,23.182
207,1,54,0.917,207.107,0.0719,4.889
207,2,55,2.198,0.000,0.0967,19.485
207,3,56,1.087,158.918,0.0953,3.997
207,4,57,1.229,99.901,0.1093,14.805
207,5,58,0.351,34.074,0.1089,9.323
207,6,59,0.782,0.000,0.0845,3.690
207,7,60,0.866,0.000,0.1244,1.743
207,8,61,1.018,0.000,0.0970,1.741
207,9,62,0.629,0.000,0.1003,1.740
207,10,63,0.797,0.000,0.1002,1.742
207,11,64,1.005,0.000,0.1007,1.742
207,12,65,0.504,0.000,0.1009,1.742
207,13,66,0.613,0.000,0.1012,1.744
207,14,67,1.627,0.000,0.1015,1.744
207,15,68,0.303,0.000,0.1011,1.741
208,0,54,2.530,207.107,0.0719,4.889
208,1,55,2.407,0.000,0.0967,19.485
208,2,56,1.513,158.918,0.0953,3.997
208,3,57,1.653,99.901,0.1093,14.805
208,4,58,0.926,34.074,0.1089,9.323
208,5,59,0.778,0.000,0.0845,3.690
208,6,60,0.227,0.000,0.1244,1.743
208,7,61,0.674,0.000,0.0970,1.741
208,8,62,0.267,0.000,0.1003,1.740
208,9,63,0.606,0.000,0.1002,1.742
208,10,64,0.259,0.000,0.1007,1.742
208,11,65,0.190,0.000,0.1009,1.742
208,12,66,0.427,0.000,0.1012,1.744
208,13,67,0.280,0.000,0.1015,1.744
208,14,68,1.047,0.000,0.1011,1.741
208,15,69,0.499,0.000,0.1008,1.746
209,0,55,4.232,0.000,0.0967,19.485
209,1,56,2.564,158.918,0.0953,3.997
209,2,57,2.462,99.901,0.1093,14.805
209,3,58,0.622,34.074,0.1089,9.323
209,4,59,0.286,0.000,0.0845,3.690
209,5,60,0.518,0.000,0.1244,1.743
209,6,61,0.188,0.000,0.0970,1.741
209,7,62,0.623,0.000,0.1003,1.740
209,8,63,0.936,0.000,0.1002,1.742
209,9,64,0.187,0.000,0.1007,1.742
209,10,65,0.447,0.000,0.1009,1.742
209,11,66,0.429,0.000,0.1012,1.744
209,12,67,0.398,0.000,0.1015,1.744
209,13,68,0.614,0.000,0.1011,1.741
209,14,69,1.442,0.000,0.1008,1.746
209,15,70,1.660,0.000,0.1029,1.747
210,0,56,3.843,158.918,0.0953,3.997
210,1,57,9.039,99.901,0.1093,14.805
210,2,58,5.434,34.074,0.1089,9.323
210,3,59,1.327,0.000,0.0845,3.690
210,4,60,0.258,0.000,0.1244,1.743
210,5,61,0.353,0.000,0.0970,1.741
210,6,62,0.360,0.000,0.1003,1.740
210,7,63,0.270,0.000,0.1002,1.742
210,8,64,0.189,0.000,0.1007,1.742
210,9,65,0.596,0.000,0.1009,1.742
210,10,66,0.369,0.000,0.1012,1.744
210,11,67,0.596,0.000,0.1015,1.744
210,12,68,0.349,0.000,0.1011,1.741
210,13,69,0.407,0.000,0.1008,1.746
210,14,70,0.283,0.000,0.1029,1.747
210,15,71,0.515,0.000,0.1015,1.746
211,0,57,5.967,99.901,0.1093,14.805
211,1,58,2.454,34.074,0.1089,9.323
211,2,59,0.803,0.000,0.0845,3.690
211,3,60,0.404,0.000,0.1244,1.743
211,4,61,0.442,0.000,0.0970,1.741
211,5,62,0.294,0.000,0.1003,1.740
211,6,63,0.496,0.000,0.1002,1.742
211,7,64,0.351,0.000,0.1007,1.742
211,8,65,0.521,0.000,0.1009,1.742
211,9,66,0.406,0.000,0.1012,1.744
211,10,67,0.471,0.000,0.1015,1.744
211,11,68,0.357,0.000,0.1011,1.741
211,12,69,0.587,0.000,0.1008,1.746
211,13,70,0.367,0.000,0.1029,1.747
211,14,71,0.521,0.000,0.1015,1.746
211,15,72,1.541,0.000,0.1033,1.749
212,0,58,3.857,34.074,0.1089,9.323
212,1,59,0.902,0.000,0.0845,3.690
212,2,60,0.449,0.000,0.1244,1.743
212,3,61,0.591,0.000,0.0970,1.741
212,4,62,0.564,0.000,0.1003,1.740
212,5,63,0.384,0.000,0.1002,1.742
212,6,64,0.374,0.000,0.1007,1.742
212,7,65,0.244,0.000,0.1009,1.742
212,8,66,0.232,0.000,0.1012,1.744
212,9,67,0.202,0.000,0.1015,1.744
212,10,68,0.678,0.000,0.1011,1.741
212,11,69,0.326,0.000,0.1008,1.746
212,12,70,0.813,0.000,0.1029,1.747
212,13,71,0.322,0.000,0.1015,1.746
212,14,72,0.567,0.000,0.1033,1.749
212,15,73,0.694,0.000,0.1019,1.748
213,0,59,2.133,0.000,0.0845,3.690
213,1,60,0.574,0.000,0.1244,1.743
213,2,61,0.453,0.000,0.0970,1.741
213,3,62,0.700,0.000,0.1003,1.740
213,4,63,0.337,0.000,0.1002,1.742
213,5,64,0.647,0.000,0.1007,1.742
213,6,65,0.415,0.000,0.1009,1.742
213,7,66,0.473,0.000,0.1012,1.744
213,8,67,0.571,0.000,0.1015,1.744
213,9,68,0.510,0.000,0.1011,1.741
213,10,69,1.820,0.000,0.1008,1.746
213,11,70,1.680,0.000,0.1029,1.747
213,12,71,0.284,0.000,0.1015,1.746
213,13,72,0.663,0.000,0.1033,1.749
213,14,73,0.702,0.000,0.1019,1.748
213,15,74,0.671,0.000,0.1057,1.748
214,0,60,0.700,0.000,0.1244,1.743
214,1,61,0.965,0.000,0.0970,1.741
214,2,62,0.720,0.000,0.1003,1.740
214,3,63,1.484,0.000,0.1002,1.742
214,4,64,0.663,0.000,0.1007,1.742
214,5,65,0.987,0.000,0.1009,1.742
214,6,66,1.420,0.000,0.1012,1.744
214,7,67,0.112,0.000,0.1015,1.744
214,8,68,0.703,0.000,0.1011,1.741
214,9,69,0.730,0.000,0.1008,1.746
214,10,70,1.117,0.000,0.1029,1.747
214,11,71,1.117,0.000,0.1015,1.746
214,12,72,0.601,0.000,0.1033,1.749
214,13,73,0.708,0.000,0.1019,1.748
214,14,74,0.546,0.000,0.1057,1.748
215,0,61,0.786,0.000,0.0970,1.741
215,1,62,0.540,0.000,0.1003,1.740
215,2,63,0.412,0.000,0.1002,1.742
215,3,64,0.867,0.000,0.1007,1.742
215,4,65,0.741,0.000,0.1009,1.742
215,5,66,0.918,0.000,0.1012,1.744
215,6,67,0.449,0.000,0.1015,1.744
215,7,68,0.997,0.000,0.1011,1.741
215,8,69,0.487,0.000,0.1008,1.746
215,9,70,0.679,0.000,0.1029,1.747
215,10,71,0.567,0.000,0.1015,1.746
215,11,72,0.900,0.000,0.1033,1.749
215,12,73,0.127,0.000,0.1019,1.748
215,13,74,0.826,0.000,0.1057,1.748
216,0,62,0.461,0.000,0.1003,1.740
216,1,63,0.684,0.000,0.1002,1.742
216,2,64,0.739,0.000,0.1007,1.742
216,3,65,0.612,0.000,0.1009,1.742
216,4,66,1.155,0.000,0.1012,1.744
216,5,67,1.105,0.000,0.1015,1.744
216,6,68,0.608,0.000,0.1011,1.741
216,7,69,0.890,0.000,0.1008,1.746
216,8,70,0.539,0.000,0.1029,1.747
216,9,71,0.451,0.000,0.1015,1.746
216,10,72,0.452,0.000,0.1033,1.749
216,11,73,1.099,0.000,0.1019,1.748
216,12,74,0.333,0.000,0.1057,1.748
217,0,63,0.846,0.000,0.1002,1.742
217,1,64,0.747,0.000,0.1007,1.742
217,2,65,0.317,0.000,0.1009,1.742
217,3,66,1.130,0.000,0.1012,1.744
217,4,67,0.402,0.000,0.1015,1.744
217,5,68,1.086,0.000,0.1011,1.741
217,6,69,0.856,0.000,0.1008,1.746
217,7,70,0.488,0.000,0.1029,1.747
217,8,71,1.088,0.000,0.1015,1.746
217,9,72,1.049,0.000,0.1033,1.749
217,10,73,0.878,0.000,0.1019,1.748
217,11,74,1.162,0.000,0.1057,1.748
218,0,64,0.866,0.000,0.1007,1.742
218,1,65,0.810,0.000,0.1009,1.742
218,2,66,0.795,0.000,0.1012,1.744
218,3,67,0.810,0.000,0.1015,1.744
218,4,68,1.428,0.000,0.1011,1.741
218,5,69,0.651,0.000,0.1008,1.746
218,6,70,0.977,0.000,0.1029,1.747
218,7,71,0.877,0.000,0.1015,1.746
218,8,72,1.736,0.000,0.1033,1.749
218,9,73,0.684,0.000,0.1019,1.748
218,10,74,1.211,0.000,0.1057,1.748
219,0,65,1.760,0.000,0.1009,1.742
219,1,66,0.797,0.000,0.1012,1.744
219,2,67,1.286,0.000,0.1015,1.744
219,3,68,0.955,0.000,0.1011,1.741
219,4,69,1.430,0.000,0.1008,1.746
219,5,70,1.132,0.000,0.1029,1.747
219,6,71,1.648,0.000,0.1015,1.746
219,7,72,1.275,0.000,0.1033,1.749
219,8,73,2.049,0.000,0.1019,1.748
219,9,74,0.824,0.000,0.1057,1.748
220,0,66,2.597,0.000,0.1012,1.744
220,1,67,2.137,0.000,0.1015,1.744
220,2,68,1.182,0.000,0.1011,1.741
220,3,69,0.662,0.000,0.1008,1.746
220,4,70,0.518,0.000,0.1029,1.747
220,5,71,0.830,0.000,0.1015,1.746
220,6,72,1.582,0.000,0.1033,1.749
220,7,73,1.530,0.000,0.1019,1.748
220,8,74,1.551,0.000,0.1057,1.748
221,0,67,1.003,0.000,0.1015,1.744
221,1,68,2.350,0.000,0.1011,1.741
221,2,69,1.877,0.000,0.1008,1.746
221,3,70,2.839,0.000,0.1029,1.747
221,4,71,2.677,0.000,0.1015,1.746
221,5,72,1.193,0.000,0.1033,1.749
221,6,73,1.014,0.000,0.1019,1.748
221,7,74,1.352,0.000,0.1057,1.748
222,0,68,2.894,0.000,0.1011,1.741
222,1,69,2.230,0.000,0.1008,1.746
222,2,70,1.623,0.000,0.1029,1.747
222,3,71,1.819,0.000,0.1015,1.746
222,4,72,1.931,0.000,0.1033,1.749
222,5,73,2.220,0.000,0.1019,1.748
222,6,74,2.775,0.000,0.1057,1.748
223,0,69,3.174,0.000,0.1008,1.746
223,1,70,2.144,0.000,0.1029,1.747
223,2,71,2.032,0.000,0.1015,1.746
223,3,72,2.500,0.000,0.1033,1.749
223,4,73,1.966,0.000,0.1019,1.748
223,5,74,2.850,0.000,0.1057,1.748
224,0,70,2.520,0.000,0.1029,1.747
224,1,71,2.126,0.000,0.1015,1.746
224,2,72,2.693,0.000,0.1033,1.749
224,3,73,1.482,0.000,0.1019,1.748
224,4,74,2.087,0.000,0.1057,1.748
225,0,71,1.088,0.000,0.1015,1.746
225,1,72,4.716,0.000,0.1033,1.749
225,2,73,3.779,0.000,0.1019,1.748
225,3,74,4.669,0.000,0.1057,1.748
226,0,72,2.076,0.000,0.1033,1.749
226,1,73,2.288,0.000,0.1019,1.748
226,2,74,4.088,0.000,0.1057,1.748
227,0,73,2.598,0.000,0.1019,1.748
227,1,74,1.450,0.000,0.1057,1.748
228,0,74,1.087,0.000,0.1057,1.748
230,0,0,1.128,349.801,5.1020,34.980
230,1,1,1.353,1156.740,3.7746,115.674
230,2,2,2.391,17.598,0.8199,1.760
230,3,3,1.420,0.001,0.0304,0.000
230,4,4,0.443,0.003,0.0304,0.000
230,5,5,0.977,0.001,0.0304,0.000
230,6,6,1.153,0.002,0.0304,0.000
230,7,7,0.868,0.003,0.0304,0.000
230,8,8,0.957,0.001,0.0304,0.000
230,9,9,0.690,0.002,0.0304,0.000
230,10,10,1.410,0.003,0.0304,0.000
230,11,11,1.481,3426.073,0.0304,0.000
230,12,12,2.978,0.000,0.0304,342.607
230,13,13,1.667,0.000,0.0304,162.445
230,14,14,2.326,0.000,5.7688,19.513
230,15,15,1.957,258.819,2.9763,0.119
231,0,1,1.908,1156.740,3.7746,115.674
231,1,2,3.234,17.598,0.8199,1.760
231,2,3,1.268,0.001,0.0304,0.000
231,3,4,0.949,0.003,0.0304,0.000
231,4,5,0.446,0.001,0.0304,0.000
231,5,6,0.709,0.002,0.0304,0.000
231,6,7,1.434,0.003,0.0304,0.000
231,7,8,0.586,0.001,0.0304,0.000
231,8,9,0.845,0.002,0.0304,0.000
231,9,10,1.348,0.003,0.0304,0.000
231,10,11,1.286,3426.073,0.0304,0.000
231,11,12,0.762,0.000,0.0304,342.607
231,12,13,0.844,0.000,0.0304,162.445
231,13,14,0.883,0.000,5.7688,19.513
231,14,15,2.434,258.819,2.9763,0.119
231,15,16,1.246,0.000,0.0154,25.740
232,0,2,0.937,17.598,0.8199,1.760
232,1,3,0.252,0.001,0.0304,0.000
232,2,4,0.384,0.003,0.0304,0.000
232,3,5,0.230,0.001,0.0304,0.000
232,4,6,0.656,0.002,0.0304,0.000
232,5,7,0.834,0.003,0.0304,0.000
232,6,8,2.145,0.001,0.0304,0.000
232,7,9,1.152,0.002,0.0304,0.000
232,8,10,1.546,0.003,0.0304,0.000
232,9,11,1.704,3426.073,0.0304,0.000
232,10,12,0.845,0.000,0.0304,342.607
232,11,13,1.240,0.000,0.0304,162.445
232,12,14,0.398,0.000,5.7688,19.513
232,13,15,0.559,258.819,2.9763,0.119
232,14,16,0.226,0.000,0.0154,25.740
232,15,17,0.654,241.182,0.0153,2.778
233,0,3,3.574,0.001,0.0304,0.000
233,1,4,0.922,0.003,0.0304,0.000
233,2,5,0.742,0.001,0.0304,0.000
233,3,6,1.593,0.002,0.0304,0.000
233,4,7,1.187,0.003,0.0304,0.000
233,5,8,0.809,0.001,0.0304,0.000
233,6,9,1.513,0.002,0.0304,0.000
233,7,10,0.753,0.003,0.0304,0.000
233,8,11,1.557,3426.073,0.0304,0.000
233,9,12,1.593,0.000,0.0304,342.607
233,10,13,0.839,0.000,0.0304,162.445
233,11,14,1.561,0.000,5.7688,19.513
233,12,15,1.346,258.819,2.9763,0.119
233,13,16,1.433,0.000,0.0154,25.740
233,14,17,0.372,241.182,0.0153,2.778
233,15,18,0.973,0.000,0.0147,23.342
234,0,4,0.355,0.003,0.0304,0.000
234,1,5,0.962,0.001,0.0304,0.000
234,2,6,2.333,0.002,0.0304,0.000
234,3,7,0.432,0.003,0.0304,0.000
234,4,8,2.298,0.001,0.0304,0.000
234,5,9,1.457,0.002,0.0304,0.000
234,6,10,1.013,0.003,0.0304,0.000
234,7,11,1.702,3426.073,0.0304,0.000
234,8,12,0.601,0.000,0.0304,342.607
234,9,13,1.145,0.000,0.0304,162.445
234,10,14,0.794,0.000,5.7688,19.513
234,11,15,1.916,258.819,2.9763,0.119
234,12,16,1.831,0.000,0.0154,25.740
234,13,17,2.813,241.182,0.0153,2.778
234,14,18,1.563,0.000,0.0147,23.342
234,15,19,1.147,207.106,0.0147,3.564
235,0,5,0.421,0.001,0.0304,0.000
235,1,6,0.447,0.002,0.0304,0.000
235,2,7,0.963,0.003,0.0304,0.000
235,3,8,1.596,0.001,0.0304,0.000
235,4,9,1.471,0.002,0.0304,0.000
235,5,10,1.037,0.003,0.0304,0.000
235,6,11,1.032,3426.073,0.0304,0.000
235,7,12,1.533,0.000,0.0304,342.607
235,8,13,1.811,0.000,0.0304,162.445
235,9,14,0.316,0.000,5.7688,19.513
235,10,15,0.610,258.819,2.9763,0.119
235,11,16,0.830,0.000,0.0154,25.740
235,12,17,0.793,241.182,0.0153,2.778
235,13,18,0.113,0.000,0.0147,23.342
235,14,19,1.306,207.106,0.0147,3.564
235,15,20,2.417,158.919,0.0140,19.786
236,0,6,4.555,0.002,0.0304,0.000
236,1,7,1.541,0.003,0.0304,0.000
236,2,8,1.550,0.001,0.0304,0.000
236,3,9,0.885,0.002,0.0304,0.000
236,4,10,2.134,0.003,0.0304,0.000
236,5,11,1.333,3426.073,0.0304,0.000
236,6,12,1.153,0.000,0.0304,342.607
236,7,13,1.486,0.000,0.0304,162.445
236,8,14,0.889,0.000,5.7688,19.513
236,9,15,0.287,258.819,2.9763,0.119
236,10,16,0.975,0.000,0.0154,25.740
236,11,17,1.324,241.182,0.0153,2.778
236,12,18,3.535,0.000,0.0147,23.342
236,13,19,0.671,207.106,0.0147,3.564
236,14,20,3.833,158.919,0.0140,19.786
236,15,21,1.118,99.900,0.0140,15.084
237,0,7,0.407,0.003,0.0304,0.000
237,1,8,0.513,0.001,0.0304,0.000
237,2,9,1.998,0.002,0.0304,0.000
237,3,10,1.132,0.003,0.0304,0.000
237,4,11,0.976,3426.073,0.0304,0.000
237,5,12,0.785,0.000,0.0304,342.607
237,6,13,0.326,0.000,0.0304,162.445
237,7,14,0.778,0.000,5.7688,19.513
237,8,15,0.389,258.819,2.9763,0.119
237,9,16,0.594,0.000,0.0154,25.740
237,10,17,0.723,241.182,0.0153,2.778
237,11,18,1.092,0.000,0.0147,23.342
237,12,19,0.270,207.106,0.0147,3.564
237,13,20,0.958,158.919,0.0140,19.786
237,14,21,0.990,99.900,0.0140,15.084
237,15,22,0.568,34.075,0.0132,9.468
238,0,8,1.096,0.001,0.0304,0.000
238,1,9,1.016,0.002,0.0304,0.000
238,2,10,1.828,0.003,0.0304,0.000
238,3,11,1.644,3426.073,0.0304,0.000
238,4,12,1.265,0.000,0.0304,342.607
238,5,13,0.407,0.000,0.0304,162.445
238,6,14,0.427,0.000,5.7688,19.513
238,7,15,0.556,258.819,2.9763,0.119
238,8,16,0.776,0.000,0.0154,25.740
238,9,17,0.588,241.182,0.0153,2.778
238,10,18,0.429,0.000,0.0147,23.342
238,11,19,0.600,207.106,0.0147,3.564
238,12,20,0.197,158.919,0.0140,19.786
238,13,21,0.401,99.900,0.0140,15.084
238,14,22,0.516,34.075,0.0132,9.468
238,15,23,1.144,0.000,0.0126,3.199
239,0,9,1.800,0.002,0.0304,0.000
239,1,10,0.732,0.003,0.0304,0.000
239,2,11,0.703,3426.073,0.0304,0.000
239,3,12,340.250,0.000,0.0304,342.607
239,4,13,1.425,0.000,0.0304,162.445
239,5,14,1.035,0.000,5.7688,19.513
239,6,15,0.749,258.819,2.9763,0.119
239,7,16,26.028,0.000,0.0154,25.740
239,8,17,2.013,241.182,0.0153,2.778
239,9,18,23.502,0.000,0.0147,23.342
239,10,19,0.527,207.106,0.0147,3.564
239,11,20,20.737,158.919,0.0140,19.786
239,12,21,15.405,99.900,0.0140,15.084
239,13,22,10.047,34.075,0.0132,9.468
239,14,23,3.485,0.000,0.0126,3.199
239,15,24,0.422,0.000,0.0122,3.440
240,0,10,1.061,0.003,0.0304,0.000
240,1,11,1.272,3426.073,0.0304,0.000
240,2,12,0.501,0.000,0.0304,342.607
240,3,13,0.850,0.000,0.0304,162.445
240,4,14,0.340,0.000,5.7688,19.513
240,5,15,0.566,258.819,2.9763,0.119
240,6,16,0.381,0.000,0.0154,25.740
240,7,17,0.568,241.182,0.0153,2.778
240,8,18,0.291,0.000,0.0147,23.342
240,9,19,0.280,207.106,0.0147,3.564
240,10,20,0.651,158.919,0.0140,19.786
240,11,21,0.687,99.900,0.0140,15.084
240,12,22,0.441,34.075,0.0132,9.468
240,13,23,0.483,0.000,0.0126,3.199
240,14,24,0.481,0.000,0.0122,3.440
240,15,25,0.624,0.000,0.1240,3.410
241,0,11,1.232,3426.073,0.0304,0.000
241,1,12,344.279,0.000,0.0304,342.607
241,2,13,1.516,0.000,0.0304,162.445
241,3,14,0.954,0.000,5.7688,19.513
241,4,15,0.450,258.819,2.9763,0.119
241,5,16,25.578,0.000,0.0154,25.740
241,6,17,0.312,241.182,0.0153,2.778
241,7,18,23.869,0.000,0.0147,23.342
241,8,19,0.741,207.106,0.0147,3.564
241,9,20,20.942,158.919,0.0140,19.786
241,10,21,15.115,99.900,0.0140,15.084
241,11,22,9.324,34.075,0.0132,9.468
241,12,23,4.169,0.000,0.0126,3.199
241,13,24,1.614,0.000,0.0122,3.440
241,14,25,2.437,0.000,0.1240,3.410
241,15,26,0.867,0.000,0.1247,3.411
242,0,12,340.158,0.000,0.0304,342.607
242,1,13,340.935,0.000,0.0304,162.445
242,2,14,1.455,0.000,5.7688,19.513
242,3,15,1.833,258.819,2.9763,0.119
242,4,16,25.253,0.000,0.0154,25.740
242,5,17,26.157,241.182,0.0153,2.778
242,6,18,23.998,0.000,0.0147,23.342
242,7,19,24.201,207.106,0.0147,3.564
242,8,20,19.952,158.919,0.0140,19.786
242,9,21,36.916,99.900,0.0140,15.084
242,10,22,26.526,34.075,0.0132,9.468
242,11,23,13.765,0.000,0.0126,3.199
242,12,24,3.013,0.000,0.0122,3.440
242,13,25,0.668,0.000,0.1240,3.410
242,14,26,1.263,0.000,0.1247,3.411
242,15,27,0.389,0.000,0.1242,3.410
243,0,13,342.867,0.000,0.0304,162.445
243,1,14,0.604,0.000,5.7688,19.513
243,2,15,0.551,258.819,2.9763,0.119
243,3,16,25.601,0.000,0.0154,25.740
243,4,17,26.326,241.182,0.0153,2.778
243,5,18,23.751,0.000,0.0147,23.342
243,6,19,23.867,207.106,0.0147,3.564
243,7,20,20.196,158.919,0.0140,19.786
243,8,21,36.720,99.900,0.0140,15.084
243,9,22,25.873,34.075,0.0132,9.468
243,10,23,13.544,0.000,0.0126,3.199
243,11,24,2.897,0.000,0.0122,3.440
243,12,25,0.394,0.000,0.1240,3.410
243,13,26,0.916,0.000,0.1247,3.411
243,14,27,0.296,0.000,0.1242,3.410
243,15,28,0.441,0.000,0.1293,3.390
244,0,14,0.498,0.000,5.7688,19.513
244,1,15,0.660,258.819,2.9763,0.119
244,2,16,1.283,0.000,0.0154,25.740
244,3,17,1.057,241.182,0.0153,2.778
244,4,18,1.285,0.000,0.0147,23.342
244,5,19,1.924,207.106,0.0147,3.564
244,6,20,2.210,158.919,0.0140,19.786
244,7,21,1.963,99.900,0.0140,15.084
244,8,22,1.541,34.075,0.0132,9.468
244,9,23,2.429,0.000,0.0126,3.199
244,10,24,1.322,0.000,0.0122,3.440
244,11,25,0.450,0.000,0.1240,3.410
244,12,26,2.628,0.000,0.1247,3.411
244,13,27,1.729,0.000,0.1242,3.410
244,14,28,1.391,0.000,0.1293,3.390
244,15,29,1.032,0.000,0.1204,3.390
245,0,15,0.266,258.819,2.9763,0.119
245,1,16,0.716,0.000,0.0154,25.740
245,2,17,1.351,241.182,0.0153,2.778
245,3,18,0.273,0.000,0.0147,23.342
245,4,19,0.598,207.106,0.0147,3.564
245,5,20,0.780,158.919,0.0140,19.786
245,6,21,0.656,99.900,0.0140,15.084
245,7,22,0.450,34.075,0.0132,9.468
245,8,23,0.779,0.000,0.0126,3.199
245,9,24,0.633,0.000,0.0122,3.440
245,10,25,0.661,0.000,0.1240,3.410
245,11,26,0.463,0.000,0.1247,3.411
245,12,27,0.553,0.000,0.1242,3.410
245,13,28,0.893,0.000,0.1293,3.390
245,14,29,0.480,0.000,0.1204,3.390
245,15,30,0.494,0.000,0.1201,3.390
246,0,16,0.512,0.000,0.0154,25.740
246,1,17,1.504,241.182,0.0153,2.778
246,2,18,0.648,0.000,0.0147,23.342
246,3,19,0.665,207.106,0.0147,3.564
246,4,20,0.270,158.919,0.0140,19.786
246,5,21,0.559,99.900,0.0140,15.084
246,6,22,1.143,34.075,0.0132,9.468
246,7,23,0.688,0.000,0.0126,3.199
246,8,24,0.483,0.000,0.0122,3.440
246,9,25,0.245,0.000,0.1240,3.410
246,10,26,0.301,0.000,0.1247,3.411
246,11,27,0.443,0.000,0.1242,3.410
246,12,28,0.928,0.000,0.1293,3.390
246,13,29,0.705,0.000,0.1204,3.390
246,14,30,0.627,0.000,0.1201,3.390
246,15,31,0.733,0.000,0.1191,3.390
247,0,17,1.831,241.182,0.0153,2.778
247,1,18,0.272,0.000,0.0147,23.342
247,2,19,1.017,207.106,0.0147,3.564
247,3,20,0.213,158.919,0.0140,19.786
247,4,21,0.685,99.900,0.0140,15.084
247,5,22,0.444,34.075,0.0132,9.468
247,6,23,0.271,0.000,0.0126,3.199
247,7,24,0.553,0.000,0.0122,3.440
247,8,25,0.685,0.000,0.1240,3.410
247,9,26,0.391,0.000,0.1247,3.411
247,10,27,0.419,0.000,0.1242,3.410
247,11,28,0.922,0.000,0.1293,3.390
247,12,29,0.256,0.000,0.1204,3.390
247,13,30,0.446,0.000,0.1201,3.390
247,14,31,1.863,0.000,0.1191,3.390
247,15,32,0.325,0.000,0.1201,3.390
248,0,18,0.329,0.000,0.0147,23.342
248,1,19,0.200,207.106,0.0147,3.564
248,2,20,0.149,158.919,0.0140,19.786
248,3,21,0.228,99.900,0.0140,15.084
248,4,22,0.948,34.075,0.0132,9.468
248,5,23,0.323,0.000,0.0126,3.199
248,6,24,0.468,0.000,0.0122,3.440
248,7,25,0.426,0.000,0.1240,3.410
248,8,26,0.328,0.000,0.1247,3.411
248,9,27,0.314,0.000,0.1242,3.410
248,10,28,0.632,0.000,0.1293,3.390
248,11,29,0.393,0.000,0.1204,3.390
248,12,30,0.412,0.000,0.1201,3.390
248,13,31,0.620,0.000,0.1191,3.390
248,14,32,0.242,0.000,0.1201,3.390
248,15,33,0.385,0.000,0.1195,3.390
249,0,19,0.102,207.106,0.0147,3.564
249,1,20,0.305,158.919,0.0140,19.786
249,2,21,0.093,99.900,0.0140,15.084
249,3,22,0.402,34.075,0.0132,9.468
249,4,23,0.727,0.000,0.0126,3.199
249,5,24,0.403,0.000,0.0122,3.440
249,6,25,0.275,0.000,0.1240,3.410
249,7,26,0.378,0.000,0.1247,3.411
249,8,27,0.392,0.000,0.1242,3.410
249,9,28,0.958,0.000,0.1293,3.390
249,10,29,0.392,0.000,0.1204,3.390
249,11,30,0.351,0.000,0.1201,3.390
249,12,31,0.953,0.000,0.1191,3.390
249,13,32,0.446,0.000,0.1201,3.390
249,14,33,0.996,0.000,0.1195,3.390
249,15,34,0.375,1000.000,0.1197,3.390
250,0,20,0.832,158.919,0.0140,19.786
250,1,21,0.935,99.900,0.0140,15.084
250,2,22,0.577,34.075,0.0132,9.468
250,3,23,0.871,0.000,0.0126,3.199
250,4,24,1.005,0.000,0.0122,3.440
250,5,25,0.898,0.000,0.1240,3.410
250,6,26,1.083,0.000,0.1247,3.411
250,7,27,0.731,0.000,0.1242,3.410
250,8,28,0.342,0.000,0.1293,3.390
250,9,29,0.359,0.000,0.1204,3.390
250,10,30,0.531,0.000,0.1201,3.390
250,11,31,0.384,0.000,0.1191,3.390
250,12,32,0.616,0.000,0.1201,3.390
250,13,33,0.679,0.000,0.1195,3.390
250,14,34,0.990,1000.000,0.1197,3.390
250,15,35,1.671,0.000,0.1197,14.262
251,0,21,0.262,99.900,0.0140,15.084
251,1,22,0.627,34.075,0.0132,9.468
251,2,23,0.156,0.000,0.0126,3.199
251,3,24,0.709,0.000,0.0122,3.440
251,4,25,0.824,0.000,0.1240,3.410
251,5,26,0.526,0.000,0.1247,3.411
251,6,27,0.707,0.000,0.1242,3.410
251,7,28,0.282,0.000,0.1293,3.390
251,8,29,0.701,0.000,0.1204,3.390
251,9,30,0.631,0.000,0.1201,3.390
251,10,31,0.698,0.000,0.1191,3.390
251,11,32,0.534,0.000,0.1201,3.390
251,12,33,0.498,0.000,0.1195,3.390
251,13,34,0.225,1000.000,0.1197,3.390
251,14,35,1.720,0.000,0.1197,14.262
251,15,36,4.293,1028.264,1.1247,1.612
252,0,22,3.938,34.075,0.0132,9.468
252,1,23,0.578,0.000,0.0126,3.199
252,2,24,1.299,0.000,0.0122,3.440
252,3,25,1.313,0.000,0.1240,3.410
252,4,26,0.753,0.000,0.1247,3.411
252,5,27,0.698,0.000,0.1242,3.410
252,6,28,0.865,0.000,0.1293,3.390
252,7,29,1.703,0.000,0.1204,3.390
252,8,30,1.399,0.000,0.1201,3.390
252,9,31,1.750,0.000,0.1191,3.390
252,10,32,0.662,0.000,0.1201,3.390
252,11,33,1.090,0.000,0.1195,3.390
252,12,34,2.251,1000.000,0.1197,3.390
252,13,35,3.710,0.000,0.1197,14.262
252,14,36,1.317,1028.264,1.1247,1.612
252,15,37,2.171,0.000,0.2904,122.673
253,0,23,0.809,0.000,0.0126,3.199
253,1,24,0.385,0.000,0.0122,3.440
253,2,25,0.269,0.000,0.1240,3.410
253,3,26,0.532,0.000,0.1247,3.411
253,4,27,0.526,0.000,0.1242,3.410
253,5,28,0.641,0.000,0.1293,3.390
253,6,29,0.182,0.000,0.1204,3.390
253,7,30,1.370,0.000,0.1201,3.390
253,8,31,0.454,0.000,0.1191,3.390
253,9,32,0.249,0.000,0.1201,3.390
253,10,33,0.737,0.000,0.1195,3.390
253,11,34,0.243,1000.000,0.1197,3.390
253,12,35,0.798,0.000,0.1197,14.262
253,13,36,0.773,1028.264,1.1247,1.612
253,14,37,0.978,0.000,0.2904,122.673
253,15,38,0.983,0.000,4.4626,50.933
254,0,24,1.310,0.000,0.0122,3.440
254,1,25,1.156,0.000,0.1240,3.410
254,2,26,1.202,0.000,0.1247,3.411
254,3,27,1.413,0.000,0.1242,3.410
254,4,28,0.687,0.000,0.1293,3.390
254,5,29,0.634,0.000,0.1204,3.390
254,6,30,1.151,0.000,0.1201,3.390
254,7,31,0.787,0.000,0.1191,3.390
254,8,32,0.869,0.000,0.1201,3.390
254,9,33,0.299,0.000,0.1195,3.390
254,10,34,0.856,1000.000,0.1197,3.390
254,11,35,1.809,0.000,0.1197,14.262
254,12,36,1.555,1028.264,1.1247,1.612
254,13,37,2.273,0.000,0.2904,122.673
254,14,38,2.676,0.000,4.4626,50.933
254,15,39,0.844,0.000,2.4488,24.064
255,0,25,2.806,0.000,0.1240,3.410
255,1,26,0.554,0.000,0.1247,3.411
255,2,27,0.863,0.000,0.1242,3.410
255,3,28,0.595,0.000,0.1293,3.390
255,4,29,0.514,0.000,0.1204,3.390
255,5,30,0.426,0.000,0.1201,3.390
255,6,31,0.495,0.000,0.1191,3.390
255,7,32,0.292,0.000,0.1201,3.390
255,8,33,0.610,0.000,0.1195,3.390
255,9,34,0.359,1000.000,0.1197,3.390
255,10,35,0.323,0.000,0.1197,14.262
255,11,36,0.898,1028.264,1.1247,1.612
255,12,37,0.344,0.000,0.2904,122.673
255,13,38,0.305,0.000,4.4626,50.933
255,14,39,0.385,0.000,2.4488,24.064
255,15,40,0.508,0.000,0.5225,16.735
256,0,26,0.259,0.000,0.1247,3.411
256,1,27,0.511,0.000,0.1242,3.410
256,2,28,0.697,0.000,0.1293,3.390
256,3,29,1.317,0.000,0.1204,3.390
256,4,30,0.356,0.000,0.1201,3.390
256,5,31,0.794,0.000,0.1191,3.390
256,6,32,0.518,0.000,0.1201,3.390
256,7,33,0.946,0.000,0.1195,3.390
256,8,34,1.073,1000.000,0.1197,3.390
256,9,35,0.476,0.000,0.1197,14.262
256,10,36,1.351,1028.264,1.1247,1.612
256,11,37,1.067,0.000,0.2904,122.673
256,12,38,0.521,0.000,4.4626,50.933
256,13,39,0.879,0.000,2.4488,24.064
256,14,40,0.521,0.000,0.5225,16.735
256,15,41,0.624,0.000,0.5901,8.809
257,0,27,0.554,0.000,0.1242,3.410
257,1,28,0.502,0.000,0.1293,3.390
257,2,29,0.638,0.000,0.1204,3.390
257,3,30,0.950,0.000,0.1201,3.390
257,4,31,0.697,0.000,0.1191,3.390
257,5,32,0.688,0.000,0.1201,3.390
257,6,33,1.313,0.000,0.1195,3.390
257,7,34,1.057,1000.000,0.1197,3.390
257,8,35,0.316,0.000,0.1197,14.262
257,9,36,0.903,1028.264,1.1247,1.612
257,10,37,0.543,0.000,0.2904,122.673
257,11,38,0.640,0.000,4.4626,50.933
257,12,39,0.440,0.000,2.4488,24.064
257,13,40,0.883,0.000,0.5225,16.735
257,14,41,0.760,0.000,0.5901,8.809
257,15,42,0.555,0.000,0.6631,1.402
258,0,28,0.327,0.000,0.1293,3.390
258,1,29,1.121,0.000,0.1204,3.390
258,2,30,0.282,0.000,0.1201,3.390
258,3,31,0.571,0.000,0.1191,3.390
258,4,32,0.643,0.000,0.1201,3.390
258,5,33,0.224,0.000,0.1195,3.390
258,6,34,0.373,1000.000,0.1197,3.390
258,7,35,0.406,0.000,0.1197,14.262
258,8,36,2.126,1028.264,1.1247,1.612
258,9,37,0.313,0.000,0.2904,122.673
258,10,38,0.187,0.000,4.4626,50.933
258,11,39,0.270,0.000,2.4488,24.064
258,12,40,0.561,0.000,0.5225,16.735
258,13,41,0.481,0.000,0.5901,8.809
258,14,42,0.232,0.000,0.6631,1.402
258,15,43,1.074,0.000,0.0854,1.347
259,0,29,5.745,0.000,0.1204,3.390
259,1,30,1.224,0.000,0.1201,3.390
259,2,31,1.534,0.000,0.1191,3.390
259,3,32,0.502,0.000,0.1201,3.390
259,4,33,0.865,0.000,0.1195,3.390
259,5,34,0.872,1000.000,0.1197,3.390
259,6,35,1.540,0.000,0.1197,14.262
259,7,36,2.918,1028.264,1.1247,1.612
259,8,37,1.989,0.000,0.2904,122.673
259,9,38,1.076,0.000,4.4626,50.933
259,10,39,0.297,0.000,2.4488,24.064
259,11,40,0.489,0.000,0.5225,16.735
259,12,41,0.267,0.000,0.5901,8.809
259,13,42,0.262,0.000,0.6631,1.402
259,14,43,0.757,0.000,0.0854,1.347
259,15,44,1.330,0.000,0.0902,1.346
260,0,30,0.446,0.000,0.1201,3.390
260,1,31,0.718,0.000,0.1191,3.390
260,2,32,0.722,0.000,0.1201,3.390
260,3,33,0.733,0.000,0.1195,3.390
260,4,34,1.718,1000.000,0.1197,3.390
260,5,35,0.753,0.000,0.1197,14.262
260,6,36,1.026,1028.264,1.1247,1.612
260,7,37,1.021,0.000,0.2904,122.673
260,8,38,0.966,0.000,4.4626,50.933
260,9,39,0.788,0.000,2.4488,24.064
260,10,40,0.820,0.000,0.5225,16.735
260,11,41,0.916,0.000,0.5901,8.809
260,12,42,1.009,0.000,0.6631,1.402
260,13,43,0.323,0.000,0.0854,1.347
260,14,44,0.753,0.000,0.0902,1.346
260,15,45,0.329,0.000,0.0900,1.347
261,0,31,0.653,0.000,0.1191,3.390
261,1,32,0.521,0.000,0.1201,3.390
261,2,33,0.291,0.000,0.1195,3.390
261,3,34,1.459,1000.000,0.1197,3.390
261,4,35,0.760,0.000,0.1197,14.262
261,5,36,0.880,1028.264,1.1247,1.612
261,6,37,0.702,0.000,0.2904,122.673
261,7,38,0.441,0.000,4.4626,50.933
261,8,39,0.352,0.000,2.4488,24.064
261,9,40,0.159,0.000,0.5225,16.735
261,10,41,0.327,0.000,0.5901,8.809
261,11,42,0.773,0.000,0.6631,1.402
261,12,43,0.182,0.000,0.0854,1.347
261,13,44,4.055,0.000,0.0902,1.346
261,14,45,0.190,0.000,0.0900,1.347
261,15,46,0.435,0.000,0.0901,1.346
262,0,32,1.137,0.000,0.1201,3.390
262,1,33,2.766,0.000,0.1195,3.390
262,2,34,0.590,1000.000,0.1197,3.390
262,3,35,0.550,0.000,0.1197,14.262
262,4,36,1.514,1028.264,1.1247,1.612
262,5,37,0.655,0.000,0.2904,122.673
262,6,38,0.965,0.000,4.4626,50.933
262,7,39,0.653,0.000,2.4488,24.064
262,8,40,0.153,0.000,0.5225,16.735
262,9,41,1.493,0.000,0.5901,8.809
262,10,42,1.682,0.000,0.6631,1.402
262,11,43,0.518,0.000,0.0854,1.347
262,12,44,1.439,0.000,0.0902,1.346
262,13,45,1.057,0.000,0.0900,1.347
262,14,46,3.386,0.000,0.0901,1.346
262,15,47,1.374,0.000,0.0899,1.346
263,0,33,0.399,0.000,0.1195,3.390
263,1,34,1.361,1000.000,0.1197,3.390
263,2,35,1.020,0.000,0.1197,14.262
263,3,36,0.585,1028.264,1.1247,1.612
263,4,37,0.512,0.000,0.2904,122.673
263,5,38,2.142,0.000,4.4626,50.933
263,6,39,0.851,0.000,2.4488,24.064
263,7,40,0.163,0.000,0.5225,16.735
263,8,41,0.776,0.000,0.5901,8.809
263,9,42,0.566,0.000,0.6631,1.402
263,10,43,0.092,0.000,0.0854,1.347
263,11,44,1.694,0.000,0.0902,1.346
263,12,45,0.482,0.000,0.0900,1.347
263,13,46,1.381,0.000,0.0901,1.346
263,14,47,6.858,0.000,0.0899,1.346
263,15,48,0.346,0.000,0.0896,1.346
264,0,34,0.472,1000.000,0.1197,3.390
264,1,35,0.285,0.000,0.1197,14.262
264,2,36,1.633,1028.264,1.1247,1.612
264,3,37,0.445,0.000,0.2904,122.673
264,4,38,0.444,0.000,4.4626,50.933
264,5,39,0.423,0.000,2.4488,24.064
264,6,40,0.463,0.000,0.5225,16.735
264,7,41,0.144,0.000,0.5901,8.809
264,8,42,0.857,0.000,0.6631,1.402
264,9,43,0.140,0.000,0.0854,1.347
264,10,44,0.323,0.000,0.0902,1.346
264,11,45,0.177,0.000,0.0900,1.347
264,12,46,0.617,0.000,0.0901,1.346
264,13,47,0.311,0.000,0.0899,1.346
264,14,48,0.221,0.000,0.0896,1.346
264,15,49,0.584,0.000,0.0898,1.346
265,0,35,1.239,0.000,0.1197,14.262
265,1,36,3.438,1028.264,1.1247,1.612
265,2,37,0.778,0.000,0.2904,122.673
265,3,38,1.240,0.000,4.4626,50.933
265,4,39,0.867,0.000,2.4488,24.064
265,5,40,1.125,0.000,0.5225,16.735
265,6,41,0.687,0.000,0.5901,8.809
265,7,42,0.126,0.000,0.6631,1.402
265,8,43,0.752,0.000,0.0854,1.347
265,9,44,0.485,0.000,0.0902,1.346
265,10,45,0.943,0.000,0.0900,1.347
265,11,46,0.646,0.000,0.0901,1.346
265,12,47,0.710,0.000,0.0899,1.346
265,13,48,1.497,0.000,0.0896,1.346
265,14,49,0.549,0.000,0.0898,1.346
265,15,50,0.625,0.000,0.0896,1.346
266,0,36,1.531,1028.264,1.1247,1.612
266,1,37,1.744,0.000,0.2904,122.673
266,2,38,1.797,0.000,4.4626,50.933
266,3,39,0.249,0.000,2.4488,24.064
266,4,40,0.787,0.000,0.5225,16.735
266,5,41,0.574,0.000,0.5901,8.809
266,6,42,0.713,0.000,0.6631,1.402
266,7,43,0.669,0.000,0.0854,1.347
266,8,44,0.564,0.000,0.0902,1.346
266,9,45,1.234,0.000,0.0900,1.347
266,10,46,0.461,0.000,0.0901,1.346
266,11,47,0.688,0.000,0.0899,1.346
266,12,48,0.573,0.000,0.0896,1.346
266,13,49,0.952,0.000,0.0898,1.346
266,14,50,1.736,0.000,0.0896,1.346
266,15,51,5.376,0.000,0.0896,1.345
267,0,37,1.251,0.000,0.2904,122.673
267,1,38,0.927,0.000,4.4626,50.933
267,2,39,0.176,0.000,2.4488,24.064
267,3,40,0.115,0.000,0.5225,16.735
267,4,41,1.710,0.000,0.5901,8.809
267,5,42,0.119,0.000,0.6631,1.402
267,6,43,1.015,0.000,0.0854,1.347
267,7,44,0.623,0.000,0.0902,1.346
267,8,45,0.956,0.000,0.0900,1.347
267,9,46,0.854,0.000,0.0901,1.346
267,10,47,0.528,0.000,0.0899,1.346
267,11,48,0.356,0.000,0.0896,1.346
267,12,49,1.080,0.000,0.0898,1.346
267,13,50,1.848,0.000,0.0896,1.346
267,14,51,0.987,0.000,0.0896,1.345
267,15,52,25.111,258.820,0.0893,1.346
268,0,38,0.562,0.000,4.4626,50.933
268,1,39,1.036,0.000,2.4488,24.064
268,2,40,1.283,0.000,0.5225,16.735
268,3,41,1.130,0.000,0.5901,8.809
268,4,42,0.804,0.000,0.6631,1.402
268,5,43,0.920,0.000,0.0854,1.347
268,6,44,0.195,0.000,0.0902,1.346
268,7,45,0.336,0.000,0.0900,1.347
268,8,46,0.729,0.000,0.0901,1.346
268,9,47,0.217,0.000,0.0899,1.346
268,10,48,0.455,0.000,0.0896,1.346
268,11,49,0.491,0.000,0.0898,1.346
268,12,50,1.325,0.000,0.0896,1.346
268,13,51,0.502,0.000,0.0896,1.345
268,14,52,19.645,258.820,0.0893,1.346
268,15,53,1.921,0.000,0.0894,25.801
269,0,39,0.811,0.000,2.4488,24.064
269,1,40,1.736,0.000,0.5225,16.735
269,2,41,1.351,0.000,0.5901,8.809
269,3,42,1.250,0.000,0.6631,1.402
269,4,43,0.571,0.000,0.0854,1.347
269,5,44,0.419,0.000,0.0902,1.346
269,6,45,0.699,0.000,0.0900,1.347
269,7,46,0.586,0.000,0.0901,1.346
269,8,47,0.789,0.000,0.0899,1.346
269,9,48,1.680,0.000,0.0896,1.346
269,10,49,0.822,0.000,0.0898,1.346
269,11,50,1.381,0.000,0.0896,1.346
269,12,51,1.130,0.000,0.0896,1.345
269,13,52,25.298,258.820,0.0893,1.346
269,14,53,0.133,0.000,0.0894,25.801
269,15,54,24.287,241.181,0.0899,5.017
270,0,40,0.986,0.000,0.5225,16.735
270,1,41,0.621,0.000,0.5901,8.809
270,2,42,0.996,0.000,0.6631,1.402
270,3,43,1.460,0.000,0.0854,1.347
270,4,44,1.226,0.000,0.0902,1.346
270,5,45,0.887,0.000,0.0900,1.347
270,6,46,1.281,0.000,0.0901,1.346
270,7,47,0.899,0.000,0.0899,1.346
270,8,48,0.562,0.000,0.0896,1.346
270,9,49,0.940,0.000,0.0898,1.346
270,10,50,0.831,0.000,0.0896,1.346
270,11,51,0.817,0.000,0.0896,1.345
270,12,52,4.217,258.820,0.0893,1.346
270,13,53,0.568,0.000,0.0894,25.801
270,14,54,2.112,241.181,0.0899,5.017
270,15,55,3.276,0.000,0.0934,23.256
271,0,41,2.805,0.000,0.5901,8.809
271,1,42,1.397,0.000,0.6631,1.402
271,2,43,1.360,0.000,0.0854,1.347
271,3,44,0.632,0.000,0.0902,1.346
271,4,45,0.981,0.000,0.0900,1.347
271,5,46,0.769,0.000,0.0901,1.346
271,6,47,0.400,0.000,0.0899,1.346
271,7,48,2.023,0.000,0.0896,1.346
271,8,49,1.927,0.000,0.0898,1.346
271,9,50,2.308,0.000,0.0896,1.346
271,10,51,2.861,0.000,0.0896,1.345
271,11,52,3.510,258.820,0.0893,1.346
271,12,53,1.164,0.000,0.0894,25.801
271,13,54,2.906,241.181,0.0899,5.017
271,14,55,1.390,0.000,0.0934,23.256
271,15,56,4.631,207.107,0.0928,5.201
272,0,42,0.713,0.000,0.6631,1.402
272,1,43,0.816,0.000,0.0854,1.347
272,2,44,0.205,0.000,0.0902,1.346
272,3,45,0.631,0.000,0.0900,1.347
272,4,46,0.358,0.000,0.0901,1.346
272,5,47,0.972,0.000,0.0899,1.346
272,6,48,1.005,0.000,0.0896,1.346
272,7,49,1.019,0.000,0.0898,1.346
272,8,50,1.386,0.000,0.0896,1.346
272,9,51,2.360,0.000,0.0896,1.345
272,10,52,3.022,258.820,0.0893,1.346
272,11,53,0.488,0.000,0.0894,25.801
272,12,54,0.690,241.181,0.0899,5.017
272,13,55,0.524,0.000,0.0934,23.256
272,14,56,0.463,207.107,0.0928,5.201
272,15,57,1.346,0.000,0.0969,19.542
273,0,43,0.604,0.000,0.0854,1.347
273,1,44,0.430,0.000,0.0902,1.346
273,2,45,0.198,0.000,0.0900,1.347
273,3,46,0.546,0.000,0.0901,1.346
273,4,47,0.939,0.000,0.0899,1.346
273,5,48,0.847,0.000,0.0896,1.346
273,6,49,0.831,0.000,0.0898,1.346
273,7,50,0.920,0.000,0.0896,1.346
273,8,51,0.336,0.000,0.0896,1.345
273,9,52,0.717,258.820,0.0893,1.346
273,10,53,0.794,0.000,0.0894,25.801
273,11,54,0.868,241.181,0.0899,5.017
273,12,55,1.054,0.000,0.0934,23.256
273,13,56,1.637,207.107,0.0928,5.201
273,14,57,1.132,0.000,0.0969,19.542
273,15,58,0.054,158.918,0.0964,4.239
274,0,44,0.657,0.000,0.0902,1.346
274,1,45,1.826,0.000,0.0900,1.347
274,2,46,0.403,0.000,0.0901,1.346
274,3,47,0.755,0.000,0.0899,1.346
274,4,48,0.835,0.000,0.0896,1.346
274,5,49,0.756,0.000,0.0898,1.346
274,6,50,0.397,0.000,0.0896,1.346
274,7,51,0.736,0.000,0.0896,1.345
274,8,52,1.078,258.820,0.0893,1.346
274,9,53,2.405,0.000,0.0894,25.801
274,10,54,0.898,241.181,0.0899,5.017
274,11,55,1.483,0.000,0.0934,23.256
274,12,56,0.624,207.107,0.0928,5.201
274,13,57,1.468,0.000,0.0969,19.542
274,14,58,1.401,158.918,0.0964,4.239
274,15,59,1.191,99.901,0.1006,14.847
275,0,45,4.885,0.000,0.0900,1.347
275,1,46,0.793,0.000,0.0901,1.346
275,2,47,0.674,0.000,0.0899,1.346
275,3,48,0.520,0.000,0.0896,1.346
275,4,49,0.081,0.000,0.0898,1.346
275,5,50,0.235,0.000,0.0896,1.346
275,6,51,0.783,0.000,0.0896,1.345
275,7,52,0.725,258.820,0.0893,1.346
275,8,53,0.483,0.000,0.0894,25.801
275,9,54,0.517,241.181,0.0899,5.017
275,10,55,0.702,0.000,0.0934,23.256
275,11,56,0.619,207.107,0.0928,5.201
275,12,57,0.248,0.000,0.0969,19.542
275,13,58,0.461,158.918,0.0964,4.239
275,14,59,0.571,99.901,0.1006,14.847
275,15,60,0.432,34.074,0.1001,9.366
276,0,46,0.651,0.000,0.0901,1.346
276,1,47,0.830,0.000,0.0899,1.346
276,2,48,1.087,0.000,0.0896,1.346
276,3,49,1.031,0.000,0.0898,1.346
276,4,50,0.770,0.000,0.0896,1.346
276,5,51,1.478,0.000,0.0896,1.345
276,6,52,3.888,258.820,0.0893,1.346
276,7,53,1.518,0.000,0.0894,25.801
276,8,54,3.825,241.181,0.0899,5.017
276,9,55,1.903,0.000,0.0934,23.256
276,10,56,3.992,207.107,0.0928,5.201
276,11,57,2.500,0.000,0.0969,19.542
276,12,58,2.548,158.918,0.0964,4.239
276,13,59,2.722,99.901,0.1006,14.847
276,14,60,7.120,34.074,0.1001,9.366
276,15,61,2.580,0.000,0.1035,3.883
277,0,47,2.255,0.000,0.0899,1.346
277,1,48,0.584,0.000,0.0896,1.346
277,2,49,0.676,0.000,0.0898,1.346
277,3,50,0.955,0.000,0.0896,1.346
277,4,51,1.311,0.000,0.0896,1.345
277,5,52,1.047,258.820,0.0893,1.346
277,6,53,2.185,0.000,0.0894,25.801
277,7,54,1.759,241.181,0.0899,5.017
277,8,55,2.920,0.000,0.0934,23.256
277,9,56,2.185,207.107,0.0928,5.201
277,10,57,2.023,0.000,0.0969,19.542
277,11,58,2.233,158.918,0.0964,4.239
277,12,59,1.394,99.901,0.1006,14.847
277,13,60,0.654,34.074,0.1001,9.366
277,14,61,0.223,0.000,0.1035,3.883
277,15,62,1.537,0.000,0.0835,1.708
278,0,48,1.142,0.000,0.0896,1.346
278,1,49,1.308,0.000,0.0898,1.346
278,2,50,1.334,0.000,0.0896,1.346
278,3,51,0.241,0.000,0.0896,1.345
278,4,52,3.842,258.820,0.0893,1.346
278,5,53,18.819,0.000,0.0894,25.801
278,6,54,5.296,241.181,0.0899,5.017
278,7,55,17.829,0.000,0.0934,23.256
278,8,56,4.707,207.107,0.0928,5.201
278,9,57,14.079,0.000,0.0969,19.542
278,10,58,3.294,158.918,0.0964,4.239
278,11,59,10.164,99.901,0.1006,14.847
278,12,60,6.633,34.074,0.1001,9.366
278,13,61,2.517,0.000,0.1035,3.883
278,14,62,0.577,0.000,0.0835,1.708
278,15,63,1.343,0.000,0.1413,1.686
279,0,49,3.692,0.000,0.0898,1.346
279,1,50,2.358,0.000,0.0896,1.346
279,2,51,1.113,0.000,0.0896,1.345
279,3,52,0.970,258.820,0.0893,1.346
279,4,53,8.651,0.000,0.0894,25.801
279,5,54,5.287,241.181,0.0899,5.017
279,6,55,9.119,0.000,0.0934,23.256
279,7,56,3.775,207.107,0.0928,5.201
279,8,57,6.491,0.000,0.0969,19.542
279,9,58,3.894,158.918,0.0964,4.239
279,10,59,6.562,99.901,0.1006,14.847
279,11,60,4.401,34.074,0.1001,9.366
279,12,61,1.392,0.000,0.1035,3.883
279,13,62,0.747,0.000,0.0835,1.708
279,14,63,0.273,0.000,0.1413,1.686
279,15,64,0.244,0.000,0.1270,1.696
280,0,50,0.967,0.000,0.0896,1.346
280,1,51,1.357,0.000,0.0896,1.345
280,2,52,11.963,258.820,0.0893,1.346
280,3,53,6.090,0.000,0.0894,25.801
280,4,54,12.250,241.181,0.0899,5.017
280,5,55,7.386,0.000,0.0934,23.256
280,6,56,10.004,207.107,0.0928,5.201
280,7,57,5.664,0.000,0.0969,19.542
280,8,58,7.941,158.918,0.0964,4.239
280,9,59,0.530,99.901,0.1006,14.847
280,10,60,1.242,34.074,0.1001,9.366
280,11,61,0.643,0.000,0.1035,3.883
280,12,62,0.653,0.000,0.0835,1.708
280,13,63,0.377,0.000,0.1413,1.686
280,14,64,0.715,0.000,0.1270,1.696
280,15,65,0.362,0.000,0.1165,1.701
281,0,51,0.602,0.000,0.0896,1.345
281,1,52,1.222,258.820,0.0893,1.346
281,2,53,9.887,0.000,0.0894,25.801
281,3,54,2.594,241.181,0.0899,5.017
281,4,55,8.655,0.000,0.0934,23.256
281,5,56,0.439,207.107,0.0928,5.201
281,6,57,5.459,0.000,0.0969,19.542
281,7,58,0.516,158.918,0.0964,4.239
281,8,59,3.981,99.901,0.1006,14.847
281,9,60,1.887,34.074,0.1001,9.366
281,10,61,1.621,0.000,0.1035,3.883
281,11,62,0.912,0.000,0.0835,1.708
281,12,63,1.655,0.000,0.1413,1.686
281,13,64,0.689,0.000,0.1270,1.696
281,14,65,0.752,0.000,0.1165,1.701
281,15,66,1.569,0.000,0.1125,1.700
282,0,52,3.175,258.820,0.0893,1.346
282,1,53,15.708,0.000,0.0894,25.801
282,2,54,4.987,241.181,0.0899,5.017
282,3,55,15.672,0.000,0.0934,23.256
282,4,56,3.340,207.107,0.0928,5.201
282,5,57,12.827,0.000,0.0969,19.542
282,6,58,2.316,158.918,0.0964,4.239
282,7,59,5.747,99.901,0.1006,14.847
282,8,60,3.940,34.074,0.1001,9.366
282,9,61,1.308,0.000,0.1035,3.883
282,10,62,0.300,0.000,0.0835,1.708
282,11,63,0.751,0.000,0.1413,1.686
282,12,64,0.687,0.000,0.1270,1.696
282,13,65,1.002,0.000,0.1165,1.701
282,14,66,0.713,0.000,0.1125,1.700
282,15,67,3.810,0.000,0.1082,1.710
283,0,53,17.311,0.000,0.0894,25.801
283,1,54,7.277,241.181,0.0899,5.017
283,2,55,15.525,0.000,0.0934,23.256
283,3,56,5.954,207.107,0.0928,5.201
283,4,57,12.902,0.000,0.0969,19.542
283,5,58,4.526,158.918,0.0964,4.239
283,6,59,8.007,99.901,0.1006,14.847
283,7,60,4.111,34.074,0.1001,9.366
283,8,61,1.855,0.000,0.1035,3.883
283,9,62,0.246,0.000,0.0835,1.708
283,10,63,0.647,0.000,0.1413,1.686
283,11,64,0.544,0.000,0.1270,1.696
283,12,65,0.807,0.000,0.1165,1.701
283,13,66,0.779,0.000,0.1125,1.700
283,14,67,0.525,0.000,0.1082,1.710
283,15,68,0.754,0.000,0.1135,1.698
284,0,54,1.072,241.181,0.0899,5.017
284,1,55,13.134,0.000,0.0934,23.256
284,2,56,2.546,207.107,0.0928,5.201
284,3,57,11.931,0.000,0.0969,19.542
284,4,58,1.797,158.918,0.0964,4.239
284,5,59,9.044,99.901,0.1006,14.847
284,6,60,6.412,34.074,0.1001,9.366
284,7,61,2.545,0.000,0.1035,3.883
284,8,62,0.474,0.000,0.0835,1.708
284,9,63,0.754,0.000,0.1413,1.686
284,10,64,0.435,0.000,0.1270,1.696
284,11,65,0.833,0.000,0.1165,1.701
284,12,66,0.205,0.000,0.1125,1.700
284,13,67,0.404,0.000,0.1082,1.710
284,14,68,0.526,0.000,0.1135,1.698
284,15,69,0.155,0.000,0.1036,1.661
285,0,55,1.385,0.000,0.0934,23.256
285,1,56,6.490,207.107,0.0928,5.201
285,2,57,1.360,0.000,0.0969,19.542
285,3,58,5.955,158.918,0.0964,4.239
285,4,59,3.277,99.901,0.1006,14.847
285,5,60,2.813,34.074,0.1001,9.366
285,6,61,0.527,0.000,0.1035,3.883
285,7,62,1.200,0.000,0.0835,1.708
285,8,63,0.773,0.000,0.1413,1.686
285,9,64,0.311,0.000,0.1270,1.696
285,10,65,0.846,0.000,0.1165,1.701
285,11,66,0.593,0.000,0.1125,1.700
285,12,67,1.271,0.000,0.1082,1.710
285,13,68,0.955,0.000,0.1135,1.698
285,14,69,0.401,0.000,0.1036,1.661
285,15,70,0.610,0.000,0.0578,1.691
286,0,56,1.132,207.107,0.0928,5.201
286,1,57,0.439,0.000,0.0969,19.542
286,2,58,1.236,158.918,0.0964,4.239
286,3,59,1.205,99.901,0.1006,14.847
286,4,60,0.734,34.074,0.1001,9.366
286,5,61,0.614,0.000,0.1035,3.883
286,6,62,0.581,0.000,0.0835,1.708
286,7,63,0.691,0.000,0.1413,1.686
286,8,64,0.579,0.000,0.1270,1.696
286,9,65,0.205,0.000,0.1165,1.701
286,10,66,0.464,0.000,0.1125,1.700
286,11,67,0.379,0.000,0.1082,1.710
286,12,68,0.232,0.000,0.1135,1.698
286,13,69,0.349,0.000,0.1036,1.661
286,14,70,0.977,0.000,0.0578,1.691
286,15,71,0.605,0.000,0.0975,1.697
287,0,57,0.494,0.000,0.0969,19.542
287,1,58,2.328,158.918,0.0964,4.239
287,2,59,1.850,99.901,0.1006,14.847
287,3,60,0.525,34.074,0.1001,9.366
287,4,61,0.430,0.000,0.1035,3.883
287,5,62,0.397,0.000,0.0835,1.708
287,6,63,0.590,0.000,0.1413,1.686
287,7,64,0.579,0.000,0.1270,1.696
287,8,65,0.420,0.000,0.1165,1.701
287,9,66,0.541,0.000,0.1125,1.700
287,10,67,0.425,0.000,0.1082,1.710
287,11,68,0.164,0.000,0.1135,1.698
287,12,69,0.329,0.000,0.1036,1.661
287,13,70,0.656,0.000,0.0578,1.691
287,14,71,0.809,0.000,0.0975,1.697
287,15,72,3.063,0.000,0.0979,1.690
288,0,58,1.046,158.918,0.0964,4.239
288,1,59,6.206,99.901,0.1006,14.847
288,2,60,3.545,34.074,0.1001,9.366
288,3,61,1.354,0.000,0.1035,3.883
288,4,62,0.273,0.000,0.0835,1.708
288,5,63,0.348,0.000,0.1413,1.686
288,6,64,1.359,0.000,0.1270,1.696
288,7,65,0.395,0.000,0.1165,1.701
288,8,66,1.267,0.000,0.1125,1.700
288,9,67,0.239,0.000,0.1082,1.710
288,10,68,0.775,0.000,0.1135,1.698
288,11,69,1.935,0.000,0.1036,1.661
288,12,70,0.667,0.000,0.0578,1.691
288,13,71,0.744,0.000,0.0975,1.697
288,14,72,1.809,0.000,0.0979,1.690
288,15,73,0.407,0.000,0.0841,1.698
289,0,59,0.684,99.901,0.1006,14.847
289,1,60,1.285,34.074,0.1001,9.366
289,2,61,0.755,0.000,0.1035,3.883
289,3,62,1.547,0.000,0.0835,1.708
289,4,63,0.496,0.000,0.1413,1.686
289,5,64,0.729,0.000,0.1270,1.696
289,6,65,0.462,0.000,0.1165,1.701
289,7,66,0.777,0.000,0.1125,1.700
289,8,67,0.484,0.000,0.1082,1.710
289,9,68,0.509,0.000,0.1135,1.698
289,10,69,0.337,0.000,0.1036,1.661
289,11,70,0.483,0.000,0.0578,1.691
289,12,71,0.344,0.000,0.0975,1.697
289,13,72,0.864,0.000,0.0979,1.690
289,14,73,0.397,0.000,0.0841,1.698
289,15,74,0.571,0.000,0.0929,1.693
290,0,60,5.830,34.074,0.1001,9.366
290,1,61,3.039,0.000,0.1035,3.883
290,2,62,0.376,0.000,0.0835,1.708
290,3,63,0.624,0.000,0.1413,1.686
290,4,64,0.406,0.000,0.1270,1.696
290,5,65,0.220,0.000,0.1165,1.701
290,6,66,0.460,0.000,0.1125,1.700
290,7,67,0.709,0.000,0.1082,1.710
290,8,68,0.458,0.000,0.1135,1.698
290,9,69,1.986,0.000,0.1036,1.661
290,10,70,0.247,0.000,0.0578,1.691
290,11,71,0.765,0.000,0.0975,1.697
290,12,72,0.653,0.000,0.0979,1.690
290,13,73,0.326,0.000,0.0841,1.698
290,14,74,0.688,0.000,0.0929,1.693
290,15,75,0.441,0.000,0.0814,1.684
291,0,61,0.468,0.000,0.1035,3.883
291,1,62,0.786,0.000,0.0835,1.708
291,2,63,0.334,0.000,0.1413,1.686
291,3,64,0.424,0.000,0.1270,1.696
291,4,65,0.404,0.000,0.1165,1.701
291,5,66,0.436,0.000,0.1125,1.700
291,6,67,1.013,0.000,0.1082,1.710
291,7,68,0.574,0.000,0.1135,1.698
291,8,69,0.505,0.000,0.1036,1.661
291,9,70,0.539,0.000,0.0578,1.691
291,10,71,0.492,0.000,0.0975,1.697
291,11,72,0.276,0.000,0.0979,1.690
291,12,73,0.523,0.000,0.0841,1.698
291,13,74,0.243,0.000,0.0929,1.693
291,14,75,0.451,0.000,0.0814,1.684
291,15,76,0.625,0.000,0.0700,1.684
292,0,62,0.601,0.000,0.0835,1.708
292,1,63,1.527,0.000,0.1413,1.686
292,2,64,1.173,0.000,0.1270,1.696
292,3,65,0.218,0.000,0.1165,1.701
292,4,66,0.723,0.000,0.1125,1.700
292,5,67,0.650,0.000,0.1082,1.710
292,6,68,0.614,0.000,0.1135,1.698
292,7,69,0.257,0.000,0.1036,1.661
292,8,70,0.649,0.000,0.0578,1.691
292,9,71,0.269,0.000,0.0975,1.697
292,10,72,0.383,0.000,0.0979,1.690
292,11,73,0.894,0.000,0.0841,1.698
292,12,74,0.856,0.000,0.0929,1.693
292,13,75,0.601,0.000,0.0814,1.684
292,14,76,2.001,0.000,0.0700,1.684
293,0,63,1.837,0.000,0.1413,1.686
293,1,64,0.551,0.000,0.1270,1.696
293,2,65,1.067,0.000,0.1165,1.701
293,3,66,1.535,0.000,0.1125,1.700
293,4,67,0.902,0.000,0.1082,1.710
293,5,68,0.878,0.000,0.1135,1.698
293,6,69,0.648,0.000,0.1036,1.661
293,7,70,0.696,0.000,0.0578,1.691
293,8,71,0.226,0.000,0.0975,1.697
293,9,72,0.979,0.000,0.0979,1.690
293,10,73,0.180,0.000,0.0841,1.698
293,11,74,0.290,0.000,0.0929,1.693
293,12,75,0.652,0.000,0.0814,1.684
293,13,76,0.466,0.000,0.0700,1.684
294,0,64,0.686,0.000,0.1270,1.696
294,1,65,0.814,0.000,0.1165,1.701
294,2,66,0.720,0.000,0.1125,1.700
294,3,67,1.120,0.000,0.1082,1.710
294,4,68,0.714,0.000,0.1135,1.698
294,5,69,0.565,0.000,0.1036,1.661
294,6,70,0.875,0.000,0.0578,1.691
294,7,71,0.230,0.000,0.0975,1.697
294,8,72,0.557,0.000,0.0979,1.690
294,9,73,0.495,0.000,0.0841,1.698
294,10,74,0.384,0.000,0.0929,1.693
294,11,75,0.572,0.000,0.0814,1.684
294,12,76,0.473,0.000,0.0700,1.684
295,0,65,0.327,0.000,0.1165,1.701
295,1,66,0.666,0.000,0.1125,1.700
295,2,67,0.504,0.000,0.1082,1.710
295,3,68,0.462,0.000,0.1135,1.698
295,4,69,0.741,0.000,0.1036,1.661
295,5,70,0.793,0.000,0.0578,1.691
295,6,71,0.520,0.000,0.0975,1.697
295,7,72,1.264,0.000,0.0979,1.690
295,8,73,0.674,0.000,0.0841,1.698
295,9,74,0.580,0.000,0.0929,1.693
295,10,75,0.847,0.000,0.0814,1.684
295,11,76,0.931,0.000,0.0700,1.684
296,0,66,0.679,0.000,0.1125,1.700
296,1,67,1.288,0.000,0.1082,1.710
296,2,68,1.006,0.000,0.1135,1.698
296,3,69,1.233,0.000,0.1036,1.661
296,4,70,0.556,0.000,0.0578,1.691
296,5,71,1.383,0.000,0.0975,1.697
296,6,72,1.220,0.000,0.0979,1.690
296,7,73,1.161,0.000,0.0841,1.698
296,8,74,1.011,0.000,0.0929,1.693
296,9,75,2.159,0.000,0.0814,1.684
296,10,76,0.918,0.000,0.0700,1.684
297,0,67,0.349,0.000,0.1082,1.710
297,1,68,0.775,0.000,0.1135,1.698
297,2,69,0.825,0.000,0.1036,1.661
297,3,70,0.955,0.000,0.0578,1.691
297,4,71,0.512,0.000,0.0975,1.697
297,5,72,1.519,0.000,0.0979,1.690
297,6,73,1.164,0.000,0.0841,1.698
297,7,74,0.611,0.000,0.0929,1.693
297,8,75,0.719,0.000,0.0814,1.684
297,9,76,1.282,0.000,0.0700,1.684
298,0,68,1.502,0.000,0.1135,1.698
298,1,69,1.446,0.000,0.1036,1.661
298,2,70,1.080,0.000,0.0578,1.691
298,3,71,1.209,0.000,0.0975,1.697
298,4,72,1.445,0.000,0.0979,1.690
298,5,73,1.241,0.000,0.0841,1.698
298,6,74,0.854,0.000,0.0929,1.693
298,7,75,1.156,0.000,0.0814,1.684
298,8,76,1.613,0.000,0.0700,1.684
299,0,69,2.633,0.000,0.1036,1.661
299,1,70,1.709,0.000,0.0578,1.691
299,2,71,1.904,0.000,0.0975,1.697
299,3,72,1.577,0.000,0.0979,1.690
299,4,73,1.573,0.000,0.0841,1.698
299,5,74,1.838,0.000,0.0929,1.693
299,6,75,1.430,0.000,0.0814,1.684
299,7,76,1.103,0.000,0.0700,1.684
300,0,70,1.603,0.000,0.0578,1.691
300,1,71,2.122,0.000,0.0975,1.697
300,2,72,1.641,0.000,0.0979,1.690
300,3,73,1.452,0.000,0.0841,1.698
300,4,74,0.563,0.000,0.0929,1.693
300,5,75,1.511,0.000,0.0814,1.684
300,6,76,2.024,0.000,0.0700,1.684
301,0,71,2.883,0.000,0.0975,1.697
301,1,72,1.490,0.000,0.0979,1.690
301,2,73,1.620,0.000,0.0841,1.698
301,3,74,2.173,0.000,0.0929,1.693
301,4,75,3.003,0.000,0.0814,1.684
301,5,76,2.053,0.000,0.0700,1.684
302,0,72,1.651,0.000,0.0979,1.690
302,1,73,2.488,0.000,0.0841,1.698
302,2,74,3.233,0.000,0.0929,1.693
302,3,75,2.753,0.000,0.0814,1.684
302,4,76,3.177,0.000,0.0700,1.684
303,0,73,1.668,0.000,0.0841,1.698
303,1,74,2.561,0.000,0.0929,1.693
303,2,75,4.397,0.000,0.0814,1.684
303,3,76,4.271,0.000,0.0700,1.684
304,0,74,1.417,0.000,0.0929,1.693
304,1,75,2.077,0.000,0.0814,1.684
304,2,76,1.725,0.000,0.0700,1.684
305,0,75,0.533,0.000,0.0814,1.684
305,1,76,3.144,0.000,0.0700,1.684
306,0,76,1.693,0.000,0.0700,1.684
308,0,0,3.243,350.743,5.1023,35.074
308,1,1,5.475,1166.759,3.7817,116.676
308,2,2,12.272,27.038,1.0148,2.704
308,3,3,1.499,0.005,0.0304,0.001
308,4,4,2.088,0.002,0.0304,0.000
308,5,5,1.514,0.003,0.0304,0.000
308,6,6,1.710,0.001,0.0304,0.000
308,7,7,0.916,0.002,0.0304,0.000
308,8,8,1.389,0.003,0.0304,0.000
308,9,9,1.011,0.001,0.0304,0.000
308,10,10,2.057,0.002,0.0304,0.000
308,11,11,2.206,3426.070,0.0304,0.000
308,12,12,1.705,0.000,0.0304,342.607
308,13,13,2.701,0.000,0.0304,162.445
308,14,14,1.205,0.000,5.7688,19.522
308,15,15,3.011,258.819,2.9778,0.118
309,0,1,2.042,1166.759,3.7817,116.676
309,1,2,1.630,27.038,1.0148,2.704
309,2,3,1.246,0.005,0.0304,0.001
309,3,4,1.004,0.002,0.0304,0.000
309,4,5,0.590,0.003,0.0304,0.000
309,5,6,0.635,0.001,0.0304,0.000
309,6,7,0.554,0.002,0.0304,0.000
309,7,8,0.346,0.003,0.0304,0.000
309,8,9,0.684,0.001,0.0304,0.000
309,9,10,0.984,0.002,0.0304,0.000
309,10,11,1.222,3426.070,0.0304,0.000
309,11,12,2.396,0.000,0.0304,342.607
309,12,13,1.276,0.000,0.0304,162.445
309,13,14,1.350,0.000,5.7688,19.522
309,14,15,1.263,258.819,2.9778,0.118
309,15,16,0.450,0.000,0.0154,25.741
310,0,2,1.062,27.038,1.0148,2.704
310,1,3,0.753,0.005,0.0304,0.001
310,2,4,0.987,0.002,0.0304,0.000
310,3,5,1.195,0.003,0.0304,0.000
310,4,6,1.190,0.001,0.0304,0.000
310,5,7,0.683,0.002,0.0304,0.000
310,6,8,0.922,0.003,0.0304,0.000
310,7,9,0.579,0.001,0.0304,0.000
310,8,10,0.628,0.002,0.0304,0.000
310,9,11,1.804,3426.070,0.0304,0.000
310,10,12,2.943,0.000,0.0304,342.607
310,11,13,3.941,0.000,0.0304,162.445
310,12,14,1.766,0.000,5.7688,19.522
310,13,15,1.476,258.819,2.9778,0.118
310,14,16,0.857,0.000,0.0154,25.741
310,15,17,0.650,241.182,0.0153,2.779
311,0,3,0.847,0.005,0.0304,0.001
311,1,4,0.751,0.002,0.0304,0.000
311,2,5,0.531,0.003,0.0304,0.000
311,3,6,1.099,0.001,0.0304,0.000
311,4,7,0.723,0.002,0.0304,0.000
311,5,8,0.527,0.003,0.0304,0.000
311,6,9,0.869,0.001,0.0304,0.000
311,7,10,0.831,0.002,0.0304,0.000
311,8,11,0.608,3426.070,0.0304,0.000
311,9,12,0.864,0.000,0.0304,342.607
311,10,13,1.290,0.000,0.0304,162.445
311,11,14,0.899,0.000,5.7688,19.522
311,12,15,0.255,258.819,2.9778,0.118
311,13,16,0.402,0.000,0.0154,25.741
311,14,17,0.466,241.182,0.0153,2.779
311,15,18,0.396,0.000,0.0147,23.344
312,0,4,0.171,0.002,0.0304,0.000
312,1,5,2.164,0.003,0.0304,0.000
312,2,6,0.561,0.001,0.0304,0.000
312,3,7,0.994,0.002,0.0304,0.000
312,4,8,0.689,0.003,0.0304,0.000
312,5,9,0.682,0.001,0.0304,0.000
312,6,10,1.203,0.002,0.0304,0.000
312,7,11,0.763,3426.070,0.0304,0.000
312,8,12,1.031,0.000,0.0304,342.607
312,9,13,1.010,0.000,0.0304,162.445
312,10,14,0.578,0.000,5.7688,19.522
312,11,15,0.750,258.819,2.9778,0.118
312,12,16,0.525,0.000,0.0154,25.741
312,13,17,1.010,241.182,0.0153,2.779
312,14,18,0.247,0.000,0.0147,23.344
312,15,19,0.460,207.106,0.0147,3.566
313,0,5,0.360,0.003,0.0304,0.000
313,1,6,0.343,0.001,0.0304,0.000
313,2,7,0.643,0.002,0.0304,0.000
313,3,8,0.388,0.003,0.0304,0.000
313,4,9,0.960,0.001,0.0304,0.000
313,5,10,0.903,0.002,0.0304,0.000
313,6,11,0.786,3426.070,0.0304,0.000
313,7,12,1.408,0.000,0.0304,342.607
313,8,13,1.328,0.000,0.0304,162.445
313,9,14,0.273,0.000,5.7688,19.522
313,10,15,0.457,258.819,2.9778,0.118
313,11,16,0.723,0.000,0.0154,25.741
313,12,17,0.426,241.182,0.0153,2.779
313,13,18,1.641,0.000,0.0147,23.344
313,14,19,0.639,207.106,0.0147,3.566
313,15,20,1.326,158.919,0.0140,19.787
314,0,6,5.702,0.001,0.0304,0.000
314,1,7,5.362,0.002,0.0304,0.000
314,2,8,2.893,0.003,0.0304,0.000
314,3,9,1.354,0.001,0.0304,0.000
314,4,10,2.171,0.002,0.0304,0.000
314,5,11,0.639,3426.070,0.0304,0.000
314,6,12,1.675,0.000,0.0304,342.607
314,7,13,2.315,0.000,0.0304,162.445
314,8,14,0.693,0.000,5.7688,19.522
314,9,15,0.962,258.819,2.9778,0.118
314,10,16,2.312,0.000,0.0154,25.741
314,11,17,0.942,241.182,0.0153,2.779
314,12,18,4.681,0.000,0.0147,23.344
314,13,19,1.198,207.106,0.0147,3.566
314,14,20,3.316,158.919,0.0140,19.787
314,15,21,0.449,99.900,0.0140,15.085
315,0,7,0.684,0.002,0.0304,0.000
315,1,8,1.925,0.003,0.0304,0.000
315,2,9,2.432,0.001,0.0304,0.000
315,3,10,2.452,0.002,0.0304,0.000
315,4,11,3.434,3426.070,0.0304,0.000
315,5,12,0.437,0.000,0.0304,342.607
315,6,13,1.098,0.000,0.0304,162.445
315,7,14,1.795,0.000,5.7688,19.522
315,8,15,0.733,258.819,2.9778,0.118
315,9,16,0.732,0.000,0.0154,25.741
315,10,17,1.208,241.182,0.0153,2.779
315,11,18,0.909,0.000,0.0147,23.344
315,12,19,0.604,207.106,0.0147,3.566
315,13,20,0.242,158.919,0.0140,19.787
315,14,21,3.614,99.900,0.0140,15.085
315,15,22,1.642,34.075,0.0132,9.468
316,0,8,0.348,0.003,0.0304,0.000
316,1,9,0.549,0.001,0.0304,0.000
316,2,10,0.610,0.002,0.0304,0.000
316,3,11,0.117,3426.070,0.0304,0.000
316,4,12,0.492,0.000,0.0304,342.607
316,5,13,1.049,0.000,0.0304,162.445
316,6,14,0.943,0.000,5.7688,19.522
316,7,15,0.813,258.819,2.9778,0.118
316,8,16,0.431,0.000,0.0154,25.741
316,9,17,0.433,241.182,0.0153,2.779
316,10,18,0.485,0.000,0.0147,23.344
316,11,19,0.361,207.106,0.0147,3.566
316,12,20,0.309,158.919,0.0140,19.787
316,13,21,0.457,99.900,0.0140,15.085
316,14,22,0.605,34.075,0.0132,9.468
316,15,23,0.687,0.000,0.0126,3.199
317,0,9,0.952,0.001,0.0304,0.000
317,1,10,0.320,0.002,0.0304,0.000
317,2,11,0.059,3426.070,0.0304,0.000
317,3,12,342.908,0.000,0.0304,342.607
317,4,13,1.749,0.000,0.0304,162.445
317,5,14,1.141,0.000,5.7688,19.522
317,6,15,0.235,258.819,2.9778,0.118
317,7,16,25.937,0.000,0.0154,25.741
317,8,17,0.461,241.182,0.0153,2.779
317,9,18,23.951,0.000,0.0147,23.344
317,10,19,0.699,207.106,0.0147,3.566
317,11,20,20.135,158.919,0.0140,19.787
317,12,21,16.090,99.900,0.0140,15.085
317,13,22,10.224,34.075,0.0132,9.468
317,14,23,3.860,0.000,0.0126,3.199
317,15,24,1.659,0.000,0.0122,3.420
318,0,10,2.812,0.002,0.0304,0.000
318,1,11,342.812,3426.070,0.0304,0.000
318,2,12,2.000,0.000,0.0304,342.607
318,3,13,1.121,0.000,0.0304,162.445
318,4,14,2.226,0.000,5.7688,19.522
318,5,15,26.383,258.819,2.9778,0.118
318,6,16,1.956,0.000,0.0154,25.741
318,7,17,23.821,241.182,0.0153,2.779
318,8,18,1.877,0.000,0.0147,23.344
318,9,19,20.947,207.106,0.0147,3.566
318,10,20,16.970,158.919,0.0140,19.787
318,11,21,10.048,99.900,0.0140,15.085
318,12,22,3.190,34.075,0.0132,9.468
318,13,23,0.759,0.000,0.0126,3.199
318,14,24,7.126,0.000,0.0122,3.420
318,15,25,3.082,0.000,0.1066,3.380
319,0,11,1.008,3426.070,0.0304,0.000
319,1,12,340.909,0.000,0.0304,342.607
319,2,13,0.913,0.000,0.0304,162.445
319,3,14,1.101,0.000,5.7688,19.522
319,4,15,1.432,258.819,2.9778,0.118
319,5,16,25.924,0.000,0.0154,25.741
319,6,17,0.387,241.182,0.0153,2.779
319,7,18,24.419,0.000,0.0147,23.344
319,8,19,0.873,207.106,0.0147,3.566
319,9,20,20.342,158.919,0.0140,19.787
319,10,21,16.110,99.900,0.0140,15.085
319,11,22,10.109,34.075,0.0132,9.468
319,12,23,3.956,0.000,0.0126,3.199
319,13,24,0.963,0.000,0.0122,3.420
319,14,25,1.249,0.000,0.1066,3.380
319,15,26,1.042,0.000,0.1090,3.381
320,0,12,0.604,0.000,0.0304,342.607
320,1,13,1.511,0.000,0.0304,162.445
320,2,14,1.008,0.000,5.7688,19.522
320,3,15,25.538,258.819,2.9778,0.118
320,4,16,0.618,0.000,0.0154,25.741
320,5,17,24.224,241.182,0.0153,2.779
320,6,18,1.021,0.000,0.0147,23.344
320,7,19,20.302,207.106,0.0147,3.566
320,8,20,15.708,158.919,0.0140,19.787
320,9,21,9.510,99.900,0.0140,15.085
320,10,22,3.761,34.075,0.0132,9.468
320,11,23,0.789,0.000,0.0126,3.199
320,12,24,0.792,0.000,0.0122,3.420
320,13,25,1.190,0.000,0.1066,3.380
320,14,26,0.363,0.000,0.1090,3.381
320,15,27,0.801,0.000,0.1093,3.381
321,0,13,0.767,0.000,0.0304,162.445
321,1,14,0.425,0.000,5.7688,19.522
321,2,15,0.323,258.819,2.9778,0.118
321,3,16,0.407,0.000,0.0154,25.741
321,4,17,0.343,241.182,0.0153,2.779
321,5,18,0.288,0.000,0.0147,23.344
321,6,19,0.764,207.106,0.0147,3.566
321,7,20,0.736,158.919,0.0140,19.787
321,8,21,0.346,99.900,0.0140,15.085
321,9,22,0.411,34.075,0.0132,9.468
321,10,23,0.304,0.000,0.0126,3.199
321,11,24,0.393,0.000,0.0122,3.420
321,12,25,0.418,0.000,0.1066,3.380
321,13,26,0.240,0.000,0.1090,3.381
321,14,27,0.420,0.000,0.1093,3.381
321,15,28,0.352,0.000,0.1090,3.381
322,0,14,0.688,0.000,5.7688,19.522
322,1,15,2.219,258.819,2.9778,0.118
322,2,16,0.880,0.000,0.0154,25.741
322,3,17,0.668,241.182,0.0153,2.779
322,4,18,0.578,0.000,0.0147,23.344
322,5,19,0.296,207.106,0.0147,3.566
322,6,20,0.401,158.919,0.0140,19.787
322,7,21,0.575,99.900,0.0140,15.085
322,8,22,0.619,34.075,0.0132,9.468
322,9,23,0.729,0.000,0.0126,3.199
322,10,24,0.275,0.000,0.0122,3.420
322,11,25,0.742,0.000,0.1066,3.380
322,12,26,0.466,0.000,0.1090,3.381
322,13,27,0.600,0.000,0.1093,3.381
322,14,28,0.260,0.000,0.1090,3.381
322,15,29,0.226,0.000,0.1091,3.381
323,0,15,0.413,258.819,2.9778,0.118
323,1,16,1.078,0.000,0.0154,25.741
323,2,17,0.203,241.182,0.0153,2.779
323,3,18,0.478,0.000,0.0147,23.344
323,4,19,0.996,207.106,0.0147,3.566
323,5,20,0.741,158.919,0.0140,19.787
323,6,21,0.487,99.900,0.0140,15.085
323,7,22,0.599,34.075,0.0132,9.468
323,8,23,0.463,0.000,0.0126,3.199
323,9,24,0.375,0.000,0.0122,3.420
323,10,25,0.768,0.000,0.1066,3.380
323,11,26,0.594,0.000,0.1090,3.381
323,12,27,0.380,0.000,0.1093,3.381
323,13,28,0.344,0.000,0.1090,3.381
323,14,29,0.972,0.000,0.1091,3.381
323,15,30,1.283,0.000,0.1094,3.381
324,0,16,0.578,0.000,0.0154,25.741
324,1,17,1.194,241.182,0.0153,2.779
324,2,18,0.665,0.000,0.0147,23.344
324,3,19,0.598,207.106,0.0147,3.566
324,4,20,0.456,158.919,0.0140,19.787
324,5,21,1.107,99.900,0.0140,15.085
324,6,22,0.927,34.075,0.0132,9.468
324,7,23,0.592,0.000,0.0126,3.199
324,8,24,0.438,0.000,0.0122,3.420
324,9,25,0.698,0.000,0.1066,3.380
324,10,26,0.264,0.000,0.1090,3.381
324,11,27,0.925,0.000,0.1093,3.381
324,12,28,0.623,0.000,0.1090,3.381
324,13,29,0.500,0.000,0.1091,3.381
324,14,30,0.467,0.000,0.1094,3.381
324,15,31,0.800,0.000,0.1096,3.381
325,0,17,1.831,241.182,0.0153,2.779
325,1,18,0.731,0.000,0.0147,23.344
325,2,19,1.070,207.106,0.0147,3.566
325,3,20,0.396,158.919,0.0140,19.787
325,4,21,1.832,99.900,0.0140,15.085
325,5,22,1.626,34.075,0.0132,9.468
325,6,23,1.043,0.000,0.0126,3.199
325,7,24,0.962,0.000,0.0122,3.420
325,8,25,0.846,0.000,0.1066,3.380
325,9,26,1.139,0.000,0.1090,3.381
325,10,27,1.055,0.000,0.1093,3.381
325,11,28,0.581,0.000,0.1090,3.381
325,12,29,0.679,0.000,0.1091,3.381
325,13,30,0.906,0.000,0.1094,3.381
325,14,31,1.551,0.000,0.1096,3.381
325,15,32,0.638,0.000,0.1088,3.380
326,0,18,0.389,0.000,0.0147,23.344
326,1,19,0.865,207.106,0.0147,3.566
326,2,20,0.814,158.919,0.0140,19.787
326,3,21,0.361,99.900,0.0140,15.085
326,4,22,0.831,34.075,0.0132,9.468
326,5,23,0.193,0.000,0.0126,3.199
326,6,24,1.835,0.000,0.0122,3.420
326,7,25,0.327,0.000,0.1066,3.380
326,8,26,0.212,0.000,0.1090,3.381
326,9,27,0.242,0.000,0.1093,3.381
326,10,28,0.972,0.000,0.1090,3.381
326,11,29,0.556,0.000,0.1091,3.381
326,12,30,0.367,0.000,0.1094,3.381
326,13,31,1.190,0.000,0.1096,3.381
326,14,32,0.832,0.000,0.1088,3.380
326,15,33,0.721,0.000,0.1094,3.380
327,0,19,0.247,207.106,0.0147,3.566
327,1,20,0.799,158.919,0.0140,19.787
327,2,21,0.293,99.900,0.0140,15.085
327,3,22,0.756,34.075,0.0132,9.468
327,4,23,0.886,0.000,0.0126,3.199
327,5,24,0.717,0.000,0.0122,3.420
327,6,25,0.264,0.000,0.1066,3.380
327,7,26,1.041,0.000,0.1090,3.381
327,8,27,0.595,0.000,0.1093,3.381
327,9,28,0.529,0.000,0.1090,3.381
327,10,29,0.262,0.000,0.1091,3.381
327,11,30,1.114,0.000,0.1094,3.381
327,12,31,0.780,0.000,0.1096,3.381
327,13,32,0.578,0.000,0.1088,3.380
327,14,33,0.422,0.000,0.1094,3.380
327,15,34,0.744,1000.000,0.1090,3.380
328,0,20,0.990,158.919,0.0140,19.787
328,1,21,1.280,99.900,0.0140,15.085
328,2,22,0.907,34.075,0.0132,9.468
328,3,23,0.614,0.000,0.0126,3.199
328,4,24,0.490,0.000,0.0122,3.420
328,5,25,0.625,0.000,0.1066,3.380
328,6,26,0.801,0.000,0.1090,3.381
328,7,27,0.767,0.000,0.1093,3.381
328,8,28,0.393,0.000,0.1090,3.381
328,9,29,0.425,0.000,0.1091,3.381
328,10,30,0.463,0.000,0.1094,3.381
328,11,31,1.137,0.000,0.1096,3.381
328,12,32,0.946,0.000,0.1088,3.380
328,13,33,1.500,0.000,0.1094,3.380
328,14,34,0.706,1000.000,0.1090,3.380
328,15,35,2.569,0.000,0.1089,14.184
329,0,21,1.667,99.900,0.0140,15.085
329,1,22,3.458,34.075,0.0132,9.468
329,2,23,1.215,0.000,0.0126,3.199
329,3,24,0.734,0.000,0.0122,3.420
329,4,25,0.327,0.000,0.1066,3.380
329,5,26,0.569,0.000,0.1090,3.381
329,6,27,0.807,0.000,0.1093,3.381
329,7,28,2.822,0.000,0.1090,3.381
329,8,29,0.754,0.000,0.1091,3.381
329,9,30,0.948,0.000,0.1094,3.381
329,10,31,0.927,0.000,0.1096,3.381
329,11,32,1.270,0.000,0.1088,3.380
329,12,33,1.250,0.000,0.1094,3.380
329,13,34,1.104,1000.000,0.1090,3.380
329,14,35,1.836,0.000,0.1089,14.184
329,15,36,2.311,1028.262,1.1468,1.469
330,0,22,0.679,34.075,0.0132,9.468
330,1,23,0.702,0.000,0.0126,3.199
330,2,24,0.367,0.000,0.0122,3.420
330,3,25,0.324,0.000,0.1066,3.380
330,4,26,0.835,0.000,0.1090,3.381
330,5,27,0.699,0.000,0.1093,3.381
330,6,28,0.129,0.000,0.1090,3.381
330,7,29,0.932,0.000,0.1091,3.381
330,8,30,0.458,0.000,0.1094,3.381
330,9,31,0.337,0.000,0.1096,3.381
330,10,32,0.485,0.000,0.1088,3.380
330,11,33,0.513,0.000,0.1094,3.380
330,12,34,0.431,1000.000,0.1090,3.380
330,13,35,1.106,0.000,0.1089,14.184
330,14,36,2.960,1028.262,1.1468,1.469
330,15,37,0.443,0.000,0.2310,122.905
331,0,23,0.841,0.000,0.0126,3.199
331,1,24,1.733,0.000,0.0122,3.420
331,2,25,0.506,0.000,0.1066,3.380
331,3,26,0.614,0.000,0.1090,3.381
331,4,27,0.384,0.000,0.1093,3.381
331,5,28,0.984,0.000,0.1090,3.381
331,6,29,0.822,0.000,0.1091,3.381
331,7,30,0.596,0.000,0.1094,3.381
331,8,31,0.046,0.000,0.1096,3.381
331,9,32,0.573,0.000,0.1088,3.380
331,10,33,0.702,0.000,0.1094,3.380
331,11,34,1.325,1000.000,0.1090,3.380
331,12,35,0.696,0.000,0.1089,14.184
331,13,36,0.372,1028.262,1.1468,1.469
331,14,37,1.295,0.000,0.2310,122.905
331,15,38,1.482,0.000,4.4413,49.646
332,0,24,1.027,0.000,0.0122,3.420
332,1,25,1.826,0.000,0.1066,3.380
332,2,26,0.419,0.000,0.1090,3.381
332,3,27,0.222,0.000,0.1093,3.381
332,4,28,0.558,0.000,0.1090,3.381
332,5,29,0.304,0.000,0.1091,3.381
332,6,30,0.363,0.000,0.1094,3.381
332,7,31,1.564,0.000,0.1096,3.381
332,8,32,0.208,0.000,0.1088,3.380
332,9,33,1.236,0.000,0.1094,3.380
332,10,34,0.757,1000.000,0.1090,3.380
332,11,35,1.706,0.000,0.1089,14.184
332,12,36,2.114,1028.262,1.1468,1.469
332,13,37,1.045,0.000,0.2310,122.905
332,14,38,1.167,0.000,4.4413,49.646
332,15,39,1.406,0.000,2.4558,20.998
333,0,25,0.351,0.000,0.1066,3.380
333,1,26,0.231,0.000,0.1090,3.381
333,2,27,0.799,0.000,0.1093,3.381
333,3,28,0.437,0.000,0.1090,3.381
333,4,29,0.575,0.000,0.1091,3.381
333,5,30,0.886,0.000,0.1094,3.381
333,6,31,0.439,0.000,0.1096,3.381
333,7,32,0.427,0.000,0.1088,3.380
333,8,33,0.726,0.000,0.1094,3.380
333,9,34,0.706,1000.000,0.1090,3.380
333,10,35,1.007,0.000,0.1089,14.184
333,11,36,0.934,1028.262,1.1468,1.469
333,12,37,0.800,0.000,0.2310,122.905
333,13,38,1.285,0.000,4.4413,49.646
333,14,39,1.008,0.000,2.4558,20.998
333,15,40,0.725,0.000,0.5840,11.969
334,0,26,1.533,0.000,0.1090,3.381
334,1,27,1.371,0.000,0.1093,3.381
334,2,28,2.124,0.000,0.1090,3.381
334,3,29,1.824,0.000,0.1091,3.381
334,4,30,2.213,0.000,0.1094,3.381
334,5,31,1.463,0.000,0.1096,3.381
334,6,32,2.724,0.000,0.1088,3.380
334,7,33,1.936,0.000,0.1094,3.380
334,8,34,2.773,1000.000,0.1090,3.380
334,9,35,1.692,0.000,0.1089,14.184
334,10,36,4.949,1028.262,1.1468,1.469
334,11,37,1.786,0.000,0.2310,122.905
334,12,38,1.060,0.000,4.4413,49.646
334,13,39,1.275,0.000,2.4558,20.998
334,14,40,1.301,0.000,0.5840,11.969
334,15,41,0.956,0.000,0.6261,2.172
335,0,27,0.653,0.000,0.1093,3.381
335,1,28,1.131,0.000,0.1090,3.381
335,2,29,1.811,0.000,0.1091,3.381
335,3,30,0.943,0.000,0.1094,3.381
335,4,31,1.414,0.000,0.1096,3.381
335,5,32,1.547,0.000,0.1088,3.380
335,6,33,2.397,0.000,0.1094,3.380
335,7,34,7.227,1000.000,0.1090,3.380
335,8,35,3.195,0.000,0.1089,14.184
335,9,36,5.736,1028.262,1.1468,1.469
335,10,37,1.740,0.000,0.2310,122.905
335,11,38,0.493,0.000,4.4413,49.646
335,12,39,1.546,0.000,2.4558,20.998
335,13,40,0.656,0.000,0.5840,11.969
335,14,41,1.147,0.000,0.6261,2.172
335,15,42,0.776,0.000,0.6542,1.302
336,0,28,1.066,0.000,0.1090,3.381
336,1,29,0.496,0.000,0.1091,3.381
336,2,30,0.295,0.000,0.1094,3.381
336,3,31,0.711,0.000,0.1096,3.381
336,4,32,0.785,0.000,0.1088,3.380
336,5,33,0.825,0.000,0.1094,3.380
336,6,34,101.159,1000.000,0.1090,3.380
336,7,35,2.992,0.000,0.1089,14.184
336,8,36,102.003,1028.262,1.1468,1.469
336,9,37,0.837,0.000,0.2310,122.905
336,10,38,0.426,0.000,4.4413,49.646
336,11,39,0.801,0.000,2.4558,20.998
336,12,40,0.431,0.000,0.5840,11.969
336,13,41,0.290,0.000,0.6261,2.172
336,14,42,0.563,0.000,0.6542,1.302
336,15,43,0.620,0.000,0.1591,1.301
337,0,29,3.809,0.000,0.1091,3.381
337,1,30,0.680,0.000,0.1094,3.381
337,2,31,0.742,0.000,0.1096,3.381
337,3,32,0.974,0.000,0.1088,3.380
337,4,33,1.266,0.000,0.1094,3.380
337,5,34,96.158,1000.000,0.1090,3.380
337,6,35,0.395,0.000,0.1089,14.184
337,7,36,101.733,1028.262,1.1468,1.469
337,8,37,0.495,0.000,0.2310,122.905
337,9,38,0.775,0.000,4.4413,49.646
337,10,39,0.566,0.000,2.4558,20.998
337,11,40,0.855,0.000,0.5840,11.969
337,12,41,1.974,0.000,0.6261,2.172
337,13,42,0.881,0.000,0.6542,1.302
337,14,43,0.259,0.000,0.1591,1.301
337,15,44,0.866,0.000,0.1589,1.302
338,0,30,0.747,0.000,0.1094,3.381
338,1,31,1.116,0.000,0.1096,3.381
338,2,32,0.637,0.000,0.1088,3.380
338,3,33,1.723,0.000,0.1094,3.380
338,4,34,100.126,1000.000,0.1090,3.380
338,5,35,5.155,0.000,0.1089,14.184
338,6,36,102.970,1028.262,1.1468,1.469
338,7,37,1.116,0.000,0.2310,122.905
338,8,38,0.415,0.000,4.4413,49.646
338,9,39,0.816,0.000,2.4558,20.998
338,10,40,0.594,0.000,0.5840,11.969
338,11,41,1.126,0.000,0.6261,2.172
338,12,42,1.426,0.000,0.6542,1.302
338,13,43,1.601,0.000,0.1591,1.301
338,14,44,0.424,0.000,0.1589,1.302
338,15,45,1.142,0.000,0.1593,1.302
339,0,31,0.635,0.000,0.1096,3.381
339,1,32,0.811,0.000,0.1088,3.380
339,2,33,0.668,0.000,0.1094,3.380
339,3,34,100.262,1000.000,0.1090,3.380
339,4,35,1.075,0.000,0.1089,14.184
339,5,36,101.685,1028.262,1.1468,1.469
339,6,37,0.726,0.000,0.2310,122.905
339,7,38,0.681,0.000,4.4413,49.646
339,8,39,1.234,0.000,2.4558,20.998
339,9,40,0.363,0.000,0.5840,11.969
339,10,41,0.569,0.000,0.6261,2.172
339,11,42,0.335,0.000,0.6542,1.302
339,12,43,0.704,0.000,0.1591,1.301
339,13,44,1.065,0.000,0.1589,1.302
339,14,45,4.224,0.000,0.1593,1.302
339,15,46,0.543,0.000,0.1601,1.302
340,0,32,0.398,0.000,0.1088,3.380
340,1,33,0.532,0.000,0.1094,3.380
340,2,34,0.397,1000.000,0.1090,3.380
340,3,35,0.842,0.000,0.1089,14.184
340,4,36,0.974,1028.262,1.1468,1.469
340,5,37,0.935,0.000,0.2310,122.905
340,6,38,0.885,0.000,4.4413,49.646
340,7,39,0.677,0.000,2.4558,20.998
340,8,40,0.512,0.000,0.5840,11.969
340,9,41,0.695,0.000,0.6261,2.172
340,10,42,0.349,0.000,0.6542,1.302
340,11,43,0.860,0.000,0.1591,1.301
340,12,44,0.685,0.000,0.1589,1.302
340,13,45,0.655,0.000,0.1593,1.302
340,14,46,0.564,0.000,0.1601,1.302
340,15,47,0.558,0.000,0.1602,1.302
341,0,33,0.760,0.000,0.1094,3.380
341,1,34,99.771,1000.000,0.1090,3.380
341,2,35,0.775,0.000,0.1089,14.184
341,3,36,102.327,1028.262,1.1468,1.469
341,4,37,0.467,0.000,0.2310,122.905
341,5,38,0.276,0.000,4.4413,49.646
341,6,39,0.794,0.000,2.4558,20.998
341,7,40,0.789,0.000,0.5840,11.969
341,8,41,0.741,0.000,0.6261,2.172
341,9,42,0.649,0.000,0.6542,1.302
341,10,43,0.275,0.000,0.1591,1.301
341,11,44,0.727,0.000,0.1589,1.302
341,12,45,0.830,0.000,0.1593,1.302
341,13,46,0.570,0.000,0.1601,1.302
341,14,47,0.666,0.000,0.1602,1.302
341,15,48,0.394,0.000,0.1603,1.302
342,0,34,3.328,1000.000,0.1090,3.380
342,1,35,1.684,0.000,0.1089,14.184
342,2,36,3.216,1028.262,1.1468,1.469
342,3,37,0.655,0.000,0.2310,122.905
342,4,38,0.275,0.000,4.4413,49.646
342,5,39,0.550,0.000,2.4558,20.998
342,6,40,0.529,0.000,0.5840,11.969
342,7,41,0.664,0.000,0.6261,2.172
342,8,42,0.679,0.000,0.6542,1.302
342,9,43,0.508,0.000,0.1591,1.301
342,10,44,0.944,0.000,0.1589,1.302
342,11,45,1.236,0.000,0.1593,1.302
342,12,46,0.399,0.000,0.1601,1.302
342,13,47,1.047,0.000,0.1602,1.302
342,14,48,0.148,0.000,0.1603,1.302
342,15,49,0.303,0.000,0.1605,1.302
343,0,35,2.113,0.000,0.1089,14.184
343,1,36,1.293,1028.262,1.1468,1.469
343,2,37,0.726,0.000,0.2310,122.905
343,3,38,0.399,0.000,4.4413,49.646
343,4,39,0.395,0.000,2.4558,20.998
343,5,40,1.994,0.000,0.5840,11.969
343,6,41,0.837,0.000,0.6261,2.172
343,7,42,0.643,0.000,0.6542,1.302
343,8,43,0.478,0.000,0.1591,1.301
343,9,44,0.608,0.000,0.1589,1.302
343,10,45,0.603,0.000,0.1593,1.302
343,11,46,0.667,0.000,0.1601,1.302
343,12,47,0.404,0.000,0.1602,1.302
343,13,48,0.191,0.000,0.1603,1.302
343,14,49,0.602,0.000,0.1605,1.302
343,15,50,0.813,0.000,0.1616,1.302
344,0,36,2.038,1028.262,1.1468,1.469
344,1,37,0.665,0.000,0.2310,122.905
344,2,38,0.693,0.000,4.4413,49.646
344,3,39,1.083,0.000,2.4558,20.998
344,4,40,0.829,0.000,0.5840,11.969
344,5,41,0.478,0.000,0.6261,2.172
344,6,42,0.658,0.000,0.6542,1.302
344,7,43,0.607,0.000,0.1591,1.301
344,8,44,0.579,0.000,0.1589,1.302
344,9,45,0.759,0.000,0.1593,1.302
344,10,46,0.633,0.000,0.1601,1.302
344,11,47,0.941,0.000,0.1602,1.302
344,12,48,1.094,0.000,0.1603,1.302
344,13,49,0.716,0.000,0.1605,1.302
344,14,50,0.937,0.000,0.1616,1.302
344,15,51,8.757,258.820,0.1611,1.303
345,0,37,0.952,0.000,0.2310,122.905
345,1,38,0.755,0.000,4.4413,49.646
345,2,39,0.531,0.000,2.4558,20.998
345,3,40,0.357,0.000,0.5840,11.969
345,4,41,0.348,0.000,0.6261,2.172
345,5,42,0.561,0.000,0.6542,1.302
345,6,43,0.390,0.000,0.1591,1.301
345,7,44,0.353,0.000,0.1589,1.302
345,8,45,0.194,0.000,0.1593,1.302
345,9,46,0.829,0.000,0.1601,1.302
345,10,47,0.486,0.000,0.1602,1.302
345,11,48,0.440,0.000,0.1603,1.302
345,12,49,0.814,0.000,0.1605,1.302
345,13,50,0.929,0.000,0.1616,1.302
345,14,51,6.571,258.820,0.1611,1.303
345,15,52,8.668,0.000,0.1613,25.828
346,0,38,1.844,0.000,4.4413,49.646
346,1,39,1.786,0.000,2.4558,20.998
346,2,40,1.221,0.000,0.5840,11.969
346,3,41,1.970,0.000,0.6261,2.172
346,4,42,2.114,0.000,0.6542,1.302
346,5,43,0.674,0.000,0.1591,1.301
346,6,44,0.849,0.000,0.1589,1.302
346,7,45,1.787,0.000,0.1593,1.302
346,8,46,3.500,0.000,0.1601,1.302
346,9,47,2.046,0.000,0.1602,1.302
346,10,48,0.986,0.000,0.1603,1.302
346,11,49,0.814,0.000,0.1605,1.302
346,12,50,2.629,0.000,0.1616,1.302
346,13,51,3.923,258.820,0.1611,1.303
346,14,52,7.023,0.000,0.1613,25.828
346,15,53,3.247,241.181,0.1587,4.911
347,0,39,0.521,0.000,2.4558,20.998
347,1,40,0.270,0.000,0.5840,11.969
347,2,41,0.411,0.000,0.6261,2.172
347,3,42,0.522,0.000,0.6542,1.302
347,4,43,0.425,0.000,0.1591,1.301
347,5,44,0.415,0.000,0.1589,1.302
347,6,45,0.443,0.000,0.1593,1.302
347,7,46,0.350,0.000,0.1601,1.302
347,8,47,0.415,0.000,0.1602,1.302
347,9,48,0.667,0.000,0.1603,1.302
347,10,49,0.374,0.000,0.1605,1.302
347,11,50,0.932,0.000,0.1616,1.302
347,12,51,0.687,258.820,0.1611,1.303
347,13,52,2.277,0.000,0.1613,25.828
347,14,53,0.345,241.181,0.1587,4.911
347,15,54,1.621,0.000,0.1763,23.281
348,0,40,0.412,0.000,0.5840,11.969
348,1,41,0.538,0.000,0.6261,2.172
348,2,42,0.782,0.000,0.6542,1.302
348,3,43,1.252,0.000,0.1591,1.301
348,4,44,0.566,0.000,0.1589,1.302
348,5,45,0.276,0.000,0.1593,1.302
348,6,46,0.693,0.000,0.1601,1.302
348,7,47,0.628,0.000,0.1602,1.302
348,8,48,1.230,0.000,0.1603,1.302
348,9,49,1.323,0.000,0.1605,1.302
348,10,50,1.378,0.000,0.1616,1.302
348,11,51,1.125,258.820,0.1611,1.303
348,12,52,5.667,0.000,0.1613,25.828
348,13,53,3.165,241.181,0.1587,4.911
348,14,54,3.687,0.000,0.1763,23.281
348,15,55,1.719,207.107,0.1759,5.123
349,0,41,0.793,0.000,0.6261,2.172
349,1,42,0.881,0.000,0.6542,1.302
349,2,43,0.500,0.000,0.1591,1.301
349,3,44,1.143,0.000,0.1589,1.302
349,4,45,1.055,0.000,0.1593,1.302
349,5,46,1.398,0.000,0.1601,1.302
349,6,47,0.500,0.000,0.1602,1.302
349,7,48,0.440,0.000,0.1603,1.302
349,8,49,0.683,0.000,0.1605,1.302
349,9,50,0.624,0.000,0.1616,1.302
349,10,51,0.860,258.820,0.1611,1.303
349,11,52,0.774,0.000,0.1613,25.828
349,12,53,0.719,241.181,0.1587,4.911
349,13,54,0.566,0.000,0.1763,23.281
349,14,55,0.919,207.107,0.1759,5.123
349,15,56,0.640,0.000,0.1707,19.559
350,0,42,0.432,0.000,0.6542,1.302
350,1,43,0.510,0.000,0.1591,1.301
350,2,44,0.250,0.000,0.1589,1.302
350,3,45,0.392,0.000,0.1593,1.302
350,4,46,0.682,0.000,0.1601,1.302
350,5,47,0.606,0.000,0.1602,1.302
350,6,48,0.362,0.000,0.1603,1.302
350,7,49,0.532,0.000,0.1605,1.302
350,8,50,0.325,0.000,0.1616,1.302
350,9,51,1.669,258.820,0.1611,1.303
350,10,52,3.948,0.000,0.1613,25.828
350,11,53,1.647,241.181,0.1587,4.911
350,12,54,3.004,0.000,0.1763,23.281
350,13,55,2.203,207.107,0.1759,5.123
350,14,56,2.568,0.000,0.1707,19.559
350,15,57,2.882,158.918,0.1703,4.176
351,0,43,0.278,0.000,0.1591,1.301
351,1,44,0.538,0.000,0.1589,1.302
351,2,45,0.995,0.000,0.1593,1.302
351,3,46,0.733,0.000,0.1601,1.302
351,4,47,1.168,0.000,0.1602,1.302
351,5,48,1.545,0.000,0.1603,1.302
351,6,49,0.381,0.000,0.1605,1.302
351,7,50,0.848,0.000,0.1616,1.302
351,8,51,2.010,258.820,0.1611,1.303
351,9,52,14.596,0.000,0.1613,25.828
351,10,53,5.306,241.181,0.1587,4.911
351,11,54,12.584,0.000,0.1763,23.281
351,12,55,4.098,207.107,0.1759,5.123
351,13,56,9.962,0.000,0.1707,19.559
351,14,57,3.537,158.918,0.1703,4.176
351,15,58,6.095,99.901,0.1750,14.860
352,0,44,0.641,0.000,0.1589,1.302
352,1,45,0.679,0.000,0.1593,1.302
352,2,46,0.493,0.000,0.1601,1.302
352,3,47,0.733,0.000,0.1602,1.302
352,4,48,0.469,0.000,0.1603,1.302
352,5,49,1.739,0.000,0.1605,1.302
352,6,50,1.386,0.000,0.1616,1.302
352,7,51,0.671,258.820,0.1611,1.303
352,8,52,0.855,0.000,0.1613,25.828
352,9,53,0.630,241.181,0.1587,4.911
352,10,54,0.493,0.000,0.1763,23.281
352,11,55,0.391,207.107,0.1759,5.123
352,12,56,0.854,0.000,0.1707,19.559
352,13,57,0.716,158.918,0.1703,4.176
352,14,58,2.981,99.901,0.1750,14.860
352,15,59,0.781,34.074,0.1747,9.375
353,0,45,0.455,0.000,0.1593,1.302
353,1,46,0.443,0.000,0.1601,1.302
353,2,47,0.178,0.000,0.1602,1.302
353,3,48,0.209,0.000,0.1603,1.302
353,4,49,0.946,0.000,0.1605,1.302
353,5,50,0.795,0.000,0.1616,1.302
353,6,51,0.230,258.820,0.1611,1.303
353,7,52,1.066,0.000,0.1613,25.828
353,8,53,0.421,241.181,0.1587,4.911
353,9,54,1.123,0.000,0.1763,23.281
353,10,55,0.232,207.107,0.1759,5.123
353,11,56,1.342,0.000,0.1707,19.559
353,12,57,0.428,158.918,0.1703,4.176
353,13,58,0.764,99.901,0.1750,14.860
353,14,59,0.982,34.074,0.1747,9.375
353,15,60,0.536,0.000,0.1758,3.395
354,0,46,0.395,0.000,0.1601,1.302
354,1,47,0.451,0.000,0.1602,1.302
354,2,48,0.740,0.000,0.1603,1.302
354,3,49,0.733,0.000,0.1605,1.302
354,4,50,0.562,0.000,0.1616,1.302
354,5,51,3.289,258.820,0.1611,1.303
354,6,52,1.377,0.000,0.1613,25.828
354,7,53,1.733,241.181,0.1587,4.911
354,8,54,2.895,0.000,0.1763,23.281
354,9,55,3.228,207.107,0.1759,5.123
354,10,56,3.490,0.000,0.1707,19.559
354,11,57,1.365,158.918,0.1703,4.176
354,12,58,1.229,99.901,0.1750,14.860
354,13,59,0.889,34.074,0.1747,9.375
354,14,60,0.481,0.000,0.1758,3.395
354,15,61,0.273,0.000,0.1777,1.318
355,0,47,1.401,0.000,0.1602,1.302
355,1,48,0.800,0.000,0.1603,1.302
355,2,49,0.971,0.000,0.1605,1.302
355,3,50,1.170,0.000,0.1616,1.302
355,4,51,3.295,258.820,0.1611,1.303
355,5,52,14.265,0.000,0.1613,25.828
355,6,53,6.241,241.181,0.1587,4.911
355,7,54,12.726,0.000,0.1763,23.281
355,8,55,4.476,207.107,0.1759,5.123
355,9,56,10.072,0.000,0.1707,19.559
355,10,57,3.469,158.918,0.1703,4.176
355,11,58,5.248,99.901,0.1750,14.860
355,12,59,3.336,34.074,0.1747,9.375
355,13,60,0.911,0.000,0.1758,3.395
355,14,61,1.658,0.000,0.1777,1.318
355,15,62,0.576,0.000,0.1780,1.318
356,0,48,2.186,0.000,0.1603,1.302
356,1,49,0.997,0.000,0.1605,1.302
356,2,50,0.922,0.000,0.1616,1.302
356,3,51,8.486,258.820,0.1611,1.303
356,4,52,13.736,0.000,0.1613,25.828
356,5,53,11.033,241.181,0.1587,4.911
356,6,54,13.827,0.000,0.1763,23.281
356,7,55,8.456,207.107,0.1759,5.123
356,8,56,9.239,0.000,0.1707,19.559
356,9,57,7.239,158.918,0.1703,4.176
356,10,58,2.690,99.901,0.1750,14.860
356,11,59,1.555,34.074,0.1747,9.375
356,12,60,1.434,0.000,0.1758,3.395
356,13,61,0.493,0.000,0.1777,1.318
356,14,62,1.157,0.000,0.1780,1.318
356,15,63,3.110,0.000,0.1782,1.319
357,0,49,0.403,0.000,0.1605,1.302
357,1,50,1.287,0.000,0.1616,1.302
357,2,51,1.453,258.820,0.1611,1.303
357,3,52,12.319,0.000,0.1613,25.828
357,4,53,3.652,241.181,0.1587,4.911
357,5,54,12.085,0.000,0.1763,23.281
357,6,55,2.847,207.107,0.1759,5.123
357,7,56,8.868,0.000,0.1707,19.559
357,8,57,3.286,158.918,0.1703,4.176
357,9,58,6.994,99.901,0.1750,14.860
357,10,59,3.283,34.074,0.1747,9.375
357,11,60,0.935,0.000,0.1758,3.395
357,12,61,0.970,0.000,0.1777,1.318
357,13,62,0.401,0.000,0.1780,1.318
357,14,63,0.572,0.000,0.1782,1.319
357,15,64,0.457,0.000,0.1782,1.319
358,0,50,0.515,0.000,0.1616,1.302
358,1,51,0.659,258.820,0.1611,1.303
358,2,52,4.755,0.000,0.1613,25.828
358,3,53,1.727,241.181,0.1587,4.911
358,4,54,6.460,0.000,0.1763,23.281
358,5,55,1.316,207.107,0.1759,5.123
358,6,56,3.455,0.000,0.1707,19.559
358,7,57,0.993,158.918,0.1703,4.176
358,8,58,1.852,99.901,0.1750,14.860
358,9,59,0.840,34.074,0.1747,9.375
358,10,60,0.850,0.000,0.1758,3.395
358,11,61,0.242,0.000,0.1777,1.318
358,12,62,0.671,0.000,0.1780,1.318
358,13,63,0.468,0.000,0.1782,1.319
358,14,64,2.005,0.000,0.1782,1.319
358,15,65,0.672,0.000,0.1785,1.319
359,0,51,0.451,258.820,0.1611,1.303
359,1,52,22.991,0.000,0.1613,25.828
359,2,53,0.831,241.181,0.1587,4.911
359,3,54,22.228,0.000,0.1763,23.281
359,4,55,1.239,207.107,0.1759,5.123
359,5,56,16.033,0.000,0.1707,19.559
359,6,57,2.278,158.918,0.1703,4.176
359,7,58,13.453,99.901,0.1750,14.860
359,8,59,9.975,34.074,0.1747,9.375
359,9,60,2.139,0.000,0.1758,3.395
359,10,61,0.647,0.000,0.1777,1.318
359,11,62,0.218,0.000,0.1780,1.318
359,12,63,0.671,0.000,0.1782,1.319
359,13,64,0.618,0.000,0.1782,1.319
359,14,65,0.298,0.000,0.1785,1.319
359,15,66,2.788,0.000,0.1784,1.319
360,0,52,19.105,0.000,0.1613,25.828
360,1,53,9.062,241.181,0.1587,4.911
360,2,54,16.121,0.000,0.1763,23.281
360,3,55,6.656,207.107,0.1759,5.123
360,4,56,14.245,0.000,0.1707,19.559
360,5,57,6.666,158.918,0.1703,4.176
360,6,58,7.478,99.901,0.1750,14.860
360,7,59,4.936,34.074,0.1747,9.375
360,8,60,1.589,0.000,0.1758,3.395
360,9,61,0.080,0.000,0.1777,1.318
360,10,62,0.138,0.000,0.1780,1.318
360,11,63,0.446,0.000,0.1782,1.319
360,12,64,0.346,0.000,0.1782,1.319
360,13,65,0.592,0.000,0.1785,1.319
360,14,66,0.296,0.000,0.1784,1.319
360,15,67,0.575,0.000,0.1787,1.318
361,0,53,16.115,241.181,0.1587,4.911
361,1,54,11.743,0.000,0.1763,23.281
361,2,55,14.256,207.107,0.1759,5.123
361,3,56,12.347,0.000,0.1707,19.559
361,4,57,10.990,158.918,0.1703,4.176
361,5,58,8.276,99.901,0.1750,14.860
361,6,59,14.502,34.074,0.1747,9.375
361,7,60,6.157,0.000,0.1758,3.395
361,8,61,1.333,0.000,0.1777,1.318
361,9,62,0.708,0.000,0.1780,1.318
361,10,63,0.157,0.000,0.1782,1.319
361,11,64,0.138,0.000,0.1782,1.319
361,12,65,0.584,0.000,0.1785,1.319
361,13,66,0.576,0.000,0.1784,1.319
361,14,67,0.506,0.000,0.1787,1.318
361,15,68,0.721,0.000,0.1788,1.319
362,0,54,0.789,0.000,0.1763,23.281
362,1,55,0.257,207.107,0.1759,5.123
362,2,56,1.006,0.000,0.1707,19.559
362,3,57,0.431,158.918,0.1703,4.176
362,4,58,0.488,99.901,0.1750,14.860
362,5,59,0.709,34.074,0.1747,9.375
362,6,60,1.110,0.000,0.1758,3.395
362,7,61,0.343,0.000,0.1777,1.318
362,8,62,0.823,0.000,0.1780,1.318
362,9,63,0.914,0.000,0.1782,1.319
362,10,64,0.509,0.000,0.1782,1.319
362,11,65,0.330,0.000,0.1785,1.319
362,12,66,0.613,0.000,0.1784,1.319
362,13,67,0.490,0.000,0.1787,1.318
362,14,68,0.392,0.000,0.1788,1.319
362,15,69,0.402,0.000,0.1786,1.319
363,0,55,0.077,207.107,0.1759,5.123
363,1,56,1.984,0.000,0.1707,19.559
363,2,57,0.798,158.918,0.1703,4.176
363,3,58,1.339,99.901,0.1750,14.860
363,4,59,0.868,34.074,0.1747,9.375
363,5,60,1.117,0.000,0.1758,3.395
363,6,61,0.189,0.000,0.1777,1.318
363,7,62,0.564,0.000,0.1780,1.318
363,8,63,0.404,0.000,0.1782,1.319
363,9,64,0.562,0.000,0.1782,1.319
363,10,65,0.477,0.000,0.1785,1.319
363,11,66,0.415,0.000,0.1784,1.319
363,12,67,0.327,0.000,0.1787,1.318
363,13,68,0.473,0.000,0.1788,1.319
363,14,69,0.789,0.000,0.1786,1.319
363,15,70,0.494,0.000,0.1787,1.320
364,0,56,1.174,0.000,0.1707,19.559
364,1,57,1.681,158.918,0.1703,4.176
364,2,58,1.279,99.901,0.1750,14.860
364,3,59,1.545,34.074,0.1747,9.375
364,4,60,1.426,0.000,0.1758,3.395
364,5,61,1.054,0.000,0.1777,1.318
364,6,62,1.042,0.000,0.1780,1.318
364,7,63,0.167,0.000,0.1782,1.319
364,8,64,0.571,0.000,0.1782,1.319
364,9,65,0.508,0.000,0.1785,1.319
364,10,66,0.442,0.000,0.1784,1.319
364,11,67,0.372,0.000,0.1787,1.318
364,12,68,0.598,0.000,0.1788,1.319
364,13,69,0.533,0.000,0.1786,1.319
364,14,70,0.342,0.000,0.1787,1.320
364,15,71,0.815,0.000,0.1786,1.320
365,0,57,0.879,158.918,0.1703,4.176
365,1,58,6.444,99.901,0.1750,14.860
365,2,59,2.910,34.074,0.1747,9.375
365,3,60,0.728,0.000,0.1758,3.395
365,4,61,0.402,0.000,0.1777,1.318
365,5,62,0.709,0.000,0.1780,1.318
365,6,63,0.542,0.000,0.1782,1.319
365,7,64,0.328,0.000,0.1782,1.319
365,8,65,0.568,0.000,0.1785,1.319
365,9,66,0.204,0.000,0.1784,1.319
365,10,67,0.687,0.000,0.1787,1.318
365,11,68,2.204,0.000,0.1788,1.319
365,12,69,0.336,0.000,0.1786,1.319
365,13,70,0.791,0.000,0.1787,1.320
365,14,71,0.619,0.000,0.1786,1.320
365,15,72,0.575,0.000,0.1788,1.320
366,0,58,4.204,99.901,0.1750,14.860
366,1,59,3.421,34.074,0.1747,9.375
366,2,60,0.472,0.000,0.1758,3.395
366,3,61,0.603,0.000,0.1777,1.318
366,4,62,0.540,0.000,0.1780,1.318
366,5,63,0.947,0.000,0.1782,1.319
366,6,64,0.492,0.000,0.1782,1.319
366,7,65,0.633,0.000,0.1785,1.319
366,8,66,0.911,0.000,0.1784,1.319
366,9,67,0.929,0.000,0.1787,1.318
366,10,68,1.098,0.000,0.1788,1.319
366,11,69,1.102,0.000,0.1786,1.319
366,12,70,1.047,0.000,0.1787,1.320
366,13,71,0.605,0.000,0.1786,1.320
366,14,72,0.168,0.000,0.1788,1.320
366,15,73,0.405,0.000,0.1790,1.320
367,0,59,2.503,34.074,0.1747,9.375
367,1,60,0.696,0.000,0.1758,3.395
367,2,61,0.631,0.000,0.1777,1.318
367,3,62,0.517,0.000,0.1780,1.318
367,4,63,2.693,0.000,0.1782,1.319
367,5,64,0.566,0.000,0.1782,1.319
367,6,65,0.836,0.000,0.1785,1.319
367,7,66,0.364,0.000,0.1784,1.319
367,8,67,0.799,0.000,0.1787,1.318
367,9,68,0.139,0.000,0.1788,1.319
367,10,69,0.314,0.000,0.1786,1.319
367,11,70,0.533,0.000,0.1787,1.320
367,12,71,0.677,0.000,0.1786,1.320
367,13,72,0.764,0.000,0.1788,1.320
367,14,73,1.077,0.000,0.1790,1.320
367,15,74,0.946,0.000,0.1790,1.320
368,0,60,1.331,0.000,0.1758,3.395
368,1,61,0.723,0.000,0.1777,1.318
368,2,62,0.857,0.000,0.1780,1.318
368,3,63,1.027,0.000,0.1782,1.319
368,4,64,1.166,0.000,0.1782,1.319
368,5,65,0.719,0.000,0.1785,1.319
368,6,66,0.969,0.000,0.1784,1.319
368,7,67,0.652,0.000,0.1787,1.318
368,8,68,1.078,0.000,0.1788,1.319
368,9,69,0.527,0.000,0.1786,1.319
368,10,70,0.733,0.000,0.1787,1.320
368,11,71,0.706,0.000,0.1786,1.320
368,12,72,0.843,0.000,0.1788,1.320
368,13,73,0.478,0.000,0.1790,1.320
368,14,74,0.470,0.000,0.1790,1.320
368,15,75,0.554,0.000,0.1791,1.320
369,0,61,3.565,0.000,0.1777,1.318
369,1,62,1.493,0.000,0.1780,1.318
369,2,63,0.964,0.000,0.1782,1.319
369,3,64,0.637,0.000,0.1782,1.319
369,4,65,1.398,0.000,0.1785,1.319
369,5,66,0.990,0.000,0.1784,1.319
369,6,67,0.650,0.000,0.1787,1.318
369,7,68,0.900,0.000,0.1788,1.319
369,8,69,1.171,0.000,0.1786,1.319
369,9,70,0.512,0.000,0.1787,1.320
369,10,71,0.693,0.000,0.1786,1.320
369,11,72,0.594,0.000,0.1788,1.320
369,12,73,0.840,0.000,0.1790,1.320
369,13,74,1.200,0.000,0.1790,1.320
369,14,75,3.749,0.000,0.1791,1.320
370,0,62,7.681,0.000,0.1780,1.318
370,1,63,2.246,0.000,0.1782,1.319
370,2,64,0.782,0.000,0.1782,1.319
370,3,65,1.017,0.000,0.1785,1.319
370,4,66,1.238,0.000,0.1784,1.319
370,5,67,0.883,0.000,0.1787,1.318
370,6,68,0.238,0.000,0.1788,1.319
370,7,69,1.025,0.000,0.1786,1.319
370,8,70,1.467,0.000,0.1787,1.320
370,9,71,0.356,0.000,0.1786,1.320
370,10,72,0.393,0.000,0.1788,1.320
370,11,73,0.495,0.000,0.1790,1.320
370,12,74,1.409,0.000,0.1790,1.320
370,13,75,0.712,0.000,0.1791,1.320
371,0,63,0.357,0.000,0.1782,1.319
371,1,64,0.472,0.000,0.1782,1.319
371,2,65,0.296,0.000,0.1785,1.319
371,3,66,0.280,0.000,0.1784,1.319
371,4,67,0.916,0.000,0.1787,1.318
371,5,68,0.396,0.000,0.1788,1.319
371,6,69,1.053,0.000,0.1786,1.319
371,7,70,0.403,0.000,0.1787,1.320
371,8,71,0.404,0.000,0.1786,1.320
371,9,72,1.437,0.000,0.1788,1.320
371,10,73,0.590,0.000,0.1790,1.320
371,11,74,0.388,0.000,0.1790,1.320
371,12,75,1.013,0.000,0.1791,1.320
372,0,64,0.631,0.000,0.1782,1.319
372,1,65,0.754,0.000,0.1785,1.319
372,2,66,1.095,0.000,0.1784,1.319
372,3,67,1.286,0.000,0.1787,1.318
372,4,68,1.306,0.000,0.1788,1.319
372,5,69,0.344,0.000,0.1786,1.319
372,6,70,0.671,0.000,0.1787,1.320
372,7,71,0.766,0.000,0.1786,1.320
372,8,72,1.140,0.000,0.1788,1.320
372,9,73,0.530,0.000,0.1790,1.320
372,10,74,0.899,0.000,0.1790,1.320
372,11,75,1.413,0.000,0.1791,1.320
373,0,65,0.644,0.000,0.1785,1.319
373,1,66,1.022,0.000,0.1784,1.319
373,2,67,0.648,0.000,0.1787,1.318
373,3,68,0.903,0.000,0.1788,1.319
373,4,69,0.461,0.000,0.1786,1.319
373,5,70,0.282,0.000,0.1787,1.320
373,6,71,0.738,0.000,0.1786,1.320
373,7,72,0.493,0.000,0.1788,1.320
373,8,73,0.951,0.000,0.1790,1.320
373,9,74,2.082,0.000,0.1790,1.320
373,10,75,0.610,0.000,0.1791,1.320
374,0,66,1.686,0.000,0.1784,1.319
374,1,67,2.355,0.000,0.1787,1.318
374,2,68,2.685,0.000,0.1788,1.319
374,3,69,1.855,0.000,0.1786,1.319
374,4,70,1.681,0.000,0.1787,1.320
374,5,71,0.769,0.000,0.1786,1.320
374,6,72,1.151,0.000,0.1788,1.320
374,7,73,1.505,0.000,0.1790,1.320
374,8,74,1.851,0.000,0.1790,1.320
374,9,75,0.626,0.000,0.1791,1.320
375,0,67,1.234,0.000,0.1787,1.318
375,1,68,1.077,0.000,0.1788,1.319
375,2,69,0.916,0.000,0.1786,1.319
375,3,70,1.856,0.000,0.1787,1.320
375,4,71,1.001,0.000,0.1786,1.320
375,5,72,1.422,0.000,0.1788,1.320
375,6,73,1.676,0.000,0.1790,1.320
375,7,74,0.799,0.000,0.1790,1.320
375,8,75,1.382,0.000,0.1791,1.320
376,0,68,1.920,0.000,0.1788,1.319
376,1,69,0.897,0.000,0.1786,1.319
376,2,70,0.680,0.000,0.1787,1.320
376,3,71,0.400,0.000,0.1786,1.320
376,4,72,0.921,0.000,0.1788,1.320
376,5,73,1.045,0.000,0.1790,1.320
376,6,74,1.888,0.000,0.1790,1.320
376,7,75,1.903,0.000,0.1791,1.320
377,0,69,1.083,0.000,0.1786,1.319
377,1,70,0.948,0.000,0.1787,1.320
377,2,71,1.318,0.000,0.1786,1.320
377,3,72,0.305,0.000,0.1788,1.320
377,4,73,2.247,0.000,0.1790,1.320
377,5,74,1.974,0.000,0.1790,1.320
377,6,75,2.226,0.000,0.1791,1.320
378,0,70,1.651,0.000,0.1787,1.320
378,1,71,1.986,0.000,0.1786,1.320
378,2,72,2.252,0.000,0.1788,1.320
378,3,73,2.464,0.000,0.1790,1.320
378,4,74,2.481,0.000,0.1790,1.320
378,5,75,1.876,0.000,0.1791,1.320
379,0,71,1.749,0.000,0.1786,1.320
379,1,72,1.086,0.000,0.1788,1.320
379,2,73,0.854,0.000,0.1790,1.320
379,3,74,1.235,0.000,0.1790,1.320
379,4,75,0.590,0.000,0.1791,1.320
380,0,72,1.626,0.000,0.1788,1.320
380,1,73,1.568,0.000,0.1790,1.320
380,2,74,1.804,0.000,0.1790,1.320
380,3,75,1.572,0.000,0.1791,1.320
381,0,73,1.674,0.000,0.1790,1.320
381,1,74,2.078,0.000,0.1790,1.320
381,2,75,4.046,0.000,0.1791,1.320
382,0,74,3.222,0.000,0.1790,1.320
382,1,75,3.999,0.000,0.1791,1.320
383,0,75,0.223,0.000,0.1791,1.320
385,0,0,6.429,428.544,4.6352,42.854
385,1,1,2.662,973.977,3.8115,97.398
385,2,2,4.078,2.778,0.1585,0.278
385,3,3,1.943,0.001,0.0304,0.000
385,4,4,1.434,0.001,0.0304,0.000
385,5,5,0.561,0.002,0.0304,0.000
385,6,6,0.520,0.003,0.0304,0.000
385,7,7,1.379,0.001,0.0304,0.000
385,8,8,1.356,0.002,0.0304,0.000
385,9,9,0.913,0.003,0.0304,0.000
385,10,10,1.885,0.001,0.0304,0.000
385,11,11,1.612,3426.070,0.0304,0.000
385,12,12,3.290,0.000,0.0304,342.607
385,13,13,1.209,0.000,0.0304,162.445
385,14,14,0.936,0.000,5.7688,19.536
385,15,15,2.297,258.819,2.9800,0.119
386,0,1,4.234,973.977,3.8115,97.398
386,1,2,1.636,2.778,0.1585,0.278
386,2,3,0.514,0.001,0.0304,0.000
386,3,4,0.691,0.001,0.0304,0.000
386,4,5,1.045,0.002,0.0304,0.000
386,5,6,0.282,0.003,0.0304,0.000
386,6,7,0.918,0.001,0.0304,0.000
386,7,8,0.360,0.002,0.0304,0.000
386,8,9,4.580,0.003,0.0304,0.000
386,9,10,1.941,0.001,0.0304,0.000
386,10,11,2.638,3426.070,0.0304,0.000
386,11,12,2.763,0.000,0.0304,342.607
386,12,13,2.197,0.000,0.0304,162.445
386,13,14,1.229,0.000,5.7688,19.536
386,14,15,1.125,258.819,2.9800,0.119
386,15,16,0.602,0.000,0.0154,25.740
387,0,2,0.710,2.778,0.1585,0.278
387,1,3,0.732,0.001,0.0304,0.000
387,2,4,0.393,0.001,0.0304,0.000
387,3,5,1.085,0.002,0.0304,0.000
387,4,6,0.824,0.003,0.0304,0.000
387,5,7,0.621,0.001,0.0304,0.000
387,6,8,0.862,0.002,0.0304,0.000
387,7,9,1.226,0.003,0.0304,0.000
387,8,10,1.248,0.001,0.0304,0.000
387,9,11,2.169,3426.070,0.0304,0.000
387,10,12,2.738,0.000,0.0304,342.607
387,11,13,2.655,0.000,0.0304,162.445
387,12,14,1.299,0.000,5.7688,19.536
387,13,15,2.236,258.819,2.9800,0.119
387,14,16,0.944,0.000,0.0154,25.740
387,15,17,0.795,241.182,0.0153,2.778
388,0,3,0.152,0.001,0.0304,0.000
388,1,4,1.838,0.001,0.0304,0.000
388,2,5,1.123,0.002,0.0304,0.000
388,3,6,0.534,0.003,0.0304,0.000
388,4,7,0.773,0.001,0.0304,0.000
388,5,8,1.379,0.002,0.0304,0.000
388,6,9,0.509,0.003,0.0304,0.000
388,7,10,1.828,0.001,0.0304,0.000
388,8,11,0.660,3426.070,0.0304,0.000
388,9,12,0.184,0.000,0.0304,342.607
388,10,13,0.659,0.000,0.0304,162.445
388,11,14,0.401,0.000,5.7688,19.536
388,12,15,0.503,258.819,2.9800,0.119
388,13,16,0.308,0.000,0.0154,25.740
388,14,17,0.774,241.182,0.0153,2.778
388,15,18,0.489,0.000,0.0147,23.342
389,0,4,0.608,0.001,0.0304,0.000
389,1,5,0.928,0.002,0.0304,0.000
389,2,6,0.832,0.003,0.0304,0.000
389,3,7,0.720,0.001,0.0304,0.000
389,4,8,0.937,0.002,0.0304,0.000
389,5,9,0.764,0.003,0.0304,0.000
389,6,10,1.217,0.001,0.0304,0.000
389,7,11,1.588,3426.070,0.0304,0.000
389,8,12,0.282,0.000,0.0304,342.607
389,9,13,0.646,0.000,0.0304,162.445
389,10,14,0.465,0.000,5.7688,19.536
389,11,15,0.654,258.819,2.9800,0.119
389,12,16,0.410,0.000,0.0154,25.740
389,13,17,2.456,241.182,0.0153,2.778
389,14,18,0.641,0.000,0.0147,23.342
389,15,19,0.400,207.106,0.0147,3.564
390,0,5,1.007,0.002,0.0304,0.000
390,1,6,0.932,0.003,0.0304,0.000
390,2,7,0.569,0.001,0.0304,0.000
390,3,8,0.300,0.002,0.0304,0.000
390,4,9,2.412,0.003,0.0304,0.000
390,5,10,1.180,0.001,0.0304,0.000
390,6,11,0.337,3426.070,0.0304,0.000
390,7,12,1.668,0.000,0.0304,342.607
390,8,13,1.076,0.000,0.0304,162.445
390,9,14,0.716,0.000,5.7688,19.536
390,10,15,0.847,258.819,2.9800,0.119
390,11,16,0.318,0.000,0.0154,25.740
390,12,17,0.563,241.182,0.0153,2.778
390,13,18,1.399,0.000,0.0147,23.342
390,14,19,0.660,207.106,0.0147,3.564
390,15,20,0.447,158.919,0.0140,19.785
391,0,6,0.994,0.003,0.0304,0.000
391,1,7,1.793,0.001,0.0304,0.000
391,2,8,0.216,0.002,0.0304,0.000
391,3,9,0.736,0.003,0.0304,0.000
391,4,10,1.178,0.001,0.0304,0.000
391,5,11,0.960,3426.070,0.0304,0.000
391,6,12,0.897,0.000,0.0304,342.607
391,7,13,1.182,0.000,0.0304,162.445
391,8,14,0.809,0.000,5.7688,19.536
391,9,15,0.329,258.819,2.9800,0.119
391,10,16,0.474,0.000,0.0154,25.740
391,11,17,1.034,241.182,0.0153,2.778
391,12,18,0.573,0.000,0.0147,23.342
391,13,19,0.636,207.106,0.0147,3.564
391,14,20,0.639,158.919,0.0140,19.785
391,15,21,0.958,99.900,0.0140,15.083
392,0,7,1.349,0.001,0.0304,0.000
392,1,8,2.643,0.002,0.0304,0.000
392,2,9,1.387,0.003,0.0304,0.000
392,3,10,0.852,0.001,0.0304,0.000
392,4,11,0.116,3426.070,0.0304,0.000
392,5,12,0.205,0.000,0.0304,342.607
392,6,13,0.788,0.000,0.0304,162.445
392,7,14,0.954,0.000,5.7688,19.536
392,8,15,1.196,258.819,2.9800,0.119
392,9,16,1.839,0.000,0.0154,25.740
392,10,17,1.262,241.182,0.0153,2.778
392,11,18,0.477,0.000,0.0147,23.342
392,12,19,0.592,207.106,0.0147,3.564
392,13,20,0.802,158.919,0.0140,19.785
392,14,21,0.442,99.900,0.0140,15.083
392,15,22,0.567,34.075,0.0132,9.468
393,0,8,0.629,0.002,0.0304,0.000
393,1,9,1.504,0.003,0.0304,0.000
393,2,10,0.943,0.001,0.0304,0.000
393,3,11,1.442,3426.070,0.0304,0.000
393,4,12,1.943,0.000,0.0304,342.607
393,5,13,0.523,0.000,0.0304,162.445
393,6,14,1.041,0.000,5.7688,19.536
393,7,15,1.073,258.819,2.9800,0.119
393,8,16,0.358,0.000,0.0154,25.740
393,9,17,0.944,241.182,0.0153,2.778
393,10,18,0.966,0.000,0.0147,23.342
393,11,19,0.669,207.106,0.0147,3.564
393,12,20,0.400,158.919,0.0140,19.785
393,13,21,0.389,99.900,0.0140,15.083
393,14,22,0.816,34.075,0.0132,9.468
393,15,23,0.819,0.000,0.0126,3.199
394,0,9,0.756,0.003,0.0304,0.000
394,1,10,0.967,0.001,0.0304,0.000
394,2,11,1.855,3426.070,0.0304,0.000
394,3,12,338.997,0.000,0.0304,342.607
394,4,13,0.547,0.000,0.0304,162.445
394,5,14,1.210,0.000,5.7688,19.536
394,6,15,0.946,258.819,2.9800,0.119
394,7,16,26.267,0.000,0.0154,25.740
394,8,17,1.557,241.182,0.0153,2.778
394,9,18,23.889,0.000,0.0147,23.342
394,10,19,0.209,207.106,0.0147,3.564
394,11,20,20.676,158.919,0.0140,19.785
394,12,21,16.298,99.900,0.0140,15.083
394,13,22,9.896,34.075,0.0132,9.468
394,14,23,3.693,0.000,0.0126,3.199
394,15,24,0.414,0.000,0.0122,3.426
395,0,10,1.011,0.001,0.0304,0.000
395,1,11,343.450,3426.070,0.0304,0.000
395,2,12,1.028,0.000,0.0304,342.607
395,3,13,0.343,0.000,0.0304,162.445
395,4,14,0.571,0.000,5.7688,19.536
395,5,15,25.945,258.819,2.9800,0.119
395,6,16,0.604,0.000,0.0154,25.740
395,7,17,24.120,241.182,0.0153,2.778
395,8,18,0.222,0.000,0.0147,23.342
395,9,19,20.848,207.106,0.0147,3.564
395,10,20,16.069,158.919,0.0140,19.785
395,11,21,10.620,99.900,0.0140,15.083
395,12,22,3.324,34.075,0.0132,9.468
395,13,23,0.507,0.000,0.0126,3.199
395,14,24,0.077,0.000,0.0122,3.426
395,15,25,0.338,0.000,0.1625,3.390
396,0,11,0.183,3426.070,0.0304,0.000
396,1,12,0.444,0.000,0.0304,342.607
396,2,13,0.893,0.000,0.0304,162.445
396,3,14,0.701,0.000,5.7688,19.536
396,4,15,0.394,258.819,2.9800,0.119
396,5,16,0.682,0.000,0.0154,25.740
396,6,17,0.210,241.182,0.0153,2.778
396,7,18,0.824,0.000,0.0147,23.342
396,8,19,0.860,207.106,0.0147,3.564
396,9,20,0.430,158.919,0.0140,19.785
396,10,21,0.752,99.900,0.0140,15.083
396,11,22,0.757,34.075,0.0132,9.468
396,12,23,0.263,0.000,0.0126,3.199
396,13,24,0.570,0.000,0.0122,3.426
396,14,25,0.452,0.000,0.1625,3.390
396,15,26,2.091,0.000,0.1507,3.390
397,0,12,340.389,0.000,0.0304,342.607
397,1,13,0.772,0.000,0.0304,162.445
397,2,14,1.738,0.000,5.7688,19.536
397,3,15,0.984,258.819,2.9800,0.119
397,4,16,25.608,0.000,0.0154,25.740
397,5,17,1.625,241.182,0.0153,2.778
397,6,18,23.997,0.000,0.0147,23.342
397,7,19,0.439,207.106,0.0147,3.564
397,8,20,20.550,158.919,0.0140,19.785
397,9,21,15.873,99.900,0.0140,15.083
397,10,22,9.736,34.075,0.0132,9.468
397,11,23,3.340,0.000,0.0126,3.199
397,12,24,0.724,0.000,0.0122,3.426
397,13,25,0.165,0.000,0.1625,3.390
397,14,26,0.886,0.000,0.1507,3.390
397,15,27,1.952,0.000,0.1506,3.391
398,0,13,0.817,0.000,0.0304,162.445
398,1,14,0.954,0.000,5.7688,19.536
398,2,15,0.932,258.819,2.9800,0.119
398,3,16,26.165,0.000,0.0154,25.740
398,4,17,0.965,241.182,0.0153,2.778
398,5,18,23.939,0.000,0.0147,23.342
398,6,19,0.354,207.106,0.0147,3.564
398,7,20,20.393,158.919,0.0140,19.785
398,8,21,15.307,99.900,0.0140,15.083
398,9,22,9.969,34.075,0.0132,9.468
398,10,23,3.386,0.000,0.0126,3.199
398,11,24,0.407,0.000,0.0122,3.426
398,12,25,0.082,0.000,0.1625,3.390
398,13,26,0.286,0.000,0.1507,3.390
398,14,27,0.279,0.000,0.1506,3.391
398,15,28,0.757,0.000,0.1518,3.390
399,0,14,0.822,0.000,5.7688,19.536
399,1,15,0.116,258.819,2.9800,0.119
399,2,16,1.476,0.000,0.0154,25.740
399,3,17,0.785,241.182,0.0153,2.778
399,4,18,0.317,0.000,0.0147,23.342
399,5,19,1.417,207.106,0.0147,3.564
399,6,20,1.767,158.919,0.0140,19.785
399,7,21,0.876,99.900,0.0140,15.083
399,8,22,1.184,34.075,0.0132,9.468
399,9,23,2.174,0.000,0.0126,3.199
399,10,24,0.310,0.000,0.0122,3.426
399,11,25,0.830,0.000,0.1625,3.390
399,12,26,2.005,0.000,0.1507,3.390
399,13,27,2.459,0.000,0.1506,3.391
399,14,28,0.388,0.000,0.1518,3.390
399,15,29,3.492,0.000,0.1509,3.390
400,0,15,0.576,258.819,2.9800,0.119
400,1,16,0.769,0.000,0.0154,25.740
400,2,17,0.879,241.182,0.0153,2.778
400,3,18,0.351,0.000,0.0147,23.342
400,4,19,0.202,207.106,0.0147,3.564
400,5,20,0.590,158.919,0.0140,19.785
400,6,21,0.557,99.900,0.0140,15.083
400,7,22,0.708,34.075,0.0132,9.468
400,8,23,0.355,0.000,0.0126,3.199
400,9,24,0.876,0.000,0.0122,3.426
400,10,25,0.761,0.000,0.1625,3.390
400,11,26,1.112,0.000,0.1507,3.390
400,12,27,0.443,0.000,0.1506,3.391
400,13,28,0.134,0.000,0.1518,3.390
400,14,29,0.879,0.000,0.1509,3.390
400,15,30,0.214,0.000,0.1506,3.390
401,0,16,0.536,0.000,0.0154,25.740
401,1,17,0.104,241.182,0.0153,2.778
401,2,18,0.385,0.000,0.0147,23.342
401,3,19,0.503,207.106,0.0147,3.564
401,4,20,1.023,158.919,0.0140,19.785
401,5,21,0.940,99.900,0.0140,15.083
401,6,22,0.324,34.075,0.0132,9.468
401,7,23,0.263,0.000,0.0126,3.199
401,8,24,0.925,0.000,0.0122,3.426
401,9,25,0.697,0.000,0.1625,3.390
401,10,26,0.705,0.000,0.1507,3.390
401,11,27,0.469,0.000,0.1506,3.391
401,12,28,0.527,0.000,0.1518,3.390
401,13,29,0.914,0.000,0.1509,3.390
401,14,30,0.571,0.000,0.1506,3.390
401,15,31,0.202,0.000,0.1507,3.390
402,0,17,0.553,241.182,0.0153,2.778
402,1,18,0.197,0.000,0.0147,23.342
402,2,19,0.377,207.106,0.0147,3.564
402,3,20,0.101,158.919,0.0140,19.785
402,4,21,0.931,99.900,0.0140,15.083
402,5,22,0.866,34.075,0.0132,9.468
402,6,23,0.355,0.000,0.0126,3.199
402,7,24,1.234,0.000,0.0122,3.426
402,8,25,0.554,0.000,0.1625,3.390
402,9,26,0.437,0.000,0.1507,3.390
402,10,27,0.507,0.000,0.1506,3.391
402,11,28,0.544,0.000,0.1518,3.390
402,12,29,0.665,0.000,0.1509,3.390
402,13,30,0.528,0.000,0.1506,3.390
402,14,31,1.023,0.000,0.1507,3.390
402,15,32,0.755,0.000,0.1508,3.390
403,0,18,0.346,0.000,0.0147,23.342
403,1,19,3.445,207.106,0.0147,3.564
403,2,20,0.773,158.919,0.0140,19.785
403,3,21,1.997,99.900,0.0140,15.083
403,4,22,0.407,34.075,0.0132,9.468
403,5,23,0.566,0.000,0.0126,3.199
403,6,24,0.550,0.000,0.0122,3.426
403,7,25,0.238,0.000,0.1625,3.390
403,8,26,0.235,0.000,0.1507,3.390
403,9,27,0.750,0.000,0.1506,3.391
403,10,28,0.391,0.000,0.1518,3.390
403,11,29,0.165,0.000,0.1509,3.390
403,12,30,0.184,0.000,0.1506,3.390
403,13,31,1.165,0.000,0.1507,3.390
403,14,32,0.288,0.000,0.1508,3.390
403,15,33,0.821,0.000,0.1501,3.390
404,0,19,0.595,207.106,0.0147,3.564
404,1,20,0.448,158.919,0.0140,19.785
404,2,21,0.497,99.900,0.0140,15.083
404,3,22,0.332,34.075,0.0132,9.468
404,4,23,0.311,0.000,0.0126,3.199
404,5,24,0.393,0.000,0.0122,3.426
404,6,25,0.631,0.000,0.1625,3.390
404,7,26,0.985,0.000,0.1507,3.390
404,8,27,0.550,0.000,0.1506,3.391
404,9,28,0.500,0.000,0.1518,3.390
404,10,29,0.114,0.000,0.1509,3.390
404,11,30,0.411,0.000,0.1506,3.390
404,12,31,0.428,0.000,0.1507,3.390
404,13,32,0.178,0.000,0.1508,3.390
404,14,33,0.336,0.000,0.1501,3.390
404,15,34,0.409,1000.000,0.1520,3.390
405,0,20,1.635,158.919,0.0140,19.785
405,1,21,1.192,99.900,0.0140,15.083
405,2,22,0.827,34.075,0.0132,9.468
405,3,23,0.669,0.000,0.0126,3.199
405,4,24,0.788,0.000,0.0122,3.426
405,5,25,0.651,0.000,0.1625,3.390
405,6,26,0.347,0.000,0.1507,3.390
405,7,27,0.379,0.000,0.1506,3.391
405,8,28,0.299,0.000,0.1518,3.390
405,9,29,1.496,0.000,0.1509,3.390
405,10,30,0.554,0.000,0.1506,3.390
405,11,31,1.295,0.000,0.1507,3.390
405,12,32,1.373,0.000,0.1508,3.390
405,13,33,0.875,0.000,0.1501,3.390
405,14,34,1.259,1000.000,0.1520,3.390
405,15,35,0.847,0.000,0.1505,14.013
406,0,21,1.016,99.900,0.0140,15.083
406,1,22,0.733,34.075,0.0132,9.468
406,2,23,0.427,0.000,0.0126,3.199
406,3,24,0.964,0.000,0.0122,3.426
406,4,25,0.589,0.000,0.1625,3.390
406,5,26,0.581,0.000,0.1507,3.390
406,6,27,1.062,0.000,0.1506,3.391
406,7,28,0.866,0.000,0.1518,3.390
406,8,29,0.348,0.000,0.1509,3.390
406,9,30,1.086,0.000,0.1506,3.390
406,10,31,0.548,0.000,0.1507,3.390
406,11,32,0.772,0.000,0.1508,3.390
406,12,33,0.924,0.000,0.1501,3.390
406,13,34,0.412,1000.000,0.1520,3.390
406,14,35,0.281,0.000,0.1505,14.013
406,15,36,1.093,1028.261,1.1845,1.493
407,0,22,0.717,34.075,0.0132,9.468
407,1,23,1.868,0.000,0.0126,3.199
407,2,24,0.761,0.000,0.0122,3.426
407,3,25,1.190,0.000,0.1625,3.390
407,4,26,0.788,0.000,0.1507,3.390
407,5,27,1.794,0.000,0.1506,3.391
407,6,28,0.719,0.000,0.1518,3.390
407,7,29,0.618,0.000,0.1509,3.390
407,8,30,1.114,0.000,0.1506,3.390
407,9,31,1.011,0.000,0.1507,3.390
407,10,32,0.811,0.000,0.1508,3.390
407,11,33,1.711,0.000,0.1501,3.390
407,12,34,1.164,1000.000,0.1520,3.390
407,13,35,0.672,0.000,0.1505,14.013
407,14,36,0.581,1028.261,1.1845,1.493
407,15,37,1.847,0.000,0.1170,122.816
408,0,23,0.756,0.000,0.0126,3.199
408,1,24,0.540,0.000,0.0122,3.426
408,2,25,0.304,0.000,0.1625,3.390
408,3,26,1.056,0.000,0.1507,3.390
408,4,27,0.444,0.000,0.1506,3.391
408,5,28,0.265,0.000,0.1518,3.390
408,6,29,0.491,0.000,0.1509,3.390
408,7,30,0.909,0.000,0.1506,3.390
408,8,31,0.200,0.000,0.1507,3.390
408,9,32,0.443,0.000,0.1508,3.390
408,10,33,0.231,0.000,0.1501,3.390
408,11,34,0.366,1000.000,0.1520,3.390
408,12,35,0.705,0.000,0.1505,14.013
408,13,36,0.739,1028.261,1.1845,1.493
408,14,37,1.120,0.000,0.1170,122.816
408,15,38,0.780,0.000,4.4394,49.388
409,0,24,0.640,0.000,0.0122,3.426
409,1,25,0.381,0.000,0.1625,3.390
409,2,26,0.356,0.000,0.1507,3.390
409,3,27,0.561,0.000,0.1506,3.391
409,4,28,0.612,0.000,0.1518,3.390
409,5,29,0.352,0.000,0.1509,3.390
409,6,30,0.617,0.000,0.1506,3.390
409,7,31,0.572,0.000,0.1507,3.390
409,8,32,0.651,0.000,0.1508,3.390
409,9,33,1.009,0.000,0.1501,3.390
409,10,34,1.015,1000.000,0.1520,3.390
409,11,35,1.207,0.000,0.1505,14.013
409,12,36,2.123,1028.261,1.1845,1.493
409,13,37,0.795,0.000,0.1170,122.816
409,14,38,2.110,0.000,4.4394,49.388
409,15,39,0.677,0.000,2.4630,20.404
410,0,25,0.572,0.000,0.1625,3.390
410,1,26,0.693,0.000,0.1507,3.390
410,2,27,0.767,0.000,0.1506,3.391
410,3,28,1.458,0.000,0.1518,3.390
410,4,29,0.669,0.000,0.1509,3.390
410,5,30,0.364,0.000,0.1506,3.390
410,6,31,0.771,0.000,0.1507,3.390
410,7,32,0.668,0.000,0.1508,3.390
410,8,33,0.290,0.000,0.1501,3.390
410,9,34,0.881,1000.000,0.1520,3.390
410,10,35,1.358,0.000,0.1505,14.013
410,11,36,0.595,1028.261,1.1845,1.493
410,12,37,0.416,0.000,0.1170,122.816
410,13,38,0.768,0.000,4.4394,49.388
410,14,39,0.445,0.000,2.4630,20.404
410,15,40,0.462,0.000,0.6001,11.124
411,0,26,0.220,0.000,0.1507,3.390
411,1,27,0.219,0.000,0.1506,3.391
411,2,28,0.544,0.000,0.1518,3.390
411,3,29,0.279,0.000,0.1509,3.390
411,4,30,0.162,0.000,0.1506,3.390
411,5,31,0.161,0.000,0.1507,3.390
411,6,32,0.444,0.000,0.1508,3.390
411,7,33,0.508,0.000,0.1501,3.390
411,8,34,0.975,1000.000,0.1520,3.390
411,9,35,0.694,0.000,0.1505,14.013
411,10,36,1.701,1028.261,1.1845,1.493
411,11,37,0.841,0.000,0.1170,122.816
411,12,38,0.904,0.000,4.4394,49.388
411,13,39,0.394,0.000,2.4630,20.404
411,14,40,0.503,0.000,0.6001,11.124
411,15,41,1.348,0.000,0.6800,1.539
412,0,27,0.710,0.000,0.1506,3.391
412,1,28,1.227,0.000,0.1518,3.390
412,2,29,1.536,0.000,0.1509,3.390
412,3,30,0.501,0.000,0.1506,3.390
412,4,31,0.721,0.000,0.1507,3.390
412,5,32,1.104,0.000,0.1508,3.390
412,6,33,0.651,0.000,0.1501,3.390
412,7,34,0.997,1000.000,0.1520,3.390
412,8,35,1.215,0.000,0.1505,14.013
412,9,36,3.066,1028.261,1.1845,1.493
412,10,37,1.636,0.000,0.1170,122.816
412,11,38,0.812,0.000,4.4394,49.388
412,12,39,0.699,0.000,2.4630,20.404
412,13,40,1.175,0.000,0.6001,11.124
412,14,41,0.735,0.000,0.6800,1.539
412,15,42,0.783,0.000,0.1783,1.264
413,0,28,5.607,0.000,0.1518,3.390
413,1,29,0.853,0.000,0.1509,3.390
413,2,30,1.180,0.000,0.1506,3.390
413,3,31,0.706,0.000,0.1507,3.390
413,4,32,0.756,0.000,0.1508,3.390
413,5,33,0.923,0.000,0.1501,3.390
413,6,34,1.239,1000.000,0.1520,3.390
413,7,35,1.584,0.000,0.1505,14.013
413,8,36,2.304,1028.261,1.1845,1.493
413,9,37,3.292,0.000,0.1170,122.816
413,10,38,0.847,0.000,4.4394,49.388
413,11,39,1.112,0.000,2.4630,20.404
413,12,40,2.168,0.000,0.6001,11.124
413,13,41,1.389,0.000,0.6800,1.539
413,14,42,1.633,0.000,0.1783,1.264
413,15,43,1.286,0.000,0.2006,1.263
414,0,29,1.192,0.000,0.1509,3.390
414,1,30,1.521,0.000,0.1506,3.390
414,2,31,1.365,0.000,0.1507,3.390
414,3,32,2.096,0.000,0.1508,3.390
414,4,33,1.771,0.000,0.1501,3.390
414,5,34,1.868,1000.000,0.1520,3.390
414,6,35,2.175,0.000,0.1505,14.013
414,7,36,1.527,1028.261,1.1845,1.493
414,8,37,1.904,0.000,0.1170,122.816
414,9,38,0.939,0.000,4.4394,49.388
414,10,39,1.180,0.000,2.4630,20.404
414,11,40,0.706,0.000,0.6001,11.124
414,12,41,0.820,0.000,0.6800,1.539
414,13,42,1.452,0.000,0.1783,1.264
414,14,43,0.897,0.000,0.2006,1.263
414,15,44,1.375,0.000,0.2015,1.263
415,0,30,0.060,0.000,0.1506,3.390
415,1,31,0.593,0.000,0.1507,3.390
415,2,32,1.201,0.000,0.1508,3.390
415,3,33,0.904,0.000,0.1501,3.390
415,4,34,1.532,1000.000,0.1520,3.390
415,5,35,99.172,0.000,0.1505,14.013
415,6,36,1.015,1028.261,1.1845,1.493
415,7,37,100.453,0.000,0.1170,122.816
415,8,38,0.504,0.000,4.4394,49.388
415,9,39,0.699,0.000,2.4630,20.404
415,10,40,0.588,0.000,0.6001,11.124
415,11,41,1.039,0.000,0.6800,1.539
415,12,42,0.518,0.000,0.1783,1.264
415,13,43,0.587,0.000,0.2006,1.263
415,14,44,0.248,0.000,0.2015,1.263
415,15,45,0.633,0.000,0.2016,1.263
416,0,31,0.719,0.000,0.1507,3.390
416,1,32,0.108,0.000,0.1508,3.390
416,2,33,1.170,0.000,0.1501,3.390
416,3,34,0.447,1000.000,0.1520,3.390
416,4,35,0.552,0.000,0.1505,14.013
416,5,36,3.744,1028.261,1.1845,1.493
416,6,37,0.275,0.000,0.1170,122.816
416,7,38,0.422,0.000,4.4394,49.388
416,8,39,0.854,0.000,2.4630,20.404
416,9,40,0.122,0.000,0.6001,11.124
416,10,41,0.603,0.000,0.6800,1.539
416,11,42,0.437,0.000,0.1783,1.264
416,12,43,0.771,0.000,0.2006,1.263
416,13,44,0.354,0.000,0.2015,1.263
416,14,45,1.728,0.000,0.2016,1.263
416,15,46,0.330,0.000,0.2023,1.262
417,0,32,0.533,0.000,0.1508,3.390
417,1,33,0.688,0.000,0.1501,3.390
417,2,34,1.274,1000.000,0.1520,3.390
417,3,35,1.024,0.000,0.1505,14.013
417,4,36,1.120,1028.261,1.1845,1.493
417,5,37,2.089,0.000,0.1170,122.816
417,6,38,0.815,0.000,4.4394,49.388
417,7,39,0.309,0.000,2.4630,20.404
417,8,40,0.704,0.000,0.6001,11.124
417,9,41,0.845,0.000,0.6800,1.539
417,10,42,0.641,0.000,0.1783,1.264
417,11,43,0.335,0.000,0.2006,1.263
417,12,44,0.718,0.000,0.2015,1.263
417,13,45,0.970,0.000,0.2016,1.263
417,14,46,0.386,0.000,0.2023,1.262
417,15,47,3.039,0.000,0.2028,1.262
418,0,33,85.799,0.000,0.1501,3.390
418,1,34,92.464,1000.000,0.1520,3.390
418,2,35,86.329,0.000,0.1505,14.013
418,3,36,97.224,1028.261,1.1845,1.493
418,4,37,3.611,0.000,0.1170,122.816
418,5,38,1.278,0.000,4.4394,49.388
418,6,39,1.068,0.000,2.4630,20.404
418,7,40,0.708,0.000,0.6001,11.124
418,8,41,1.577,0.000,0.6800,1.539
418,9,42,0.839,0.000,0.1783,1.264
418,10,43,1.438,0.000,0.2006,1.263
418,11,44,2.060,0.000,0.2015,1.263
418,12,45,0.531,0.000,0.2016,1.263
418,13,46,0.528,0.000,0.2023,1.262
418,14,47,1.251,0.000,0.2028,1.262
418,15,48,1.069,0.000,0.2032,1.262
419,0,34,98.485,1000.000,0.1520,3.390
419,1,35,3.577,0.000,0.1505,14.013
419,2,36,101.142,1028.261,1.1845,1.493
419,3,37,0.521,0.000,0.1170,122.816
419,4,38,1.168,0.000,4.4394,49.388
419,5,39,1.145,0.000,2.4630,20.404
419,6,40,0.627,0.000,0.6001,11.124
419,7,41,0.415,0.000,0.6800,1.539
419,8,42,0.477,0.000,0.1783,1.264
419,9,43,0.380,0.000,0.2006,1.263
419,10,44,0.633,0.000,0.2015,1.263
419,11,45,0.721,0.000,0.2016,1.263
419,12,46,0.308,0.000,0.2023,1.262
419,13,47,0.923,0.000,0.2028,1.262
419,14,48,0.817,0.000,0.2032,1.262
419,15,49,0.593,0.000,0.2037,1.263
420,0,35,1.078,0.000,0.1505,14.013
420,1,36,1.565,1028.261,1.1845,1.493
420,2,37,0.302,0.000,0.1170,122.816
420,3,38,0.310,0.000,4.4394,49.388
420,4,39,1.230,0.000,2.4630,20.404
420,5,40,0.161,0.000,0.6001,11.124
420,6,41,0.594,0.000,0.6800,1.539
420,7,42,1.028,0.000,0.1783,1.264
420,8,43,0.541,0.000,0.2006,1.263
420,9,44,0.602,0.000,0.2015,1.263
420,10,45,0.784,0.000,0.2016,1.263
420,11,46,1.736,0.000,0.2023,1.262
420,12,47,0.295,0.000,0.2028,1.262
420,13,48,0.539,0.000,0.2032,1.262
420,14,49,1.244,0.000,0.2037,1.263
420,15,50,0.818,0.000,0.2054,1.262
421,0,36,0.569,1028.261,1.1845,1.493
421,1,37,1.043,0.000,0.1170,122.816
421,2,38,1.209,0.000,4.4394,49.388
421,3,39,0.382,0.000,2.4630,20.404
421,4,40,0.964,0.000,0.6001,11.124
421,5,41,0.657,0.000,0.6800,1.539
421,6,42,0.721,0.000,0.1783,1.264
421,7,43,0.494,0.000,0.2006,1.263
421,8,44,0.479,0.000,0.2015,1.263
421,9,45,0.433,0.000,0.2016,1.263
421,10,46,0.926,0.000,0.2023,1.262
421,11,47,0.527,0.000,0.2028,1.262
421,12,48,0.417,0.000,0.2032,1.262
421,13,49,1.223,0.000,0.2037,1.263
421,14,50,1.270,0.000,0.2054,1.262
421,15,51,7.897,258.820,0.2054,1.262
422,0,37,2.970,0.000,0.1170,122.816
422,1,38,1.017,0.000,4.4394,49.388
422,2,39,1.424,0.000,2.4630,20.404
422,3,40,0.826,0.000,0.6001,11.124
422,4,41,1.155,0.000,0.6800,1.539
422,5,42,0.850,0.000,0.1783,1.264
422,6,43,0.667,0.000,0.2006,1.263
422,7,44,0.494,0.000,0.2015,1.263
422,8,45,1.137,0.000,0.2016,1.263
422,9,46,1.280,0.000,0.2023,1.262
422,10,47,1.358,0.000,0.2028,1.262
422,11,48,0.669,0.000,0.2032,1.262
422,12,49,0.767,0.000,0.2037,1.263
422,13,50,1.029,0.000,0.2054,1.262
422,14,51,1.015,258.820,0.2054,1.262
422,15,52,5.218,0.000,0.2052,25.790
423,0,38,1.454,0.000,4.4394,49.388
423,1,39,1.203,0.000,2.4630,20.404
423,2,40,0.414,0.000,0.6001,11.124
423,3,41,0.520,0.000,0.6800,1.539
423,4,42,0.301,0.000,0.1783,1.264
423,5,43,0.427,0.000,0.2006,1.263
423,6,44,0.286,0.000,0.2015,1.263
423,7,45,0.453,0.000,0.2016,1.263
423,8,46,0.257,0.000,0.2023,1.262
423,9,47,0.212,0.000,0.2028,1.262
423,10,48,1.579,0.000,0.2032,1.262
423,11,49,0.310,0.000,0.2037,1.263
423,12,50,2.030,0.000,0.2054,1.262
423,13,51,1.673,258.820,0.2054,1.262
423,14,52,5.450,0.000,0.2052,25.790
423,15,53,0.425,241.181,0.2090,4.847
424,0,39,0.664,0.000,2.4630,20.404
424,1,40,0.224,0.000,0.6001,11.124
424,2,41,0.324,0.000,0.6800,1.539
424,3,42,0.496,0.000,0.1783,1.264
424,4,43,1.024,0.000,0.2006,1.263
424,5,44,0.497,0.000,0.2015,1.263
424,6,45,0.410,0.000,0.2016,1.263
424,7,46,0.454,0.000,0.2023,1.262
424,8,47,0.534,0.000,0.2028,1.262
424,9,48,0.586,0.000,0.2032,1.262
424,10,49,0.234,0.000,0.2037,1.263
424,11,50,1.018,0.000,0.2054,1.262
424,12,51,1.436,258.820,0.2054,1.262
424,13,52,0.725,0.000,0.2052,25.790
424,14,53,5.112,241.181,0.2090,4.847
424,15,54,1.181,0.000,0.2093,23.230
425,0,40,0.348,0.000,0.6001,11.124
425,1,41,1.203,0.000,0.6800,1.539
425,2,42,0.306,0.000,0.1783,1.264
425,3,43,0.732,0.000,0.2006,1.263
425,4,44,0.383,0.000,0.2015,1.263
425,5,45,0.330,0.000,0.2016,1.263
425,6,46,0.595,0.000,0.2023,1.262
425,7,47,0.312,0.000,0.2028,1.262
425,8,48,0.369,0.000,0.2032,1.262
425,9,49,0.617,0.000,0.2037,1.263
425,10,50,0.311,0.000,0.2054,1.262
425,11,51,0.854,258.820,0.2054,1.262
425,12,52,0.224,0.000,0.2052,25.790
425,13,53,0.283,241.181,0.2090,4.847
425,14,54,0.449,0.000,0.2093,23.230
425,15,55,0.237,207.107,0.2093,5.086
426,0,41,0.836,0.000,0.6800,1.539
426,1,42,0.700,0.000,0.1783,1.264
426,2,43,0.836,0.000,0.2006,1.263
426,3,44,0.432,0.000,0.2015,1.263
426,4,45,0.784,0.000,0.2016,1.263
426,5,46,0.765,0.000,0.2023,1.262
426,6,47,0.922,0.000,0.2028,1.262
426,7,48,0.276,0.000,0.2032,1.262
426,8,49,0.477,0.000,0.2037,1.263
426,9,50,0.927,0.000,0.2054,1.262
426,10,51,1.266,258.820,0.2054,1.262
426,11,52,1.778,0.000,0.2052,25.790
426,12,53,2.530,241.181,0.2090,4.847
426,13,54,0.903,0.000,0.2093,23.230
426,14,55,2.074,207.107,0.2093,5.086
426,15,56,0.434,0.000,0.2049,19.523
427,0,42,0.636,0.000,0.1783,1.264
427,1,43,0.668,0.000,0.2006,1.263
427,2,44,0.303,0.000,0.2015,1.263
427,3,45,0.598,0.000,0.2016,1.263
427,4,46,0.362,0.000,0.2023,1.262
427,5,47,0.733,0.000,0.2028,1.262
427,6,48,0.601,0.000,0.2032,1.262
427,7,49,1.048,0.000,0.2037,1.263
427,8,50,0.446,0.000,0.2054,1.262
427,9,51,0.304,258.820,0.2054,1.262
427,10,52,0.960,0.000,0.2052,25.790
427,11,53,1.202,241.181,0.2090,4.847
427,12,54,0.404,0.000,0.2093,23.230
427,13,55,3.293,207.107,0.2093,5.086
427,14,56,1.231,0.000,0.2049,19.523
427,15,57,0.373,158.918,0.2060,4.149
428,0,43,1.057,0.000,0.2006,1.263
428,1,44,0.519,0.000,0.2015,1.263
428,2,45,0.453,0.000,0.2016,1.263
428,3,46,0.453,0.000,0.2023,1.262
428,4,47,0.987,0.000,0.2028,1.262
428,5,48,0.407,0.000,0.2032,1.262
428,6,49,0.916,0.000,0.2037,1.263
428,7,50,0.775,0.000,0.2054,1.262
428,8,51,1.152,258.820,0.2054,1.262
428,9,52,1.924,0.000,0.2052,25.790
428,10,53,2.614,241.181,0.2090,4.847
428,11,54,2.139,0.000,0.2093,23.230
428,12,55,2.393,207.107,0.2093,5.086
428,13,56,1.800,0.000,0.2049,19.523
428,14,57,2.851,158.918,0.2060,4.149
428,15,58,1.810,99.901,0.2025,14.833
429,0,44,1.390,0.000,0.2015,1.263
429,1,45,0.804,0.000,0.2016,1.263
429,2,46,0.977,0.000,0.2023,1.262
429,3,47,0.446,0.000,0.2028,1.262
429,4,48,0.385,0.000,0.2032,1.262
429,5,49,0.628,0.000,0.2037,1.263
429,6,50,1.768,0.000,0.2054,1.262
429,7,51,1.608,258.820,0.2054,1.262
429,8,52,0.546,0.000,0.2052,25.790
429,9,53,2.274,241.181,0.2090,4.847
429,10,54,0.942,0.000,0.2093,23.230
429,11,55,2.209,207.107,0.2093,5.086
429,12,56,1.928,0.000,0.2049,19.523
429,13,57,2.339,158.918,0.2060,4.149
429,14,58,1.545,99.901,0.2025,14.833
429,15,59,0.984,34.074,0.2022,9.352
430,0,45,2.459,0.000,0.2016,1.263
430,1,46,0.835,0.000,0.2023,1.262
430,2,47,0.621,0.000,0.2028,1.262
430,3,48,0.692,0.000,0.2032,1.262
430,4,49,0.461,0.000,0.2037,1.263
430,5,50,0.471,0.000,0.2054,1.262
430,6,51,0.801,258.820,0.2054,1.262
430,7,52,1.531,0.000,0.2052,25.790
430,8,53,2.109,241.181,0.2090,4.847
430,9,54,1.827,0.000,0.2093,23.230
430,10,55,1.163,207.107,0.2093,5.086
430,11,56,0.468,0.000,0.2049,19.523
430,12,57,0.896,158.918,0.2060,4.149
430,13,58,2.114,99.901,0.2025,14.833
430,14,59,1.741,34.074,0.2022,9.352
430,15,60,0.962,0.000,0.1996,5.130
431,0,46,0.529,0.000,0.2023,1.262
431,1,47,1.362,0.000,0.2028,1.262
431,2,48,0.404,0.000,0.2032,1.262
431,3,49,1.026,0.000,0.2037,1.263
431,4,50,0.814,0.000,0.2054,1.262
431,5,51,0.673,258.820,0.2054,1.262
431,6,52,21.041,0.000,0.2052,25.790
431,7,53,1.364,241.181,0.2090,4.847
431,8,54,23.625,0.000,0.2093,23.230
431,9,55,1.921,207.107,0.2093,5.086
431,10,56,18.765,0.000,0.2049,19.523
431,11,57,2.078,158.918,0.2060,4.149
431,12,58,14.864,99.901,0.2025,14.833
431,13,59,8.629,34.074,0.2022,9.352
431,14,60,2.367,0.000,0.1996,5.130
431,15,61,0.437,0.000,0.0966,1.622
432,0,47,2.053,0.000,0.2028,1.262
432,1,48,0.455,0.000,0.2032,1.262
432,2,49,1.177,0.000,0.2037,1.263
432,3,50,0.900,0.000,0.2054,1.262
432,4,51,1.499,258.820,0.2054,1.262
432,5,52,13.853,0.000,0.2052,25.790
432,6,53,4.485,241.181,0.2090,4.847
432,7,54,13.488,0.000,0.2093,23.230
432,8,55,4.084,207.107,0.2093,5.086
432,9,56,12.009,0.000,0.2049,19.523
432,10,57,2.546,158.918,0.2060,4.149
432,11,58,9.695,99.901,0.2025,14.833
432,12,59,5.978,34.074,0.2022,9.352
432,13,60,1.845,0.000,0.1996,5.130
432,14,61,1.283,0.000,0.0966,1.622
432,15,62,1.119,0.000,0.2589,1.549
433,0,48,1.162,0.000,0.2032,1.262
433,1,49,1.140,0.000,0.2037,1.263
433,2,50,0.963,0.000,0.2054,1.262
433,3,51,2.308,258.820,0.2054,1.262
433,4,52,14.585,0.000,0.2052,25.790
433,5,53,11.679,241.181,0.2090,4.847
433,6,54,12.467,0.000,0.2093,23.230
433,7,55,11.436,207.107,0.2093,5.086
433,8,56,11.406,0.000,0.2049,19.523
433,9,57,8.524,158.918,0.2060,4.149
433,10,58,8.357,99.901,0.2025,14.833
433,11,59,10.706,34.074,0.2022,9.352
433,12,60,4.378,0.000,0.1996,5.130
433,13,61,0.660,0.000,0.0966,1.622
433,14,62,1.034,0.000,0.2589,1.549
433,15,63,0.978,0.000,0.1438,1.537
434,0,49,0.379,0.000,0.2037,1.263
434,1,50,1.740,0.000,0.2054,1.262
434,2,51,1.435,258.820,0.2054,1.262
434,3,52,16.311,0.000,0.2052,25.790
434,4,53,6.502,241.181,0.2090,4.847
434,5,54,14.387,0.000,0.2093,23.230
434,6,55,7.231,207.107,0.2093,5.086
434,7,56,10.585,0.000,0.2049,19.523
434,8,57,3.883,158.918,0.2060,4.149
434,9,58,8.620,99.901,0.2025,14.833
434,10,59,8.697,34.074,0.2022,9.352
434,11,60,2.639,0.000,0.1996,5.130
434,12,61,0.455,0.000,0.0966,1.622
434,13,62,0.418,0.000,0.2589,1.549
434,14,63,1.033,0.000,0.1438,1.537
434,15,64,0.482,0.000,0.1257,1.533
435,0,50,0.786,0.000,0.2054,1.262
435,1,51,1.409,258.820,0.2054,1.262
435,2,52,15.829,0.000,0.2052,25.790
435,3,53,3.143,241.181,0.2090,4.847
435,4,54,15.023,0.000,0.2093,23.230
435,5,55,3.755,207.107,0.2093,5.086
435,6,56,12.923,0.000,0.2049,19.523
435,7,57,4.879,158.918,0.2060,4.149
435,8,58,8.569,99.901,0.2025,14.833
435,9,59,3.957,34.074,0.2022,9.352
435,10,60,0.941,0.000,0.1996,5.130
435,11,61,1.394,0.000,0.0966,1.622
435,12,62,0.607,0.000,0.2589,1.549
435,13,63,0.998,0.000,0.1438,1.537
435,14,64,0.421,0.000,0.1257,1.533
435,15,65,1.398,0.000,0.1195,1.548
436,0,51,5.396,258.820,0.2054,1.262
436,1,52,18.001,0.000,0.2052,25.790
436,2,53,5.799,241.181,0.2090,4.847
436,3,54,16.036,0.000,0.2093,23.230
436,4,55,4.218,207.107,0.2093,5.086
436,5,56,11.657,0.000,0.2049,19.523
436,6,57,3.351,158.918,0.2060,4.149
436,7,58,6.686,99.901,0.2025,14.833
436,8,59,4.304,34.074,0.2022,9.352
436,9,60,1.336,0.000,0.1996,5.130
436,10,61,0.296,0.000,0.0966,1.622
436,11,62,0.878,0.000,0.2589,1.549
436,12,63,0.977,0.000,0.1438,1.537
436,13,64,0.489,0.000,0.1257,1.533
436,14,65,1.584,0.000,0.1195,1.548
436,15,66,0.969,0.000,0.1369,1.545
437,0,52,5.034,0.000,0.2052,25.790
437,1,53,2.520,241.181,0.2090,4.847
437,2,54,4.571,0.000,0.2093,23.230
437,3,55,3.060,207.107,0.2093,5.086
437,4,56,3.431,0.000,0.2049,19.523
437,5,57,2.815,158.918,0.2060,4.149
437,6,58,3.620,99.901,0.2025,14.833
437,7,59,1.291,34.074,0.2022,9.352
437,8,60,0.851,0.000,0.1996,5.130
437,9,61,0.473,0.000,0.0966,1.622
437,10,62,0.234,0.000,0.2589,1.549
437,11,63,0.501,0.000,0.1438,1.537
437,12,64,0.548,0.000,0.1257,1.533
437,13,65,0.600,0.000,0.1195,1.548
437,14,66,0.352,0.000,0.1369,1.545
437,15,67,1.171,0.000,0.1305,1.549
438,0,53,3.621,241.181,0.2090,4.847
438,1,54,4.565,0.000,0.2093,23.230
438,2,55,3.694,207.107,0.2093,5.086
438,3,56,4.204,0.000,0.2049,19.523
438,4,57,3.052,158.918,0.2060,4.149
438,5,58,2.670,99.901,0.2025,14.833
438,6,59,3.945,34.074,0.2022,9.352
438,7,60,1.725,0.000,0.1996,5.130
438,8,61,0.584,0.000,0.0966,1.622
438,9,62,0.365,0.000,0.2589,1.549
438,10,63,0.562,0.000,0.1438,1.537
438,11,64,0.777,0.000,0.1257,1.533
438,12,65,0.891,0.000,0.1195,1.548
438,13,66,0.542,0.000,0.1369,1.545
438,14,67,0.524,0.000,0.1305,1.549
438,15,68,2.625,0.000,0.1343,1.538
439,0,54,0.897,0.000,0.2093,23.230
439,1,55,1.611,207.107,0.2093,5.086
439,2,56,0.552,0.000,0.2049,19.523
439,3,57,0.459,158.918,0.2060,4.149
439,4,58,0.939,99.901,0.2025,14.833
439,5,59,0.543,34.074,0.2022,9.352
439,6,60,0.308,0.000,0.1996,5.130
439,7,61,0.283,0.000,0.0966,1.622
439,8,62,0.748,0.000,0.2589,1.549
439,9,63,0.372,0.000,0.1438,1.537
439,10,64,0.580,0.000,0.1257,1.533
439,11,65,0.658,0.000,0.1195,1.548
439,12,66,0.136,0.000,0.1369,1.545
439,13,67,0.467,0.000,0.1305,1.549
439,14,68,0.600,0.000,0.1343,1.538
439,15,69,0.872,0.000,0.1185,1.546
440,0,55,0.713,207.107,0.2093,5.086
440,1,56,3.420,0.000,0.2049,19.523
440,2,57,1.509,158.918,0.2060,4.149
440,3,58,1.300,99.901,0.2025,14.833
440,4,59,1.175,34.074,0.2022,9.352
440,5,60,1.265,0.000,0.1996,5.130
440,6,61,0.209,0.000,0.0966,1.622
440,7,62,0.465,0.000,0.2589,1.549
440,8,63,0.761,0.000,0.1438,1.537
440,9,64,0.553,0.000,0.1257,1.533
440,10,65,0.371,0.000,0.1195,1.548
440,11,66,0.361,0.000,0.1369,1.545
440,12,67,0.661,0.000,0.1305,1.549
440,13,68,1.036,0.000,0.1343,1.538
440,14,69,0.543,0.000,0.1185,1.546
440,15,70,0.846,0.000,0.1287,1.550
441,0,56,0.520,0.000,0.2049,19.523
441,1,57,8.051,158.918,0.2060,4.149
441,2,58,4.183,99.901,0.2025,14.833
441,3,59,2.821,34.074,0.2022,9.352
441,4,60,0.523,0.000,0.1996,5.130
441,5,61,1.024,0.000,0.0966,1.622
441,6,62,0.517,0.000,0.2589,1.549
441,7,63,0.491,0.000,0.1438,1.537
441,8,64,1.071,0.000,0.1257,1.533
441,9,65,0.537,0.000,0.1195,1.548
441,10,66,0.572,0.000,0.1369,1.545
441,11,67,0.454,0.000,0.1305,1.549
441,12,68,0.866,0.000,0.1343,1.538
441,13,69,2.492,0.000,0.1185,1.546
441,14,70,2.910,0.000,0.1287,1.550
441,15,71,0.681,0.000,0.1309,1.555
442,0,57,3.330,158.918,0.2060,4.149
442,1,58,2.403,99.901,0.2025,14.833
442,2,59,1.634,34.074,0.2022,9.352
442,3,60,1.956,0.000,0.1996,5.130
442,4,61,1.308,0.000,0.0966,1.622
442,5,62,2.244,0.000,0.2589,1.549
442,6,63,0.974,0.000,0.1438,1.537
442,7,64,2.133,0.000,0.1257,1.533
442,8,65,0.981,0.000,0.1195,1.548
442,9,66,1.138,0.000,0.1369,1.545
442,10,67,0.716,0.000,0.1305,1.549
442,11,68,0.839,0.000,0.1343,1.538
442,12,69,2.012,0.000,0.1185,1.546
442,13,70,1.176,0.000,0.1287,1.550
442,14,71,1.095,0.000,0.1309,1.555
442,15,72,2.335,0.000,0.1359,1.553
443,0,58,3.833,99.901,0.2025,14.833
443,1,59,2.569,34.074,0.2022,9.352
443,2,60,1.459,0.000,0.1996,5.130
443,3,61,0.595,0.000,0.0966,1.622
443,4,62,0.423,0.000,0.2589,1.549
443,5,63,0.507,0.000,0.1438,1.537
443,6,64,0.663,0.000,0.1257,1.533
443,7,65,0.389,0.000,0.1195,1.548
443,8,66,1.319,0.000,0.1369,1.545
443,9,67,0.671,0.000,0.1305,1.549
443,10,68,0.595,0.000,0.1343,1.538
443,11,69,1.036,0.000,0.1185,1.546
443,12,70,0.354,0.000,0.1287,1.550
443,13,71,0.427,0.000,0.1309,1.555
443,14,72,0.346,0.000,0.1359,1.553
443,15,73,0.969,0.000,0.1302,1.556
444,0,59,4.306,34.074,0.2022,9.352
444,1,60,1.217,0.000,0.1996,5.130
444,2,61,1.121,0.000,0.0966,1.622
444,3,62,0.632,0.000,0.2589,1.549
444,4,63,0.614,0.000,0.1438,1.537
444,5,64,0.294,0.000,0.1257,1.533
444,6,65,0.555,0.000,0.1195,1.548
444,7,66,0.289,0.000,0.1369,1.545
444,8,67,0.404,0.000,0.1305,1.549
444,9,68,0.264,0.000,0.1343,1.538
444,10,69,0.427,0.000,0.1185,1.546
444,11,70,0.538,0.000,0.1287,1.550
444,12,71,0.069,0.000,0.1309,1.555
444,13,72,0.391,0.000,0.1359,1.553
444,14,73,2.365,0.000,0.1302,1.556
444,15,74,0.757,0.000,0.1326,1.560
445,0,60,0.967,0.000,0.1996,5.130
445,1,61,1.563,0.000,0.0966,1.622
445,2,62,0.912,0.000,0.2589,1.549
445,3,63,0.496,0.000,0.1438,1.537
445,4,64,0.357,0.000,0.1257,1.533
445,5,65,0.323,0.000,0.1195,1.548
445,6,66,0.405,0.000,0.1369,1.545
445,7,67,0.405,0.000,0.1305,1.549
445,8,68,0.098,0.000,0.1343,1.538
445,9,69,0.375,0.000,0.1185,1.546
445,10,70,0.339,0.000,0.1287,1.550
445,11,71,0.348,0.000,0.1309,1.555
445,12,72,0.398,0.000,0.1359,1.553
445,13,73,0.512,0.000,0.1302,1.556
445,14,74,0.584,0.000,0.1326,1.560
445,15,75,0.368,0.000,0.1362,1.556
446,0,61,1.188,0.000,0.0966,1.622
446,1,62,1.778,0.000,0.2589,1.549
446,2,63,1.115,0.000,0.1438,1.537
446,3,64,0.577,0.000,0.1257,1.533
446,4,65,0.369,0.000,0.1195,1.548
446,5,66,0.433,0.000,0.1369,1.545
446,6,67,0.499,0.000,0.1305,1.549
446,7,68,0.445,0.000,0.1343,1.538
446,8,69,0.697,0.000,0.1185,1.546
446,9,70,0.375,0.000,0.1287,1.550
446,10,71,0.436,0.000,0.1309,1.555
446,11,72,0.749,0.000,0.1359,1.553
446,12,73,0.702,0.000,0.1302,1.556
446,13,74,0.361,0.000,0.1326,1.560
446,14,75,0.794,0.000,0.1362,1.556
446,15,76,0.487,0.000,0.1286,1.561
447,0,62,1.567,0.000,0.2589,1.549
447,1,63,0.500,0.000,0.1438,1.537
447,2,64,0.886,0.000,0.1257,1.533
447,3,65,0.950,0.000,0.1195,1.548
447,4,66,0.269,0.000,0.1369,1.545
447,5,67,0.787,0.000,0.1305,1.549
447,6,68,1.001,0.000,0.1343,1.538
447,7,69,0.978,0.000,0.1185,1.546
447,8,70,0.252,0.000,0.1287,1.550
447,9,71,0.412,0.000,0.1309,1.555
447,10,72,0.552,0.000,0.1359,1.553
447,11,73,0.828,0.000,0.1302,1.556
447,12,74,0.285,0.000,0.1326,1.560
447,13,75,0.698,0.000,0.1362,1.556
447,14,76,1.105,0.000,0.1286,1.561
448,0,63,1.038,0.000,0.1438,1.537
448,1,64,1.409,0.000,0.1257,1.533
448,2,65,0.827,0.000,0.1195,1.548
448,3,66,1.112,0.000,0.1369,1.545
448,4,67,0.465,0.000,0.1305,1.549
448,5,68,1.027,0.000,0.1343,1.538
448,6,69,0.963,0.000,0.1185,1.546
448,7,70,1.067,0.000,0.1287,1.550
448,8,71,1.302,0.000,0.1309,1.555
448,9,72,0.573,0.000,0.1359,1.553
448,10,73,1.043,0.000,0.1302,1.556
448,11,74,2.075,0.000,0.1326,1.560
448,12,75,1.173,0.000,0.1362,1.556
448,13,76,0.856,0.000,0.1286,1.561
449,0,64,0.853,0.000,0.1257,1.533
449,1,65,1.160,0.000,0.1195,1.548
449,2,66,0.807,0.000,0.1369,1.545
449,3,67,1.199,0.000,0.1305,1.549
449,4,68,0.813,0.000,0.1343,1.538
449,5,69,1.633,0.000,0.1185,1.546
449,6,70,0.566,0.000,0.1287,1.550
449,7,71,0.484,0.000,0.1309,1.555
449,8,72,0.847,0.000,0.1359,1.553
449,9,73,0.567,0.000,0.1302,1.556
449,10,74,0.443,0.000,0.1326,1.560
449,11,75,1.456,0.000,0.1362,1.556
449,12,76,1.303,0.000,0.1286,1.561
450,0,65,0.713,0.000,0.1195,1.548
450,1,66,0.304,0.000,0.1369,1.545
450,2,67,0.777,0.000,0.1305,1.549
450,3,68,0.698,0.000,0.1343,1.538
450,4,69,0.537,0.000,0.1185,1.546
450,5,70,0.872,0.000,0.1287,1.550
450,6,71,0.831,0.000,0.1309,1.555
450,7,72,0.776,0.000,0.1359,1.553
450,8,73,1.802,0.000,0.1302,1.556
450,9,74,0.575,0.000,0.1326,1.560
450,10,75,1.329,0.000,0.1362,1.556
450,11,76,1.343,0.000,0.1286,1.561
451,0,66,1.172,0.000,0.1369,1.545
451,1,67,3.407,0.000,0.1305,1.549
451,2,68,0.788,0.000,0.1343,1.538
451,3,69,1.233,0.000,0.1185,1.546
451,4,70,1.458,0.000,0.1287,1.550
451,5,71,0.638,0.000,0.1309,1.555
451,6,72,1.146,0.000,0.1359,1.553
451,7,73,1.144,0.000,0.1302,1.556
451,8,74,1.736,0.000,0.1326,1.560
451,9,75,1.445,0.000,0.1362,1.556
451,10,76,1.842,0.000,0.1286,1.561
452,0,67,2.117,0.000,0.1305,1.549
452,1,68,1.168,0.000,0.1343,1.538
452,2,69,0.887,0.000,0.1185,1.546
452,3,70,1.540,0.000,0.1287,1.550
452,4,71,1.617,0.000,0.1309,1.555
452,5,72,1.225,0.000,0.1359,1.553
452,6,73,1.490,0.000,0.1302,1.556
452,7,74,1.491,0.000,0.1326,1.560
452,8,75,1.928,0.000,0.1362,1.556
452,9,76,1.741,0.000,0.1286,1.561
453,0,68,1.655,0.000,0.1343,1.538
453,1,69,1.001,0.000,0.1185,1.546
453,2,70,0.757,0.000,0.1287,1.550
453,3,71,1.252,0.000,0.1309,1.555
453,4,72,1.679,0.000,0.1359,1.553
453,5,73,1.132,0.000,0.1302,1.556
453,6,74,1.790,0.000,0.1326,1.560
453,7,75,1.654,0.000,0.1362,1.556
453,8,76,1.745,0.000,0.1286,1.561
454,0,69,2.436,0.000,0.1185,1.546
454,1,70,1.443,0.000,0.1287,1.550
454,2,71,1.435,0.000,0.1309,1.555
454,3,72,1.933,0.000,0.1359,1.553
454,4,73,1.423,0.000,0.1302,1.556
454,5,74,1.358,0.000,0.1326,1.560
454,6,75,1.457,0.000,0.1362,1.556
454,7,76,2.245,0.000,0.1286,1.561
455,0,70,1.245,0.000,0.1287,1.550
455,1,71,1.831,0.000,0.1309,1.555
455,2,72,1.724,0.000,0.1359,1.553
455,3,73,1.540,0.000,0.1302,1.556
455,4,74,0.800,0.000,0.1326,1.560
455,5,75,1.387,0.000,0.1362,1.556
455,6,76,2.496,0.000,0.1286,1.561
456,0,71,3.643,0.000,0.1309,1.555
456,1,72,1.623,0.000,0.1359,1.553
456,2,73,1.398,0.000,0.1302,1.556
456,3,74,1.351,0.000,0.1326,1.560
456,4,75,1.718,0.000,0.1362,1.556
456,5,76,1.406,0.000,0.1286,1.561
457,0,72,1.398,0.000,0.1359,1.553
457,1,73,0.955,0.000,0.1302,1.556
457,2,74,1.100,0.000,0.1326,1.560
457,3,75,1.781,0.000,0.1362,1.556
457,4,76,2.566,0.000,0.1286,1.561
458,0,73,3.719,0.000,0.1302,1.556
458,1,74,3.000,0.000,0.1326,1.560
458,2,75,2.115,0.000,0.1362,1.556
458,3,76,2.117,0.000,0.1286,1.561
459,0,74,1.519,0.000,0.1326,1.560
459,1,75,1.456,0.000,0.1362,1.556
459,2,76,1.087,0.000,0.1286,1.561
460,0,75,2.768,0.000,0.1362,1.556
460,1,76,4.373,0.000,0.1286,1.561
461,0,76,2.013,0.000,0.1286,1.561
463,0,0,3.331,380.635,5.1050,38.064
463,1,1,8.553,1063.684,4.4924,106.368
463,2,2,15.126,260.587,2.6981,26.059
463,3,3,3.206,0.003,0.0303,0.000
463,4,4,2.248,0.003,0.0304,0.000
463,5,5,0.841,0.001,0.0304,0.000
463,6,6,2.244,0.002,0.0304,0.000
463,7,7,1.675,0.001,0.0304,0.000
463,8,8,1.274,0.002,0.0304,0.000
463,9,9,1.547,0.003,0.0304,0.000
463,10,10,1.039,0.001,0.0304,0.000
463,11,11,2.278,0.002,0.0304,0.000
463,12,12,302.533,3426.077,0.0304,0.000
463,13,13,5.496,0.000,0.0304,342.608
463,14,14,1.019,0.000,0.0304,162.446
463,15,15,2.661,0.000,5.7688,19.512
464,0,1,12.786,1063.684,4.4924,106.368
464,1,2,21.999,260.587,2.6981,26.059
464,2,3,5.459,0.003,0.0303,0.000
464,3,4,4.107,0.003,0.0304,0.000
464,4,5,3.136,0.001,0.0304,0.000
464,5,6,3.277,0.002,0.0304,0.000
464,6,7,4.640,0.001,0.0304,0.000
464,7,8,3.347,0.002,0.0304,0.000
464,8,9,4.305,0.003,0.0304,0.000
464,9,10,3.141,0.001,0.0304,0.000
464,10,11,2.467,0.002,0.0304,0.000
464,11,12,4.589,3426.077,0.0304,0.000
464,12,13,1.262,0.000,0.0304,342.608
464,13,14,2.850,0.000,0.0304,162.446
464,14,15,1.317,0.000,5.7688,19.512
464,15,16,1.071,258.819,2.9759,0.119
465,0,2,14.000,260.587,2.6981,26.059
465,1,3,3.927,0.003,0.0303,0.000
465,2,4,2.973,0.003,0.0304,0.000
465,3,5,4.100,0.001,0.0304,0.000
465,4,6,1.694,0.002,0.0304,0.000
465,5,7,1.515,0.001,0.0304,0.000
465,6,8,0.653,0.002,0.0304,0.000
465,7,9,1.944,0.003,0.0304,0.000
465,8,10,1.559,0.001,0.0304,0.000
465,9,11,2.549,0.002,0.0304,0.000
465,10,12,2.743,3426.077,0.0304,0.000
465,11,13,0.639,0.000,0.0304,342.608
465,12,14,1.719,0.000,0.0304,162.446
465,13,15,3.004,0.000,5.7688,19.512
465,14,16,2.629,258.819,2.9759,0.119
465,15,17,3.314,0.000,0.0154,25.740
466,0,3,0.855,0.003,0.0303,0.000
466,1,4,1.004,0.003,0.0304,0.000
466,2,5,1.099,0.001,0.0304,0.000
466,3,6,0.869,0.002,0.0304,0.000
466,4,7,0.306,0.001,0.0304,0.000
466,5,8,0.878,0.002,0.0304,0.000
466,6,9,1.731,0.003,0.0304,0.000
466,7,10,1.767,0.001,0.0304,0.000
466,8,11,2.170,0.002,0.0304,0.000
466,9,12,1.920,3426.077,0.0304,0.000
466,10,13,1.261,0.000,0.0304,342.608
466,11,14,0.698,0.000,0.0304,162.446
466,12,15,2.062,0.000,5.7688,19.512
466,13,16,1.154,258.819,2.9759,0.119
466,14,17,0.669,0.000,0.0154,25.740
466,15,18,1.709,241.182,0.0153,2.778
467,0,4,1.833,0.003,0.0304,0.000
467,1,5,3.405,0.001,0.0304,0.000
467,2,6,1.387,0.002,0.0304,0.000
467,3,7,1.377,0.001,0.0304,0.000
467,4,8,0.948,0.002,0.0304,0.000
467,5,9,1.581,0.003,0.0304,0.000
467,6,10,1.715,0.001,0.0304,0.000
467,7,11,2.327,0.002,0.0304,0.000
467,8,12,332.890,3426.077,0.0304,0.000
467,9,13,3.440,0.000,0.0304,342.608
467,10,14,3.449,0.000,0.0304,162.446
467,11,15,2.300,0.000,5.7688,19.512
467,12,16,24.870,258.819,2.9759,0.119
467,13,17,2.391,0.000,0.0154,25.740
467,14,18,23.438,241.182,0.0153,2.778
467,15,19,1.886,0.000,0.0147,23.342
468,0,5,0.509,0.001,0.0304,0.000
468,1,6,0.267,0.002,0.0304,0.000
468,2,7,1.021,0.001,0.0304,0.000
468,3,8,0.362,0.002,0.0304,0.000
468,4,9,1.207,0.003,0.0304,0.000
468,5,10,0.930,0.001,0.0304,0.000
468,6,11,2.042,0.002,0.0304,0.000
468,7,12,338.842,3426.077,0.0304,0.000
468,8,13,2.657,0.000,0.0304,342.608
468,9,14,1.012,0.000,0.0304,162.446
468,10,15,0.708,0.000,5.7688,19.512
468,11,16,25.760,258.819,2.9759,0.119
468,12,17,0.947,0.000,0.0154,25.740
468,13,18,23.754,241.182,0.0153,2.778
468,14,19,1.503,0.000,0.0147,23.342
468,15,20,20.405,207.106,0.0147,3.564
469,0,6,0.718,0.002,0.0304,0.000
469,1,7,2.327,0.001,0.0304,0.000
469,2,8,0.335,0.002,0.0304,0.000
469,3,9,0.607,0.003,0.0304,0.000
469,4,10,0.687,0.001,0.0304,0.000
469,5,11,0.323,0.002,0.0304,0.000
469,6,12,342.086,3426.077,0.0304,0.000
469,7,13,0.527,0.000,0.0304,342.608
469,8,14,0.485,0.000,0.0304,162.446
469,9,15,0.944,0.000,5.7688,19.512
469,10,16,25.550,258.819,2.9759,0.119
469,11,17,1.899,0.000,0.0154,25.740
469,12,18,24.119,241.182,0.0153,2.778
469,13,19,0.675,0.000,0.0147,23.342
469,14,20,20.296,207.106,0.0147,3.564
469,15,21,15.374,158.919,0.0140,19.785
470,0,7,0.510,0.001,0.0304,0.000
470,1,8,0.402,0.002,0.0304,0.000
470,2,9,0.821,0.003,0.0304,0.000
470,3,10,1.258,0.001,0.0304,0.000
470,4,11,0.587,0.002,0.0304,0.000
470,5,12,341.930,3426.077,0.0304,0.000
470,6,13,0.587,0.000,0.0304,342.608
470,7,14,0.706,0.000,0.0304,162.446
470,8,15,0.480,0.000,5.7688,19.512
470,9,16,25.670,258.819,2.9759,0.119
470,10,17,0.409,0.000,0.0154,25.740
470,11,18,23.910,241.182,0.0153,2.778
470,12,19,0.633,0.000,0.0147,23.342
470,13,20,19.621,207.106,0.0147,3.564
470,14,21,15.248,158.919,0.0140,19.785
470,15,22,10.265,99.900,0.0140,15.083
471,0,8,2.070,0.002,0.0304,0.000
471,1,9,0.712,0.003,0.0304,0.000
471,2,10,2.903,0.001,0.0304,0.000
471,3,11,339.271,0.002,0.0304,0.000
471,4,12,341.885,3426.077,0.0304,0.000
471,5,13,0.384,0.000,0.0304,342.608
471,6,14,1.320,0.000,0.0304,162.446
471,7,15,26.682,0.000,5.7688,19.512
471,8,16,26.412,258.819,2.9759,0.119
471,9,17,23.511,0.000,0.0154,25.740
471,10,18,24.404,241.182,0.0153,2.778
471,11,19,20.481,0.000,0.0147,23.342
471,12,20,35.892,207.106,0.0147,3.564
471,13,21,25.662,158.919,0.0140,19.785
471,14,22,13.282,99.900,0.0140,15.083
471,15,23,2.605,34.075,0.0132,9.468
472,0,9,1.783,0.003,0.0304,0.000
472,1,10,5.099,0.001,0.0304,0.000
472,2,11,4.658,0.002,0.0304,0.000
472,3,12,333.494,3426.077,0.0304,0.000
472,4,13,2.386,0.000,0.0304,342.608
472,5,14,3.281,0.000,0.0304,162.446
472,6,15,1.127,0.000,5.7688,19.512
472,7,16,26.923,258.819,2.9759,0.119
472,8,17,2.747,0.000,0.0154,25.740
472,9,18,23.701,241.182,0.0153,2.778
472,10,19,0.961,0.000,0.0147,23.342
472,11,20,20.283,207.106,0.0147,3.564
472,12,21,15.548,158.919,0.0140,19.785
472,13,22,9.068,99.900,0.0140,15.083
472,14,23,3.399,34.075,0.0132,9.468
472,15,24,1.309,0.000,0.0126,3.199
473,0,10,0.508,0.001,0.0304,0.000
473,1,11,0.257,0.002,0.0304,0.000
473,2,12,2.154,3426.077,0.0304,0.000
473,3,13,1.186,0.000,0.0304,342.608
473,4,14,0.475,0.000,0.0304,162.446
473,5,15,0.645,0.000,5.7688,19.512
473,6,16,0.469,258.819,2.9759,0.119
473,7,17,0.557,0.000,0.0154,25.740
473,8,18,0.860,241.182,0.0153,2.778
473,9,19,0.509,0.000,0.0147,23.342
473,10,20,1.095,207.106,0.0147,3.564
473,11,21,0.928,158.919,0.0140,19.785
473,12,22,0.341,99.900,0.0140,15.083
473,13,23,0.782,34.075,0.0132,9.468
473,14,24,0.431,0.000,0.0126,3.199
473,15,25,0.288,0.000,0.0122,3.416
474,0,11,1.343,0.002,0.0304,0.000
474,1,12,1.974,3426.077,0.0304,0.000
474,2,13,0.698,0.000,0.0304,342.608
474,3,14,1.307,0.000,0.0304,162.446
474,4,15,1.339,0.000,5.7688,19.512
474,5,16,0.443,258.819,2.9759,0.119
474,6,17,0.301,0.000,0.0154,25.740
474,7,18,0.395,241.182,0.0153,2.778
474,8,19,0.879,0.000,0.0147,23.342
474,9,20,0.356,207.106,0.0147,3.564
474,10,21,0.597,158.919,0.0140,19.785
474,11,22,0.380,99.900,0.0140,15.083
474,12,23,0.595,34.075,0.0132,9.468
474,13,24,0.463,0.000,0.0126,3.199
474,14,25,0.832,0.000,0.0122,3.416
474,15,26,0.468,0.000,0.1902,3.385
475,0,12,342.157,3426.077,0.0304,0.000
475,1,13,0.539,0.000,0.0304,342.608
475,2,14,0.680,0.000,0.0304,162.446
475,3,15,0.707,0.000,5.7688,19.512
475,4,16,25.770,258.819,2.9759,0.119
475,5,17,0.618,0.000,0.0154,25.740
475,6,18,23.846,241.182,0.0153,2.778
475,7,19,0.775,0.000,0.0147,23.342
475,8,20,21.025,207.106,0.0147,3.564
475,9,21,16.384,158.919,0.0140,19.785
475,10,22,9.975,99.900,0.0140,15.083
475,11,23,3.605,34.075,0.0132,9.468
475,12,24,0.891,0.000,0.0126,3.199
475,13,25,1.158,0.000,0.0122,3.416
475,14,26,0.833,0.000,0.1902,3.385
475,15,27,0.614,0.000,0.1951,3.385
476,0,13,0.677,0.000,0.0304,342.608
476,1,14,0.855,0.000,0.0304,162.446
476,2,15,0.350,0.000,5.7688,19.512
476,3,16,0.539,258.819,2.9759,0.119
476,4,17,0.711,0.000,0.0154,25.740
476,5,18,0.591,241.182,0.0153,2.778
476,6,19,0.436,0.000,0.0147,23.342
476,7,20,0.859,207.106,0.0147,3.564
476,8,21,0.260,158.919,0.0140,19.785
476,9,22,1.114,99.900,0.0140,15.083
476,10,23,0.490,34.075,0.0132,9.468
476,11,24,0.547,0.000,0.0126,3.199
476,12,25,1.105,0.000,0.0122,3.416
476,13,26,0.642,0.000,0.1902,3.385
476,14,27,0.566,0.000,0.1951,3.385
476,15,28,0.611,0.000,0.1989,3.385
477,0,14,0.454,0.000,0.0304,162.446
477,1,15,0.547,0.000,5.7688,19.512
477,2,16,0.405,258.819,2.9759,0.119
477,3,17,26.089,0.000,0.0154,25.740
477,4,18,0.508,241.182,0.0153,2.778
477,5,19,24.423,0.000,0.0147,23.342
477,6,20,0.575,207.106,0.0147,3.564
477,7,21,21.200,158.919,0.0140,19.785
477,8,22,15.748,99.900,0.0140,15.083
477,9,23,9.901,34.075,0.0132,9.468
477,10,24,3.579,0.000,0.0126,3.199
477,11,25,0.498,0.000,0.0122,3.416
477,12,26,0.618,0.000,0.1902,3.385
477,13,27,0.549,0.000,0.1951,3.385
477,14,28,0.577,0.000,0.1989,3.385
477,15,29,0.569,0.000,0.1990,3.385
478,0,15,1.247,0.000,5.7688,19.512
478,1,16,0.571,258.819,2.9759,0.119
478,2,17,1.973,0.000,0.0154,25.740
478,3,18,0.799,241.182,0.0153,2.778
478,4,19,1.171,0.000,0.0147,23.342
478,5,20,2.218,207.106,0.0147,3.564
478,6,21,0.976,158.919,0.0140,19.785
478,7,22,1.504,99.900,0.0140,15.083
478,8,23,1.640,34.075,0.0132,9.468
478,9,24,2.801,0.000,0.0126,3.199
478,10,25,1.145,0.000,0.0122,3.416
478,11,26,1.052,0.000,0.1902,3.385
478,12,27,2.837,0.000,0.1951,3.385
478,13,28,1.220,0.000,0.1989,3.385
478,14,29,2.817,0.000,0.1990,3.385
478,15,30,4.078,0.000,0.1992,3.385
479,0,16,0.722,258.819,2.9759,0.119
479,1,17,0.834,0.000,0.0154,25.740
479,2,18,0.695,241.182,0.0153,2.778
479,3,19,1.089,0.000,0.0147,23.342
479,4,20,0.528,207.106,0.0147,3.564
479,5,21,0.587,158.919,0.0140,19.785
479,6,22,0.508,99.900,0.0140,15.083
479,7,23,0.665,34.075,0.0132,9.468
479,8,24,0.431,0.000,0.0126,3.199
479,9,25,0.480,0.000,0.0122,3.416
479,10,26,1.216,0.000,0.1902,3.385
479,11,27,0.425,0.000,0.1951,3.385
479,12,28,0.551,0.000,0.1989,3.385
479,13,29,0.292,0.000,0.1990,3.385
479,14,30,0.483,0.000,0.1992,3.385
479,15,31,0.417,0.000,0.1985,3.384
480,0,17,1.090,0.000,0.0154,25.740
480,1,18,1.476,241.182,0.0153,2.778
480,2,19,0.527,0.000,0.0147,23.342
480,3,20,1.022,207.106,0.0147,3.564
480,4,21,0.540,158.919,0.0140,19.785
480,5,22,0.576,99.900,0.0140,15.083
480,6,23,0.507,34.075,0.0132,9.468
480,7,24,0.516,0.000,0.0126,3.199
480,8,25,0.770,0.000,0.0122,3.416
480,9,26,0.207,0.000,0.1902,3.385
480,10,27,0.600,0.000,0.1951,3.385
480,11,28,1.020,0.000,0.1989,3.385
480,12,29,1.053,0.000,0.1990,3.385
480,13,30,0.542,0.000,0.1992,3.385
480,14,31,1.144,0.000,0.1985,3.384
480,15,32,1.844,0.000,0.1993,3.385
481,0,18,0.761,241.182,0.0153,2.778
481,1,19,0.481,0.000,0.0147,23.342
481,2,20,0.235,207.106,0.0147,3.564
481,3,21,0.635,158.919,0.0140,19.785
481,4,22,0.689,99.900,0.0140,15.083
481,5,23,0.832,34.075,0.0132,9.468
481,6,24,0.531,0.000,0.0126,3.199
481,7,25,1.379,0.000,0.0122,3.416
481,8,26,0.198,0.000,0.1902,3.385
481,9,27,0.331,0.000,0.1951,3.385
481,10,28,0.532,0.000,0.1989,3.385
481,11,29,0.411,0.000,0.1990,3.385
481,12,30,0.436,0.000,0.1992,3.385
481,13,31,0.268,0.000,0.1985,3.384
481,14,32,0.327,0.000,0.1993,3.385
481,15,33,0.652,0.000,0.1984,3.385
482,0,19,1.794,0.000,0.0147,23.342
482,1,20,1.822,207.106,0.0147,3.564
482,2,21,1.015,158.919,0.0140,19.785
482,3,22,1.329,99.900,0.0140,15.083
482,4,23,1.574,34.075,0.0132,9.468
482,5,24,0.509,0.000,0.0126,3.199
482,6,25,0.749,0.000,0.0122,3.416
482,7,26,0.588,0.000,0.1902,3.385
482,8,27,0.572,0.000,0.1951,3.385
482,9,28,2.878,0.000,0.1989,3.385
482,10,29,0.499,0.000,0.1990,3.385
482,11,30,0.753,0.000,0.1992,3.385
482,12,31,1.283,0.000,0.1985,3.384
482,13,32,0.585,0.000,0.1993,3.385
482,14,33,1.537,0.000,0.1984,3.385
482,15,34,0.865,0.000,0.1986,3.384
483,0,20,0.638,207.106,0.0147,3.564
483,1,21,0.448,158.919,0.0140,19.785
483,2,22,1.282,99.900,0.0140,15.083
483,3,23,0.433,34.075,0.0132,9.468
483,4,24,0.529,0.000,0.0126,3.199
483,5,25,0.703,0.000,0.0122,3.416
483,6,26,0.533,0.000,0.1902,3.385
483,7,27,0.503,0.000,0.1951,3.385
483,8,28,0.261,0.000,0.1989,3.385
483,9,29,0.183,0.000,0.1990,3.385
483,10,30,0.683,0.000,0.1992,3.385
483,11,31,0.263,0.000,0.1985,3.384
483,12,32,0.073,0.000,0.1993,3.385
483,13,33,0.317,0.000,0.1984,3.385
483,14,34,0.584,0.000,0.1986,3.384
483,15,35,0.868,1000.000,0.1983,3.384
484,0,21,1.166,158.919,0.0140,19.785
484,1,22,0.555,99.900,0.0140,15.083
484,2,23,3.576,34.075,0.0132,9.468
484,3,24,1.893,0.000,0.0126,3.199
484,4,25,2.182,0.000,0.0122,3.416
484,5,26,0.757,0.000,0.1902,3.385
484,6,27,0.998,0.000,0.1951,3.385
484,7,28,1.171,0.000,0.1989,3.385
484,8,29,1.376,0.000,0.1990,3.385
484,9,30,1.151,0.000,0.1992,3.385
484,10,31,1.668,0.000,0.1985,3.384
484,11,32,0.885,0.000,0.1993,3.385
484,12,33,1.105,0.000,0.1984,3.385
484,13,34,0.718,0.000,0.1986,3.384
484,14,35,2.462,1000.000,0.1983,3.384
484,15,36,0.801,0.000,0.1990,14.138
485,0,22,0.985,99.900,0.0140,15.083
485,1,23,0.468,34.075,0.0132,9.468
485,2,24,0.972,0.000,0.0126,3.199
485,3,25,1.136,0.000,0.0122,3.416
485,4,26,1.156,0.000,0.1902,3.385
485,5,27,0.474,0.000,0.1951,3.385
485,6,28,0.651,0.000,0.1989,3.385
485,7,29,0.772,0.000,0.1990,3.385
485,8,30,0.900,0.000,0.1992,3.385
485,9,31,0.594,0.000,0.1985,3.384
485,10,32,0.706,0.000,0.1993,3.385
485,11,33,0.391,0.000,0.1984,3.385
485,12,34,0.753,0.000,0.1986,3.384
485,13,35,0.401,1000.000,0.1983,3.384
485,14,36,0.429,0.000,0.1990,14.138
485,15,37,0.593,1028.274,1.0899,1.453
486,0,23,0.953,34.075,0.0132,9.468
486,1,24,1.452,0.000,0.0126,3.199
486,2,25,0.963,0.000,0.0122,3.416
486,3,26,0.570,0.000,0.1902,3.385
486,4,27,0.475,0.000,0.1951,3.385
486,5,28,0.665,0.000,0.1989,3.385
486,6,29,0.383,0.000,0.1990,3.385
486,7,30,0.239,0.000,0.1992,3.385
486,8,31,1.049,0.000,0.1985,3.384
486,9,32,0.376,0.000,0.1993,3.385
486,10,33,0.974,0.000,0.1984,3.385
486,11,34,0.877,0.000,0.1986,3.384
486,12,35,0.765,1000.000,0.1983,3.384
486,13,36,1.596,0.000,0.1990,14.138
486,14,37,1.610,1028.274,1.0899,1.453
486,15,38,0.359,0.000,0.1042,122.893
487,0,24,0.601,0.000,0.0126,3.199
487,1,25,0.380,0.000,0.0122,3.416
487,2,26,0.814,0.000,0.1902,3.385
487,3,27,0.618,0.000,0.1951,3.385
487,4,28,0.305,0.000,0.1989,3.385
487,5,29,0.537,0.000,0.1990,3.385
487,6,30,0.183,0.000,0.1992,3.385
487,7,31,0.521,0.000,0.1985,3.384
487,8,32,0.327,0.000,0.1993,3.385
487,9,33,1.065,0.000,0.1984,3.385
487,10,34,0.924,0.000,0.1986,3.384
487,11,35,1.585,1000.000,0.1983,3.384
487,12,36,0.907,0.000,0.1990,14.138
487,13,37,0.430,1028.274,1.0899,1.453
487,14,38,1.359,0.000,0.1042,122.893
487,15,39,0.471,0.000,4.4414,49.228
488,0,25,1.293,0.000,0.0122,3.416
488,1,26,0.600,0.000,0.1902,3.385
488,2,27,0.719,0.000,0.1951,3.385
488,3,28,0.712,0.000,0.1989,3.385
488,4,29,0.798,0.000,0.1990,3.385
488,5,30,0.614,0.000,0.1992,3.385
488,6,31,0.911,0.000,0.1985,3.384
488,7,32,0.812,0.000,0.1993,3.385
488,8,33,0.900,0.000,0.1984,3.385
488,9,34,0.917,0.000,0.1986,3.384
488,10,35,0.702,1000.000,0.1983,3.384
488,11,36,1.429,0.000,0.1990,14.138
488,12,37,1.734,1028.274,1.0899,1.453
488,13,38,0.521,0.000,0.1042,122.893
488,14,39,0.465,0.000,4.4414,49.228
488,15,40,0.326,0.000,2.4780,19.949
489,0,26,0.177,0.000,0.1902,3.385
489,1,27,0.591,0.000,0.1951,3.385
489,2,28,0.272,0.000,0.1989,3.385
489,3,29,0.263,0.000,0.1990,3.385
489,4,30,0.777,0.000,0.1992,3.385
489,5,31,0.502,0.000,0.1985,3.384
489,6,32,0.521,0.000,0.1993,3.385
489,7,33,0.475,0.000,0.1984,3.385
489,8,34,0.278,0.000,0.1986,3.384
489,9,35,0.397,1000.000,0.1983,3.384
489,10,36,0.804,0.000,0.1990,14.138
489,11,37,2.306,1028.274,1.0899,1.453
489,12,38,0.367,0.000,0.1042,122.893
489,13,39,0.083,0.000,4.4414,49.228
489,14,40,0.524,0.000,2.4780,19.949
489,15,41,5.571,0.000,0.6679,10.395
490,0,27,0.770,0.000,0.1951,3.385
490,1,28,0.766,0.000,0.1989,3.385
490,2,29,0.850,0.000,0.1990,3.385
490,3,30,0.665,0.000,0.1992,3.385
490,4,31,0.533,0.000,0.1985,3.384
490,5,32,0.634,0.000,0.1993,3.385
490,6,33,0.934,0.000,0.1984,3.385
490,7,34,0.549,0.000,0.1986,3.384
490,8,35,3.721,1000.000,0.1983,3.384
490,9,36,0.277,0.000,0.1990,14.138
490,10,37,0.868,1028.274,1.0899,1.453
490,11,38,0.596,0.000,0.1042,122.893
490,12,39,0.821,0.000,4.4414,49.228
490,13,40,0.220,0.000,2.4780,19.949
490,14,41,1.059,0.000,0.6679,10.395
490,15,42,1.267,0.000,0.7386,1.364
491,0,28,0.740,0.000,0.1989,3.385
491,1,29,1.027,0.000,0.1990,3.385
491,2,30,1.091,0.000,0.1992,3.385
491,3,31,1.028,0.000,0.1985,3.384
491,4,32,0.661,0.000,0.1993,3.385
491,5,33,0.952,0.000,0.1984,3.385
491,6,34,2.117,0.000,0.1986,3.384
491,7,35,100.374,1000.000,0.1983,3.384
491,8,36,1.347,0.000,0.1990,14.138
491,9,37,102.236,1028.274,1.0899,1.453
491,10,38,1.187,0.000,0.1042,122.893
491,11,39,1.940,0.000,4.4414,49.228
491,12,40,1.004,0.000,2.4780,19.949
491,13,41,0.681,0.000,0.6679,10.395
491,14,42,1.472,0.000,0.7386,1.364
491,15,43,0.212,0.000,0.0805,1.254
492,0,29,3.747,0.000,0.1990,3.385
492,1,30,2.025,0.000,0.1992,3.385
492,2,31,0.593,0.000,0.1985,3.384
492,3,32,0.528,0.000,0.1993,3.385
492,4,33,1.028,0.000,0.1984,3.385
492,5,34,0.959,0.000,0.1986,3.384
492,6,35,1.590,1000.000,0.1983,3.384
492,7,36,1.864,0.000,0.1990,14.138
492,8,37,1.826,1028.274,1.0899,1.453
492,9,38,1.578,0.000,0.1042,122.893
492,10,39,2.570,0.000,4.4414,49.228
492,11,40,1.026,0.000,2.4780,19.949
492,12,41,3.167,0.000,0.6679,10.395
492,13,42,0.981,0.000,0.7386,1.364
492,14,43,2.613,0.000,0.0805,1.254
492,15,44,4.943,0.000,0.1234,1.253
493,0,30,0.990,0.000,0.1992,3.385
493,1,31,0.614,0.000,0.1985,3.384
493,2,32,0.562,0.000,0.1993,3.385
493,3,33,0.891,0.000,0.1984,3.385
493,4,34,0.062,0.000,0.1986,3.384
493,5,35,99.494,1000.000,0.1983,3.384
493,6,36,1.189,0.000,0.1990,14.138
493,7,37,102.552,1028.274,1.0899,1.453
493,8,38,0.418,0.000,0.1042,122.893
493,9,39,0.712,0.000,4.4414,49.228
493,10,40,0.668,0.000,2.4780,19.949
493,11,41,0.805,0.000,0.6679,10.395
493,12,42,0.766,0.000,0.7386,1.364
493,13,43,0.424,0.000,0.0805,1.254
493,14,44,1.218,0.000,0.1234,1.253
493,15,45,1.748,0.000,0.1233,1.254
494,0,31,0.736,0.000,0.1985,3.384
494,1,32,0.545,0.000,0.1993,3.385
494,2,33,0.346,0.000,0.1984,3.385
494,3,34,0.895,0.000,0.1986,3.384
494,4,35,0.860,1000.000,0.1983,3.384
494,5,36,0.640,0.000,0.1990,14.138
494,6,37,0.259,1028.274,1.0899,1.453
494,7,38,1.044,0.000,0.1042,122.893
494,8,39,0.618,0.000,4.4414,49.228
494,9,40,0.462,0.000,2.4780,19.949
494,10,41,0.224,0.000,0.6679,10.395
494,11,42,0.521,0.000,0.7386,1.364
494,12,43,0.737,0.000,0.0805,1.254
494,13,44,0.371,0.000,0.1234,1.253
494,14,45,0.538,0.000,0.1233,1.254
494,15,46,0.088,0.000,0.1233,1.253
495,0,32,0.497,0.000,0.1993,3.385
495,1,33,1.129,0.000,0.1984,3.385
495,2,34,0.798,0.000,0.1986,3.384
495,3,35,99.754,1000.000,0.1983,3.384
495,4,36,2.154,0.000,0.1990,14.138
495,5,37,101.758,1028.274,1.0899,1.453
495,6,38,0.531,0.000,0.1042,122.893
495,7,39,0.722,0.000,4.4414,49.228
495,8,40,0.552,0.000,2.4780,19.949
495,9,41,0.240,0.000,0.6679,10.395
495,10,42,1.134,0.000,0.7386,1.364
495,11,43,1.264,0.000,0.0805,1.254
495,12,44,0.656,0.000,0.1234,1.253
495,13,45,0.860,0.000,0.1233,1.254
495,14,46,0.761,0.000,0.1233,1.253
495,15,47,0.729,0.000,0.1232,1.254
496,0,33,1.716,0.000,0.1984,3.385
496,1,34,0.893,0.000,0.1986,3.384
496,2,35,1.638,1000.000,0.1983,3.384
496,3,36,1.773,0.000,0.1990,14.138
496,4,37,0.491,1028.274,1.0899,1.453
496,5,38,0.477,0.000,0.1042,122.893
496,6,39,0.448,0.000,4.4414,49.228
496,7,40,0.463,0.000,2.4780,19.949
496,8,41,0.425,0.000,0.6679,10.395
496,9,42,0.609,0.000,0.7386,1.364
496,10,43,0.195,0.000,0.0805,1.254
496,11,44,0.520,0.000,0.1234,1.253
496,12,45,0.598,0.000,0.1233,1.254
496,13,46,1.146,0.000,0.1233,1.253
496,14,47,1.199,0.000,0.1232,1.254
496,15,48,2.369,0.000,0.1231,1.253
497,0,34,0.638,0.000,0.1986,3.384
497,1,35,99.027,1000.000,0.1983,3.384
497,2,36,0.528,0.000,0.1990,14.138
497,3,37,101.522,1028.274,1.0899,1.453
497,4,38,0.871,0.000,0.1042,122.893
497,5,39,0.718,0.000,4.4414,49.228
497,6,40,0.397,0.000,2.4780,19.949
497,7,41,0.715,0.000,0.6679,10.395
497,8,42,0.530,0.000,0.7386,1.364
497,9,43,0.781,0.000,0.0805,1.254
497,10,44,0.677,0.000,0.1234,1.253
497,11,45,0.525,0.000,0.1233,1.254
497,12,46,0.476,0.000,0.1233,1.253
497,13,47,0.725,0.000,0.1232,1.254
497,14,48,0.371,0.000,0.1231,1.253
497,15,49,1.165,0.000,0.1231,1.253
498,0,35,1.916,1000.000,0.1983,3.384
498,1,36,0.795,0.000,0.1990,14.138
498,2,37,1.307,1028.274,1.0899,1.453
498,3,38,0.653,0.000,0.1042,122.893
498,4,39,0.527,0.000,4.4414,49.228
498,5,40,0.580,0.000,2.4780,19.949
498,6,41,0.298,0.000,0.6679,10.395
498,7,42,0.185,0.000,0.7386,1.364
498,8,43,0.530,0.000,0.0805,1.254
498,9,44,0.410,0.000,0.1234,1.253
498,10,45,0.409,0.000,0.1233,1.254
498,11,46,0.488,0.000,0.1233,1.253
498,12,47,0.349,0.000,0.1232,1.254
498,13,48,0.393,0.000,0.1231,1.253
498,14,49,0.390,0.000,0.1231,1.253
498,15,50,0.552,0.000,0.1227,1.253
499,0,36,2.698,0.000,0.1990,14.138
499,1,37,2.793,1028.274,1.0899,1.453
499,2,38,1.007,0.000,0.1042,122.893
499,3,39,0.078,0.000,4.4414,49.228
499,4,40,0.669,0.000,2.4780,19.949
499,5,41,0.560,0.000,0.6679,10.395
499,6,42,0.476,0.000,0.7386,1.364
499,7,43,1.098,0.000,0.0805,1.254
499,8,44,0.502,0.000,0.1234,1.253
499,9,45,0.464,0.000,0.1233,1.254
499,10,46,0.350,0.000,0.1233,1.253
499,11,47,0.419,0.000,0.1232,1.254
499,12,48,0.265,0.000,0.1231,1.253
499,13,49,0.526,0.000,0.1231,1.253
499,14,50,0.521,0.000,0.1227,1.253
499,15,51,1.066,0.000,0.1229,1.253
500,0,37,2.721,1028.274,1.0899,1.453
500,1,38,0.901,0.000,0.1042,122.893
500,2,39,0.241,0.000,4.4414,49.228
500,3,40,0.770,0.000,2.4780,19.949
500,4,41,0.637,0.000,0.6679,10.395
500,5,42,0.490,0.000,0.7386,1.364
500,6,43,0.283,0.000,0.0805,1.254
500,7,44,0.345,0.000,0.1234,1.253
500,8,45,0.247,0.000,0.1233,1.254
500,9,46,0.283,0.000,0.1233,1.253
500,10,47,0.457,0.000,0.1232,1.254
500,11,48,0.423,0.000,0.1231,1.253
500,12,49,0.661,0.000,0.1231,1.253
500,13,50,1.056,0.000,0.1227,1.253
500,14,51,0.467,0.000,0.1229,1.253
500,15,52,0.615,258.820,0.1226,1.253
501,0,38,0.612,0.000,0.1042,122.893
501,1,39,1.021,0.000,4.4414,49.228
501,2,40,0.212,0.000,2.4780,19.949
501,3,41,0.567,0.000,0.6679,10.395
501,4,42,0.240,0.000,0.7386,1.364
501,5,43,0.323,0.000,0.0805,1.254
501,6,44,0.656,0.000,0.1234,1.253
501,7,45,0.300,0.000,0.1233,1.254
501,8,46,0.421,0.000,0.1233,1.253
501,9,47,0.580,0.000,0.1232,1.254
501,10,48,0.085,0.000,0.1231,1.253
501,11,49,0.277,0.000,0.1231,1.253
501,12,50,0.799,0.000,0.1227,1.253
501,13,51,0.737,0.000,0.1229,1.253
501,14,52,5.721,258.820,0.1226,1.253
501,15,53,3.332,0.000,0.1225,25.791
502,0,39,0.462,0.000,4.4414,49.228
502,1,40,0.721,0.000,2.4780,19.949
502,2,41,0.486,0.000,0.6679,10.395
502,3,42,0.352,0.000,0.7386,1.364
502,4,43,1.018,0.000,0.0805,1.254
502,5,44,0.223,0.000,0.1234,1.253
502,6,45,0.792,0.000,0.1233,1.254
502,7,46,0.542,0.000,0.1233,1.253
502,8,47,0.991,0.000,0.1232,1.254
502,9,48,0.556,0.000,0.1231,1.253
502,10,49,0.729,0.000,0.1231,1.253
502,11,50,0.668,0.000,0.1227,1.253
502,12,51,3.034,0.000,0.1229,1.253
502,13,52,9.937,258.820,0.1226,1.253
502,14,53,6.962,0.000,0.1225,25.791
502,15,54,13.910,241.181,0.1223,4.823
503,0,40,0.580,0.000,2.4780,19.949
503,1,41,1.460,0.000,0.6679,10.395
503,2,42,0.209,0.000,0.7386,1.364
503,3,43,0.903,0.000,0.0805,1.254
503,4,44,0.695,0.000,0.1234,1.253
503,5,45,0.863,0.000,0.1233,1.254
503,6,46,0.612,0.000,0.1233,1.253
503,7,47,1.422,0.000,0.1232,1.254
503,8,48,1.423,0.000,0.1231,1.253
503,9,49,0.758,0.000,0.1231,1.253
503,10,50,1.272,0.000,0.1227,1.253
503,11,51,2.773,0.000,0.1229,1.253
503,12,52,7.028,258.820,0.1226,1.253
503,13,53,4.862,0.000,0.1225,25.791
503,14,54,9.356,241.181,0.1223,4.823
503,15,55,1.158,0.000,0.1279,23.228
504,0,41,1.669,0.000,0.6679,10.395
504,1,42,0.565,0.000,0.7386,1.364
504,2,43,0.633,0.000,0.0805,1.254
504,3,44,0.564,0.000,0.1234,1.253
504,4,45,0.748,0.000,0.1233,1.254
504,5,46,0.619,0.000,0.1233,1.253
504,6,47,1.074,0.000,0.1232,1.254
504,7,48,0.663,0.000,0.1231,1.253
504,8,49,0.268,0.000,0.1231,1.253
504,9,50,0.398,0.000,0.1227,1.253
504,10,51,0.382,0.000,0.1229,1.253
504,11,52,1.232,258.820,0.1226,1.253
504,12,53,0.821,0.000,0.1225,25.791
504,13,54,1.182,241.181,0.1223,4.823
504,14,55,1.927,0.000,0.1279,23.228
504,15,56,1.938,207.107,0.1276,5.067
505,0,42,0.876,0.000,0.7386,1.364
505,1,43,0.355,0.000,0.0805,1.254
505,2,44,0.319,0.000,0.1234,1.253
505,3,45,0.204,0.000,0.1233,1.254
505,4,46,0.212,0.000,0.1233,1.253
505,5,47,0.390,0.000,0.1232,1.254
505,6,48,0.407,0.000,0.1231,1.253
505,7,49,0.667,0.000,0.1231,1.253
505,8,50,0.674,0.000,0.1227,1.253
505,9,51,0.468,0.000,0.1229,1.253
505,10,52,0.274,258.820,0.1226,1.253
505,11,53,0.643,0.000,0.1225,25.791
505,12,54,0.427,241.181,0.1223,4.823
505,13,55,0.443,0.000,0.1279,23.228
505,14,56,1.285,207.107,0.1276,5.067
505,15,57,0.326,0.000,0.1340,19.519
506,0,43,1.260,0.000,0.0805,1.254
506,1,44,1.771,0.000,0.1234,1.253
506,2,45,0.352,0.000,0.1233,1.254
506,3,46,1.190,0.000,0.1233,1.253
506,4,47,0.608,0.000,0.1232,1.254
506,5,48,0.271,0.000,0.1231,1.253
506,6,49,0.614,0.000,0.1231,1.253
506,7,50,1.355,0.000,0.1227,1.253
506,8,51,0.509,0.000,0.1229,1.253
506,9,52,0.868,258.820,0.1226,1.253
506,10,53,1.252,0.000,0.1225,25.791
506,11,54,0.713,241.181,0.1223,4.823
506,12,55,0.147,0.000,0.1279,23.228
506,13,56,1.393,207.107,0.1276,5.067
506,14,57,0.442,0.000,0.1340,19.519
506,15,58,2.200,158.918,0.1329,4.134
507,0,44,0.954,0.000,0.1234,1.253
507,1,45,0.841,0.000,0.1233,1.254
507,2,46,0.387,0.000,0.1233,1.253
507,3,47,0.717,0.000,0.1232,1.254
507,4,48,1.119,0.000,0.1231,1.253
507,5,49,0.699,0.000,0.1231,1.253
507,6,50,1.204,0.000,0.1227,1.253
507,7,51,0.344,0.000,0.1229,1.253
507,8,52,0.684,258.820,0.1226,1.253
507,9,53,0.694,0.000,0.1225,25.791
507,10,54,0.436,241.181,0.1223,4.823
507,11,55,0.841,0.000,0.1279,23.228
507,12,56,0.712,207.107,0.1276,5.067
507,13,57,0.513,0.000,0.1340,19.519
507,14,58,0.480,158.918,0.1329,4.134
507,15,59,5.360,99.901,0.1386,14.830
508,0,45,0.399,0.000,0.1233,1.254
508,1,46,0.655,0.000,0.1233,1.253
508,2,47,0.677,0.000,0.1232,1.254
508,3,48,0.657,0.000,0.1231,1.253
508,4,49,0.595,0.000,0.1231,1.253
508,5,50,0.419,0.000,0.1227,1.253
508,6,51,0.923,0.000,0.1229,1.253
508,7,52,1.298,258.820,0.1226,1.253
508,8,53,1.108,0.000,0.1225,25.791
508,9,54,1.478,241.181,0.1223,4.823
508,10,55,0.350,0.000,0.1279,23.228
508,11,56,1.242,207.107,0.1276,5.067
508,12,57,0.486,0.000,0.1340,19.519
508,13,58,0.508,158.918,0.1329,4.134
508,14,59,0.524,99.901,0.1386,14.830
508,15,60,0.319,34.074,0.1379,9.349
509,0,46,0.801,0.000,0.1233,1.253
509,1,47,1.461,0.000,0.1232,1.254
509,2,48,0.802,0.000,0.1231,1.253
509,3,49,1.025,0.000,0.1231,1.253
509,4,50,0.380,0.000,0.1227,1.253
509,5,51,2.100,0.000,0.1229,1.253
509,6,52,28.531,258.820,0.1226,1.253
509,7,53,3.060,0.000,0.1225,25.791
509,8,54,26.587,241.181,0.1223,4.823
509,9,55,3.054,0.000,0.1279,23.228
509,10,56,22.675,207.107,0.1276,5.067
509,11,57,3.152,0.000,0.1340,19.519
509,12,58,18.027,158.918,0.1329,4.134
509,13,59,11.476,99.901,0.1386,14.830
509,14,60,3.775,34.074,0.1379,9.349
509,15,61,0.657,0.000,0.1429,3.363
510,0,47,1.469,0.000,0.1232,1.254
510,1,48,2.843,0.000,0.1231,1.253
510,2,49,1.546,0.000,0.1231,1.253
510,3,50,0.866,0.000,0.1227,1.253
510,4,51,0.853,0.000,0.1229,1.253
510,5,52,5.471,258.820,0.1226,1.253
510,6,53,6.280,0.000,0.1225,25.791
510,7,54,2.513,241.181,0.1223,4.823
510,8,55,4.227,0.000,0.1279,23.228
510,9,56,2.256,207.107,0.1276,5.067
510,10,57,2.437,0.000,0.1340,19.519
510,11,58,3.312,158.918,0.1329,4.134
510,12,59,0.900,99.901,0.1386,14.830
510,13,60,0.963,34.074,0.1379,9.349
510,14,61,0.901,0.000,0.1429,3.363
510,15,62,1.251,0.000,0.1465,1.806
511,0,48,0.791,0.000,0.1231,1.253
511,1,49,1.066,0.000,0.1231,1.253
511,2,50,1.231,0.000,0.1227,1.253
511,3,51,7.213,0.000,0.1229,1.253
511,4,52,12.949,258.820,0.1226,1.253
511,5,53,8.025,0.000,0.1225,25.791
511,6,54,11.264,241.181,0.1223,4.823
511,7,55,7.375,0.000,0.1279,23.228
511,8,56,12.263,207.107,0.1276,5.067
511,9,57,5.987,0.000,0.1340,19.519
511,10,58,12.432,158.918,0.1329,4.134
511,11,59,7.896,99.901,0.1386,14.830
511,12,60,2.153,34.074,0.1379,9.349
511,13,61,0.313,0.000,0.1429,3.363
511,14,62,0.941,0.000,0.1465,1.806
511,15,63,0.621,0.000,0.2717,1.802
512,0,49,0.621,0.000,0.1231,1.253
512,1,50,1.099,0.000,0.1227,1.253
512,2,51,0.717,0.000,0.1229,1.253
512,3,52,0.600,258.820,0.1226,1.253
512,4,53,1.943,0.000,0.1225,25.791
512,5,54,2.695,241.181,0.1223,4.823
512,6,55,2.562,0.000,0.1279,23.228
512,7,56,1.348,207.107,0.1276,5.067
512,8,57,1.028,0.000,0.1340,19.519
512,9,58,1.388,158.918,0.1329,4.134
512,10,59,0.708,99.901,0.1386,14.830
512,11,60,0.650,34.074,0.1379,9.349
512,12,61,1.078,0.000,0.1429,3.363
512,13,62,1.104,0.000,0.1465,1.806
512,14,63,8.175,0.000,0.2717,1.802
512,15,64,1.754,0.000,0.2629,1.800
513,0,50,0.509,0.000,0.1227,1.253
513,1,51,2.224,0.000,0.1229,1.253
513,2,52,12.205,258.820,0.1226,1.253
513,3,53,6.656,0.000,0.1225,25.791
513,4,54,12.876,241.181,0.1223,4.823
513,5,55,6.608,0.000,0.1279,23.228
513,6,56,11.438,207.107,0.1276,5.067
513,7,57,5.047,0.000,0.1340,19.519
513,8,58,8.663,158.918,0.1329,4.134
513,9,59,1.458,99.901,0.1386,14.830
513,10,60,1.650,34.074,0.1379,9.349
513,11,61,0.464,0.000,0.1429,3.363
513,12,62,1.449,0.000,0.1465,1.806
513,13,63,0.936,0.000,0.2717,1.802
513,14,64,0.699,0.000,0.2629,1.800
513,15,65,2.054,0.000,0.2648,1.797
514,0,51,0.811,0.000,0.1229,1.253
514,1,52,2.122,258.820,0.1226,1.253
514,2,53,4.230,0.000,0.1225,25.791
514,3,54,3.099,241.181,0.1223,4.823
514,4,55,5.047,0.000,0.1279,23.228
514,5,56,3.735,207.107,0.1276,5.067
514,6,57,4.473,0.000,0.1340,19.519
514,7,58,2.750,158.918,0.1329,4.134
514,8,59,2.669,99.901,0.1386,14.830
514,9,60,1.814,34.074,0.1379,9.349
514,10,61,0.860,0.000,0.1429,3.363
514,11,62,0.615,0.000,0.1465,1.806
514,12,63,0.498,0.000,0.2717,1.802
514,13,64,0.554,0.000,0.2629,1.800
514,14,65,0.213,0.000,0.2648,1.797
514,15,66,0.660,0.000,0.2713,1.799
515,0,52,0.836,258.820,0.1226,1.253
515,1,53,1.768,0.000,0.1225,25.791
515,2,54,1.579,241.181,0.1223,4.823
515,3,55,1.508,0.000,0.1279,23.228
515,4,56,1.238,207.107,0.1276,5.067
515,5,57,1.776,0.000,0.1340,19.519
515,6,58,0.967,158.918,0.1329,4.134
515,7,59,1.002,99.901,0.1386,14.830
515,8,60,1.341,34.074,0.1379,9.349
515,9,61,0.281,0.000,0.1429,3.363
515,10,62,1.025,0.000,0.1465,1.806
515,11,63,0.536,0.000,0.2717,1.802
515,12,64,0.712,0.000,0.2629,1.800
515,13,65,2.313,0.000,0.2648,1.797
515,14,66,0.247,0.000,0.2713,1.799
515,15,67,0.712,0.000,0.2688,1.797
516,0,53,11.345,0.000,0.1225,25.791
516,1,54,8.567,241.181,0.1223,4.823
516,2,55,9.653,0.000,0.1279,23.228
516,3,56,7.430,207.107,0.1276,5.067
516,4,57,8.388,0.000,0.1340,19.519
516,5,58,5.192,158.918,0.1329,4.134
516,6,59,7.299,99.901,0.1386,14.830
516,7,60,6.090,34.074,0.1379,9.349
516,8,61,2.088,0.000,0.1429,3.363
516,9,62,0.426,0.000,0.1465,1.806
516,10,63,0.828,0.000,0.2717,1.802
516,11,64,1.060,0.000,0.2629,1.800
516,12,65,1.108,0.000,0.2648,1.797
516,13,66,0.953,0.000,0.2713,1.799
516,14,67,0.606,0.000,0.2688,1.797
516,15,68,0.474,0.000,0.2741,1.796
517,0,54,1.302,241.181,0.1223,4.823
517,1,55,4.767,0.000,0.1279,23.228
517,2,56,0.407,207.107,0.1276,5.067
517,3,57,4.146,0.000,0.1340,19.519
517,4,58,1.027,158.918,0.1329,4.134
517,5,59,3.367,99.901,0.1386,14.830
517,6,60,3.065,34.074,0.1379,9.349
517,7,61,0.720,0.000,0.1429,3.363
517,8,62,0.582,0.000,0.1465,1.806
517,9,63,0.810,0.000,0.2717,1.802
517,10,64,0.352,0.000,0.2629,1.800
517,11,65,0.314,0.000,0.2648,1.797
517,12,66,0.946,0.000,0.2713,1.799
517,13,67,0.506,0.000,0.2688,1.797
517,14,68,1.207,0.000,0.2741,1.796
517,15,69,0.706,0.000,0.2760,1.795
518,0,55,0.073,0.000,0.1279,23.228
518,1,56,0.859,207.107,0.1276,5.067
518,2,57,0.327,0.000,0.1340,19.519
518,3,58,0.438,158.918,0.1329,4.134
518,4,59,0.414,99.901,0.1386,14.830
518,5,60,1.912,34.074,0.1379,9.349
518,6,61,0.435,0.000,0.1429,3.363
518,7,62,0.674,0.000,0.1465,1.806
518,8,63,0.359,0.000,0.2717,1.802
518,9,64,0.369,0.000,0.2629,1.800
518,10,65,0.353,0.000,0.2648,1.797
518,11,66,0.267,0.000,0.2713,1.799
518,12,67,0.601,0.000,0.2688,1.797
518,13,68,0.311,0.000,0.2741,1.796
518,14,69,1.463,0.000,0.2760,1.795
518,15,70,0.357,0.000,0.2622,1.792
519,0,56,0.236,207.107,0.1276,5.067
519,1,57,1.217,0.000,0.1340,19.519
519,2,58,0.590,158.918,0.1329,4.134
519,3,59,0.524,99.901,0.1386,14.830
519,4,60,1.110,34.074,0.1379,9.349
519,5,61,0.436,0.000,0.1429,3.363
519,6,62,0.769,0.000,0.1465,1.806
519,7,63,0.765,0.000,0.2717,1.802
519,8,64,0.465,0.000,0.2629,1.800
519,9,65,0.530,0.000,0.2648,1.797
519,10,66,2.036,0.000,0.2713,1.799
519,11,67,0.189,0.000,0.2688,1.797
519,12,68,0.300,0.000,0.2741,1.796
519,13,69,0.551,0.000,0.2760,1.795
519,14,70,1.425,0.000,0.2622,1.792
519,15,71,1.287,0.000,0.2881,1.796
520,0,57,1.731,0.000,0.1340,19.519
520,1,58,2.389,158.918,0.1329,4.134
520,2,59,1.467,99.901,0.1386,14.830
520,3,60,1.155,34.074,0.1379,9.349
520,4,61,0.736,0.000,0.1429,3.363
520,5,62,0.520,0.000,0.1465,1.806
520,6,63,0.217,0.000,0.2717,1.802
520,7,64,0.858,0.000,0.2629,1.800
520,8,65,0.925,0.000,0.2648,1.797
520,9,66,0.380,0.000,0.2713,1.799
520,10,67,0.259,0.000,0.2688,1.797
520,11,68,0.663,0.000,0.2741,1.796
520,12,69,0.740,0.000,0.2760,1.795
520,13,70,0.410,0.000,0.2622,1.792
520,14,71,1.629,0.000,0.2881,1.796
520,15,72,1.132,0.000,0.2849,1.798
521,0,58,1.283,158.918,0.1329,4.134
521,1,59,0.835,99.901,0.1386,14.830
521,2,60,0.820,34.074,0.1379,9.349
521,3,61,0.550,0.000,0.1429,3.363
521,4,62,0.490,0.000,0.1465,1.806
521,5,63,0.268,0.000,0.2717,1.802
521,6,64,0.355,0.000,0.2629,1.800
521,7,65,0.646,0.000,0.2648,1.797
521,8,66,0.132,0.000,0.2713,1.799
521,9,67,0.847,0.000,0.2688,1.797
521,10,68,0.279,0.000,0.2741,1.796
521,11,69,0.299,0.000,0.2760,1.795
521,12,70,0.418,0.000,0.2622,1.792
521,13,71,0.378,0.000,0.2881,1.796
521,14,72,0.795,0.000,0.2849,1.798
521,15,73,0.317,0.000,0.2788,1.787
522,0,59,0.982,99.901,0.1386,14.830
522,1,60,0.945,34.074,0.1379,9.349
522,2,61,0.624,0.000,0.1429,3.363
522,3,62,0.829,0.000,0.1465,1.806
522,4,63,1.020,0.000,0.2717,1.802
522,5,64,0.579,0.000,0.2629,1.800
522,6,65,0.430,0.000,0.2648,1.797
522,7,66,0.604,0.000,0.2713,1.799
522,8,67,0.756,0.000,0.2688,1.797
522,9,68,0.587,0.000,0.2741,1.796
522,10,69,0.500,0.000,0.2760,1.795
522,11,70,0.717,0.000,0.2622,1.792
522,12,71,0.575,0.000,0.2881,1.796
522,13,72,0.413,0.000,0.2849,1.798
522,14,73,0.717,0.000,0.2788,1.787
522,15,74,0.892,0.000,0.2976,1.788
523,0,60,2.832,34.074,0.1379,9.349
523,1,61,1.391,0.000,0.1429,3.363
523,2,62,0.743,0.000,0.1465,1.806
523,3,63,0.291,0.000,0.2717,1.802
523,4,64,0.790,0.000,0.2629,1.800
523,5,65,0.400,0.000,0.2648,1.797
523,6,66,0.394,0.000,0.2713,1.799
523,7,67,0.815,0.000,0.2688,1.797
523,8,68,0.526,0.000,0.2741,1.796
523,9,69,0.496,0.000,0.2760,1.795
523,10,70,0.487,0.000,0.2622,1.792
523,11,71,0.580,0.000,0.2881,1.796
523,12,72,0.890,0.000,0.2849,1.798
523,13,73,0.820,0.000,0.2788,1.787
523,14,74,1.408,0.000,0.2976,1.788
523,15,75,0.458,0.000,0.3069,1.790
524,0,61,0.177,0.000,0.1429,3.363
524,1,62,0.805,0.000,0.1465,1.806
524,2,63,1.129,0.000,0.2717,1.802
524,3,64,0.809,0.000,0.2629,1.800
524,4,65,0.868,0.000,0.2648,1.797
524,5,66,0.465,0.000,0.2713,1.799
524,6,67,0.486,0.000,0.2688,1.797
524,7,68,0.174,0.000,0.2741,1.796
524,8,69,0.107,0.000,0.2760,1.795
524,9,70,0.685,0.000,0.2622,1.792
524,10,71,0.730,0.000,0.2881,1.796
524,11,72,0.248,0.000,0.2849,1.798
524,12,73,0.522,0.000,0.2788,1.787
524,13,74,0.442,0.000,0.2976,1.788
524,14,75,0.322,0.000,0.3069,1.790
524,15,76,7.733,0.000,0.2968,1.797
525,0,62,0.253,0.000,0.1465,1.806
525,1,63,0.471,0.000,0.2717,1.802
525,2,64,0.519,0.000,0.2629,1.800
525,3,65,0.412,0.000,0.2648,1.797
525,4,66,0.458,0.000,0.2713,1.799
525,5,67,0.799,0.000,0.2688,1.797
525,6,68,0.311,0.000,0.2741,1.796
525,7,69,0.826,0.000,0.2760,1.795
525,8,70,0.584,0.000,0.2622,1.792
525,9,71,0.575,0.000,0.2881,1.796
525,10,72,0.206,0.000,0.2849,1.798
525,11,73,0.383,0.000,0.2788,1.787
525,12,74,0.655,0.000,0.2976,1.788
525,13,75,0.775,0.000,0.3069,1.790
525,14,76,0.410,0.000,0.2968,1.797
526,0,63,0.724,0.000,0.2717,1.802
526,1,64,0.337,0.000,0.2629,1.800
526,2,65,0.411,0.000,0.2648,1.797
526,3,66,0.479,0.000,0.2713,1.799
526,4,67,0.563,0.000,0.2688,1.797
526,5,68,0.875,0.000,0.2741,1.796
526,6,69,0.238,0.000,0.2760,1.795
526,7,70,0.602,0.000,0.2622,1.792
526,8,71,0.578,0.000,0.2881,1.796
526,9,72,0.827,0.000,0.2849,1.798
526,10,73,0.289,0.000,0.2788,1.787
526,11,74,0.437,0.000,0.2976,1.788
526,12,75,0.187,0.000,0.3069,1.790
526,13,76,0.524,0.000,0.2968,1.797
527,0,64,0.586,0.000,0.2629,1.800
527,1,65,0.508,0.000,0.2648,1.797
527,2,66,0.476,0.000,0.2713,1.799
527,3,67,0.767,0.000,0.2688,1.797
527,4,68,0.927,0.000,0.2741,1.796
527,5,69,1.695,0.000,0.2760,1.795
527,6,70,0.320,0.000,0.2622,1.792
527,7,71,0.669,0.000,0.2881,1.796
527,8,72,0.493,0.000,0.2849,1.798
527,9,73,1.295,0.000,0.2788,1.787
527,10,74,0.908,0.000,0.2976,1.788
527,11,75,0.552,0.000,0.3069,1.790
527,12,76,0.988,0.000,0.2968,1.797
528,0,65,0.483,0.000,0.2648,1.797
528,1,66,0.223,0.000,0.2713,1.799
528,2,67,0.499,0.000,0.2688,1.797
528,3,68,0.518,0.000,0.2741,1.796
528,4,69,1.532,0.000,0.2760,1.795
528,5,70,0.493,0.000,0.2622,1.792
528,6,71,1.160,0.000,0.2881,1.796
528,7,72,0.468,0.000,0.2849,1.798
528,8,73,0.464,0.000,0.2788,1.787
528,9,74,0.886,0.000,0.2976,1.788
528,10,75,0.579,0.000,0.3069,1.790
528,11,76,1.051,0.000,0.2968,1.797
529,0,66,1.887,0.000,0.2713,1.799
529,1,67,1.697,0.000,0.2688,1.797
529,2,68,1.013,0.000,0.2741,1.796
529,3,69,0.984,0.000,0.2760,1.795
529,4,70,1.965,0.000,0.2622,1.792
529,5,71,0.481,0.000,0.2881,1.796
529,6,72,0.244,0.000,0.2849,1.798
529,7,73,0.826,0.000,0.2788,1.787
529,8,74,1.231,0.000,0.2976,1.788
529,9,75,0.549,0.000,0.3069,1.790
529,10,76,1.318,0.000,0.2968,1.797
530,0,67,2.284,0.000,0.2688,1.797
530,1,68,0.774,0.000,0.2741,1.796
530,2,69,0.822,0.000,0.2760,1.795
530,3,70,1.015,0.000,0.2622,1.792
530,4,71,0.963,0.000,0.2881,1.796
530,5,72,0.535,0.000,0.2849,1.798
530,6,73,1.954,0.000,0.2788,1.787
530,7,74,1.270,0.000,0.2976,1.788
530,8,75,1.738,0.000,0.3069,1.790
530,9,76,1.686,0.000,0.2968,1.797
531,0,68,1.561,0.000,0.2741,1.796
531,1,69,1.533,0.000,0.2760,1.795
531,2,70,0.781,0.000,0.2622,1.792
531,3,71,1.618,0.000,0.2881,1.796
531,4,72,0.706,0.000,0.2849,1.798
531,5,73,1.136,0.000,0.2788,1.787
531,6,74,1.249,0.000,0.2976,1.788
531,7,75,1.565,0.000,0.3069,1.790
531,8,76,1.799,0.000,0.2968,1.797
532,0,69,2.315,0.000,0.2760,1.795
532,1,70,1.425,0.000,0.2622,1.792
532,2,71,2.749,0.000,0.2881,1.796
532,3,72,1.824,0.000,0.2849,1.798
532,4,73,1.400,0.000,0.2788,1.787
532,5,74,1.467,0.000,0.2976,1.788
532,6,75,2.827,0.000,0.3069,1.790
532,7,76,2.007,0.000,0.2968,1.797
533,0,70,1.199,0.000,0.2622,1.792
533,1,71,2.528,0.000,0.2881,1.796
533,2,72,1.387,0.000,0.2849,1.798
533,3,73,1.274,0.000,0.2788,1.787
533,4,74,2.579,0.000,0.2976,1.788
533,5,75,2.222,0.000,0.3069,1.790
533,6,76,4.160,0.000,0.2968,1.797
534,0,71,1.763,0.000,0.2881,1.796
534,1,72,3.032,0.000,0.2849,1.798
534,2,73,0.478,0.000,0.2788,1.787
534,3,74,2.295,0.000,0.2976,1.788
534,4,75,1.420,0.000,0.3069,1.790
534,5,76,2.468,0.000,0.2968,1.797
535,0,72,1.924,0.000,0.2849,1.798
535,1,73,1.426,0.000,0.2788,1.787
535,2,74,2.137,0.000,0.2976,1.788
535,3,75,1.843,0.000,0.3069,1.790
535,4,76,2.747,0.000,0.2968,1.797
536,0,73,1.799,0.000,0.2788,1.787
536,1,74,2.900,0.000,0.2976,1.788
536,2,75,2.244,0.000,0.3069,1.790
536,3,76,3.134,0.000,0.2968,1.797
537,0,74,1.949,0.000,0.2976,1.788
537,1,75,1.717,0.000,0.3069,1.790
537,2,76,4.344,0.000,0.2968,1.797
538,0,75,1.652,0.000,0.3069,1.790
538,1,76,0.662,0.000,0.2968,1.797
539,0,76,1.478,0.000,0.2968,1.797
541,0,0,9.417,411.464,4.8502,41.146
541,1,1,12.136,1005.241,3.8102,100.524
541,2,2,11.825,3.170,0.1966,0.317
541,3,3,0.872,0.002,0.0304,0.000
541,4,4,1.173,0.003,0.0304,0.000
541,5,5,0.465,0.001,0.0304,0.000
541,6,6,0.621,0.002,0.0304,0.000
541,7,7,1.016,0.003,0.0304,0.000
541,8,8,0.768,0.001,0.0304,0.000
541,9,9,0.960,0.002,0.0304,0.000
541,10,10,0.482,0.003,0.0304,0.000
541,11,11,1.211,3426.077,0.0304,0.000
541,12,12,4.266,0.000,0.0304,342.608
541,13,13,1.094,0.000,0.0304,162.446
541,14,14,2.143,0.000,5.7688,19.512
541,15,15,1.061,258.819,2.9759,0.119
542,0,1,2.140,1005.241,3.8102,100.524
542,1,2,1.001,3.170,0.1966,0.317
542,2,3,1.085,0.002,0.0304,0.000
542,3,4,0.568,0.003,0.0304,0.000
542,4,5,0.456,0.001,0.0304,0.000
542,5,6,0.171,0.002,0.0304,0.000
542,6,7,0.949,0.003,0.0304,0.000
542,7,8,0.775,0.001,0.0304,0.000
542,8,9,1.189,0.002,0.0304,0.000
542,9,10,1.108,0.003,0.0304,0.000
542,10,11,1.408,3426.077,0.0304,0.000
542,11,12,2.495,0.000,0.0304,342.608
542,12,13,1.776,0.000,0.0304,162.446
542,13,14,0.399,0.000,5.7688,19.512
542,14,15,0.376,258.819,2.9759,0.119
542,15,16,2.641,0.000,0.0154,25.740
543,0,2,2.077,3.170,0.1966,0.317
543,1,3,0.619,0.002,0.0304,0.000
543,2,4,0.726,0.003,0.0304,0.000
543,3,5,0.649,0.001,0.0304,0.000
543,4,6,0.586,0.002,0.0304,0.000
543,5,7,1.096,0.003,0.0304,0.000
543,6,8,1.360,0.001,0.0304,0.000
543,7,9,1.160,0.002,0.0304,0.000
543,8,10,0.980,0.003,0.0304,0.000
543,9,11,1.442,3426.077,0.0304,0.000
543,10,12,1.267,0.000,0.0304,342.608
543,11,13,1.221,0.000,0.0304,162.446
543,12,14,0.855,0.000,5.7688,19.512
543,13,15,0.740,258.819,2.9759,0.119
543,14,16,1.065,0.000,0.0154,25.740
543,15,17,0.415,241.182,0.0153,2.778
544,0,3,0.583,0.002,0.0304,0.000
544,1,4,0.496,0.003,0.0304,0.000
544,2,5,0.276,0.001,0.0304,0.000
544,3,6,1.369,0.002,0.0304,0.000
544,4,7,0.333,0.003,0.0304,0.000
544,5,8,0.173,0.001,0.0304,0.000
544,6,9,1.078,0.002,0.0304,0.000
544,7,10,1.242,0.003,0.0304,0.000
544,8,11,0.968,3426.077,0.0304,0.000
544,9,12,0.768,0.000,0.0304,342.608
544,10,13,0.628,0.000,0.0304,162.446
544,11,14,0.433,0.000,5.7688,19.512
544,12,15,0.442,258.819,2.9759,0.119
544,13,16,0.513,0.000,0.0154,25.740
544,14,17,1.982,241.182,0.0153,2.778
544,15,18,0.386,0.000,0.0147,23.342
545,0,4,0.502,0.003,0.0304,0.000
545,1,5,1.045,0.001,0.0304,0.000
545,2,6,0.293,0.002,0.0304,0.000
545,3,7,0.260,0.003,0.0304,0.000
545,4,8,0.829,0.001,0.0304,0.000
545,5,9,1.536,0.002,0.0304,0.000
545,6,10,1.741,0.003,0.0304,0.000
545,7,11,0.782,3426.077,0.0304,0.000
545,8,12,1.272,0.000,0.0304,342.608
545,9,13,1.330,0.000,0.0304,162.446
545,10,14,0.371,0.000,5.7688,19.512
545,11,15,0.472,258.819,2.9759,0.119
545,12,16,0.718,0.000,0.0154,25.740
545,13,17,0.633,241.182,0.0153,2.778
545,14,18,1.099,0.000,0.0147,23.342
545,15,19,1.549,207.106,0.0147,3.564
546,0,5,0.316,0.001,0.0304,0.000
546,1,6,0.552,0.002,0.0304,0.000
546,2,7,0.310,0.003,0.0304,0.000
546,3,8,1.047,0.001,0.0304,0.000
546,4,9,0.722,0.002,0.0304,0.000
546,5,10,0.200,0.003,0.0304,0.000
546,6,11,1.588,3426.077,0.0304,0.000
546,7,12,0.688,0.000,0.0304,342.608
546,8,13,0.648,0.000,0.0304,162.446
546,9,14,0.475,0.000,5.7688,19.512
546,10,15,0.518,258.819,2.9759,0.119
546,11,16,1.322,0.000,0.0154,25.740
546,12,17,0.523,241.182,0.0153,2.778
546,13,18,0.950,0.000,0.0147,23.342
546,14,19,1.696,207.106,0.0147,3.564
546,15,20,0.345,158.919,0.0140,19.786
547,0,6,0.485,0.002,0.0304,0.000
547,1,7,0.556,0.003,0.0304,0.000
547,2,8,0.893,0.001,0.0304,0.000
547,3,9,0.468,0.002,0.0304,0.000
547,4,10,0.590,0.003,0.0304,0.000
547,5,11,0.737,3426.077,0.0304,0.000
547,6,12,342.204,0.000,0.0304,342.608
547,7,13,0.454,0.000,0.0304,162.446
547,8,14,1.606,0.000,5.7688,19.512
547,9,15,0.410,258.819,2.9759,0.119
547,10,16,25.947,0.000,0.0154,25.740
547,11,17,0.436,241.182,0.0153,2.778
547,12,18,24.028,0.000,0.0147,23.342
547,13,19,0.637,207.106,0.0147,3.564
547,14,20,20.307,158.919,0.0140,19.786
547,15,21,15.695,99.900,0.0140,15.083
548,0,7,0.688,0.003,0.0304,0.000
548,1,8,0.822,0.001,0.0304,0.000
548,2,9,3.651,0.002,0.0304,0.000
548,3,10,2.163,0.003,0.0304,0.000
548,4,11,5.119,3426.077,0.0304,0.000
548,5,12,2.013,0.000,0.0304,342.608
548,6,13,1.045,0.000,0.0304,162.446
548,7,14,0.331,0.000,5.7688,19.512
548,8,15,0.895,258.819,2.9759,0.119
548,9,16,0.723,0.000,0.0154,25.740
548,10,17,1.789,241.182,0.0153,2.778
548,11,18,1.417,0.000,0.0147,23.342
548,12,19,1.518,207.106,0.0147,3.564
548,13,20,1.884,158.919,0.0140,19.786
548,14,21,2.871,99.900,0.0140,15.083
548,15,22,1.711,34.075,0.0132,9.468
549,0,8,1.411,0.001,0.0304,0.000
549,1,9,1.151,0.002,0.0304,0.000
549,2,10,1.272,0.003,0.0304,0.000
549,3,11,1.435,3426.077,0.0304,0.000
549,4,12,341.043,0.000,0.0304,342.608
549,5,13,1.129,0.000,0.0304,162.446
549,6,14,1.245,0.000,5.7688,19.512
549,7,15,2.119,258.819,2.9759,0.119
549,8,16,26.044,0.000,0.0154,25.740
549,9,17,0.306,241.182,0.0153,2.778
549,10,18,24.352,0.000,0.0147,23.342
549,11,19,0.216,207.106,0.0147,3.564
549,12,20,21.683,158.919,0.0140,19.786
549,13,21,16.437,99.900,0.0140,15.083
549,14,22,9.950,34.075,0.0132,9.468
549,15,23,3.430,0.000,0.0126,3.199
550,0,9,0.589,0.002,0.0304,0.000
550,1,10,0.658,0.003,0.0304,0.000
550,2,11,0.765,3426.077,0.0304,0.000
550,3,12,342.971,0.000,0.0304,342.608
550,4,13,343.778,0.000,0.0304,162.446
550,5,14,0.851,0.000,5.7688,19.512
550,6,15,0.609,258.819,2.9759,0.119
550,7,16,25.964,0.000,0.0154,25.740
550,8,17,26.330,241.182,0.0153,2.778
550,9,18,24.366,0.000,0.0147,23.342
550,10,19,24.536,207.106,0.0147,3.564
550,11,20,21.204,158.919,0.0140,19.786
550,12,21,36.821,99.900,0.0140,15.083
550,13,22,26.389,34.075,0.0132,9.468
550,14,23,13.361,0.000,0.0126,3.199
550,15,24,3.265,0.000,0.0122,3.446
551,0,10,0.572,0.003,0.0304,0.000
551,1,11,0.989,3426.077,0.0304,0.000
551,2,12,341.516,0.000,0.0304,342.608
551,3,13,341.807,0.000,0.0304,162.446
551,4,14,0.970,0.000,5.7688,19.512
551,5,15,0.691,258.819,2.9759,0.119
551,6,16,25.457,0.000,0.0154,25.740
551,7,17,25.890,241.182,0.0153,2.778
551,8,18,24.073,0.000,0.0147,23.342
551,9,19,23.268,207.106,0.0147,3.564
551,10,20,20.282,158.919,0.0140,19.786
551,11,21,36.329,99.900,0.0140,15.083
551,12,22,25.560,34.075,0.0132,9.468
551,13,23,13.386,0.000,0.0126,3.199
551,14,24,3.548,0.000,0.0122,3.446
551,15,25,0.462,0.000,0.1500,3.416
552,0,11,0.502,3426.077,0.0304,0.000
552,1,12,343.414,0.000,0.0304,342.608
552,2,13,342.859,0.000,0.0304,162.446
552,3,14,2.079,0.000,5.7688,19.512
552,4,15,2.403,258.819,2.9759,0.119
552,5,16,26.481,0.000,0.0154,25.740
552,6,17,25.695,241.182,0.0153,2.778
552,7,18,24.636,0.000,0.0147,23.342
552,8,19,24.668,207.106,0.0147,3.564
552,9,20,20.614,158.919,0.0140,19.786
552,10,21,36.195,99.900,0.0140,15.083
552,11,22,26.406,34.075,0.0132,9.468
552,12,23,13.225,0.000,0.0126,3.199
552,13,24,3.234,0.000,0.0122,3.446
552,14,25,0.788,0.000,0.1500,3.416
552,15,26,2.051,0.000,0.1489,3.416
553,0,12,342.632,0.000,0.0304,342.608
553,1,13,0.645,0.000,0.0304,162.446
553,2,14,0.870,0.000,5.7688,19.512
553,3,15,0.108,258.819,2.9759,0.119
553,4,16,25.517,0.000,0.0154,25.740
553,5,17,1.151,241.182,0.0153,2.778
553,6,18,25.062,0.000,0.0147,23.342
553,7,19,0.466,207.106,0.0147,3.564
553,8,20,20.645,158.919,0.0140,19.786
553,9,21,15.719,99.900,0.0140,15.083
553,10,22,9.587,34.075,0.0132,9.468
553,11,23,3.315,0.000,0.0126,3.199
553,12,24,0.560,0.000,0.0122,3.446
553,13,25,0.184,0.000,0.1500,3.416
553,14,26,0.429,0.000,0.1489,3.416
553,15,27,0.648,0.000,0.1497,3.416
554,0,13,328.463,0.000,0.0304,162.446
554,1,14,26.270,0.000,5.7688,19.512
554,2,15,4.688,258.819,2.9759,0.119
554,3,16,25.636,0.000,0.0154,25.740
554,4,17,25.755,241.182,0.0153,2.778
554,5,18,24.578,0.000,0.0147,23.342
554,6,19,25.345,207.106,0.0147,3.564
554,7,20,22.248,158.919,0.0140,19.786
554,8,21,36.772,99.900,0.0140,15.083
554,9,22,26.686,34.075,0.0132,9.468
554,10,23,13.986,0.000,0.0126,3.199
554,11,24,3.414,0.000,0.0122,3.446
554,12,25,2.884,0.000,0.1500,3.416
554,13,26,0.839,0.000,0.1489,3.416
554,14,27,1.789,0.000,0.1497,3.416
554,15,28,1.387,0.000,0.1480,3.416
555,0,14,0.824,0.000,5.7688,19.512
555,1,15,0.431,258.819,2.9759,0.119
555,2,16,1.810,0.000,0.0154,25.740
555,3,17,0.558,241.182,0.0153,2.778
555,4,18,0.925,0.000,0.0147,23.342
555,5,19,0.281,207.106,0.0147,3.564
555,6,20,0.545,158.919,0.0140,19.786
555,7,21,0.266,99.900,0.0140,15.083
555,8,22,0.342,34.075,0.0132,9.468
555,9,23,0.936,0.000,0.0126,3.199
555,10,24,0.687,0.000,0.0122,3.446
555,11,25,0.924,0.000,0.1500,3.416
555,12,26,0.743,0.000,0.1489,3.416
555,13,27,0.877,0.000,0.1497,3.416
555,14,28,0.444,0.000,0.1480,3.416
555,15,29,2.381,0.000,0.1488,3.416
556,0,15,1.401,258.819,2.9759,0.119
556,1,16,1.050,0.000,0.0154,25.740
556,2,17,0.656,241.182,0.0153,2.778
556,3,18,0.990,0.000,0.0147,23.342
556,4,19,0.605,207.106,0.0147,3.564
556,5,20,1.121,158.919,0.0140,19.786
556,6,21,1.339,99.900,0.0140,15.083
556,7,22,1.520,34.075,0.0132,9.468
556,8,23,0.430,0.000,0.0126,3.199
556,9,24,1.364,0.000,0.0122,3.446
556,10,25,1.619,0.000,0.1500,3.416
556,11,26,1.153,0.000,0.1489,3.416
556,12,27,0.585,0.000,0.1497,3.416
556,13,28,1.133,0.000,0.1480,3.416
556,14,29,1.445,0.000,0.1488,3.416
556,15,30,1.168,0.000,0.1486,3.415
557,0,16,0.602,0.000,0.0154,25.740
557,1,17,3.467,241.182,0.0153,2.778
557,2,18,0.407,0.000,0.0147,23.342
557,3,19,0.145,207.106,0.0147,3.564
557,4,20,0.863,158.919,0.0140,19.786
557,5,21,0.495,99.900,0.0140,15.083
557,6,22,0.385,34.075,0.0132,9.468
557,7,23,0.290,0.000,0.0126,3.199
557,8,24,0.379,0.000,0.0122,3.446
557,9,25,1.007,0.000,0.1500,3.416
557,10,26,0.481,0.000,0.1489,3.416
557,11,27,0.702,0.000,0.1497,3.416
557,12,28,0.853,0.000,0.1480,3.416
557,13,29,0.294,0.000,0.1488,3.416
557,14,30,0.574,0.000,0.1486,3.415
557,15,31,1.160,0.000,0.1494,3.415
558,0,17,7.467,241.182,0.0153,2.778
558,1,18,0.614,0.000,0.0147,23.342
558,2,19,1.191,207.106,0.0147,3.564
558,3,20,0.975,158.919,0.0140,19.786
558,4,21,0.790,99.900,0.0140,15.083
558,5,22,0.896,34.075,0.0132,9.468
558,6,23,0.402,0.000,0.0126,3.199
558,7,24,0.293,0.000,0.0122,3.446
558,8,25,0.862,0.000,0.1500,3.416
558,9,26,0.781,0.000,0.1489,3.416
558,10,27,0.161,0.000,0.1497,3.416
558,11,28,1.266,0.000,0.1480,3.416
558,12,29,0.488,0.000,0.1488,3.416
558,13,30,1.192,0.000,0.1486,3.415
558,14,31,0.328,0.000,0.1494,3.415
558,15,32,1.648,0.000,0.1484,3.416
559,0,18,0.342,0.000,0.0147,23.342
559,1,19,1.308,207.106,0.0147,3.564
559,2,20,0.888,158.919,0.0140,19.786
559,3,21,0.352,99.900,0.0140,15.083
559,4,22,1.693,34.075,0.0132,9.468
559,5,23,0.407,0.000,0.0126,3.199
559,6,24,0.719,0.000,0.0122,3.446
559,7,25,0.510,0.000,0.1500,3.416
559,8,26,1.000,0.000,0.1489,3.416
559,9,27,0.102,0.000,0.1497,3.416
559,10,28,0.422,0.000,0.1480,3.416
559,11,29,0.662,0.000,0.1488,3.416
559,12,30,1.292,0.000,0.1486,3.415
559,13,31,1.766,0.000,0.1494,3.415
559,14,32,1.264,0.000,0.1484,3.416
559,15,33,0.315,0.000,0.1484,3.416
560,0,19,1.845,207.106,0.0147,3.564
560,1,20,0.896,158.919,0.0140,19.786
560,2,21,1.430,99.900,0.0140,15.083
560,3,22,1.410,34.075,0.0132,9.468
560,4,23,1.485,0.000,0.0126,3.199
560,5,24,1.278,0.000,0.0122,3.446
560,6,25,1.069,0.000,0.1500,3.416
560,7,26,1.199,0.000,0.1489,3.416
560,8,27,1.689,0.000,0.1497,3.416
560,9,28,0.309,0.000,0.1480,3.416
560,10,29,0.852,0.000,0.1488,3.416
560,11,30,1.042,0.000,0.1486,3.415
560,12,31,1.118,0.000,0.1494,3.415
560,13,32,0.737,0.000,0.1484,3.416
560,14,33,1.129,0.000,0.1484,3.416
560,15,34,3.792,1000.000,0.1487,3.415
561,0,20,0.664,158.919,0.0140,19.786
561,1,21,0.233,99.900,0.0140,15.083
561,2,22,0.924,34.075,0.0132,9.468
561,3,23,0.787,0.000,0.0126,3.199
561,4,24,0.732,0.000,0.0122,3.446
561,5,25,0.483,0.000,0.1500,3.416
561,6,26,0.512,0.000,0.1489,3.416
561,7,27,0.220,0.000,0.1497,3.416
561,8,28,0.733,0.000,0.1480,3.416
561,9,29,0.347,0.000,0.1488,3.416
561,10,30,0.462,0.000,0.1486,3.415
561,11,31,0.327,0.000,0.1494,3.415
561,12,32,0.425,0.000,0.1484,3.416
561,13,33,0.167,0.000,0.1484,3.416
561,14,34,3.314,1000.000,0.1487,3.415
561,15,35,0.667,0.000,0.1496,15.283
562,0,21,1.016,99.900,0.0140,15.083
562,1,22,0.533,34.075,0.0132,9.468
562,2,23,0.949,0.000,0.0126,3.199
562,3,24,0.793,0.000,0.0122,3.446
562,4,25,0.419,0.000,0.1500,3.416
562,5,26,0.330,0.000,0.1489,3.416
562,6,27,0.495,0.000,0.1497,3.416
562,7,28,0.771,0.000,0.1480,3.416
562,8,29,0.747,0.000,0.1488,3.416
562,9,30,0.603,0.000,0.1486,3.415
562,10,31,0.856,0.000,0.1494,3.415
562,11,32,0.803,0.000,0.1484,3.416
562,12,33,0.982,0.000,0.1484,3.416
562,13,34,1.307,1000.000,0.1487,3.415
562,14,35,1.068,0.000,0.1496,15.283
562,15,36,1.093,1028.272,1.0554,1.777
563,0,22,1.060,34.075,0.0132,9.468
563,1,23,1.101,0.000,0.0126,3.199
563,2,24,0.303,0.000,0.0122,3.446
563,3,25,0.786,0.000,0.1500,3.416
563,4,26,0.644,0.000,0.1489,3.416
563,5,27,0.605,0.000,0.1497,3.416
563,6,28,0.227,0.000,0.1480,3.416
563,7,29,0.971,0.000,0.1488,3.416
563,8,30,0.425,0.000,0.1486,3.415
563,9,31,0.682,0.000,0.1494,3.415
563,10,32,0.939,0.000,0.1484,3.416
563,11,33,0.399,0.000,0.1484,3.416
563,12,34,0.409,1000.000,0.1487,3.415
563,13,35,0.441,0.000,0.1496,15.283
563,14,36,0.489,1028.272,1.0554,1.777
563,15,37,0.310,0.000,0.4121,122.652
564,0,23,0.250,0.000,0.0126,3.199
564,1,24,0.777,0.000,0.0122,3.446
564,2,25,0.749,0.000,0.1500,3.416
564,3,26,0.580,0.000,0.1489,3.416
564,4,27,0.396,0.000,0.1497,3.416
564,5,28,0.744,0.000,0.1480,3.416
564,6,29,0.369,0.000,0.1488,3.416
564,7,30,0.582,0.000,0.1486,3.415
564,8,31,0.995,0.000,0.1494,3.415
564,9,32,0.358,0.000,0.1484,3.416
564,10,33,0.728,0.000,0.1484,3.416
564,11,34,0.566,1000.000,0.1487,3.415
564,12,35,1.247,0.000,0.1496,15.283
564,13,36,0.299,1028.272,1.0554,1.777
564,14,37,0.790,0.000,0.4121,122.652
564,15,38,0.919,0.000,4.4526,49.867
565,0,24,0.396,0.000,0.0122,3.446
565,1,25,0.537,0.000,0.1500,3.416
565,2,26,0.248,0.000,0.1489,3.416
565,3,27,1.852,0.000,0.1497,3.416
565,4,28,0.723,0.000,0.1480,3.416
565,5,29,0.391,0.000,0.1488,3.416
565,6,30,0.474,0.000,0.1486,3.415
565,7,31,0.622,0.000,0.1494,3.415
565,8,32,0.696,0.000,0.1484,3.416
565,9,33,0.621,0.000,0.1484,3.416
565,10,34,0.585,1000.000,0.1487,3.415
565,11,35,1.980,0.000,0.1496,15.283
565,12,36,0.744,1028.272,1.0554,1.777
565,13,37,1.288,0.000,0.4121,122.652
565,14,38,0.626,0.000,4.4526,49.867
565,15,39,1.327,0.000,2.5386,20.189
566,0,25,2.433,0.000,0.1500,3.416
566,1,26,0.713,0.000,0.1489,3.416
566,2,27,0.731,0.000,0.1497,3.416
566,3,28,1.733,0.000,0.1480,3.416
566,4,29,0.460,0.000,0.1488,3.416
566,5,30,0.347,0.000,0.1486,3.415
566,6,31,0.983,0.000,0.1494,3.415
566,7,32,0.558,0.000,0.1484,3.416
566,8,33,1.098,0.000,0.1484,3.416
566,9,34,1.750,1000.000,0.1487,3.415
566,10,35,0.479,0.000,0.1496,15.283
566,11,36,1.107,1028.272,1.0554,1.777
566,12,37,0.619,0.000,0.4121,122.652
566,13,38,0.312,0.000,4.4526,49.867
566,14,39,0.437,0.000,2.5386,20.189
566,15,40,0.659,0.000,0.8756,9.906
567,0,26,1.252,0.000,0.1489,3.416
567,1,27,0.539,0.000,0.1497,3.416
567,2,28,0.926,0.000,0.1480,3.416
567,3,29,0.579,0.000,0.1488,3.416
567,4,30,0.355,0.000,0.1486,3.415
567,5,31,0.572,0.000,0.1494,3.415
567,6,32,0.277,0.000,0.1484,3.416
567,7,33,0.738,0.000,0.1484,3.416
567,8,34,1.359,1000.000,0.1487,3.415
567,9,35,1.154,0.000,0.1496,15.283
567,10,36,5.075,1028.272,1.0554,1.777
567,11,37,0.194,0.000,0.4121,122.652
567,12,38,0.786,0.000,4.4526,49.867
567,13,39,0.679,0.000,2.5386,20.189
567,14,40,0.308,0.000,0.8756,9.906
567,15,41,0.490,0.000,0.9540,1.252
568,0,27,0.230,0.000,0.1497,3.416
568,1,28,0.180,0.000,0.1480,3.416
568,2,29,0.299,0.000,0.1488,3.416
568,3,30,0.405,0.000,0.1486,3.415
568,4,31,0.189,0.000,0.1494,3.415
568,5,32,0.233,0.000,0.1484,3.416
568,6,33,1.679,0.000,0.1484,3.416
568,7,34,1.200,1000.000,0.1487,3.415
568,8,35,0.755,0.000,0.1496,15.283
568,9,36,0.996,1028.272,1.0554,1.777
568,10,37,0.948,0.000,0.4121,122.652
568,11,38,0.490,0.000,4.4526,49.867
568,12,39,0.444,0.000,2.5386,20.189
568,13,40,2.104,0.000,0.8756,9.906
568,14,41,0.834,0.000,0.9540,1.252
568,15,42,1.996,0.000,0.2103,1.210
569,0,28,5.986,0.000,0.1480,3.416
569,1,29,1.356,0.000,0.1488,3.416
569,2,30,1.413,0.000,0.1486,3.415
569,3,31,1.018,0.000,0.1494,3.415
569,4,32,0.436,0.000,0.1484,3.416
569,5,33,0.531,0.000,0.1484,3.416
569,6,34,2.314,1000.000,0.1487,3.415
569,7,35,1.230,0.000,0.1496,15.283
569,8,36,1.057,1028.272,1.0554,1.777
569,9,37,0.428,0.000,0.4121,122.652
569,10,38,1.228,0.000,4.4526,49.867
569,11,39,0.882,0.000,2.5386,20.189
569,12,40,1.343,0.000,0.8756,9.906
569,13,41,0.550,0.000,0.9540,1.252
569,14,42,0.929,0.000,0.2103,1.210
569,15,43,0.863,0.000,0.1918,1.210
570,0,29,0.383,0.000,0.1488,3.416
570,1,30,5.597,0.000,0.1486,3.415
570,2,31,1.033,0.000,0.1494,3.415
570,3,32,0.925,0.000,0.1484,3.416
570,4,33,0.138,0.000,0.1484,3.416
570,5,34,0.783,1000.000,0.1487,3.415
570,6,35,0.677,0.000,0.1496,15.283
570,7,36,0.724,1028.272,1.0554,1.777
570,8,37,1.037,0.000,0.4121,122.652
570,9,38,0.466,0.000,4.4526,49.867
570,10,39,0.883,0.000,2.5386,20.189
570,11,40,0.784,0.000,0.8756,9.906
570,12,41,0.809,0.000,0.9540,1.252
570,13,42,1.373,0.000,0.2103,1.210
570,14,43,0.681,0.000,0.1918,1.210
570,15,44,0.452,0.000,0.1914,1.209
571,0,30,0.610,0.000,0.1486,3.415
571,1,31,0.908,0.000,0.1494,3.415
571,2,32,0.222,0.000,0.1484,3.416
571,3,33,0.970,0.000,0.1484,3.416
571,4,34,0.559,1000.000,0.1487,3.415
571,5,35,1.140,0.000,0.1496,15.283
571,6,36,1.098,1028.272,1.0554,1.777
571,7,37,0.470,0.000,0.4121,122.652
571,8,38,0.194,0.000,4.4526,49.867
571,9,39,0.438,0.000,2.5386,20.189
571,10,40,0.624,0.000,0.8756,9.906
571,11,41,0.271,0.000,0.9540,1.252
571,12,42,1.093,0.000,0.2103,1.210
571,13,43,0.333,0.000,0.1918,1.210
571,14,44,0.451,0.000,0.1914,1.209
571,15,45,0.350,0.000,0.1907,1.210
572,0,31,0.502,0.000,0.1494,3.415
572,1,32,0.963,0.000,0.1484,3.416
572,2,33,0.622,0.000,0.1484,3.416
572,3,34,0.397,1000.000,0.1487,3.415
572,4,35,1.124,0.000,0.1496,15.283
572,5,36,1.509,1028.272,1.0554,1.777
572,6,37,0.719,0.000,0.4121,122.652
572,7,38,1.201,0.000,4.4526,49.867
572,8,39,1.058,0.000,2.5386,20.189
572,9,40,0.666,0.000,0.8756,9.906
572,10,41,0.779,0.000,0.9540,1.252
572,11,42,1.110,0.000,0.2103,1.210
572,12,43,0.570,0.000,0.1918,1.210
572,13,44,0.701,0.000,0.1914,1.209
572,14,45,2.044,0.000,0.1907,1.210
572,15,46,1.546,0.000,0.1900,1.209
573,0,32,1.041,0.000,0.1484,3.416
573,1,33,0.924,0.000,0.1484,3.416
573,2,34,0.650,1000.000,0.1487,3.415
573,3,35,99.491,0.000,0.1496,15.283
573,4,36,1.969,1028.272,1.0554,1.777
573,5,37,101.581,0.000,0.4121,122.652
573,6,38,1.068,0.000,4.4526,49.867
573,7,39,0.807,0.000,2.5386,20.189
573,8,40,0.654,0.000,0.8756,9.906
573,9,41,0.143,0.000,0.9540,1.252
573,10,42,1.159,0.000,0.2103,1.210
573,11,43,0.841,0.000,0.1918,1.210
573,12,44,0.571,0.000,0.1914,1.209
573,13,45,0.127,0.000,0.1907,1.210
573,14,46,0.630,0.000,0.1900,1.209
573,15,47,0.893,0.000,0.1900,1.209
574,0,33,0.395,0.000,0.1484,3.416
574,1,34,1.345,1000.000,0.1487,3.415
574,2,35,100.237,0.000,0.1496,15.283
574,3,36,1.122,1028.272,1.0554,1.777
574,4,37,98.777,0.000,0.4121,122.652
574,5,38,1.040,0.000,4.4526,49.867
574,6,39,1.055,0.000,2.5386,20.189
574,7,40,0.555,0.000,0.8756,9.906
574,8,41,0.527,0.000,0.9540,1.252
574,9,42,0.694,0.000,0.2103,1.210
574,10,43,0.461,0.000,0.1918,1.210
574,11,44,0.310,0.000,0.1914,1.209
574,12,45,0.943,0.000,0.1907,1.210
574,13,46,0.257,0.000,0.1900,1.209
574,14,47,0.937,0.000,0.1900,1.209
574,15,48,0.397,0.000,0.1906,1.209
575,0,34,0.643,1000.000,0.1487,3.415
575,1,35,1.559,0.000,0.1496,15.283
575,2,36,1.037,1028.272,1.0554,1.777
575,3,37,1.258,0.000,0.4121,122.652
575,4,38,0.586,0.000,4.4526,49.867
575,5,39,0.496,0.000,2.5386,20.189
575,6,40,0.436,0.000,0.8756,9.906
575,7,41,0.463,0.000,0.9540,1.252
575,8,42,1.187,0.000,0.2103,1.210
575,9,43,0.478,0.000,0.1918,1.210
575,10,44,0.593,0.000,0.1914,1.209
575,11,45,0.384,0.000,0.1907,1.210
575,12,46,0.679,0.000,0.1900,1.209
575,13,47,0.479,0.000,0.1900,1.209
575,14,48,0.720,0.000,0.1906,1.209
575,15,49,0.522,0.000,0.1897,1.209
576,0,35,0.812,0.000,0.1496,15.283
576,1,36,1.340,1028.272,1.0554,1.777
576,2,37,1.357,0.000,0.4121,122.652
576,3,38,0.299,0.000,4.4526,49.867
576,4,39,0.720,0.000,2.5386,20.189
576,5,40,1.482,0.000,0.8756,9.906
576,6,41,0.433,0.000,0.9540,1.252
576,7,42,1.474,0.000,0.2103,1.210
576,8,43,0.537,0.000,0.1918,1.210
576,9,44,0.695,0.000,0.1914,1.209
576,10,45,0.717,0.000,0.1907,1.210
576,11,46,0.775,0.000,0.1900,1.209
576,12,47,0.566,0.000,0.1900,1.209
576,13,48,0.517,0.000,0.1906,1.209
576,14,49,1.991,0.000,0.1897,1.209
576,15,50,1.524,0.000,0.1884,1.209
577,0,36,1.573,1028.272,1.0554,1.777
577,1,37,1.490,0.000,0.4121,122.652
577,2,38,1.322,0.000,4.4526,49.867
577,3,39,0.635,0.000,2.5386,20.189
577,4,40,1.118,0.000,0.8756,9.906
577,5,41,1.260,0.000,0.9540,1.252
577,6,42,1.147,0.000,0.2103,1.210
577,7,43,0.520,0.000,0.1918,1.210
577,8,44,0.307,0.000,0.1914,1.209
577,9,45,0.310,0.000,0.1907,1.210
577,10,46,0.643,0.000,0.1900,1.209
577,11,47,0.247,0.000,0.1900,1.209
577,12,48,0.705,0.000,0.1906,1.209
577,13,49,0.386,0.000,0.1897,1.209
577,14,50,1.837,0.000,0.1884,1.209
577,15,51,6.355,258.820,0.1885,1.209
578,0,37,0.963,0.000,0.4121,122.652
578,1,38,0.299,0.000,4.4526,49.867
578,2,39,0.427,0.000,2.5386,20.189
578,3,40,0.707,0.000,0.8756,9.906
578,4,41,0.340,0.000,0.9540,1.252
578,5,42,0.154,0.000,0.2103,1.210
578,6,43,0.443,0.000,0.1918,1.210
578,7,44,0.541,0.000,0.1914,1.209
578,8,45,0.372,0.000,0.1907,1.210
578,9,46,0.569,0.000,0.1900,1.209
578,10,47,0.153,0.000,0.1900,1.209
578,11,48,0.670,0.000,0.1906,1.209
578,12,49,1.212,0.000,0.1897,1.209
578,13,50,1.520,0.000,0.1884,1.209
578,14,51,6.735,258.820,0.1885,1.209
578,15,52,7.192,0.000,0.1877,25.782
579,0,38,0.605,0.000,4.4526,49.867
579,1,39,0.559,0.000,2.5386,20.189
579,2,40,0.715,0.000,0.8756,9.906
579,3,41,0.632,0.000,0.9540,1.252
579,4,42,0.177,0.000,0.2103,1.210
579,5,43,0.727,0.000,0.1918,1.210
579,6,44,0.287,0.000,0.1914,1.209
579,7,45,0.377,0.000,0.1907,1.210
579,8,46,0.844,0.000,0.1900,1.209
579,9,47,0.610,0.000,0.1900,1.209
579,10,48,0.926,0.000,0.1906,1.209
579,11,49,0.420,0.000,0.1897,1.209
579,12,50,1.017,0.000,0.1884,1.209
579,13,51,0.476,258.820,0.1885,1.209
579,14,52,8.508,0.000,0.1877,25.782
579,15,53,1.320,241.181,0.1857,4.736
580,0,39,0.581,0.000,2.5386,20.189
580,1,40,0.484,0.000,0.8756,9.906
580,2,41,0.272,0.000,0.9540,1.252
580,3,42,0.813,0.000,0.2103,1.210
580,4,43,0.848,0.000,0.1918,1.210
580,5,44,0.457,0.000,0.1914,1.209
580,6,45,0.619,0.000,0.1907,1.210
580,7,46,0.907,0.000,0.1900,1.209
580,8,47,1.480,0.000,0.1900,1.209
580,9,48,0.939,0.000,0.1906,1.209
580,10,49,0.935,0.000,0.1897,1.209
580,11,50,1.223,0.000,0.1884,1.209
580,12,51,0.743,258.820,0.1885,1.209
580,13,52,2.473,0.000,0.1877,25.782
580,14,53,0.801,241.181,0.1857,4.736
580,15,54,2.401,0.000,0.1951,23.209
581,0,40,0.982,0.000,0.8756,9.906
581,1,41,0.718,0.000,0.9540,1.252
581,2,42,0.482,0.000,0.2103,1.210
581,3,43,0.966,0.000,0.1918,1.210
581,4,44,0.491,0.000,0.1914,1.209
581,5,45,0.332,0.000,0.1907,1.210
581,6,46,0.108,0.000,0.1900,1.209
581,7,47,0.102,0.000,0.1900,1.209
581,8,48,0.339,0.000,0.1906,1.209
581,9,49,0.645,0.000,0.1897,1.209
581,10,50,0.991,0.000,0.1884,1.209
581,11,51,0.469,258.820,0.1885,1.209
581,12,52,1.853,0.000,0.1877,25.782
581,13,53,0.918,241.181,0.1857,4.736
581,14,54,0.350,0.000,0.1951,23.209
581,15,55,1.000,207.107,0.1948,5.008
582,0,41,1.819,0.000,0.9540,1.252
582,1,42,1.004,0.000,0.2103,1.210
582,2,43,0.797,0.000,0.1918,1.210
582,3,44,1.619,0.000,0.1914,1.209
582,4,45,1.456,0.000,0.1907,1.210
582,5,46,2.665,0.000,0.1900,1.209
582,6,47,0.711,0.000,0.1900,1.209
582,7,48,0.513,0.000,0.1906,1.209
582,8,49,0.875,0.000,0.1897,1.209
582,9,50,0.165,0.000,0.1884,1.209
582,10,51,0.737,258.820,0.1885,1.209
582,11,52,0.493,0.000,0.1877,25.782
582,12,53,0.806,241.181,0.1857,4.736
582,13,54,1.249,0.000,0.1951,23.209
582,14,55,1.637,207.107,0.1948,5.008
582,15,56,1.177,0.000,0.2057,19.504
583,0,42,0.110,0.000,0.2103,1.210
583,1,43,1.545,0.000,0.1918,1.210
583,2,44,0.088,0.000,0.1914,1.209
583,3,45,0.821,0.000,0.1907,1.210
583,4,46,0.664,0.000,0.1900,1.209
583,5,47,0.527,0.000,0.1900,1.209
583,6,48,0.967,0.000,0.1906,1.209
583,7,49,0.751,0.000,0.1897,1.209
583,8,50,0.559,0.000,0.1884,1.209
583,9,51,0.569,258.820,0.1885,1.209
583,10,52,0.532,0.000,0.1877,25.782
583,11,53,0.816,241.181,0.1857,4.736
583,12,54,1.175,0.000,0.1951,23.209
583,13,55,1.298,207.107,0.1948,5.008
583,14,56,0.355,0.000,0.2057,19.504
583,15,57,0.662,158.918,0.2053,4.089
584,0,43,0.794,0.000,0.1918,1.210
584,1,44,0.507,0.000,0.1914,1.209
584,2,45,0.571,0.000,0.1907,1.210
584,3,46,0.230,0.000,0.1900,1.209
584,4,47,0.616,0.000,0.1900,1.209
584,5,48,0.969,0.000,0.1906,1.209
584,6,49,0.548,0.000,0.1897,1.209
584,7,50,0.529,0.000,0.1884,1.209
584,8,51,1.444,258.820,0.1885,1.209
584,9,52,1.462,0.000,0.1877,25.782
584,10,53,1.834,241.181,0.1857,4.736
584,11,54,0.343,0.000,0.1951,23.209
584,12,55,0.988,207.107,0.1948,5.008
584,13,56,1.254,0.000,0.2057,19.504
584,14,57,1.566,158.918,0.2053,4.089
584,15,58,2.705,99.901,0.2154,14.818
585,0,44,0.148,0.000,0.1914,1.209
585,1,45,0.595,0.000,0.1907,1.210
585,2,46,0.522,0.000,0.1900,1.209
585,3,47,0.727,0.000,0.1900,1.209
585,4,48,0.402,0.000,0.1906,1.209
585,5,49,0.447,0.000,0.1897,1.209
585,6,50,0.853,0.000,0.1884,1.209
585,7,51,1.235,258.820,0.1885,1.209
585,8,52,0.744,0.000,0.1877,25.782
585,9,53,1.300,241.181,0.1857,4.736
585,10,54,0.687,0.000,0.1951,23.209
585,11,55,1.257,207.107,0.1948,5.008
585,12,56,1.289,0.000,0.2057,19.504
585,13,57,0.905,158.918,0.2053,4.089
585,14,58,1.414,99.901,0.2154,14.818
585,15,59,5.846,34.074,0.2150,9.339
586,0,45,0.746,0.000,0.1907,1.210
586,1,46,0.774,0.000,0.1900,1.209
586,2,47,0.591,0.000,0.1900,1.209
586,3,48,0.756,0.000,0.1906,1.209
586,4,49,0.517,0.000,0.1897,1.209
586,5,50,0.099,0.000,0.1884,1.209
586,6,51,1.298,258.820,0.1885,1.209
586,7,52,1.938,0.000,0.1877,25.782
586,8,53,3.226,241.181,0.1857,4.736
586,9,54,1.840,0.000,0.1951,23.209
586,10,55,2.079,207.107,0.1948,5.008
586,11,56,1.621,0.000,0.2057,19.504
586,12,57,0.728,158.918,0.2053,4.089
586,13,58,1.761,99.901,0.2154,14.818
586,14,59,0.615,34.074,0.2150,9.339
586,15,60,0.491,0.000,0.2218,4.348
587,0,46,4.394,0.000,0.1900,1.209
587,1,47,0.688,0.000,0.1900,1.209
587,2,48,0.331,0.000,0.1906,1.209
587,3,49,0.284,0.000,0.1897,1.209
587,4,50,0.718,0.000,0.1884,1.209
587,5,51,0.797,258.820,0.1885,1.209
587,6,52,2.520,0.000,0.1877,25.782
587,7,53,1.145,241.181,0.1857,4.736
587,8,54,1.530,0.000,0.1951,23.209
587,9,55,1.003,207.107,0.1948,5.008
587,10,56,1.705,0.000,0.2057,19.504
587,11,57,1.278,158.918,0.2053,4.089
587,12,58,1.264,99.901,0.2154,14.818
587,13,59,0.917,34.074,0.2150,9.339
587,14,60,1.054,0.000,0.2218,4.348
587,15,61,1.882,0.000,0.4255,2.236
588,0,47,1.078,0.000,0.1900,1.209
588,1,48,1.007,0.000,0.1906,1.209
588,2,49,0.784,0.000,0.1897,1.209
588,3,50,0.735,0.000,0.1884,1.209
588,4,51,1.684,258.820,0.1885,1.209
588,5,52,5.852,0.000,0.1877,25.782
588,6,53,0.377,241.181,0.1857,4.736
588,7,54,6.227,0.000,0.1951,23.209
588,8,55,2.072,207.107,0.1948,5.008
588,9,56,4.192,0.000,0.2057,19.504
588,10,57,0.943,158.918,0.2053,4.089
588,11,58,3.800,99.901,0.2154,14.818
588,12,59,2.668,34.074,0.2150,9.339
588,13,60,0.307,0.000,0.2218,4.348
588,14,61,0.952,0.000,0.4255,2.236
588,15,62,2.003,0.000,0.0940,2.220
589,0,48,0.651,0.000,0.1906,1.209
589,1,49,0.381,0.000,0.1897,1.209
589,2,50,0.798,0.000,0.1884,1.209
589,3,51,1.365,258.820,0.1885,1.209
589,4,52,3.783,0.000,0.1877,25.782
589,5,53,2.699,241.181,0.1857,4.736
589,6,54,3.864,0.000,0.1951,23.209
589,7,55,2.961,207.107,0.1948,5.008
589,8,56,1.653,0.000,0.2057,19.504
589,9,57,2.058,158.918,0.2053,4.089
589,10,58,0.949,99.901,0.2154,14.818
589,11,59,0.304,34.074,0.2150,9.339
589,12,60,0.394,0.000,0.2218,4.348
589,13,61,0.775,0.000,0.4255,2.236
589,14,62,0.608,0.000,0.0940,2.220
589,15,63,0.476,0.000,0.0712,2.218
590,0,49,0.471,0.000,0.1897,1.209
590,1,50,0.922,0.000,0.1884,1.209
590,2,51,10.738,258.820,0.1885,1.209
590,3,52,7.708,0.000,0.1877,25.782
590,4,53,11.438,241.181,0.1857,4.736
590,5,54,7.075,0.000,0.1951,23.209
590,6,55,10.561,207.107,0.1948,5.008
590,7,56,5.240,0.000,0.2057,19.504
590,8,57,7.793,158.918,0.2053,4.089
590,9,58,0.441,99.901,0.2154,14.818
590,10,59,0.805,34.074,0.2150,9.339
590,11,60,0.901,0.000,0.2218,4.348
590,12,61,1.053,0.000,0.4255,2.236
590,13,62,0.623,0.000,0.0940,2.220
590,14,63,2.293,0.000,0.0712,2.218
590,15,64,0.224,0.000,0.0622,2.216
591,0,50,0.766,0.000,0.1884,1.209
591,1,51,1.437,258.820,0.1885,1.209
591,2,52,2.024,0.000,0.1877,25.782
591,3,53,0.465,241.181,0.1857,4.736
591,4,54,0.963,0.000,0.1951,23.209
591,5,55,0.411,207.107,0.1948,5.008
591,6,56,0.477,0.000,0.2057,19.504
591,7,57,1.243,158.918,0.2053,4.089
591,8,58,1.005,99.901,0.2154,14.818
591,9,59,0.521,34.074,0.2150,9.339
591,10,60,0.485,0.000,0.2218,4.348
591,11,61,0.541,0.000,0.4255,2.236
591,12,62,0.303,0.000,0.0940,2.220
591,13,63,0.466,0.000,0.0712,2.218
591,14,64,0.624,0.000,0.0622,2.216
591,15,65,0.878,0.000,0.0572,2.236
592,0,51,15.599,258.820,0.1885,1.209
592,1,52,3.527,0.000,0.1877,25.782
592,2,53,15.374,241.181,0.1857,4.736
592,3,54,4.466,0.000,0.1951,23.209
592,4,55,13.226,207.107,0.1948,5.008
592,5,56,3.693,0.000,0.2057,19.504
592,6,57,8.367,158.918,0.2053,4.089
592,7,58,5.497,99.901,0.2154,14.818
592,8,59,2.165,34.074,0.2150,9.339
592,9,60,0.314,0.000,0.2218,4.348
592,10,61,0.620,0.000,0.4255,2.236
592,11,62,0.426,0.000,0.0940,2.220
592,12,63,0.416,0.000,0.0712,2.218
592,13,64,0.826,0.000,0.0622,2.216
592,14,65,0.067,0.000,0.0572,2.236
592,15,66,0.510,0.000,0.0836,2.220
593,0,52,1.333,0.000,0.1877,25.782
593,1,53,12.292,241.181,0.1857,4.736
593,2,54,0.344,0.000,0.1951,23.209
593,3,55,11.099,207.107,0.1948,5.008
593,4,56,0.418,0.000,0.2057,19.504
593,5,57,8.990,158.918,0.2053,4.089
593,6,58,4.981,99.901,0.2154,14.818
593,7,59,2.312,34.074,0.2150,9.339
593,8,60,0.246,0.000,0.2218,4.348
593,9,61,0.842,0.000,0.4255,2.236
593,10,62,0.167,0.000,0.0940,2.220
593,11,63,0.398,0.000,0.0712,2.218
593,12,64,0.481,0.000,0.0622,2.216
593,13,65,0.442,0.000,0.0572,2.236
593,14,66,0.187,0.000,0.0836,2.220
593,15,67,0.700,0.000,0.0540,2.220
594,0,53,4.900,241.181,0.1857,4.736
594,1,54,7.440,0.000,0.1951,23.209
594,2,55,3.576,207.107,0.1948,5.008
594,3,56,6.081,0.000,0.2057,19.504
594,4,57,2.341,158.918,0.2053,4.089
594,5,58,2.567,99.901,0.2154,14.818
594,6,59,0.881,34.074,0.2150,9.339
594,7,60,1.084,0.000,0.2218,4.348
594,8,61,0.321,0.000,0.4255,2.236
594,9,62,0.509,0.000,0.0940,2.220
594,10,63,0.405,0.000,0.0712,2.218
594,11,64,0.824,0.000,0.0622,2.216
594,12,65,0.864,0.000,0.0572,2.236
594,13,66,0.545,0.000,0.0836,2.220
594,14,67,1.139,0.000,0.0540,2.220
594,15,68,3.337,0.000,0.0558,2.238
595,0,54,1.641,0.000,0.1951,23.209
595,1,55,3.255,207.107,0.1948,5.008
595,2,56,0.815,0.000,0.2057,19.504
595,3,57,3.063,158.918,0.2053,4.089
595,4,58,0.756,99.901,0.2154,14.818
595,5,59,1.429,34.074,0.2150,9.339
595,6,60,0.639,0.000,0.2218,4.348
595,7,61,0.085,0.000,0.4255,2.236
595,8,62,1.155,0.000,0.0940,2.220
595,9,63,0.318,0.000,0.0712,2.218
595,10,64,0.512,0.000,0.0622,2.216
595,11,65,0.250,0.000,0.0572,2.236
595,12,66,1.158,0.000,0.0836,2.220
595,13,67,0.375,0.000,0.0540,2.220
595,14,68,0.779,0.000,0.0558,2.238
595,15,69,0.604,0.000,0.0761,2.215
596,0,55,2.567,207.107,0.1948,5.008
596,1,56,3.408,0.000,0.2057,19.504
596,2,57,1.732,158.918,0.2053,4.089
596,3,58,1.435,99.901,0.2154,14.818
596,4,59,1.331,34.074,0.2150,9.339
596,5,60,0.375,0.000,0.2218,4.348
596,6,61,0.829,0.000,0.4255,2.236
596,7,62,1.083,0.000,0.0940,2.220
596,8,63,0.683,0.000,0.0712,2.218
596,9,64,0.636,0.000,0.0622,2.216
596,10,65,0.255,0.000,0.0572,2.236
596,11,66,0.527,0.000,0.0836,2.220
596,12,67,0.625,0.000,0.0540,2.220
596,13,68,0.393,0.000,0.0558,2.238
596,14,69,1.516,0.000,0.0761,2.215
596,15,70,3.917,0.000,0.0457,2.198
597,0,56,0.780,0.000,0.2057,19.504
597,1,57,1.208,158.918,0.2053,4.089
597,2,58,0.630,99.901,0.2154,14.818
597,3,59,1.160,34.074,0.2150,9.339
597,4,60,1.073,0.000,0.2218,4.348
597,5,61,1.996,0.000,0.4255,2.236
597,6,62,0.467,0.000,0.0940,2.220
597,7,63,0.280,0.000,0.0712,2.218
597,8,64,0.553,0.000,0.0622,2.216
597,9,65,0.568,0.000,0.0572,2.236
597,10,66,0.712,0.000,0.0836,2.220
597,11,67,0.435,0.000,0.0540,2.220
597,12,68,0.675,0.000,0.0558,2.238
597,13,69,0.434,0.000,0.0761,2.215
597,14,70,0.904,0.000,0.0457,2.198
597,15,71,0.502,0.000,0.0483,2.192
598,0,57,8.083,158.918,0.2053,4.089
598,1,58,6.819,99.901,0.2154,14.818
598,2,59,3.326,34.074,0.2150,9.339
598,3,60,2.158,0.000,0.2218,4.348
598,4,61,4.455,0.000,0.4255,2.236
598,5,62,1.562,0.000,0.0940,2.220
598,6,63,4.088,0.000,0.0712,2.218
598,7,64,1.499,0.000,0.0622,2.216
598,8,65,2.038,0.000,0.0572,2.236
598,9,66,3.119,0.000,0.0836,2.220
598,10,67,2.930,0.000,0.0540,2.220
598,11,68,1.589,0.000,0.0558,2.238
598,12,69,1.117,0.000,0.0761,2.215
598,13,70,5.576,0.000,0.0457,2.198
598,14,71,17.911,0.000,0.0483,2.192
598,15,72,13.063,0.000,0.0537,2.209
599,0,58,2.075,99.901,0.2154,14.818
599,1,59,1.435,34.074,0.2150,9.339
599,2,60,0.553,0.000,0.2218,4.348
599,3,61,0.553,0.000,0.4255,2.236
599,4,62,0.340,0.000,0.0940,2.220
599,5,63,0.532,0.000,0.0712,2.218
599,6,64,0.543,0.000,0.0622,2.216
599,7,65,0.674,0.000,0.0572,2.236
599,8,66,0.251,0.000,0.0836,2.220
599,9,67,0.189,0.000,0.0540,2.220
599,10,68,0.226,0.000,0.0558,2.238
599,11,69,0.298,0.000,0.0761,2.215
599,12,70,0.682,0.000,0.0457,2.198
599,13,71,0.521,0.000,0.0483,2.192
599,14,72,0.371,0.000,0.0537,2.209
599,15,73,0.664,0.000,0.0447,2.214
600,0,59,3.125,34.074,0.2150,9.339
600,1,60,1.543,0.000,0.2218,4.348
600,2,61,0.614,0.000,0.4255,2.236
600,3,62,0.314,0.000,0.0940,2.220
600,4,63,0.493,0.000,0.0712,2.218
600,5,64,0.168,0.000,0.0622,2.216
600,6,65,0.896,0.000,0.0572,2.236
600,7,66,0.578,0.000,0.0836,2.220
600,8,67,0.353,0.000,0.0540,2.220
600,9,68,0.172,0.000,0.0558,2.238
600,10,69,0.371,0.000,0.0761,2.215
600,11,70,0.425,0.000,0.0457,2.198
600,12,71,0.180,0.000,0.0483,2.192
600,13,72,0.229,0.000,0.0537,2.209
600,14,73,1.909,0.000,0.0447,2.214
600,15,74,0.366,0.000,0.0436,2.218
601,0,60,2.127,0.000,0.2218,4.348
601,1,61,0.783,0.000,0.4255,2.236
601,2,62,0.367,0.000,0.0940,2.220
601,3,63,0.251,0.000,0.0712,2.218
601,4,64,1.127,0.000,0.0622,2.216
601,5,65,0.621,0.000,0.0572,2.236
601,6,66,0.714,0.000,0.0836,2.220
601,7,67,0.065,0.000,0.0540,2.220
601,8,68,0.599,0.000,0.0558,2.238
601,9,69,0.311,0.000,0.0761,2.215
601,10,70,0.653,0.000,0.0457,2.198
601,11,71,1.366,0.000,0.0483,2.192
601,12,72,0.799,0.000,0.0537,2.209
601,13,73,0.611,0.000,0.0447,2.214
601,14,74,1.388,0.000,0.0436,2.218
601,15,75,1.010,0.000,0.0428,2.202
602,0,61,4.136,0.000,0.4255,2.236
602,1,62,0.819,0.000,0.0940,2.220
602,2,63,1.100,0.000,0.0712,2.218
602,3,64,0.347,0.000,0.0622,2.216
602,4,65,1.103,0.000,0.0572,2.236
602,5,66,0.651,0.000,0.0836,2.220
602,6,67,0.392,0.000,0.0540,2.220
602,7,68,0.500,0.000,0.0558,2.238
602,8,69,0.398,0.000,0.0761,2.215
602,9,70,1.146,0.000,0.0457,2.198
602,10,71,0.896,0.000,0.0483,2.192
602,11,72,0.757,0.000,0.0537,2.209
602,12,73,0.690,0.000,0.0447,2.214
602,13,74,3.904,0.000,0.0436,2.218
602,14,75,0.193,0.000,0.0428,2.202
602,15,76,0.783,0.000,0.0475,2.204
603,0,62,0.821,0.000,0.0940,2.220
603,1,63,3.187,0.000,0.0712,2.218
603,2,64,0.680,0.000,0.0622,2.216
603,3,65,0.628,0.000,0.0572,2.236
603,4,66,0.921,0.000,0.0836,2.220
603,5,67,1.295,0.000,0.0540,2.220
603,6,68,0.270,0.000,0.0558,2.238
603,7,69,0.890,0.000,0.0761,2.215
603,8,70,1.218,0.000,0.0457,2.198
603,9,71,0.395,0.000,0.0483,2.192
603,10,72,1.034,0.000,0.0537,2.209
603,11,73,0.485,0.000,0.0447,2.214
603,12,74,1.744,0.000,0.0436,2.218
603,13,75,1.041,0.000,0.0428,2.202
603,14,76,1.308,0.000,0.0475,2.204
604,0,63,0.972,0.000,0.0712,2.218
604,1,64,0.686,0.000,0.0622,2.216
604,2,65,0.808,0.000,0.0572,2.236
604,3,66,0.943,0.000,0.0836,2.220
604,4,67,0.675,0.000,0.0540,2.220
604,5,68,0.716,0.000,0.0558,2.238
604,6,69,0.250,0.000,0.0761,2.215
604,7,70,0.441,0.000,0.0457,2.198
604,8,71,0.724,0.000,0.0483,2.192
604,9,72,1.124,0.000,0.0537,2.209
604,10,73,0.356,0.000,0.0447,2.214
604,11,74,1.105,0.000,0.0436,2.218
604,12,75,0.901,0.000,0.0428,2.202
604,13,76,2.106,0.000,0.0475,2.204
605,0,64,2.005,0.000,0.0622,2.216
605,1,65,1.728,0.000,0.0572,2.236
605,2,66,1.014,0.000,0.0836,2.220
605,3,67,0.980,0.000,0.0540,2.220
605,4,68,0.578,0.000,0.0558,2.238
605,5,69,1.449,0.000,0.0761,2.215
605,6,70,1.533,0.000,0.0457,2.198
605,7,71,1.637,0.000,0.0483,2.192
605,8,72,1.756,0.000,0.0537,2.209
605,9,73,1.035,0.000,0.0447,2.214
605,10,74,0.468,0.000,0.0436,2.218
605,11,75,1.006,0.000,0.0428,2.202
605,12,76,0.627,0.000,0.0475,2.204
606,0,65,0.481,0.000,0.0572,2.236
606,1,66,1.324,0.000,0.0836,2.220
606,2,67,0.431,0.000,0.0540,2.220
606,3,68,0.513,0.000,0.0558,2.238
606,4,69,0.968,0.000,0.0761,2.215
606,5,70,0.574,0.000,0.0457,2.198
606,6,71,0.494,0.000,0.0483,2.192
606,7,72,0.879,0.000,0.0537,2.209
606,8,73,1.001,0.000,0.0447,2.214
606,9,74,0.895,0.000,0.0436,2.218
606,10,75,1.228,0.000,0.0428,2.202
606,11,76,1.319,0.000,0.0475,2.204
607,0,66,1.460,0.000,0.0836,2.220
607,1,67,1.081,0.000,0.0540,2.220
607,2,68,0.481,0.000,0.0558,2.238
607,3,69,0.853,0.000,0.0761,2.215
607,4,70,0.916,0.000,0.0457,2.198
607,5,71,1.394,0.000,0.0483,2.192
607,6,72,0.661,0.000,0.0537,2.209
607,7,73,0.282,0.000,0.0447,2.214
607,8,74,0.624,0.000,0.0436,2.218
607,9,75,0.746,0.000,0.0428,2.202
607,10,76,1.036,0.000,0.0475,2.204
608,0,67,1.772,0.000,0.0540,2.220
608,1,68,0.781,0.000,0.0558,2.238
608,2,69,0.593,0.000,0.0761,2.215
608,3,70,2.181,0.000,0.0457,2.198
608,4,71,1.764,0.000,0.0483,2.192
608,5,72,1.699,0.000,0.0537,2.209
608,6,73,1.126,0.000,0.0447,2.214
608,7,74,1.914,0.000,0.0436,2.218
608,8,75,1.378,0.000,0.0428,2.202
608,9,76,1.631,0.000,0.0475,2.204
609,0,68,1.591,0.000,0.0558,2.238
609,1,69,1.444,0.000,0.0761,2.215
609,2,70,2.237,0.000,0.0457,2.198
609,3,71,1.528,0.000,0.0483,2.192
609,4,72,1.105,0.000,0.0537,2.209
609,5,73,1.322,0.000,0.0447,2.214
609,6,74,1.788,0.000,0.0436,2.218
609,7,75,1.371,0.000,0.0428,2.202
609,8,76,2.839,0.000,0.0475,2.204
610,0,69,1.546,0.000,0.0761,2.215
610,1,70,2.124,0.000,0.0457,2.198
610,2,71,1.617,0.000,0.0483,2.192
610,3,72,1.767,0.000,0.0537,2.209
610,4,73,1.587,0.000,0.0447,2.214
610,5,74,1.221,0.000,0.0436,2.218
610,6,75,2.077,0.000,0.0428,2.202
610,7,76,1.448,0.000,0.0475,2.204
611,0,70,2.198,0.000,0.0457,2.198
611,1,71,1.549,0.000,0.0483,2.192
611,2,72,1.788,0.000,0.0537,2.209
611,3,73,2.033,0.000,0.0447,2.214
611,4,74,2.304,0.000,0.0436,2.218
611,5,75,2.196,0.000,0.0428,2.202
611,6,76,3.006,0.000,0.0475,2.204
612,0,71,2.327,0.000,0.0483,2.192
612,1,72,2.761,0.000,0.0537,2.209
612,2,73,1.623,0.000,0.0447,2.214
612,3,74,1.644,0.000,0.0436,2.218
612,4,75,2.087,0.000,0.0428,2.202
612,5,76,2.916,0.000,0.0475,2.204
613,0,72,2.648,0.000,0.0537,2.209
613,1,73,2.644,0.000,0.0447,2.214
613,2,74,2.122,0.000,0.0436,2.218
613,3,75,2.748,0.000,0.0428,2.202
613,4,76,2.899,0.000,0.0475,2.204
614,0,73,2.679,0.000,0.0447,2.214
614,1,74,2.653,0.000,0.0436,2.218
614,2,75,3.892,0.000,0.0428,2.202
614,3,76,2.747,0.000,0.0475,2.204
615,0,74,2.672,0.000,0.0436,2.218
615,1,75,2.112,0.000,0.0428,2.202
615,2,76,3.598,0.000,0.0475,2.204
616,0,75,1.282,0.000,0.0428,2.202
616,1,76,1.797,0.000,0.0475,2.204
617,0,76,4.141,0.000,0.0475,2.204
619,0,0,2.990,354.913,5.1040,35.491
619,1,1,1.420,1183.820,3.8322,118.382
619,2,2,2.957,162.766,2.6975,16.277
619,3,3,1.141,0.000,0.0303,0.000
619,4,4,1.067,0.003,0.0304,0.000
619,5,5,0.835,0.001,0.0304,0.000
619,6,6,1.163,0.002,0.0304,0.000
619,7,7,1.630,0.003,0.0304,0.000
619,8,8,0.518,0.001,0.0304,0.000
619,9,9,0.631,0.002,0.0304,0.000
619,10,10,1.004,0.003,0.0304,0.000
619,11,11,1.190,3426.075,0.0304,0.000
619,12,12,0.818,0.000,0.0304,342.607
619,13,13,1.775,0.000,0.0304,162.445
619,14,14,0.604,0.000,5.7688,19.751
619,15,15,1.055,258.819,3.0097,0.119
620,0,1,1.624,1183.820,3.8322,118.382
620,1,2,2.985,162.766,2.6975,16.277
620,2,3,0.917,0.000,0.0303,0.000
620,3,4,1.726,0.003,0.0304,0.000
620,4,5,0.614,0.001,0.0304,0.000
620,5,6,1.065,0.002,0.0304,0.000
620,6,7,0.602,0.003,0.0304,0.000
620,7,8,1.051,0.001,0.0304,0.000
620,8,9,0.956,0.002,0.0304,0.000
620,9,10,0.999,0.003,0.0304,0.000
620,10,11,0.931,3426.075,0.0304,0.000
620,11,12,4.864,0.000,0.0304,342.607
620,12,13,2.049,0.000,0.0304,162.445
620,13,14,1.438,0.000,5.7688,19.751
620,14,15,0.699,258.819,3.0097,0.119
620,15,16,0.616,0.000,0.0154,25.740
621,0,2,0.458,162.766,2.6975,16.277
621,1,3,1.199,0.000,0.0303,0.000
621,2,4,0.802,0.003,0.0304,0.000
621,3,5,0.499,0.001,0.0304,0.000
621,4,6,1.017,0.002,0.0304,0.000
621,5,7,1.125,0.003,0.0304,0.000
621,6,8,0.619,0.001,0.0304,0.000
621,7,9,1.380,0.002,0.0304,0.000
621,8,10,1.344,0.003,0.0304,0.000
621,9,11,1.247,3426.075,0.0304,0.000
621,10,12,0.978,0.000,0.0304,342.607
621,11,13,1.529,0.000,0.0304,162.445
621,12,14,0.684,0.000,5.7688,19.751
621,13,15,0.897,258.819,3.0097,0.119
621,14,16,0.653,0.000,0.0154,25.740
621,15,17,1.066,241.182,0.0153,2.778
622,0,3,1.035,0.000,0.0303,0.000
622,1,4,2.024,0.003,0.0304,0.000
622,2,5,0.662,0.001,0.0304,0.000
622,3,6,0.668,0.002,0.0304,0.000
622,4,7,2.328,0.003,0.0304,0.000
622,5,8,0.652,0.001,0.0304,0.000
622,6,9,0.674,0.002,0.0304,0.000
622,7,10,1.198,0.003,0.0304,0.000
622,8,11,2.809,3426.075,0.0304,0.000
622,9,12,3.255,0.000,0.0304,342.607
622,10,13,1.635,0.000,0.0304,162.445
622,11,14,1.397,0.000,5.7688,19.751
622,12,15,1.422,258.819,3.0097,0.119
622,13,16,0.419,0.000,0.0154,25.740
622,14,17,2.538,241.182,0.0153,2.778
622,15,18,1.132,0.000,0.0147,23.342
623,0,4,0.503,0.003,0.0304,0.000
623,1,5,0.513,0.001,0.0304,0.000
623,2,6,0.561,0.002,0.0304,0.000
623,3,7,0.680,0.003,0.0304,0.000
623,4,8,0.187,0.001,0.0304,0.000
623,5,9,1.302,0.002,0.0304,0.000
623,6,10,0.278,0.003,0.0304,0.000
623,7,11,0.913,3426.075,0.0304,0.000
623,8,12,0.934,0.000,0.0304,342.607
623,9,13,1.030,0.000,0.0304,162.445
623,10,14,0.125,0.000,5.7688,19.751
623,11,15,0.224,258.819,3.0097,0.119
623,12,16,0.698,0.000,0.0154,25.740
623,13,17,1.194,241.182,0.0153,2.778
623,14,18,0.501,0.000,0.0147,23.342
623,15,19,0.837,207.106,0.0147,3.563
624,0,5,0.819,0.001,0.0304,0.000
624,1,6,2.085,0.002,0.0304,0.000
624,2,7,1.719,0.003,0.0304,0.000
624,3,8,0.367,0.001,0.0304,0.000
624,4,9,1.114,0.002,0.0304,0.000
624,5,10,1.894,0.003,0.0304,0.000
624,6,11,2.519,3426.075,0.0304,0.000
624,7,12,0.627,0.000,0.0304,342.607
624,8,13,1.206,0.000,0.0304,162.445
624,9,14,1.147,0.000,5.7688,19.751
624,10,15,0.784,258.819,3.0097,0.119
624,11,16,0.222,0.000,0.0154,25.740
624,12,17,0.638,241.182,0.0153,2.778
624,13,18,0.563,0.000,0.0147,23.342
624,14,19,0.555,207.106,0.0147,3.563
624,15,20,0.656,158.919,0.0140,19.785
625,0,6,0.892,0.002,0.0304,0.000
625,1,7,1.604,0.003,0.0304,0.000
625,2,8,2.032,0.001,0.0304,0.000
625,3,9,1.033,0.002,0.0304,0.000
625,4,10,0.831,0.003,0.0304,0.000
625,5,11,1.332,3426.075,0.0304,0.000
625,6,12,0.816,0.000,0.0304,342.607
625,7,13,1.029,0.000,0.0304,162.445
625,8,14,0.521,0.000,5.7688,19.751
625,9,15,0.598,258.819,3.0097,0.119
625,10,16,0.498,0.000,0.0154,25.740
625,11,17,1.107,241.182,0.0153,2.778
625,12,18,1.018,0.000,0.0147,23.342
625,13,19,0.992,207.106,0.0147,3.563
625,14,20,1.057,158.919,0.0140,19.785
625,15,21,7.551,99.900,0.0139,15.083
626,0,7,0.712,0.003,0.0304,0.000
626,1,8,0.628,0.001,0.0304,0.000
626,2,9,0.511,0.002,0.0304,0.000
626,3,10,0.691,0.003,0.0304,0.000
626,4,11,1.257,3426.075,0.0304,0.000
626,5,12,343.050,0.000,0.0304,342.607
626,6,13,1.876,0.000,0.0304,162.445
626,7,14,0.431,0.000,5.7688,19.751
626,8,15,0.546,258.819,3.0097,0.119
626,9,16,26.029,0.000,0.0154,25.740
626,10,17,0.459,241.182,0.0153,2.778
626,11,18,23.952,0.000,0.0147,23.342
626,12,19,0.380,207.106,0.0147,3.563
626,13,20,20.595,158.919,0.0140,19.785
626,14,21,15.655,99.900,0.0139,15.083
626,15,22,9.741,34.075,0.0132,9.467
627,0,8,2.876,0.001,0.0304,0.000
627,1,9,0.463,0.002,0.0304,0.000
627,2,10,0.638,0.003,0.0304,0.000
627,3,11,0.861,3426.075,0.0304,0.000
627,4,12,1.992,0.000,0.0304,342.607
627,5,13,2.827,0.000,0.0304,162.445
627,6,14,0.788,0.000,5.7688,19.751
627,7,15,0.329,258.819,3.0097,0.119
627,8,16,0.361,0.000,0.0154,25.740
627,9,17,0.887,241.182,0.0153,2.778
627,10,18,0.379,0.000,0.0147,23.342
627,11,19,0.821,207.106,0.0147,3.563
627,12,20,0.924,158.919,0.0140,19.785
627,13,21,0.990,99.900,0.0139,15.083
627,14,22,0.654,34.075,0.0132,9.467
627,15,23,3.302,0.000,0.0126,3.199
628,0,9,0.945,0.002,0.0304,0.000
628,1,10,5.247,0.003,0.0304,0.000
628,2,11,1.247,3426.075,0.0304,0.000
628,3,12,342.841,0.000,0.0304,342.607
628,4,13,5.178,0.000,0.0304,162.445
628,5,14,1.655,0.000,5.7688,19.751
628,6,15,1.569,258.819,3.0097,0.119
628,7,16,25.288,0.000,0.0154,25.740
628,8,17,4.168,241.182,0.0153,2.778
628,9,18,23.953,0.000,0.0147,23.342
628,10,19,1.071,207.106,0.0147,3.563
628,11,20,20.580,158.919,0.0140,19.785
628,12,21,17.177,99.900,0.0139,15.083
628,13,22,9.985,34.075,0.0132,9.467
628,14,23,3.616,0.000,0.0126,3.199
628,15,24,3.943,0.000,0.0122,3.416
629,0,10,9.321,0.003,0.0304,0.000
629,1,11,4.926,3426.075,0.0304,0.000
629,2,12,59.613,0.000,0.0304,342.607
629,3,13,16.385,0.000,0.0304,162.445
629,4,14,5.515,0.000,5.7688,19.751
629,5,15,2.466,258.819,3.0097,0.119
629,6,16,4.456,0.000,0.0154,25.740
629,7,17,1.306,241.182,0.0153,2.778
629,8,18,2.558,0.000,0.0147,23.342
629,9,19,1.700,207.106,0.0147,3.563
629,10,20,2.910,158.919,0.0140,19.785
629,11,21,2.373,99.900,0.0139,15.083
629,12,22,0.463,34.075,0.0132,9.467
629,13,23,1.645,0.000,0.0126,3.199
629,14,24,1.932,0.000,0.0122,3.416
629,15,25,2.121,0.000,0.1537,3.385
630,0,11,2.327,3426.075,0.0304,0.000
630,1,12,344.896,0.000,0.0304,342.607
630,2,13,2.585,0.000,0.0304,162.445
630,3,14,0.793,0.000,5.7688,19.751
630,4,15,0.636,258.819,3.0097,0.119
630,5,16,26.149,0.000,0.0154,25.740
630,6,17,0.981,241.182,0.0153,2.778
630,7,18,25.433,0.000,0.0147,23.342
630,8,19,1.016,207.106,0.0147,3.563
630,9,20,20.085,158.919,0.0140,19.785
630,10,21,15.614,99.900,0.0139,15.083
630,11,22,10.555,34.075,0.0132,9.467
630,12,23,4.178,0.000,0.0126,3.199
630,13,24,1.463,0.000,0.0122,3.416
630,14,25,1.899,0.000,0.1537,3.385
630,15,26,5.321,0.000,0.1556,3.385
631,0,12,0.871,0.000,0.0304,342.607
631,1,13,0.354,0.000,0.0304,162.445
631,2,14,0.819,0.000,5.7688,19.751
631,3,15,1.123,258.819,3.0097,0.119
631,4,16,0.327,0.000,0.0154,25.740
631,5,17,0.972,241.182,0.0153,2.778
631,6,18,0.735,0.000,0.0147,23.342
631,7,19,0.251,207.106,0.0147,3.563
631,8,20,0.893,158.919,0.0140,19.785
631,9,21,0.673,99.900,0.0139,15.083
631,10,22,1.182,34.075,0.0132,9.467
631,11,23,0.762,0.000,0.0126,3.199
631,12,24,0.527,0.000,0.0122,3.416
631,13,25,0.875,0.000,0.1537,3.385
631,14,26,0.352,0.000,0.1556,3.385
631,15,27,0.451,0.000,0.1570,3.385
632,0,13,8.846,0.000,0.0304,162.445
632,1,14,0.637,0.000,5.7688,19.751
632,2,15,1.040,258.819,3.0097,0.119
632,3,16,26.618,0.000,0.0154,25.740
632,4,17,0.482,241.182,0.0153,2.778
632,5,18,24.062,0.000,0.0147,23.342
632,6,19,0.414,207.106,0.0147,3.563
632,7,20,20.518,158.919,0.0140,19.785
632,8,21,16.120,99.900,0.0139,15.083
632,9,22,10.200,34.075,0.0132,9.467
632,10,23,3.333,0.000,0.0126,3.199
632,11,24,0.504,0.000,0.0122,3.416
632,12,25,0.865,0.000,0.1537,3.385
632,13,26,0.731,0.000,0.1556,3.385
632,14,27,0.479,0.000,0.1570,3.385
632,15,28,4.700,0.000,0.1579,3.385
633,0,14,1.462,0.000,5.7688,19.751
633,1,15,0.630,258.819,3.0097,0.119
633,2,16,0.639,0.000,0.0154,25.740
633,3,17,0.420,241.182,0.0153,2.778
633,4,18,0.156,0.000,0.0147,23.342
633,5,19,0.398,207.106,0.0147,3.563
633,6,20,0.565,158.919,0.0140,19.785
633,7,21,0.510,99.900,0.0139,15.083
633,8,22,0.919,34.075,0.0132,9.467
633,9,23,0.244,0.000,0.0126,3.199
633,10,24,0.698,0.000,0.0122,3.416
633,11,25,0.342,0.000,0.1537,3.385
633,12,26,0.682,0.000,0.1556,3.385
633,13,27,0.369,0.000,0.1570,3.385
633,14,28,0.757,0.000,0.1579,3.385
633,15,29,0.453,0.000,0.1581,3.385
634,0,15,0.862,258.819,3.0097,0.119
634,1,16,1.022,0.000,0.0154,25.740
634,2,17,1.191,241.182,0.0153,2.778
634,3,18,1.243,0.000,0.0147,23.342
634,4,19,0.765,207.106,0.0147,3.563
634,5,20,1.181,158.919,0.0140,19.785
634,6,21,0.565,99.900,0.0139,15.083
634,7,22,0.805,34.075,0.0132,9.467
634,8,23,1.181,0.000,0.0126,3.199
634,9,24,0.816,0.000,0.0122,3.416
634,10,25,1.720,0.000,0.1537,3.385
634,11,26,0.918,0.000,0.1556,3.385
634,12,27,0.593,0.000,0.1570,3.385
634,13,28,0.382,0.000,0.1579,3.385
634,14,29,1.211,0.000,0.1581,3.385
634,15,30,0.491,0.000,0.1581,3.385
635,0,16,1.558,0.000,0.0154,25.740
635,1,17,4.723,241.182,0.0153,2.778
635,2,18,1.279,0.000,0.0147,23.342
635,3,19,0.450,207.106,0.0147,3.563
635,4,20,2.424,158.919,0.0140,19.785
635,5,21,1.485,99.900,0.0139,15.083
635,6,22,1.206,34.075,0.0132,9.467
635,7,23,0.690,0.000,0.0126,3.199
635,8,24,3.157,0.000,0.0122,3.416
635,9,25,0.776,0.000,0.1537,3.385
635,10,26,0.759,0.000,0.1556,3.385
635,11,27,1.008,0.000,0.1570,3.385
635,12,28,1.422,0.000,0.1579,3.385
635,13,29,0.407,0.000,0.1581,3.385
635,14,30,0.777,0.000,0.1581,3.385
635,15,31,1.431,0.000,0.1583,3.385
636,0,17,0.759,241.182,0.0153,2.778
636,1,18,0.360,0.000,0.0147,23.342
636,2,19,0.904,207.106,0.0147,3.563
636,3,20,0.893,158.919,0.0140,19.785
636,4,21,1.289,99.900,0.0139,15.083
636,5,22,1.670,34.075,0.0132,9.467
636,6,23,1.250,0.000,0.0126,3.199
636,7,24,2.288,0.000,0.0122,3.416
636,8,25,0.702,0.000,0.1537,3.385
636,9,26,0.238,0.000,0.1556,3.385
636,10,27,0.580,0.000,0.1570,3.385
636,11,28,1.693,0.000,0.1579,3.385
636,12,29,0.178,0.000,0.1581,3.385
636,13,30,1.375,0.000,0.1581,3.385
636,14,31,1.226,0.000,0.1583,3.385
636,15,32,2.836,0.000,0.1584,3.385
637,0,18,1.036,0.000,0.0147,23.342
637,1,19,4.095,207.106,0.0147,3.563
637,2,20,0.908,158.919,0.0140,19.785
637,3,21,0.822,99.900,0.0139,15.083
637,4,22,0.762,34.075,0.0132,9.467
637,5,23,0.954,0.000,0.0126,3.199
637,6,24,1.386,0.000,0.0122,3.416
637,7,25,1.999,0.000,0.1537,3.385
637,8,26,1.109,0.000,0.1556,3.385
637,9,27,1.837,0.000,0.1570,3.385
637,10,28,1.035,0.000,0.1579,3.385
637,11,29,1.381,0.000,0.1581,3.385
637,12,30,1.836,0.000,0.1581,3.385
637,13,31,0.860,0.000,0.1583,3.385
637,14,32,1.255,0.000,0.1584,3.385
637,15,33,0.800,0.000,0.1588,3.385
638,0,19,0.657,207.106,0.0147,3.563
638,1,20,0.519,158.919,0.0140,19.785
638,2,21,0.691,99.900,0.0139,15.083
638,3,22,0.446,34.075,0.0132,9.467
638,4,23,1.865,0.000,0.0126,3.199
638,5,24,0.306,0.000,0.0122,3.416
638,6,25,0.542,0.000,0.1537,3.385
638,7,26,0.624,0.000,0.1556,3.385
638,8,27,0.745,0.000,0.1570,3.385
638,9,28,0.842,0.000,0.1579,3.385
638,10,29,0.521,0.000,0.1581,3.385
638,11,30,0.284,0.000,0.1581,3.385
638,12,31,0.462,0.000,0.1583,3.385
638,13,32,0.584,0.000,0.1584,3.385
638,14,33,3.140,0.000,0.1588,3.385
638,15,34,0.689,1000.000,0.1586,3.384
639,0,20,1.523,158.919,0.0140,19.785
639,1,21,0.322,99.900,0.0139,15.083
639,2,22,0.633,34.075,0.0132,9.467
639,3,23,0.806,0.000,0.0126,3.199
639,4,24,0.706,0.000,0.0122,3.416
639,5,25,0.550,0.000,0.1537,3.385
639,6,26,0.480,0.000,0.1556,3.385
639,7,27,0.500,0.000,0.1570,3.385
639,8,28,0.726,0.000,0.1579,3.385
639,9,29,0.941,0.000,0.1581,3.385
639,10,30,0.302,0.000,0.1581,3.385
639,11,31,0.789,0.000,0.1583,3.385
639,12,32,0.809,0.000,0.1584,3.385
639,13,33,0.774,0.000,0.1588,3.385
639,14,34,1.224,1000.000,0.1586,3.384
639,15,35,0.860,0.000,0.1594,12.622
640,0,21,0.485,99.900,0.0139,15.083
640,1,22,0.514,34.075,0.0132,9.467
640,2,23,0.193,0.000,0.0126,3.199
640,3,24,0.728,0.000,0.0122,3.416
640,4,25,0.518,0.000,0.1537,3.385
640,5,26,0.615,0.000,0.1556,3.385
640,6,27,0.573,0.000,0.1570,3.385
640,7,28,0.465,0.000,0.1579,3.385
640,8,29,0.206,0.000,0.1581,3.385
640,9,30,0.451,0.000,0.1581,3.385
640,10,31,0.440,0.000,0.1583,3.385
640,11,32,0.406,0.000,0.1584,3.385
640,12,33,0.444,0.000,0.1588,3.385
640,13,34,0.598,1000.000,0.1586,3.384
640,14,35,1.625,0.000,0.1594,12.622
640,15,36,0.756,1028.268,1.3646,1.153
641,0,22,0.555,34.075,0.0132,9.467
641,1,23,0.617,0.000,0.0126,3.199
641,2,24,0.593,0.000,0.0122,3.416
641,3,25,0.496,0.000,0.1537,3.385
641,4,26,0.229,0.000,0.1556,3.385
641,5,27,0.476,0.000,0.1570,3.385
641,6,28,0.584,0.000,0.1579,3.385
641,7,29,0.174,0.000,0.1581,3.385
641,8,30,0.143,0.000,0.1581,3.385
641,9,31,1.145,0.000,0.1583,3.385
641,10,32,0.520,0.000,0.1584,3.385
641,11,33,0.482,0.000,0.1588,3.385
641,12,34,1.089,1000.000,0.1586,3.384
641,13,35,0.745,0.000,0.1594,12.622
641,14,36,4.026,1028.268,1.3646,1.153
641,15,37,0.957,0.000,0.0854,122.798
642,0,23,1.849,0.000,0.0126,3.199
642,1,24,0.469,0.000,0.0122,3.416
642,2,25,0.666,0.000,0.1537,3.385
642,3,26,0.450,0.000,0.1556,3.385
642,4,27,0.630,0.000,0.1570,3.385
642,5,28,0.363,0.000,0.1579,3.385
642,6,29,0.829,0.000,0.1581,3.385
642,7,30,0.368,0.000,0.1581,3.385
642,8,31,0.547,0.000,0.1583,3.385
642,9,32,0.624,0.000,0.1584,3.385
642,10,33,0.485,0.000,0.1588,3.385
642,11,34,0.811,1000.000,0.1586,3.384
642,12,35,0.730,0.000,0.1594,12.622
642,13,36,0.910,1028.268,1.3646,1.153
642,14,37,0.659,0.000,0.0854,122.798
642,15,38,0.288,0.000,4.4498,46.440
643,0,24,1.169,0.000,0.0122,3.416
643,1,25,0.473,0.000,0.1537,3.385
643,2,26,0.824,0.000,0.1556,3.385
643,3,27,0.873,0.000,0.1570,3.385
643,4,28,0.395,0.000,0.1579,3.385
643,5,29,1.021,0.000,0.1581,3.385
643,6,30,1.022,0.000,0.1581,3.385
643,7,31,1.029,0.000,0.1583,3.385
643,8,32,0.842,0.000,0.1584,3.385
643,9,33,0.596,0.000,0.1588,3.385
643,10,34,1.074,1000.000,0.1586,3.384
643,11,35,0.782,0.000,0.1594,12.622
643,12,36,1.374,1028.268,1.3646,1.153
643,13,37,0.741,0.000,0.0854,122.798
643,14,38,1.145,0.000,4.4498,46.440
643,15,39,7.629,0.000,2.5905,13.504
644,0,25,0.506,0.000,0.1537,3.385
644,1,26,1.207,0.000,0.1556,3.385
644,2,27,0.630,0.000,0.1570,3.385
644,3,28,0.504,0.000,0.1579,3.385
644,4,29,0.219,0.000,0.1581,3.385
644,5,30,0.507,0.000,0.1581,3.385
644,6,31,0.703,0.000,0.1583,3.385
644,7,32,0.610,0.000,0.1584,3.385
644,8,33,0.784,0.000,0.1588,3.385
644,9,34,0.749,1000.000,0.1586,3.384
644,10,35,1.727,0.000,0.1594,12.622
644,11,36,0.985,1028.268,1.3646,1.153
644,12,37,1.135,0.000,0.0854,122.798
644,13,38,0.299,0.000,4.4498,46.440
644,14,39,0.749,0.000,2.5905,13.504
644,15,40,0.889,0.000,1.0460,1.409
645,0,26,0.508,0.000,0.1556,3.385
645,1,27,0.329,0.000,0.1570,3.385
645,2,28,0.509,0.000,0.1579,3.385
645,3,29,0.578,0.000,0.1581,3.385
645,4,30,0.542,0.000,0.1581,3.385
645,5,31,0.759,0.000,0.1583,3.385
645,6,32,0.632,0.000,0.1584,3.385
645,7,33,0.408,0.000,0.1588,3.385
645,8,34,0.585,1000.000,0.1586,3.384
645,9,35,0.335,0.000,0.1594,12.622
645,10,36,1.461,1028.268,1.3646,1.153
645,11,37,0.863,0.000,0.0854,122.798
645,12,38,0.314,0.000,4.4498,46.440
645,13,39,0.968,0.000,2.5905,13.504
645,14,40,0.785,0.000,1.0460,1.409
645,15,41,0.477,0.000,0.2954,1.101
646,0,27,0.290,0.000,0.1570,3.385
646,1,28,0.520,0.000,0.1579,3.385
646,2,29,0.310,0.000,0.1581,3.385
646,3,30,0.806,0.000,0.1581,3.385
646,4,31,0.282,0.000,0.1583,3.385
646,5,32,0.037,0.000,0.1584,3.385
646,6,33,0.877,0.000,0.1588,3.385
646,7,34,0.359,1000.000,0.1586,3.384
646,8,35,0.831,0.000,0.1594,12.622
646,9,36,1.268,1028.268,1.3646,1.153
646,10,37,0.843,0.000,0.0854,122.798
646,11,38,0.799,0.000,4.4498,46.440
646,12,39,0.296,0.000,2.5905,13.504
646,13,40,0.680,0.000,1.0460,1.409
646,14,41,5.377,0.000,0.2954,1.101
646,15,42,0.430,0.000,0.0455,1.100
647,0,28,5.628,0.000,0.1579,3.385
647,1,29,0.479,0.000,0.1581,3.385
647,2,30,2.079,0.000,0.1581,3.385
647,3,31,1.930,0.000,0.1583,3.385
647,4,32,1.169,0.000,0.1584,3.385
647,5,33,2.532,0.000,0.1588,3.385
647,6,34,2.685,1000.000,0.1586,3.384
647,7,35,84.904,0.000,0.1594,12.622
647,8,36,4.705,1028.268,1.3646,1.153
647,9,37,82.121,0.000,0.0854,122.798
647,10,38,3.262,0.000,4.4498,46.440
647,11,39,1.730,0.000,2.5905,13.504
647,12,40,1.682,0.000,1.0460,1.409
647,13,41,1.402,0.000,0.2954,1.101
647,14,42,0.958,0.000,0.0455,1.100
647,15,43,2.047,0.000,0.0452,1.101
648,0,29,0.765,0.000,0.1581,3.385
648,1,30,0.358,0.000,0.1581,3.385
648,2,31,0.785,0.000,0.1583,3.385
648,3,32,0.437,0.000,0.1584,3.385
648,4,33,0.975,0.000,0.1588,3.385
648,5,34,0.764,1000.000,0.1586,3.384
648,6,35,1.994,0.000,0.1594,12.622
648,7,36,0.367,1028.268,1.3646,1.153
648,8,37,1.782,0.000,0.0854,122.798
648,9,38,0.091,0.000,4.4498,46.440
648,10,39,0.413,0.000,2.5905,13.504
648,11,40,0.290,0.000,1.0460,1.409
648,12,41,0.440,0.000,0.2954,1.101
648,13,42,0.623,0.000,0.0455,1.100
648,14,43,0.505,0.000,0.0452,1.101
648,15,44,1.284,0.000,0.0450,1.100
649,0,30,0.352,0.000,0.1581,3.385
649,1,31,0.167,0.000,0.1583,3.385
649,2,32,0.711,0.000,0.1584,3.385
649,3,33,1.113,0.000,0.1588,3.385
649,4,34,0.613,1000.000,0.1586,3.384
649,5,35,0.691,0.000,0.1594,12.622
649,6,36,1.343,1028.268,1.3646,1.153
649,7,37,0.712,0.000,0.0854,122.798
649,8,38,0.134,0.000,4.4498,46.440
649,9,39,0.562,0.000,2.5905,13.504
649,10,40,0.097,0.000,1.0460,1.409
649,11,41,0.593,0.000,0.2954,1.101
649,12,42,0.563,0.000,0.0455,1.100
649,13,43,0.776,0.000,0.0452,1.101
649,14,44,1.556,0.000,0.0450,1.100
649,15,45,1.531,0.000,0.0451,1.100
650,0,31,0.586,0.000,0.1583,3.385
650,1,32,0.974,0.000,0.1584,3.385
650,2,33,0.227,0.000,0.1588,3.385
650,3,34,1.279,1000.000,0.1586,3.384
650,4,35,0.483,0.000,0.1594,12.622
650,5,36,1.734,1028.268,1.3646,1.153
650,6,37,1.505,0.000,0.0854,122.798
650,7,38,0.734,0.000,4.4498,46.440
650,8,39,0.526,0.000,2.5905,13.504
650,9,40,0.454,0.000,1.0460,1.409
650,10,41,0.432,0.000,0.2954,1.101
650,11,42,0.557,0.000,0.0455,1.100
650,12,43,0.777,0.000,0.0452,1.101
650,13,44,0.870,0.000,0.0450,1.100
650,14,45,1.162,0.000,0.0451,1.100
650,15,46,0.549,0.000,0.0456,1.100
651,0,32,0.770,0.000,0.1584,3.385
651,1,33,3.832,0.000,0.1588,3.385
651,2,34,0.752,1000.000,0.1586,3.384
651,3,35,0.855,0.000,0.1594,12.622
651,4,36,5.529,1028.268,1.3646,1.153
651,5,37,0.845,0.000,0.0854,122.798
651,6,38,0.695,0.000,4.4498,46.440
651,7,39,1.133,0.000,2.5905,13.504
651,8,40,0.479,0.000,1.0460,1.409
651,9,41,0.605,0.000,0.2954,1.101
651,10,42,1.167,0.000,0.0455,1.100
651,11,43,0.556,0.000,0.0452,1.101
651,12,44,0.646,0.000,0.0450,1.100
651,13,45,0.901,0.000,0.0451,1.100
651,14,46,1.361,0.000,0.0456,1.100
651,15,47,0.380,0.000,0.0451,1.100
652,0,33,0.927,0.000,0.1588,3.385
652,1,34,1.050,1000.000,0.1586,3.384
652,2,35,0.994,0.000,0.1594,12.622
652,3,36,3.992,1028.268,1.3646,1.153
652,4,37,1.262,0.000,0.0854,122.798
652,5,38,1.236,0.000,4.4498,46.440
652,6,39,0.324,0.000,2.5905,13.504
652,7,40,0.609,0.000,1.0460,1.409
652,8,41,0.326,0.000,0.2954,1.101
652,9,42,0.240,0.000,0.0455,1.100
652,10,43,0.321,0.000,0.0452,1.101
652,11,44,0.253,0.000,0.0450,1.100
652,12,45,0.784,0.000,0.0451,1.100
652,13,46,0.549,0.000,0.0456,1.100
652,14,47,0.244,0.000,0.0451,1.100
652,15,48,1.293,0.000,0.0450,1.100
653,0,34,3.063,1000.000,0.1586,3.384
653,1,35,1.609,0.000,0.1594,12.622
653,2,36,1.000,1028.268,1.3646,1.153
653,3,37,0.346,0.000,0.0854,122.798
653,4,38,2.574,0.000,4.4498,46.440
653,5,39,1.172,0.000,2.5905,13.504
653,6,40,0.480,0.000,1.0460,1.409
653,7,41,0.569,0.000,0.2954,1.101
653,8,42,0.262,0.000,0.0455,1.100
653,9,43,0.375,0.000,0.0452,1.101
653,10,44,1.194,0.000,0.0450,1.100
653,11,45,0.661,0.000,0.0451,1.100
653,12,46,0.605,0.000,0.0456,1.100
653,13,47,1.498,0.000,0.0451,1.100
653,14,48,3.608,0.000,0.0450,1.100
653,15,49,1.131,0.000,0.0452,1.100
654,0,35,0.722,0.000,0.1594,12.622
654,1,36,1.294,1028.268,1.3646,1.153
654,2,37,0.547,0.000,0.0854,122.798
654,3,38,0.747,0.000,4.4498,46.440
654,4,39,0.877,0.000,2.5905,13.504
654,5,40,0.530,0.000,1.0460,1.409
654,6,41,0.284,0.000,0.2954,1.101
654,7,42,1.248,0.000,0.0455,1.100
654,8,43,1.054,0.000,0.0452,1.101
654,9,44,0.655,0.000,0.0450,1.100
654,10,45,0.848,0.000,0.0451,1.100
654,11,46,0.889,0.000,0.0456,1.100
654,12,47,0.833,0.000,0.0451,1.100
654,13,48,0.957,0.000,0.0450,1.100
654,14,49,1.051,0.000,0.0452,1.100
654,15,50,0.772,258.820,0.0447,1.100
655,0,36,1.842,1028.268,1.3646,1.153
655,1,37,0.772,0.000,0.0854,122.798
655,2,38,1.887,0.000,4.4498,46.440
655,3,39,0.682,0.000,2.5905,13.504
655,4,40,1.829,0.000,1.0460,1.409
655,5,41,0.613,0.000,0.2954,1.101
655,6,42,0.211,0.000,0.0455,1.100
655,7,43,0.459,0.000,0.0452,1.101
655,8,44,0.386,0.000,0.0450,1.100
655,9,45,1.071,0.000,0.0451,1.100
655,10,46,1.298,0.000,0.0456,1.100
655,11,47,1.378,0.000,0.0451,1.100
655,12,48,1.014,0.000,0.0450,1.100
655,13,49,0.391,0.000,0.0452,1.100
655,14,50,3.057,258.820,0.0447,1.100
655,15,51,28.428,0.000,0.0451,25.773
656,0,37,0.633,0.000,0.0854,122.798
656,1,38,0.634,0.000,4.4498,46.440
656,2,39,1.544,0.000,2.5905,13.504
656,3,40,0.376,0.000,1.0460,1.409
656,4,41,1.123,0.000,0.2954,1.101
656,5,42,1.875,0.000,0.0455,1.100
656,6,43,0.387,0.000,0.0452,1.101
656,7,44,1.582,0.000,0.0450,1.100
656,8,45,0.878,0.000,0.0451,1.100
656,9,46,0.795,0.000,0.0456,1.100
656,10,47,0.697,0.000,0.0451,1.100
656,11,48,1.314,0.000,0.0450,1.100
656,12,49,0.626,0.000,0.0452,1.100
656,13,50,2.141,258.820,0.0447,1.100
656,14,51,19.096,0.000,0.0451,25.773
656,15,52,8.379,241.181,0.0444,4.525
657,0,38,0.706,0.000,4.4498,46.440
657,1,39,0.405,0.000,2.5905,13.504
657,2,40,0.617,0.000,1.0460,1.409
657,3,41,0.999,0.000,0.2954,1.101
657,4,42,0.617,0.000,0.0455,1.100
657,5,43,0.489,0.000,0.0452,1.101
657,6,44,0.640,0.000,0.0450,1.100
657,7,45,0.663,0.000,0.0451,1.100
657,8,46,1.230,0.000,0.0456,1.100
657,9,47,0.311,0.000,0.0451,1.100
657,10,48,0.748,0.000,0.0450,1.100
657,11,49,0.889,0.000,0.0452,1.100
657,12,50,0.371,258.820,0.0447,1.100
657,13,51,0.605,0.000,0.0451,25.773
657,14,52,0.496,241.181,0.0444,4.525
657,15,53,0.957,0.000,0.0461,23.180
658,0,39,1.053,0.000,2.5905,13.504
658,1,40,1.470,0.000,1.0460,1.409
658,2,41,0.810,0.000,0.2954,1.101
658,3,42,0.580,0.000,0.0455,1.100
658,4,43,0.348,0.000,0.0452,1.101
658,5,44,0.575,0.000,0.0450,1.100
658,6,45,1.083,0.000,0.0451,1.100
658,7,46,0.418,0.000,0.0456,1.100
658,8,47,0.687,0.000,0.0451,1.100
658,9,48,0.480,0.000,0.0450,1.100
658,10,49,0.212,0.000,0.0452,1.100
658,11,50,1.269,258.820,0.0447,1.100
658,12,51,5.392,0.000,0.0451,25.773
658,13,52,2.871,241.181,0.0444,4.525
658,14,53,2.430,0.000,0.0461,23.180
658,15,54,1.668,207.107,0.0463,4.869
659,0,40,1.261,0.000,1.0460,1.409
659,1,41,1.173,0.000,0.2954,1.101
659,2,42,1.329,0.000,0.0455,1.100
659,3,43,1.313,0.000,0.0452,1.101
659,4,44,0.769,0.000,0.0450,1.100
659,5,45,0.964,0.000,0.0451,1.100
659,6,46,1.265,0.000,0.0456,1.100
659,7,47,1.026,0.000,0.0451,1.100
659,8,48,1.513,0.000,0.0450,1.100
659,9,49,0.441,0.000,0.0452,1.100
659,10,50,3.083,258.820,0.0447,1.100
659,11,51,2.896,0.000,0.0451,25.773
659,12,52,1.498,241.181,0.0444,4.525
659,13,53,1.279,0.000,0.0461,23.180
659,14,54,1.674,207.107,0.0463,4.869
659,15,55,1.240,0.000,0.0499,19.483
660,0,41,0.969,0.000,0.2954,1.101
660,1,42,1.380,0.000,0.0455,1.100
660,2,43,0.806,0.000,0.0452,1.101
660,3,44,0.258,0.000,0.0450,1.100
660,4,45,0.510,0.000,0.0451,1.100
660,5,46,0.562,0.000,0.0456,1.100
660,6,47,0.346,0.000,0.0451,1.100
660,7,48,0.422,0.000,0.0450,1.100
660,8,49,0.157,0.000,0.0452,1.100
660,9,50,0.283,258.820,0.0447,1.100
660,10,51,0.767,0.000,0.0451,25.773
660,11,52,0.935,241.181,0.0444,4.525
660,12,53,0.303,0.000,0.0461,23.180
660,13,54,1.387,207.107,0.0463,4.869
660,14,55,1.868,0.000,0.0499,19.483
660,15,56,0.162,158.918,0.0491,3.981
661,0,42,2.135,0.000,0.0455,1.100
661,1,43,0.622,0.000,0.0452,1.101
661,2,44,0.192,0.000,0.0450,1.100
661,3,45,1.002,0.000,0.0451,1.100
661,4,46,0.625,0.000,0.0456,1.100
661,5,47,0.587,0.000,0.0451,1.100
661,6,48,1.013,0.000,0.0450,1.100
661,7,49,0.787,0.000,0.0452,1.100
661,8,50,1.036,258.820,0.0447,1.100
661,9,51,2.354,0.000,0.0451,25.773
661,10,52,1.793,241.181,0.0444,4.525
661,11,53,1.333,0.000,0.0461,23.180
661,12,54,1.810,207.107,0.0463,4.869
661,13,55,2.109,0.000,0.0499,19.483
661,14,56,2.211,158.918,0.0491,3.981
661,15,57,1.356,99.901,0.0516,14.802
662,0,43,0.491,0.000,0.0452,1.101
662,1,44,0.646,0.000,0.0450,1.100
662,2,45,0.506,0.000,0.0451,1.100
662,3,46,0.632,0.000,0.0456,1.100
662,4,47,0.518,0.000,0.0451,1.100
662,5,48,0.296,0.000,0.0450,1.100
662,6,49,0.487,0.000,0.0452,1.100
662,7,50,0.632,258.820,0.0447,1.100
662,8,51,0.859,0.000,0.0451,25.773
662,9,52,0.754,241.181,0.0444,4.525
662,10,53,1.312,0.000,0.0461,23.180
662,11,54,1.346,207.107,0.0463,4.869
662,12,55,0.714,0.000,0.0499,19.483
662,13,56,1.611,158.918,0.0491,3.981
662,14,57,0.708,99.901,0.0516,14.802
662,15,58,1.070,34.074,0.0519,9.322
663,0,44,1.695,0.000,0.0450,1.100
663,1,45,0.335,0.000,0.0451,1.100
663,2,46,0.588,0.000,0.0456,1.100
663,3,47,0.640,0.000,0.0451,1.100
663,4,48,1.071,0.000,0.0450,1.100
663,5,49,0.703,0.000,0.0452,1.100
663,6,50,7.559,258.820,0.0447,1.100
663,7,51,1.804,0.000,0.0451,25.773
663,8,52,9.163,241.181,0.0444,4.525
663,9,53,1.699,0.000,0.0461,23.180
663,10,54,7.631,207.107,0.0463,4.869
663,11,55,3.329,0.000,0.0499,19.483
663,12,56,5.449,158.918,0.0491,3.981
663,13,57,0.927,99.901,0.0516,14.802
663,14,58,0.696,34.074,0.0519,9.322
663,15,59,0.474,0.000,0.0546,3.938
664,0,45,0.076,0.000,0.0451,1.100
664,1,46,1.067,0.000,0.0456,1.100
664,2,47,0.791,0.000,0.0451,1.100
664,3,48,0.810,0.000,0.0450,1.100
664,4,49,1.387,0.000,0.0452,1.100
664,5,50,8.550,258.820,0.0447,1.100
664,6,51,5.001,0.000,0.0451,25.773
664,7,52,6.923,241.181,0.0444,4.525
664,8,53,2.331,0.000,0.0461,23.180
664,9,54,5.364,207.107,0.0463,4.869
664,10,55,1.569,0.000,0.0499,19.483
664,11,56,4.000,158.918,0.0491,3.981
664,12,57,2.530,99.901,0.0516,14.802
664,13,58,0.784,34.074,0.0519,9.322
664,14,59,0.763,0.000,0.0546,3.938
664,15,60,1.267,0.000,0.1533,1.936
665,0,46,1.093,0.000,0.0456,1.100
665,1,47,0.848,0.000,0.0451,1.100
665,2,48,1.020,0.000,0.0450,1.100
665,3,49,0.497,0.000,0.0452,1.100
665,4,50,5.822,258.820,0.0447,1.100
665,5,51,5.058,0.000,0.0451,25.773
665,6,52,8.000,241.181,0.0444,4.525
665,7,53,6.337,0.000,0.0461,23.180
665,8,54,7.571,207.107,0.0463,4.869
665,9,55,6.190,0.000,0.0499,19.483
665,10,56,3.561,158.918,0.0491,3.981
665,11,57,0.762,99.901,0.0516,14.802
665,12,58,0.147,34.074,0.0519,9.322
665,13,59,2.049,0.000,0.0546,3.938
665,14,60,0.729,0.000,0.1533,1.936
665,15,61,1.264,0.000,0.1204,1.944
666,0,47,0.865,0.000,0.0451,1.100
666,1,48,1.124,0.000,0.0450,1.100
666,2,49,1.153,0.000,0.0452,1.100
666,3,50,9.488,258.820,0.0447,1.100
666,4,51,14.167,0.000,0.0451,25.773
666,5,52,11.792,241.181,0.0444,4.525
666,6,53,13.600,0.000,0.0461,23.180
666,7,54,10.422,207.107,0.0463,4.869
666,8,55,9.129,0.000,0.0499,19.483
666,9,56,8.270,158.918,0.0491,3.981
666,10,57,3.098,99.901,0.0516,14.802
666,11,58,1.915,34.074,0.0519,9.322
666,12,59,1.173,0.000,0.0546,3.938
666,13,60,0.619,0.000,0.1533,1.936
666,14,61,2.480,0.000,0.1204,1.944
666,15,62,1.733,0.000,0.1166,1.947
667,0,48,0.740,0.000,0.0450,1.100
667,1,49,1.085,0.000,0.0452,1.100
667,2,50,13.816,258.820,0.0447,1.100
667,3,51,1.474,0.000,0.0451,25.773
667,4,52,11.119,241.181,0.0444,4.525
667,5,53,0.729,0.000,0.0461,23.180
667,6,54,12.030,207.107,0.0463,4.869
667,7,55,0.820,0.000,0.0499,19.483
667,8,56,8.497,158.918,0.0491,3.981
667,9,57,5.061,99.901,0.0516,14.802
667,10,58,1.844,34.074,0.0519,9.322
667,11,59,1.087,0.000,0.0546,3.938
667,12,60,0.691,0.000,0.1533,1.936
667,13,61,1.127,0.000,0.1204,1.944
667,14,62,0.574,0.000,0.1166,1.947
667,15,63,2.149,0.000,0.1207,1.947
668,0,49,0.762,0.000,0.0452,1.100
668,1,50,2.094,258.820,0.0447,1.100
668,2,51,0.795,0.000,0.0451,25.773
668,3,52,2.226,241.181,0.0444,4.525
668,4,53,1.534,0.000,0.0461,23.180
668,5,54,2.326,207.107,0.0463,4.869
668,6,55,0.469,0.000,0.0499,19.483
668,7,56,1.173,158.918,0.0491,3.981
668,8,57,1.570,99.901,0.0516,14.802
668,9,58,0.480,34.074,0.0519,9.322
668,10,59,0.630,0.000,0.0546,3.938
668,11,60,0.593,0.000,0.1533,1.936
668,12,61,0.792,0.000,0.1204,1.944
668,13,62,0.370,0.000,0.1166,1.947
668,14,63,0.674,0.000,0.1207,1.947
668,15,64,1.726,0.000,0.1241,1.946
669,0,50,2.955,258.820,0.0447,1.100
669,1,51,5.004,0.000,0.0451,25.773
669,2,52,2.887,241.181,0.0444,4.525
669,3,53,3.076,0.000,0.0461,23.180
669,4,54,1.854,207.107,0.0463,4.869
669,5,55,2.400,0.000,0.0499,19.483
669,6,56,0.356,158.918,0.0491,3.981
669,7,57,1.786,99.901,0.0516,14.802
669,8,58,1.192,34.074,0.0519,9.322
669,9,59,0.569,0.000,0.0546,3.938
669,10,60,0.708,0.000,0.1533,1.936
669,11,61,0.663,0.000,0.1204,1.944
669,12,62,0.404,0.000,0.1166,1.947
669,13,63,0.385,0.000,0.1207,1.947
669,14,64,1.206,0.000,0.1241,1.946
669,15,65,0.865,0.000,0.1257,1.948
670,0,51,6.520,0.000,0.0451,25.773
670,1,52,19.080,241.181,0.0444,4.525
670,2,53,5.852,0.000,0.0461,23.180
670,3,54,16.212,207.107,0.0463,4.869
670,4,55,4.166,0.000,0.0499,19.483
670,5,56,12.612,158.918,0.0491,3.981
670,6,57,5.434,99.901,0.0516,14.802
670,7,58,2.274,34.074,0.0519,9.322
670,8,59,0.634,0.000,0.0546,3.938
670,9,60,0.199,0.000,0.1533,1.936
670,10,61,0.416,0.000,0.1204,1.944
670,11,62,0.581,0.000,0.1166,1.947
670,12,63,0.694,0.000,0.1207,1.947
670,13,64,0.219,0.000,0.1241,1.946
670,14,65,0.239,0.000,0.1257,1.948
670,15,66,0.430,0.000,0.1255,1.945
671,0,52,0.773,241.181,0.0444,4.525
671,1,53,1.054,0.000,0.0461,23.180
671,2,54,0.944,207.107,0.0463,4.869
671,3,55,1.326,0.000,0.0499,19.483
671,4,56,0.683,158.918,0.0491,3.981
671,5,57,0.829,99.901,0.0516,14.802
671,6,58,0.728,34.074,0.0519,9.322
671,7,59,0.268,0.000,0.0546,3.938
671,8,60,0.551,0.000,0.1533,1.936
671,9,61,0.710,0.000,0.1204,1.944
671,10,62,0.308,0.000,0.1166,1.947
671,11,63,0.215,0.000,0.1207,1.947
671,12,64,0.494,0.000,0.1241,1.946
671,13,65,0.152,0.000,0.1257,1.948
671,14,66,0.555,0.000,0.1255,1.945
671,15,67,1.784,0.000,0.1283,1.948
672,0,53,1.007,0.000,0.0461,23.180
672,1,54,1.310,207.107,0.0463,4.869
672,2,55,0.751,0.000,0.0499,19.483
672,3,56,1.928,158.918,0.0491,3.981
672,4,57,1.200,99.901,0.0516,14.802
672,5,58,0.705,34.074,0.0519,9.322
672,6,59,0.526,0.000,0.0546,3.938
672,7,60,0.603,0.000,0.1533,1.936
672,8,61,0.283,0.000,0.1204,1.944
672,9,62,1.001,0.000,0.1166,1.947
672,10,63,0.223,0.000,0.1207,1.947
672,11,64,1.425,0.000,0.1241,1.946
672,12,65,0.588,0.000,0.1257,1.948
672,13,66,0.689,0.000,0.1255,1.945
672,14,67,1.449,0.000,0.1283,1.948
672,15,68,0.493,0.000,0.1274,1.945
673,0,54,2.154,207.107,0.0463,4.869
673,1,55,2.707,0.000,0.0499,19.483
673,2,56,1.261,158.918,0.0491,3.981
673,3,57,1.325,99.901,0.0516,14.802
673,4,58,1.008,34.074,0.0519,9.322
673,5,59,0.865,0.000,0.0546,3.938
673,6,60,0.855,0.000,0.1533,1.936
673,7,61,1.367,0.000,0.1204,1.944
673,8,62,0.344,0.000,0.1166,1.947
673,9,63,0.195,0.000,0.1207,1.947
673,10,64,0.573,0.000,0.1241,1.946
673,11,65,0.282,0.000,0.1257,1.948
673,12,66,1.166,0.000,0.1255,1.945
673,13,67,0.508,0.000,0.1283,1.948
673,14,68,0.453,0.000,0.1274,1.945
673,15,69,1.018,0.000,0.1308,1.946
674,0,55,0.686,0.000,0.0499,19.483
674,1,56,12.806,158.918,0.0491,3.981
674,2,57,9.035,99.901,0.0516,14.802
674,3,58,3.530,34.074,0.0519,9.322
674,4,59,0.291,0.000,0.0546,3.938
674,5,60,0.456,0.000,0.1533,1.936
674,6,61,0.506,0.000,0.1204,1.944
674,7,62,0.505,0.000,0.1166,1.947
674,8,63,0.447,0.000,0.1207,1.947
674,9,64,0.171,0.000,0.1241,1.946
674,10,65,0.233,0.000,0.1257,1.948
674,11,66,0.218,0.000,0.1255,1.945
674,12,67,0.320,0.000,0.1283,1.948
674,13,68,0.304,0.000,0.1274,1.945
674,14,69,0.250,0.000,0.1308,1.946
674,15,70,0.499,0.000,0.1306,1.950
675,0,56,0.726,158.918,0.0491,3.981
675,1,57,9.191,99.901,0.0516,14.802
675,2,58,3.429,34.074,0.0519,9.322
675,3,59,0.817,0.000,0.0546,3.938
675,4,60,0.964,0.000,0.1533,1.936
675,5,61,0.142,0.000,0.1204,1.944
675,6,62,0.257,0.000,0.1166,1.947
675,7,63,0.348,0.000,0.1207,1.947
675,8,64,0.403,0.000,0.1241,1.946
675,9,65,0.303,0.000,0.1257,1.948
675,10,66,1.076,0.000,0.1255,1.945
675,11,67,1.772,0.000,0.1283,1.948
675,12,68,0.579,0.000,0.1274,1.945
675,13,69,0.579,0.000,0.1308,1.946
675,14,70,0.677,0.000,0.1306,1.950
675,15,71,0.803,0.000,0.1330,1.948
676,0,57,5.937,99.901,0.0516,14.802
676,1,58,0.149,34.074,0.0519,9.322
676,2,59,0.699,0.000,0.0546,3.938
676,3,60,0.130,0.000,0.1533,1.936
676,4,61,0.443,0.000,0.1204,1.944
676,5,62,0.354,0.000,0.1166,1.947
676,6,63,0.351,0.000,0.1207,1.947
676,7,64,0.436,0.000,0.1241,1.946
676,8,65,1.191,0.000,0.1257,1.948
676,9,66,0.549,0.000,0.1255,1.945
676,10,67,0.632,0.000,0.1283,1.948
676,11,68,0.386,0.000,0.1274,1.945
676,12,69,0.431,0.000,0.1308,1.946
676,13,70,0.352,0.000,0.1306,1.950
676,14,71,0.466,0.000,0.1330,1.948
676,15,72,0.271,0.000,0.1352,1.948
677,0,58,3.962,34.074,0.0519,9.322
677,1,59,0.784,0.000,0.0546,3.938
677,2,60,0.295,0.000,0.1533,1.936
677,3,61,0.559,0.000,0.1204,1.944
677,4,62,0.399,0.000,0.1166,1.947
677,5,63,0.126,0.000,0.1207,1.947
677,6,64,0.533,0.000,0.1241,1.946
677,7,65,0.033,0.000,0.1257,1.948
677,8,66,0.377,0.000,0.1255,1.945
677,9,67,0.380,0.000,0.1283,1.948
677,10,68,0.141,0.000,0.1274,1.945
677,11,69,0.174,0.000,0.1308,1.946
677,12,70,0.251,0.000,0.1306,1.950
677,13,71,0.280,0.000,0.1330,1.948
677,14,72,0.928,0.000,0.1352,1.948
677,15,73,0.537,0.000,0.1351,1.947
678,0,59,1.437,0.000,0.0546,3.938
678,1,60,0.311,0.000,0.1533,1.936
678,2,61,0.579,0.000,0.1204,1.944
678,3,62,0.710,0.000,0.1166,1.947
678,4,63,0.343,0.000,0.1207,1.947
678,5,64,0.536,0.000,0.1241,1.946
678,6,65,0.214,0.000,0.1257,1.948
678,7,66,0.995,0.000,0.1255,1.945
678,8,67,0.730,0.000,0.1283,1.948
678,9,68,0.823,0.000,0.1274,1.945
678,10,69,1.120,0.000,0.1308,1.946
678,11,70,0.969,0.000,0.1306,1.950
678,12,71,0.737,0.000,0.1330,1.948
678,13,72,0.483,0.000,0.1352,1.948
678,14,73,2.164,0.000,0.1351,1.947
678,15,74,0.364,0.000,0.1376,1.948
679,0,60,0.955,0.000,0.1533,1.936
679,1,61,0.409,0.000,0.1204,1.944
679,2,62,0.463,0.000,0.1166,1.947
679,3,63,0.265,0.000,0.1207,1.947
679,4,64,0.198,0.000,0.1241,1.946
679,5,65,0.438,0.000,0.1257,1.948
679,6,66,1.110,0.000,0.1255,1.945
679,7,67,0.609,0.000,0.1283,1.948
679,8,68,0.356,0.000,0.1274,1.945
679,9,69,0.595,0.000,0.1308,1.946
679,10,70,0.430,0.000,0.1306,1.950
679,11,71,0.329,0.000,0.1330,1.948
679,12,72,0.733,0.000,0.1352,1.948
679,13,73,0.596,0.000,0.1351,1.947
679,14,74,0.283,0.000,0.1376,1.948
680,0,61,1.556,0.000,0.1204,1.944
680,1,62,0.777,0.000,0.1166,1.947
680,2,63,0.622,0.000,0.1207,1.947
680,3,64,0.476,0.000,0.1241,1.946
680,4,65,0.993,0.000,0.1257,1.948
680,5,66,0.401,0.000,0.1255,1.945
680,6,67,0.767,0.000,0.1283,1.948
680,7,68,0.622,0.000,0.1274,1.945
680,8,69,0.609,0.000,0.1308,1.946
680,9,70,0.318,0.000,0.1306,1.950
680,10,71,0.752,0.000,0.1330,1.948
680,11,72,0.391,0.000,0.1352,1.948
680,12,73,0.801,0.000,0.1351,1.947
680,13,74,0.648,0.000,0.1376,1.948
681,0,62,0.204,0.000,0.1166,1.947
681,1,63,0.295,0.000,0.1207,1.947
681,2,64,1.045,0.000,0.1241,1.946
681,3,65,0.820,0.000,0.1257,1.948
681,4,66,0.387,0.000,0.1255,1.945
681,5,67,0.496,0.000,0.1283,1.948
681,6,68,0.083,0.000,0.1274,1.945
681,7,69,0.407,0.000,0.1308,1.946
681,8,70,0.510,0.000,0.1306,1.950
681,9,71,0.818,0.000,0.1330,1.948
681,10,72,0.193,0.000,0.1352,1.948
681,11,73,0.790,0.000,0.1351,1.947
681,12,74,0.902,0.000,0.1376,1.948
682,0,63,0.661,0.000,0.1207,1.947
682,1,64,0.712,0.000,0.1241,1.946
682,2,65,0.268,0.000,0.1257,1.948
682,3,66,1.254,0.000,0.1255,1.945
682,4,67,0.697,0.000,0.1283,1.948
682,5,68,0.791,0.000,0.1274,1.945
682,6,69,1.502,0.000,0.1308,1.946
682,7,70,0.696,0.000,0.1306,1.950
682,8,71,0.708,0.000,0.1330,1.948
682,9,72,0.855,0.000,0.1352,1.948
682,10,73,1.656,0.000,0.1351,1.947
682,11,74,1.396,0.000,0.1376,1.948
683,0,64,1.303,0.000,0.1241,1.946
683,1,65,1.645,0.000,0.1257,1.948
683,2,66,0.353,0.000,0.1255,1.945
683,3,67,0.441,0.000,0.1283,1.948
683,4,68,1.144,0.000,0.1274,1.945
683,5,69,0.541,0.000,0.1308,1.946
683,6,70,1.538,0.000,0.1306,1.950
683,7,71,1.411,0.000,0.1330,1.948
683,8,72,1.256,0.000,0.1352,1.948
683,9,73,0.779,0.000,0.1351,1.947
683,10,74,1.123,0.000,0.1376,1.948
684,0,65,1.020,0.000,0.1257,1.948
684,1,66,0.993,0.000,0.1255,1.945
684,2,67,1.452,0.000,0.1283,1.948
684,3,68,1.458,0.000,0.1274,1.945
684,4,69,1.151,0.000,0.1308,1.946
684,5,70,0.520,0.000,0.1306,1.950
684,6,71,0.730,0.000,0.1330,1.948
684,7,72,0.750,0.000,0.1352,1.948
684,8,73,0.993,0.000,0.1351,1.947
684,9,74,1.046,0.000,0.1376,1.948
685,0,66,4.514,0.000,0.1255,1.945
685,1,67,2.193,0.000,0.1283,1.948
685,2,68,2.384,0.000,0.1274,1.945
685,3,69,2.216,0.000,0.1308,1.946
685,4,70,2.118,0.000,0.1306,1.950
685,5,71,1.538,0.000,0.1330,1.948
685,6,72,1.880,0.000,0.1352,1.948
685,7,73,1.039,0.000,0.1351,1.947
685,8,74,1.360,0.000,0.1376,1.948
686,0,67,1.633,0.000,0.1283,1.948
686,1,68,2.000,0.000,0.1274,1.945
686,2,69,2.602,0.000,0.1308,1.946
686,3,70,1.427,0.000,0.1306,1.950
686,4,71,2.086,0.000,0.1330,1.948
686,5,72,1.440,0.000,0.1352,1.948
686,6,73,1.446,0.000,0.1351,1.947
686,7,74,1.513,0.000,0.1376,1.948
687,0,68,2.270,0.000,0.1274,1.945
687,1,69,1.621,0.000,0.1308,1.946
687,2,70,0.903,0.000,0.1306,1.950
687,3,71,1.238,0.000,0.1330,1.948
687,4,72,1.098,0.000,0.1352,1.948
687,5,73,1.426,0.000,0.1351,1.947
687,6,74,1.642,0.000,0.1376,1.948
688,0,69,1.242,0.000,0.1308,1.946
688,1,70,0.985,0.000,0.1306,1.950
688,2,71,1.289,0.000,0.1330,1.948
688,3,72,1.696,0.000,0.1352,1.948
688,4,73,1.654,0.000,0.1351,1.947
688,5,74,1.455,0.000,0.1376,1.948
689,0,70,2.625,0.000,0.1306,1.950
689,1,71,1.548,0.000,0.1330,1.948
689,2,72,1.843,0.000,0.1352,1.948
689,3,73,2.239,0.000,0.1351,1.947
689,4,74,3.339,0.000,0.1376,1.948
690,0,71,3.423,0.000,0.1330,1.948
690,1,72,2.032,0.000,0.1352,1.948
690,2,73,1.956,0.000,0.1351,1.947
690,3,74,1.818,0.000,0.1376,1.948
691,0,72,2.017,0.000,0.1352,1.948
691,1,73,2.455,0.000,0.1351,1.947
691,2,74,2.771,0.000,0.1376,1.948
692,0,73,3.494,0.000,0.1351,1.947
692,1,74,2.206,0.000,0.1376,1.948
693,0,74,1.949,0.000,0.1376,1.948
695,0,0,5.914,406.045,4.9557,40.605
695,1,1,7.348,1014.099,3.8096,101.410
695,2,2,3.017,3.242,0.2086,0.324
695,3,3,2.451,0.003,0.0304,0.000
695,4,4,0.678,0.003,0.0304,0.000
695,5,5,0.989,0.001,0.0304,0.000
695,6,6,1.454,0.002,0.0304,0.000
695,7,7,0.870,0.003,0.0304,0.000
695,8,8,1.673,0.001,0.0304,0.000
695,9,9,0.909,0.002,0.0304,0.000
695,10,10,1.059,0.003,0.0304,0.000
695,11,11,1.245,3426.076,0.0304,0.000
695,12,12,2.756,0.000,0.0304,342.608
695,13,13,0.323,0.000,0.0304,162.446
695,14,14,0.970,0.000,5.7688,19.515
695,15,15,0.667,258.819,2.9765,0.119
696,0,1,2.013,1014.099,3.8096,101.410
696,1,2,1.070,3.242,0.2086,0.324
696,2,3,1.076,0.003,0.0304,0.000
696,3,4,0.857,0.003,0.0304,0.000
696,4,5,0.702,0.001,0.0304,0.000
696,5,6,0.559,0.002,0.0304,0.000
696,6,7,0.393,0.003,0.0304,0.000
696,7,8,0.686,0.001,0.0304,0.000
696,8,9,0.749,0.002,0.0304,0.000
696,9,10,0.746,0.003,0.0304,0.000
696,10,11,0.709,3426.076,0.0304,0.000
696,11,12,1.127,0.000,0.0304,342.608
696,12,13,0.468,0.000,0.0304,162.446
696,13,14,0.116,0.000,5.7688,19.515
696,14,15,0.668,258.819,2.9765,0.119
696,15,16,0.378,0.000,0.0154,25.740
697,0,2,0.912,3.242,0.2086,0.324
697,1,3,2.017,0.003,0.0304,0.000
697,2,4,1.123,0.003,0.0304,0.000
697,3,5,0.748,0.001,0.0304,0.000
697,4,6,0.704,0.002,0.0304,0.000
697,5,7,0.601,0.003,0.0304,0.000
697,6,8,0.382,0.001,0.0304,0.000
697,7,9,1.706,0.002,0.0304,0.000
697,8,10,1.947,0.003,0.0304,0.000
697,9,11,2.084,3426.076,0.0304,0.000
697,10,12,0.191,0.000,0.0304,342.608
697,11,13,0.313,0.000,0.0304,162.446
697,12,14,0.556,0.000,5.7688,19.515
697,13,15,0.582,258.819,2.9765,0.119
697,14,16,0.661,0.000,0.0154,25.740
697,15,17,0.829,241.182,0.0153,2.778
698,0,3,0.866,0.003,0.0304,0.000
698,1,4,1.330,0.003,0.0304,0.000
698,2,5,0.504,0.001,0.0304,0.000
698,3,6,0.963,0.002,0.0304,0.000
698,4,7,0.743,0.003,0.0304,0.000
698,5,8,1.535,0.001,0.0304,0.000
698,6,9,0.505,0.002,0.0304,0.000
698,7,10,1.162,0.003,0.0304,0.000
698,8,11,1.020,3426.076,0.0304,0.000
698,9,12,0.864,0.000,0.0304,342.608
698,10,13,0.855,0.000,0.0304,162.446
698,11,14,1.226,0.000,5.7688,19.515
698,12,15,1.039,258.819,2.9765,0.119
698,13,16,2.265,0.000,0.0154,25.740
698,14,17,0.516,241.182,0.0153,2.778
698,15,18,0.290,0.000,0.0147,23.342
699,0,4,0.814,0.003,0.0304,0.000
699,1,5,0.628,0.001,0.0304,0.000
699,2,6,0.412,0.002,0.0304,0.000
699,3,7,1.753,0.003,0.0304,0.000
699,4,8,0.749,0.001,0.0304,0.000
699,5,9,1.012,0.002,0.0304,0.000
699,6,10,1.061,0.003,0.0304,0.000
699,7,11,1.217,3426.076,0.0304,0.000
699,8,12,1.515,0.000,0.0304,342.608
699,9,13,0.411,0.000,0.0304,162.446
699,10,14,0.670,0.000,5.7688,19.515
699,11,15,0.865,258.819,2.9765,0.119
699,12,16,0.958,0.000,0.0154,25.740
699,13,17,0.529,241.182,0.0153,2.778
699,14,18,0.744,0.000,0.0147,23.342
699,15,19,0.429,207.106,0.0147,3.564
700,0,5,1.203,0.001,0.0304,0.000
700,1,6,0.726,0.002,0.0304,0.000
700,2,7,0.568,0.003,0.0304,0.000
700,3,8,0.665,0.001,0.0304,0.000
700,4,9,0.128,0.002,0.0304,0.000
700,5,10,0.381,0.003,0.0304,0.000
700,6,11,0.254,3426.076,0.0304,0.000
700,7,12,0.762,0.000,0.0304,342.608
700,8,13,1.352,0.000,0.0304,162.446
700,9,14,0.676,0.000,5.7688,19.515
700,10,15,0.706,258.819,2.9765,0.119
700,11,16,0.728,0.000,0.0154,25.740
700,12,17,0.913,241.182,0.0153,2.778
700,13,18,0.254,0.000,0.0147,23.342
700,14,19,0.300,207.106,0.0147,3.564
700,15,20,0.568,158.919,0.0140,19.786
701,0,6,0.900,0.002,0.0304,0.000
701,1,7,0.551,0.003,0.0304,0.000
701,2,8,0.650,0.001,0.0304,0.000
701,3,9,1.492,0.002,0.0304,0.000
701,4,10,1.450,0.003,0.0304,0.000
701,5,11,1.087,3426.076,0.0304,0.000
701,6,12,1.888,0.000,0.0304,342.608
701,7,13,1.479,0.000,0.0304,162.446
701,8,14,1.017,0.000,5.7688,19.515
701,9,15,0.802,258.819,2.9765,0.119
701,10,16,0.665,0.000,0.0154,25.740
701,11,17,0.455,241.182,0.0153,2.778
701,12,18,0.397,0.000,0.0147,23.342
701,13,19,1.182,207.106,0.0147,3.564
701,14,20,0.395,158.919,0.0140,19.786
701,15,21,0.712,99.900,0.0140,15.084
702,0,7,0.558,0.003,0.0304,0.000
702,1,8,0.805,0.001,0.0304,0.000
702,2,9,0.585,0.002,0.0304,0.000
702,3,10,1.430,0.003,0.0304,0.000
702,4,11,0.516,3426.076,0.0304,0.000
702,5,12,342.913,0.000,0.0304,342.608
702,6,13,1.172,0.000,0.0304,162.446
702,7,14,1.146,0.000,5.7688,19.515
702,8,15,0.266,258.819,2.9765,0.119
702,9,16,26.131,0.000,0.0154,25.740
702,10,17,0.690,241.182,0.0153,2.778
702,11,18,24.019,0.000,0.0147,23.342
702,12,19,0.833,207.106,0.0147,3.564
702,13,20,21.104,158.919,0.0140,19.786
702,14,21,16.333,99.900,0.0140,15.084
702,15,22,10.232,34.075,0.0132,9.468
703,0,8,0.940,0.001,0.0304,0.000
703,1,9,0.967,0.002,0.0304,0.000
703,2,10,1.538,0.003,0.0304,0.000
703,3,11,1.237,3426.076,0.0304,0.000
703,4,12,0.833,0.000,0.0304,342.608
703,5,13,0.899,0.000,0.0304,162.446
703,6,14,0.953,0.000,5.7688,19.515
703,7,15,0.881,258.819,2.9765,0.119
703,8,16,0.986,0.000,0.0154,25.740
703,9,17,1.571,241.182,0.0153,2.778
703,10,18,1.476,0.000,0.0147,23.342
703,11,19,0.787,207.106,0.0147,3.564
703,12,20,0.758,158.919,0.0140,19.786
703,13,21,0.403,99.900,0.0140,15.084
703,14,22,0.338,34.075,0.0132,9.468
703,15,23,0.470,0.000,0.0126,3.199
704,0,9,0.458,0.002,0.0304,0.000
704,1,10,0.397,0.003,0.0304,0.000
704,2,11,1.390,3426.076,0.0304,0.000
704,3,12,342.295,0.000,0.0304,342.608
704,4,13,0.406,0.000,0.0304,162.446
704,5,14,1.738,0.000,5.7688,19.515
704,6,15,0.709,258.819,2.9765,0.119
704,7,16,25.699,0.000,0.0154,25.740
704,8,17,0.612,241.182,0.0153,2.778
704,9,18,24.286,0.000,0.0147,23.342
704,10,19,1.196,207.106,0.0147,3.564
704,11,20,20.243,158.919,0.0140,19.786
704,12,21,15.702,99.900,0.0140,15.084
704,13,22,9.854,34.075,0.0132,9.468
704,14,23,3.745,0.000,0.0126,3.199
704,15,24,3.233,0.000,0.0122,3.446
705,0,10,3.461,0.003,0.0304,0.000
705,1,11,334.194,3426.076,0.0304,0.000
705,2,12,0.981,0.000,0.0304,342.608
705,3,13,0.917,0.000,0.0304,162.446
705,4,14,1.706,0.000,5.7688,19.515
705,5,15,26.872,258.819,2.9765,0.119
705,6,16,0.683,0.000,0.0154,25.740
705,7,17,23.288,241.182,0.0153,2.778
705,8,18,0.477,0.000,0.0147,23.342
705,9,19,20.741,207.106,0.0147,3.564
705,10,20,16.264,158.919,0.0140,19.786
705,11,21,9.867,99.900,0.0140,15.084
705,12,22,2.787,34.075,0.0132,9.468
705,13,23,1.423,0.000,0.0126,3.199
705,14,24,1.151,0.000,0.0122,3.446
705,15,25,0.758,0.000,0.1611,3.416
706,0,11,2.304,3426.076,0.0304,0.000
706,1,12,346.253,0.000,0.0304,342.608
706,2,13,1.283,0.000,0.0304,162.446
706,3,14,1.016,0.000,5.7688,19.515
706,4,15,1.093,258.819,2.9765,0.119
706,5,16,25.871,0.000,0.0154,25.740
706,6,17,0.577,241.182,0.0153,2.778
706,7,18,23.883,0.000,0.0147,23.342
706,8,19,0.207,207.106,0.0147,3.564
706,9,20,20.532,158.919,0.0140,19.786
706,10,21,15.948,99.900,0.0140,15.084
706,11,22,9.466,34.075,0.0132,9.468
706,12,23,3.283,0.000,0.0126,3.199
706,13,24,0.616,0.000,0.0122,3.446
706,14,25,1.035,0.000,0.1611,3.416
706,15,26,0.434,0.000,0.1611,3.416
707,0,12,341.519,0.000,0.0304,342.608
707,1,13,1.424,0.000,0.0304,162.446
707,2,14,1.212,0.000,5.7688,19.515
707,3,15,0.976,258.819,2.9765,0.119
707,4,16,26.315,0.000,0.0154,25.740
707,5,17,0.859,241.182,0.0153,2.778
707,6,18,24.248,0.000,0.0147,23.342
707,7,19,0.998,207.106,0.0147,3.564
707,8,20,21.183,158.919,0.0140,19.786
707,9,21,16.250,99.900,0.0140,15.084
707,10,22,10.279,34.075,0.0132,9.468
707,11,23,3.066,0.000,0.0126,3.199
707,12,24,0.710,0.000,0.0122,3.446
707,13,25,0.822,0.000,0.1611,3.416
707,14,26,1.031,0.000,0.1611,3.416
707,15,27,0.969,0.000,0.1598,3.417
708,0,13,345.623,0.000,0.0304,162.446
708,1,14,346.652,0.000,5.7688,19.515
708,2,15,0.991,258.819,2.9765,0.119
708,3,16,26.238,0.000,0.0154,25.740
708,4,17,26.139,241.182,0.0153,2.778
708,5,18,51.048,0.000,0.0147,23.342
708,6,19,25.311,207.106,0.0147,3.564
708,7,20,45.771,158.919,0.0140,19.786
708,8,21,37.379,99.900,0.0140,15.084
708,9,22,47.896,34.075,0.0132,9.468
708,10,23,28.757,0.000,0.0126,3.199
708,11,24,13.238,0.000,0.0122,3.446
708,12,25,3.317,0.000,0.1611,3.416
708,13,26,0.840,0.000,0.1611,3.416
708,14,27,0.581,0.000,0.1598,3.417
708,15,28,3.210,0.000,0.1602,3.417
709,0,14,1.463,0.000,5.7688,19.515
709,1,15,1.056,258.819,2.9765,0.119
709,2,16,1.211,0.000,0.0154,25.740
709,3,17,0.667,241.182,0.0153,2.778
709,4,18,0.211,0.000,0.0147,23.342
709,5,19,1.361,207.106,0.0147,3.564
709,6,20,1.432,158.919,0.0140,19.786
709,7,21,0.972,99.900,0.0140,15.084
709,8,22,0.504,34.075,0.0132,9.468
709,9,23,0.820,0.000,0.0126,3.199
709,10,24,0.683,0.000,0.0122,3.446
709,11,25,0.380,0.000,0.1611,3.416
709,12,26,1.050,0.000,0.1611,3.416
709,13,27,0.511,0.000,0.1598,3.417
709,14,28,0.897,0.000,0.1602,3.417
709,15,29,1.500,0.000,0.1608,3.417
710,0,15,2.125,258.819,2.9765,0.119
710,1,16,0.863,0.000,0.0154,25.740
710,2,17,0.811,241.182,0.0153,2.778
710,3,18,1.037,0.000,0.0147,23.342
710,4,19,0.970,207.106,0.0147,3.564
710,5,20,1.899,158.919,0.0140,19.786
710,6,21,0.498,99.900,0.0140,15.084
710,7,22,0.580,34.075,0.0132,9.468
710,8,23,1.008,0.000,0.0126,3.199
710,9,24,1.038,0.000,0.0122,3.446
710,10,25,0.688,0.000,0.1611,3.416
710,11,26,0.923,0.000,0.1611,3.416
710,12,27,0.627,0.000,0.1598,3.417
710,13,28,0.746,0.000,0.1602,3.417
710,14,29,0.346,0.000,0.1608,3.417
710,15,30,0.576,0.000,0.1605,3.416
711,0,16,0.974,0.000,0.0154,25.740
711,1,17,2.951,241.182,0.0153,2.778
711,2,18,0.961,0.000,0.0147,23.342
711,3,19,0.412,207.106,0.0147,3.564
711,4,20,0.625,158.919,0.0140,19.786
711,5,21,0.790,99.900,0.0140,15.084
711,6,22,1.595,34.075,0.0132,9.468
711,7,23,0.308,0.000,0.0126,3.199
711,8,24,0.552,0.000,0.0122,3.446
711,9,25,1.256,0.000,0.1611,3.416
711,10,26,0.708,0.000,0.1611,3.416
711,11,27,0.217,0.000,0.1598,3.417
711,12,28,1.151,0.000,0.1602,3.417
711,13,29,0.647,0.000,0.1608,3.417
711,14,30,1.010,0.000,0.1605,3.416
711,15,31,0.858,0.000,0.1607,3.416
712,0,17,2.386,241.182,0.0153,2.778
712,1,18,0.543,0.000,0.0147,23.342
712,2,19,0.373,207.106,0.0147,3.564
712,3,20,1.983,158.919,0.0140,19.786
712,4,21,0.262,99.900,0.0140,15.084
712,5,22,0.492,34.075,0.0132,9.468
712,6,23,0.376,0.000,0.0126,3.199
712,7,24,0.747,0.000,0.0122,3.446
712,8,25,0.499,0.000,0.1611,3.416
712,9,26,0.218,0.000,0.1611,3.416
712,10,27,0.512,0.000,0.1598,3.417
712,11,28,0.537,0.000,0.1602,3.417
712,12,29,0.047,0.000,0.1608,3.417
712,13,30,0.642,0.000,0.1605,3.416
712,14,31,0.586,0.000,0.1607,3.416
712,15,32,0.635,0.000,0.1606,3.416
713,0,18,0.548,0.000,0.0147,23.342
713,1,19,20.381,207.106,0.0147,3.564
713,2,20,15.650,158.919,0.0140,19.786
713,3,21,9.843,99.900,0.0140,15.084
713,4,22,2.824,34.075,0.0132,9.468
713,5,23,0.350,0.000,0.0126,3.199
713,6,24,0.587,0.000,0.0122,3.446
713,7,25,0.578,0.000,0.1611,3.416
713,8,26,0.402,0.000,0.1611,3.416
713,9,27,0.308,0.000,0.1598,3.417
713,10,28,0.303,0.000,0.1602,3.417
713,11,29,0.358,0.000,0.1608,3.417
713,12,30,0.681,0.000,0.1605,3.416
713,13,31,0.860,0.000,0.1607,3.416
713,14,32,0.830,0.000,0.1606,3.416
713,15,33,0.823,0.000,0.1606,3.416
714,0,19,0.866,207.106,0.0147,3.564
714,1,20,1.255,158.919,0.0140,19.786
714,2,21,0.828,99.900,0.0140,15.084
714,3,22,1.059,34.075,0.0132,9.468
714,4,23,0.553,0.000,0.0126,3.199
714,5,24,0.507,0.000,0.0122,3.446
714,6,25,0.411,0.000,0.1611,3.416
714,7,26,0.734,0.000,0.1611,3.416
714,8,27,1.073,0.000,0.1598,3.417
714,9,28,0.548,0.000,0.1602,3.417
714,10,29,0.239,0.000,0.1608,3.417
714,11,30,0.629,0.000,0.1605,3.416
714,12,31,0.449,0.000,0.1607,3.416
714,13,32,1.153,0.000,0.1606,3.416
714,14,33,0.855,0.000,0.1606,3.416
714,15,34,0.967,1000.000,0.1602,3.416
715,0,20,16.300,158.919,0.0140,19.786
715,1,21,9.563,99.900,0.0140,15.084
715,2,22,3.668,34.075,0.0132,9.468
715,3,23,0.429,0.000,0.0126,3.199
715,4,24,0.647,0.000,0.0122,3.446
715,5,25,1.120,0.000,0.1611,3.416
715,6,26,5.661,0.000,0.1611,3.416
715,7,27,1.032,0.000,0.1598,3.417
715,8,28,0.405,0.000,0.1602,3.417
715,9,29,1.444,0.000,0.1608,3.417
715,10,30,0.626,0.000,0.1605,3.416
715,11,31,0.256,0.000,0.1607,3.416
715,12,32,1.954,0.000,0.1606,3.416
715,13,33,0.300,0.000,0.1606,3.416
715,14,34,99.631,1000.000,0.1602,3.416
715,15,35,2.774,0.000,0.1611,15.265
716,0,21,1.272,99.900,0.0140,15.084
716,1,22,1.913,34.075,0.0132,9.468
716,2,23,2.368,0.000,0.0126,3.199
716,3,24,0.963,0.000,0.0122,3.446
716,4,25,3.187,0.000,0.1611,3.416
716,5,26,1.215,0.000,0.1611,3.416
716,6,27,2.070,0.000,0.1598,3.417
716,7,28,1.970,0.000,0.1602,3.417
716,8,29,0.774,0.000,0.1608,3.417
716,9,30,4.267,0.000,0.1605,3.416
716,10,31,2.936,0.000,0.1607,3.416
716,11,32,1.304,0.000,0.1606,3.416
716,12,33,2.887,0.000,0.1606,3.416
716,13,34,3.546,1000.000,0.1602,3.416
716,14,35,3.156,0.000,0.1611,15.265
716,15,36,3.062,1028.272,1.1123,2.147
717,0,22,0.359,34.075,0.0132,9.468
717,1,23,0.599,0.000,0.0126,3.199
717,2,24,0.218,0.000,0.0122,3.446
717,3,25,0.282,0.000,0.1611,3.416
717,4,26,0.293,0.000,0.1611,3.416
717,5,27,0.640,0.000,0.1598,3.417
717,6,28,1.000,0.000,0.1602,3.417
717,7,29,0.389,0.000,0.1608,3.417
717,8,30,0.475,0.000,0.1605,3.416
717,9,31,0.531,0.000,0.1607,3.416
717,10,32,0.666,0.000,0.1606,3.416
717,11,33,1.729,0.000,0.1606,3.416
717,12,34,0.730,1000.000,0.1602,3.416
717,13,35,0.909,0.000,0.1611,15.265
717,14,36,0.562,1028.272,1.1123,2.147
717,15,37,2.135,0.000,0.7205,122.605
718,0,23,0.818,0.000,0.0126,3.199
718,1,24,0.553,0.000,0.0122,3.446
718,2,25,1.027,0.000,0.1611,3.416
718,3,26,0.112,0.000,0.1611,3.416
718,4,27,0.726,0.000,0.1598,3.417
718,5,28,1.040,0.000,0.1602,3.417
718,6,29,1.086,0.000,0.1608,3.417
718,7,30,0.365,0.000,0.1605,3.416
718,8,31,0.848,0.000,0.1607,3.416
718,9,32,0.616,0.000,0.1606,3.416
718,10,33,0.578,0.000,0.1606,3.416
718,11,34,0.417,1000.000,0.1602,3.416
718,12,35,0.702,0.000,0.1611,15.265
718,13,36,0.608,1028.272,1.1123,2.147
718,14,37,0.835,0.000,0.7205,122.605
718,15,38,0.913,0.000,4.4718,50.519
719,0,24,3.133,0.000,0.0122,3.446
719,1,25,0.809,0.000,0.1611,3.416
719,2,26,0.878,0.000,0.1611,3.416
719,3,27,0.725,0.000,0.1598,3.417
719,4,28,0.259,0.000,0.1602,3.417
719,5,29,0.326,0.000,0.1608,3.417
719,6,30,0.701,0.000,0.1605,3.416
719,7,31,0.274,0.000,0.1607,3.416
719,8,32,0.581,0.000,0.1606,3.416
719,9,33,0.304,0.000,0.1606,3.416
719,10,34,0.496,1000.000,0.1602,3.416
719,11,35,0.560,0.000,0.1611,15.265
719,12,36,0.620,1028.272,1.1123,2.147
719,13,37,0.773,0.000,0.7205,122.605
719,14,38,0.515,0.000,4.4718,50.519
719,15,39,0.980,0.000,2.4715,23.171
720,0,25,1.098,0.000,0.1611,3.416
720,1,26,1.145,0.000,0.1611,3.416
720,2,27,0.996,0.000,0.1598,3.417
720,3,28,0.952,0.000,0.1602,3.417
720,4,29,0.478,0.000,0.1608,3.417
720,5,30,0.683,0.000,0.1605,3.416
720,6,31,0.982,0.000,0.1607,3.416
720,7,32,1.385,0.000,0.1606,3.416
720,8,33,1.169,0.000,0.1606,3.416
720,9,34,0.261,1000.000,0.1602,3.416
720,10,35,1.534,0.000,0.1611,15.265
720,11,36,1.353,1028.272,1.1123,2.147
720,12,37,2.247,0.000,0.7205,122.605
720,13,38,0.983,0.000,4.4718,50.519
720,14,39,0.765,0.000,2.4715,23.171
720,15,40,1.239,0.000,0.6344,15.338
721,0,26,1.019,0.000,0.1611,3.416
721,1,27,0.564,0.000,0.1598,3.417
721,2,28,0.194,0.000,0.1602,3.417
721,3,29,0.476,0.000,0.1608,3.417
721,4,30,0.611,0.000,0.1605,3.416
721,5,31,0.485,0.000,0.1607,3.416
721,6,32,0.572,0.000,0.1606,3.416
721,7,33,0.599,0.000,0.1606,3.416
721,8,34,1.148,1000.000,0.1602,3.416
721,9,35,0.504,0.000,0.1611,15.265
721,10,36,2.281,1028.272,1.1123,2.147
721,11,37,0.347,0.000,0.7205,122.605
721,12,38,0.921,0.000,4.4718,50.519
721,13,39,1.074,0.000,2.4715,23.171
721,14,40,0.246,0.000,0.6344,15.338
721,15,41,0.811,0.000,0.7024,6.887
722,0,27,0.660,0.000,0.1598,3.417
722,1,28,0.740,0.000,0.1602,3.417
722,2,29,0.512,0.000,0.1608,3.417
722,3,30,0.157,0.000,0.1605,3.416
722,4,31,1.369,0.000,0.1607,3.416
722,5,32,1.042,0.000,0.1606,3.416
722,6,33,0.927,0.000,0.1606,3.416
722,7,34,0.998,1000.000,0.1602,3.416
722,8,35,1.175,0.000,0.1611,15.265
722,9,36,1.170,1028.272,1.1123,2.147
722,10,37,1.669,0.000,0.7205,122.605
722,11,38,1.252,0.000,4.4718,50.519
722,12,39,1.878,0.000,2.4715,23.171
722,13,40,1.122,0.000,0.6344,15.338
722,14,41,1.488,0.000,0.7024,6.887
722,15,42,0.782,0.000,0.7923,1.333
723,0,28,0.583,0.000,0.1602,3.417
723,1,29,1.478,0.000,0.1608,3.417
723,2,30,0.130,0.000,0.1605,3.416
723,3,31,0.262,0.000,0.1607,3.416
723,4,32,1.158,0.000,0.1606,3.416
723,5,33,0.577,0.000,0.1606,3.416
723,6,34,99.252,1000.000,0.1602,3.416
723,7,35,0.703,0.000,0.1611,15.265
723,8,36,102.701,1028.272,1.1123,2.147
723,9,37,0.268,0.000,0.7205,122.605
723,10,38,0.632,0.000,4.4718,50.519
723,11,39,0.556,0.000,2.4715,23.171
723,12,40,1.023,0.000,0.6344,15.338
723,13,41,0.256,0.000,0.7024,6.887
723,14,42,0.503,0.000,0.7923,1.333
723,15,43,0.548,0.000,0.1159,1.328
724,0,29,0.415,0.000,0.1608,3.417
724,1,30,1.213,0.000,0.1605,3.416
724,2,31,0.780,0.000,0.1607,3.416
724,3,32,0.832,0.000,0.1606,3.416
724,4,33,0.859,0.000,0.1606,3.416
724,5,34,0.373,1000.000,0.1602,3.416
724,6,35,0.755,0.000,0.1611,15.265
724,7,36,2.427,1028.272,1.1123,2.147
724,8,37,0.375,0.000,0.7205,122.605
724,9,38,0.428,0.000,4.4718,50.519
724,10,39,0.218,0.000,2.4715,23.171
724,11,40,0.577,0.000,0.6344,15.338
724,12,41,0.591,0.000,0.7024,6.887
724,13,42,0.594,0.000,0.7923,1.333
724,14,43,0.460,0.000,0.1159,1.328
724,15,44,0.103,0.000,0.1139,1.329
725,0,30,1.123,0.000,0.1605,3.416
725,1,31,2.139,0.000,0.1607,3.416
725,2,32,1.058,0.000,0.1606,3.416
725,3,33,1.667,0.000,0.1606,3.416
725,4,34,99.216,1000.000,0.1602,3.416
725,5,35,0.883,0.000,0.1611,15.265
725,6,36,102.855,1028.272,1.1123,2.147
725,7,37,0.933,0.000,0.7205,122.605
725,8,38,0.686,0.000,4.4718,50.519
725,9,39,0.703,0.000,2.4715,23.171
725,10,40,1.355,0.000,0.6344,15.338
725,11,41,1.486,0.000,0.7024,6.887
725,12,42,0.952,0.000,0.7923,1.333
725,13,43,0.906,0.000,0.1159,1.328
725,14,44,1.806,0.000,0.1139,1.329
725,15,45,0.975,0.000,0.1136,1.328
726,0,31,2.089,0.000,0.1607,3.416
726,1,32,1.006,0.000,0.1606,3.416
726,2,33,1.088,0.000,0.1606,3.416
726,3,34,1.872,1000.000,0.1602,3.416
726,4,35,0.782,0.000,0.1611,15.265
726,5,36,1.620,1028.272,1.1123,2.147
726,6,37,1.634,0.000,0.7205,122.605
726,7,38,2.607,0.000,4.4718,50.519
726,8,39,0.525,0.000,2.4715,23.171
726,9,40,1.315,0.000,0.6344,15.338
726,10,41,2.152,0.000,0.7024,6.887
726,11,42,1.298,0.000,0.7923,1.333
726,12,43,1.002,0.000,0.1159,1.328
726,13,44,3.991,0.000,0.1139,1.329
726,14,45,1.370,0.000,0.1136,1.328
726,15,46,10.270,0.000,0.1125,1.329
727,0,32,1.686,0.000,0.1606,3.416
727,1,33,0.554,0.000,0.1606,3.416
727,2,34,1.215,1000.000,0.1602,3.416
727,3,35,0.694,0.000,0.1611,15.265
727,4,36,2.007,1028.272,1.1123,2.147
727,5,37,0.797,0.000,0.7205,122.605
727,6,38,0.648,0.000,4.4718,50.519
727,7,39,0.617,0.000,2.4715,23.171
727,8,40,0.218,0.000,0.6344,15.338
727,9,41,1.797,0.000,0.7024,6.887
727,10,42,1.214,0.000,0.7923,1.333
727,11,43,0.593,0.000,0.1159,1.328
727,12,44,1.671,0.000,0.1139,1.329
727,13,45,2.284,0.000,0.1136,1.328
727,14,46,1.276,0.000,0.1125,1.329
727,15,47,0.725,0.000,0.1127,1.328
728,0,33,0.343,0.000,0.1606,3.416
728,1,34,0.870,1000.000,0.1602,3.416
728,2,35,99.838,0.000,0.1611,15.265
728,3,36,1.030,1028.272,1.1123,2.147
728,4,37,102.046,0.000,0.7205,122.605
728,5,38,0.666,0.000,4.4718,50.519
728,6,39,0.366,0.000,2.4715,23.171
728,7,40,0.835,0.000,0.6344,15.338
728,8,41,0.973,0.000,0.7024,6.887
728,9,42,1.086,0.000,0.7923,1.333
728,10,43,0.305,0.000,0.1159,1.328
728,11,44,0.225,0.000,0.1139,1.329
728,12,45,0.693,0.000,0.1136,1.328
728,13,46,0.708,0.000,0.1125,1.329
728,14,47,0.689,0.000,0.1127,1.328
728,15,48,0.198,0.000,0.1117,1.328
729,0,34,99.792,1000.000,0.1602,3.416
729,1,35,4.728,0.000,0.1611,15.265
729,2,36,103.001,1028.272,1.1123,2.147
729,3,37,0.709,0.000,0.7205,122.605
729,4,38,0.863,0.000,4.4718,50.519
729,5,39,0.881,0.000,2.4715,23.171
729,6,40,0.277,0.000,0.6344,15.338
729,7,41,0.705,0.000,0.7024,6.887
729,8,42,0.376,0.000,0.7923,1.333
729,9,43,0.791,0.000,0.1159,1.328
729,10,44,0.561,0.000,0.1139,1.329
729,11,45,0.639,0.000,0.1136,1.328
729,12,46,0.372,0.000,0.1125,1.329
729,13,47,0.721,0.000,0.1127,1.328
729,14,48,0.327,0.000,0.1117,1.328
729,15,49,1.031,0.000,0.1123,1.327
730,0,35,1.433,0.000,0.1611,15.265
730,1,36,0.562,1028.272,1.1123,2.147
730,2,37,1.007,0.000,0.7205,122.605
730,3,38,1.275,0.000,4.4718,50.519
730,4,39,0.903,0.000,2.4715,23.171
730,5,40,0.832,0.000,0.6344,15.338
730,6,41,0.738,0.000,0.7024,6.887
730,7,42,0.771,0.000,0.7923,1.333
730,8,43,0.203,0.000,0.1159,1.328
730,9,44,1.470,0.000,0.1139,1.329
730,10,45,0.551,0.000,0.1136,1.328
730,11,46,0.951,0.000,0.1125,1.329
730,12,47,0.707,0.000,0.1127,1.328
730,13,48,0.681,0.000,0.1117,1.328
730,14,49,0.596,0.000,0.1123,1.327
730,15,50,1.497,0.000,0.1121,1.328
731,0,36,1.533,1028.272,1.1123,2.147
731,1,37,1.103,0.000,0.7205,122.605
731,2,38,1.133,0.000,4.4718,50.519
731,3,39,1.337,0.000,2.4715,23.171
731,4,40,0.675,0.000,0.6344,15.338
731,5,41,0.663,0.000,0.7024,6.887
731,6,42,0.484,0.000,0.7923,1.333
731,7,43,0.418,0.000,0.1159,1.328
731,8,44,0.208,0.000,0.1139,1.329
731,9,45,0.195,0.000,0.1136,1.328
731,10,46,0.598,0.000,0.1125,1.329
731,11,47,0.499,0.000,0.1127,1.328
731,12,48,0.726,0.000,0.1117,1.328
731,13,49,1.436,0.000,0.1123,1.327
731,14,50,0.796,0.000,0.1121,1.328
731,15,51,1.654,0.000,0.1115,1.328
732,0,37,1.273,0.000,0.7205,122.605
732,1,38,1.205,0.000,4.4718,50.519
732,2,39,0.509,0.000,2.4715,23.171
732,3,40,0.193,0.000,0.6344,15.338
732,4,41,0.374,0.000,0.7024,6.887
732,5,42,0.480,0.000,0.7923,1.333
732,6,43,1.458,0.000,0.1159,1.328
732,7,44,0.527,0.000,0.1139,1.329
732,8,45,1.202,0.000,0.1136,1.328
732,9,46,0.555,0.000,0.1125,1.329
732,10,47,0.126,0.000,0.1127,1.328
732,11,48,0.286,0.000,0.1117,1.328
732,12,49,0.525,0.000,0.1123,1.327
732,13,50,2.425,0.000,0.1121,1.328
732,14,51,0.939,0.000,0.1115,1.328
732,15,52,16.347,258.820,0.1107,1.328
733,0,38,2.123,0.000,4.4718,50.519
733,1,39,1.010,0.000,2.4715,23.171
733,2,40,1.288,0.000,0.6344,15.338
733,3,41,0.446,0.000,0.7024,6.887
733,4,42,0.353,0.000,0.7923,1.333
733,5,43,0.670,0.000,0.1159,1.328
733,6,44,2.211,0.000,0.1139,1.329
733,7,45,0.939,0.000,0.1136,1.328
733,8,46,1.371,0.000,0.1125,1.329
733,9,47,0.516,0.000,0.1127,1.328
733,10,48,0.388,0.000,0.1117,1.328
733,11,49,0.386,0.000,0.1123,1.327
733,12,50,2.122,0.000,0.1121,1.328
733,13,51,0.800,0.000,0.1115,1.328
733,14,52,19.683,258.820,0.1107,1.328
733,15,53,1.227,0.000,0.1111,25.802
734,0,39,0.872,0.000,2.4715,23.171
734,1,40,0.512,0.000,0.6344,15.338
734,2,41,0.781,0.000,0.7024,6.887
734,3,42,0.503,0.000,0.7923,1.333
734,4,43,0.451,0.000,0.1159,1.328
734,5,44,0.354,0.000,0.1139,1.329
734,6,45,0.718,0.000,0.1136,1.328
734,7,46,0.489,0.000,0.1125,1.329
734,8,47,0.742,0.000,0.1127,1.328
734,9,48,0.483,0.000,0.1117,1.328
734,10,49,0.632,0.000,0.1123,1.327
734,11,50,2.086,0.000,0.1121,1.328
734,12,51,0.692,0.000,0.1115,1.328
734,13,52,15.636,258.820,0.1107,1.328
734,14,53,4.173,0.000,0.1111,25.802
734,15,54,14.890,241.181,0.1098,4.975
735,0,40,0.875,0.000,0.6344,15.338
735,1,41,1.203,0.000,0.7024,6.887
735,2,42,1.061,0.000,0.7923,1.333
735,3,43,1.020,0.000,0.1159,1.328
735,4,44,0.120,0.000,0.1139,1.329
735,5,45,0.266,0.000,0.1136,1.328
735,6,46,0.793,0.000,0.1125,1.329
735,7,47,0.514,0.000,0.1127,1.328
735,8,48,0.585,0.000,0.1117,1.328
735,9,49,1.074,0.000,0.1123,1.327
735,10,50,1.220,0.000,0.1121,1.328
735,11,51,1.303,0.000,0.1115,1.328
735,12,52,4.481,258.820,0.1107,1.328
735,13,53,1.734,0.000,0.1111,25.802
735,14,54,2.436,241.181,0.1098,4.975
735,15,55,0.596,0.000,0.1164,23.254
736,0,41,1.145,0.000,0.7024,6.887
736,1,42,0.651,0.000,0.7923,1.333
736,2,43,0.325,0.000,0.1159,1.328
736,3,44,0.335,0.000,0.1139,1.329
736,4,45,0.550,0.000,0.1136,1.328
736,5,46,0.940,0.000,0.1125,1.329
736,6,47,0.701,0.000,0.1127,1.328
736,7,48,0.347,0.000,0.1117,1.328
736,8,49,0.332,0.000,0.1123,1.327
736,9,50,0.198,0.000,0.1121,1.328
736,10,51,1.090,0.000,0.1115,1.328
736,11,52,1.558,258.820,0.1107,1.328
736,12,53,1.497,0.000,0.1111,25.802
736,13,54,1.207,241.181,0.1098,4.975
736,14,55,1.016,0.000,0.1164,23.254
736,15,56,1.657,207.107,0.1155,5.171
737,0,42,0.911,0.000,0.7923,1.333
737,1,43,0.355,0.000,0.1159,1.328
737,2,44,0.597,0.000,0.1139,1.329
737,3,45,0.314,0.000,0.1136,1.328
737,4,46,0.306,0.000,0.1125,1.329
737,5,47,0.788,0.000,0.1127,1.328
737,6,48,0.408,0.000,0.1117,1.328
737,7,49,1.168,0.000,0.1123,1.327
737,8,50,1.030,0.000,0.1121,1.328
737,9,51,0.879,0.000,0.1115,1.328
737,10,52,1.603,258.820,0.1107,1.328
737,11,53,1.357,0.000,0.1111,25.802
737,12,54,1.221,241.181,0.1098,4.975
737,13,55,0.655,0.000,0.1164,23.254
737,14,56,0.602,207.107,0.1155,5.171
737,15,57,1.811,0.000,0.1234,19.539
738,0,43,0.699,0.000,0.1159,1.328
738,1,44,0.709,0.000,0.1139,1.329
738,2,45,0.296,0.000,0.1136,1.328
738,3,46,0.158,0.000,0.1125,1.329
738,4,47,0.254,0.000,0.1127,1.328
738,5,48,0.504,0.000,0.1117,1.328
738,6,49,0.309,0.000,0.1123,1.327
738,7,50,0.522,0.000,0.1121,1.328
738,8,51,0.673,0.000,0.1115,1.328
738,9,52,0.465,258.820,0.1107,1.328
738,10,53,0.734,0.000,0.1111,25.802
738,11,54,0.540,241.181,0.1098,4.975
738,12,55,2.019,0.000,0.1164,23.254
738,13,56,0.878,207.107,0.1155,5.171
738,14,57,0.767,0.000,0.1234,19.539
738,15,58,0.780,158.918,0.1227,4.215
739,0,44,0.577,0.000,0.1139,1.329
739,1,45,0.052,0.000,0.1136,1.328
739,2,46,0.271,0.000,0.1125,1.329
739,3,47,0.772,0.000,0.1127,1.328
739,4,48,0.491,0.000,0.1117,1.328
739,5,49,0.313,0.000,0.1123,1.327
739,6,50,0.536,0.000,0.1121,1.328
739,7,51,1.276,0.000,0.1115,1.328
739,8,52,1.238,258.820,0.1107,1.328
739,9,53,1.814,0.000,0.1111,25.802
739,10,54,2.266,241.181,0.1098,4.975
739,11,55,1.923,0.000,0.1164,23.254
739,12,56,2.018,207.107,0.1155,5.171
739,13,57,0.813,0.000,0.1234,19.539
739,14,58,2.254,158.918,0.1227,4.215
739,15,59,0.785,99.901,0.1289,14.846
740,0,45,0.664,0.000,0.1136,1.328
740,1,46,0.647,0.000,0.1125,1.329
740,2,47,1.050,0.000,0.1127,1.328
740,3,48,1.379,0.000,0.1117,1.328
740,4,49,0.841,0.000,0.1123,1.327
740,5,50,0.604,0.000,0.1121,1.328
740,6,51,0.588,0.000,0.1115,1.328
740,7,52,1.798,258.820,0.1107,1.328
740,8,53,3.015,0.000,0.1111,25.802
740,9,54,3.372,241.181,0.1098,4.975
740,10,55,2.221,0.000,0.1164,23.254
740,11,56,3.923,207.107,0.1155,5.171
740,12,57,2.316,0.000,0.1234,19.539
740,13,58,3.164,158.918,0.1227,4.215
740,14,59,1.695,99.901,0.1289,14.846
740,15,60,2.655,34.074,0.1290,9.363
741,0,46,0.323,0.000,0.1125,1.329
741,1,47,0.646,0.000,0.1127,1.328
741,2,48,1.514,0.000,0.1117,1.328
741,3,49,0.376,0.000,0.1123,1.327
741,4,50,1.026,0.000,0.1121,1.328
741,5,51,1.425,0.000,0.1115,1.328
741,6,52,25.492,258.820,0.1107,1.328
741,7,53,1.569,0.000,0.1111,25.802
741,8,54,23.950,241.181,0.1098,4.975
741,9,55,0.877,0.000,0.1164,23.254
741,10,56,20.638,207.107,0.1155,5.171
741,11,57,1.415,0.000,0.1234,19.539
741,12,58,15.483,158.918,0.1227,4.215
741,13,59,10.380,99.901,0.1289,14.846
741,14,60,3.664,34.074,0.1290,9.363
741,15,61,0.762,0.000,0.1330,3.394
742,0,47,2.838,0.000,0.1127,1.328
742,1,48,3.502,0.000,0.1117,1.328
742,2,49,1.067,0.000,0.1123,1.327
742,3,50,2.664,0.000,0.1121,1.328
742,4,51,0.720,0.000,0.1115,1.328
742,5,52,11.857,258.820,0.1107,1.328
742,6,53,8.456,0.000,0.1111,25.802
742,7,54,10.143,241.181,0.1098,4.975
742,8,55,5.974,0.000,0.1164,23.254
742,9,56,9.553,207.107,0.1155,5.171
742,10,57,5.213,0.000,0.1234,19.539
742,11,58,6.849,158.918,0.1227,4.215
742,12,59,2.698,99.901,0.1289,14.846
742,13,60,3.037,34.074,0.1290,9.363
742,14,61,1.804,0.000,0.1330,3.394
742,15,62,1.562,0.000,0.1375,1.308
743,0,48,0.405,0.000,0.1117,1.328
743,1,49,0.244,0.000,0.1123,1.327
743,2,50,0.363,0.000,0.1121,1.328
743,3,51,1.117,0.000,0.1115,1.328
743,4,52,3.835,258.820,0.1107,1.328
743,5,53,2.068,0.000,0.1111,25.802
743,6,54,5.090,241.181,0.1098,4.975
743,7,55,1.486,0.000,0.1164,23.254
743,8,56,5.362,207.107,0.1155,5.171
743,9,57,2.124,0.000,0.1234,19.539
743,10,58,4.543,158.918,0.1227,4.215
743,11,59,3.637,99.901,0.1289,14.846
743,12,60,2.136,34.074,0.1290,9.363
743,13,61,0.588,0.000,0.1330,3.394
743,14,62,0.578,0.000,0.1375,1.308
743,15,63,0.226,0.000,0.2029,1.271
744,0,49,0.761,0.000,0.1123,1.327
744,1,50,0.921,0.000,0.1121,1.328
744,2,51,1.751,0.000,0.1115,1.328
744,3,52,1.635,258.820,0.1107,1.328
744,4,53,2.342,0.000,0.1111,25.802
744,5,54,0.279,241.181,0.1098,4.975
744,6,55,2.907,0.000,0.1164,23.254
744,7,56,0.834,207.107,0.1155,5.171
744,8,57,1.533,0.000,0.1234,19.539
744,9,58,0.805,158.918,0.1227,4.215
744,10,59,1.652,99.901,0.1289,14.846
744,11,60,0.437,34.074,0.1290,9.363
744,12,61,0.299,0.000,0.1330,3.394
744,13,62,0.329,0.000,0.1375,1.308
744,14,63,0.473,0.000,0.2029,1.271
744,15,64,0.608,0.000,0.1919,1.263
745,0,50,1.723,0.000,0.1121,1.328
745,1,51,1.007,0.000,0.1115,1.328
745,2,52,9.714,258.820,0.1107,1.328
745,3,53,1.140,0.000,0.1111,25.802
745,4,54,10.392,241.181,0.1098,4.975
745,5,55,1.034,0.000,0.1164,23.254
745,6,56,10.792,207.107,0.1155,5.171
745,7,57,1.292,0.000,0.1234,19.539
745,8,58,7.820,158.918,0.1227,4.215
745,9,59,3.782,99.901,0.1289,14.846
745,10,60,2.665,34.074,0.1290,9.363
745,11,61,0.274,0.000,0.1330,3.394
745,12,62,0.628,0.000,0.1375,1.308
745,13,63,0.806,0.000,0.2029,1.271
745,14,64,0.697,0.000,0.1919,1.263
745,15,65,0.718,0.000,0.1990,1.257
746,0,51,1.672,0.000,0.1115,1.328
746,1,52,6.860,258.820,0.1107,1.328
746,2,53,6.356,0.000,0.1111,25.802
746,3,54,5.913,241.181,0.1098,4.975
746,4,55,3.644,0.000,0.1164,23.254
746,5,56,6.476,207.107,0.1155,5.171
746,6,57,2.359,0.000,0.1234,19.539
746,7,58,3.384,158.918,0.1227,4.215
746,8,59,1.269,99.901,0.1289,14.846
746,9,60,0.893,34.074,0.1290,9.363
746,10,61,1.776,0.000,0.1330,3.394
746,11,62,0.310,0.000,0.1375,1.308
746,12,63,1.112,0.000,0.2029,1.271
746,13,64,0.654,0.000,0.1919,1.263
746,14,65,0.969,0.000,0.1990,1.257
746,15,66,0.654,0.000,0.2110,1.255
747,0,52,13.192,258.820,0.1107,1.328
747,1,53,10.382,0.000,0.1111,25.802
747,2,54,11.738,241.181,0.1098,4.975
747,3,55,8.283,0.000,0.1164,23.254
747,4,56,10.857,207.107,0.1155,5.171
747,5,57,6.675,0.000,0.1234,19.539
747,6,58,10.972,158.918,0.1227,4.215
747,7,59,7.296,99.901,0.1289,14.846
747,8,60,2.746,34.074,0.1290,9.363
747,9,61,0.324,0.000,0.1330,3.394
747,10,62,0.165,0.000,0.1375,1.308
747,11,63,0.498,0.000,0.2029,1.271
747,12,64,0.617,0.000,0.1919,1.263
747,13,65,0.292,0.000,0.1990,1.257
747,14,66,0.380,0.000,0.2110,1.255
747,15,67,0.613,0.000,0.2144,1.255
748,0,53,20.980,0.000,0.1111,25.802
748,1,54,6.101,241.181,0.1098,4.975
748,2,55,17.004,0.000,0.1164,23.254
748,3,56,5.337,207.107,0.1155,5.171
748,4,57,15.608,0.000,0.1234,19.539
748,5,58,3.476,158.918,0.1227,4.215
748,6,59,9.538,99.901,0.1289,14.846
748,7,60,6.602,34.074,0.1290,9.363
748,8,61,2.277,0.000,0.1330,3.394
748,9,62,0.222,0.000,0.1375,1.308
748,10,63,0.932,0.000,0.2029,1.271
748,11,64,0.360,0.000,0.1919,1.263
748,12,65,0.422,0.000,0.1990,1.257
748,13,66,0.334,0.000,0.2110,1.255
748,14,67,0.654,0.000,0.2144,1.255
748,15,68,0.818,0.000,0.2166,1.281
749,0,54,6.178,241.181,0.1098,4.975
749,1,55,13.237,0.000,0.1164,23.254
749,2,56,5.165,207.107,0.1155,5.171
749,3,57,10.860,0.000,0.1234,19.539
749,4,58,3.557,158.918,0.1227,4.215
749,5,59,6.475,99.901,0.1289,14.846
749,6,60,3.739,34.074,0.1290,9.363
749,7,61,0.535,0.000,0.1330,3.394
749,8,62,1.135,0.000,0.1375,1.308
749,9,63,0.933,0.000,0.2029,1.271
749,10,64,0.499,0.000,0.1919,1.263
749,11,65,0.233,0.000,0.1990,1.257
749,12,66,1.018,0.000,0.2110,1.255
749,13,67,0.223,0.000,0.2144,1.255
749,14,68,0.703,0.000,0.2166,1.281
749,15,69,0.543,0.000,0.1593,1.255
750,0,55,1.238,0.000,0.1164,23.254
750,1,56,1.059,207.107,0.1155,5.171
750,2,57,0.847,0.000,0.1234,19.539
750,3,58,1.572,158.918,0.1227,4.215
750,4,59,1.209,99.901,0.1289,14.846
750,5,60,0.795,34.074,0.1290,9.363
750,6,61,0.511,0.000,0.1330,3.394
750,7,62,0.452,0.000,0.1375,1.308
750,8,63,0.641,0.000,0.2029,1.271
750,9,64,0.198,0.000,0.1919,1.263
750,10,65,0.631,0.000,0.1990,1.257
750,11,66,0.164,0.000,0.2110,1.255
750,12,67,0.478,0.000,0.2144,1.255
750,13,68,0.371,0.000,0.2166,1.281
750,14,69,0.305,0.000,0.1593,1.255
750,15,70,2.035,0.000,0.2221,1.269
751,0,56,1.511,207.107,0.1155,5.171
751,1,57,1.091,0.000,0.1234,19.539
751,2,58,1.076,158.918,0.1227,4.215
751,3,59,0.716,99.901,0.1289,14.846
751,4,60,1.047,34.074,0.1290,9.363
751,5,61,0.352,0.000,0.1330,3.394
751,6,62,0.185,0.000,0.1375,1.308
751,7,63,1.162,0.000,0.2029,1.271
751,8,64,0.502,0.000,0.1919,1.263
751,9,65,1.355,0.000,0.1990,1.257
751,10,66,1.408,0.000,0.2110,1.255
751,11,67,0.435,0.000,0.2144,1.255
751,12,68,1.512,0.000,0.2166,1.281
751,13,69,0.741,0.000,0.1593,1.255
751,14,70,0.257,0.000,0.2221,1.269
751,15,71,0.847,0.000,0.1918,1.253
752,0,57,0.232,0.000,0.1234,19.539
752,1,58,0.720,158.918,0.1227,4.215
752,2,59,0.314,99.901,0.1289,14.846
752,3,60,0.663,34.074,0.1290,9.363
752,4,61,0.574,0.000,0.1330,3.394
752,5,62,0.629,0.000,0.1375,1.308
752,6,63,0.489,0.000,0.2029,1.271
752,7,64,0.338,0.000,0.1919,1.263
752,8,65,0.731,0.000,0.1990,1.257
752,9,66,0.572,0.000,0.2110,1.255
752,10,67,0.260,0.000,0.2144,1.255
752,11,68,0.182,0.000,0.2166,1.281
752,12,69,0.593,0.000,0.1593,1.255
752,13,70,0.485,0.000,0.2221,1.269
752,14,71,0.536,0.000,0.1918,1.253
752,15,72,0.423,0.000,0.2296,1.256
753,0,58,5.641,158.918,0.1227,4.215
753,1,59,2.678,99.901,0.1289,14.846
753,2,60,1.160,34.074,0.1290,9.363
753,3,61,1.147,0.000,0.1330,3.394
753,4,62,0.468,0.000,0.1375,1.308
753,5,63,0.396,0.000,0.2029,1.271
753,6,64,1.142,0.000,0.1919,1.263
753,7,65,0.547,0.000,0.1990,1.257
753,8,66,1.184,0.000,0.2110,1.255
753,9,67,0.688,0.000,0.2144,1.255
753,10,68,0.709,0.000,0.2166,1.281
753,11,69,0.976,0.000,0.1593,1.255
753,12,70,0.632,0.000,0.2221,1.269
753,13,71,0.575,0.000,0.1918,1.253
753,14,72,0.948,0.000,0.2296,1.256
753,15,73,1.387,0.000,0.2225,1.249
754,0,59,1.040,99.901,0.1289,14.846
754,1,60,1.094,34.074,0.1290,9.363
754,2,61,0.797,0.000,0.1330,3.394
754,3,62,0.385,0.000,0.1375,1.308
754,4,63,0.522,0.000,0.2029,1.271
754,5,64,0.599,0.000,0.1919,1.263
754,6,65,0.797,0.000,0.1990,1.257
754,7,66,0.440,0.000,0.2110,1.255
754,8,67,0.827,0.000,0.2144,1.255
754,9,68,0.391,0.000,0.2166,1.281
754,10,69,0.488,0.000,0.1593,1.255
754,11,70,0.395,0.000,0.2221,1.269
754,12,71,0.245,0.000,0.1918,1.253
754,13,72,0.549,0.000,0.2296,1.256
754,14,73,0.795,0.000,0.2225,1.249
754,15,74,0.622,0.000,0.2398,1.252
755,0,60,4.118,34.074,0.1290,9.363
755,1,61,1.340,0.000,0.1330,3.394
755,2,62,0.394,0.000,0.1375,1.308
755,3,63,0.334,0.000,0.2029,1.271
755,4,64,0.719,0.000,0.1919,1.263
755,5,65,0.791,0.000,0.1990,1.257
755,6,66,0.296,0.000,0.2110,1.255
755,7,67,0.202,0.000,0.2144,1.255
755,8,68,0.289,0.000,0.2166,1.281
755,9,69,0.304,0.000,0.1593,1.255
755,10,70,0.098,0.000,0.2221,1.269
755,11,71,0.127,0.000,0.1918,1.253
755,12,72,0.070,0.000,0.2296,1.256
755,13,73,0.471,0.000,0.2225,1.249
755,14,74,1.014,0.000,0.2398,1.252
755,15,75,0.380,0.000,0.2364,1.232
756,0,61,0.873,0.000,0.1330,3.394
756,1,62,0.820,0.000,0.1375,1.308
756,2,63,0.786,0.000,0.2029,1.271
756,3,64,0.598,0.000,0.1919,1.263
756,4,65,1.105,0.000,0.1990,1.257
756,5,66,0.736,0.000,0.2110,1.255
756,6,67,0.293,0.000,0.2144,1.255
756,7,68,0.645,0.000,0.2166,1.281
756,8,69,0.563,0.000,0.1593,1.255
756,9,70,0.718,0.000,0.2221,1.269
756,10,71,0.244,0.000,0.1918,1.253
756,11,72,0.453,0.000,0.2296,1.256
756,12,73,0.546,0.000,0.2225,1.249
756,13,74,0.557,0.000,0.2398,1.252
756,14,75,0.272,0.000,0.2364,1.232
756,15,76,0.693,0.000,0.2568,1.248
757,0,62,1.784,0.000,0.1375,1.308
757,1,63,0.915,0.000,0.2029,1.271
757,2,64,0.381,0.000,0.1919,1.263
757,3,65,1.382,0.000,0.1990,1.257
757,4,66,0.614,0.000,0.2110,1.255
757,5,67,0.401,0.000,0.2144,1.255
757,6,68,0.635,0.000,0.2166,1.281
757,7,69,1.397,0.000,0.1593,1.255
757,8,70,0.597,0.000,0.2221,1.269
757,9,71,0.591,0.000,0.1918,1.253
757,10,72,1.158,0.000,0.2296,1.256
757,11,73,0.264,0.000,0.2225,1.249
757,12,74,0.797,0.000,0.2398,1.252
757,13,75,0.727,0.000,0.2364,1.232
757,14,76,0.769,0.000,0.2568,1.248
758,0,63,2.114,0.000,0.2029,1.271
758,1,64,0.554,0.000,0.1919,1.263
758,2,65,0.957,0.000,0.1990,1.257
758,3,66,0.988,0.000,0.2110,1.255
758,4,67,0.687,0.000,0.2144,1.255
758,5,68,1.023,0.000,0.2166,1.281
758,6,69,0.586,0.000,0.1593,1.255
758,7,70,0.800,0.000,0.2221,1.269
758,8,71,0.303,0.000,0.1918,1.253
758,9,72,1.275,0.000,0.2296,1.256
758,10,73,1.868,0.000,0.2225,1.249
758,11,74,1.112,0.000,0.2398,1.252
758,12,75,0.981,0.000,0.2364,1.232
758,13,76,0.971,0.000,0.2568,1.248
759,0,64,0.785,0.000,0.1919,1.263
759,1,65,0.696,0.000,0.1990,1.257
759,2,66,0.440,0.000,0.2110,1.255
759,3,67,1.215,0.000,0.2144,1.255
759,4,68,0.948,0.000,0.2166,1.281
759,5,69,0.489,0.000,0.1593,1.255
759,6,70,0.715,0.000,0.2221,1.269
759,7,71,0.377,0.000,0.1918,1.253
759,8,72,0.749,0.000,0.2296,1.256
759,9,73,0.488,0.000,0.2225,1.249
759,10,74,0.347,0.000,0.2398,1.252
759,11,75,0.835,0.000,0.2364,1.232
759,12,76,1.132,0.000,0.2568,1.248
760,0,65,0.199,0.000,0.1990,1.257
760,1,66,0.210,0.000,0.2110,1.255
760,2,67,0.695,0.000,0.2144,1.255
760,3,68,1.261,0.000,0.2166,1.281
760,4,69,0.823,0.000,0.1593,1.255
760,5,70,1.207,0.000,0.2221,1.269
760,6,71,0.857,0.000,0.1918,1.253
760,7,72,0.897,0.000,0.2296,1.256
760,8,73,0.866,0.000,0.2225,1.249
760,9,74,0.602,0.000,0.2398,1.252
760,10,75,0.694,0.000,0.2364,1.232
760,11,76,1.240,0.000,0.2568,1.248
761,0,66,1.250,0.000,0.2110,1.255
761,1,67,0.372,0.000,0.2144,1.255
761,2,68,0.855,0.000,0.2166,1.281
761,3,69,0.741,0.000,0.1593,1.255
761,4,70,1.183,0.000,0.2221,1.269
761,5,71,1.115,0.000,0.1918,1.253
761,6,72,1.186,0.000,0.2296,1.256
761,7,73,0.333,0.000,0.2225,1.249
761,8,74,0.722,0.000,0.2398,1.252
761,9,75,1.103,0.000,0.2364,1.232
761,10,76,0.582,0.000,0.2568,1.248
762,0,67,1.969,0.000,0.2144,1.255
762,1,68,1.297,0.000,0.2166,1.281
762,2,69,0.701,0.000,0.1593,1.255
762,3,70,1.217,0.000,0.2221,1.269
762,4,71,0.605,0.000,0.1918,1.253
762,5,72,0.743,0.000,0.2296,1.256
762,6,73,1.890,0.000,0.2225,1.249
762,7,74,0.591,0.000,0.2398,1.252
762,8,75,1.929,0.000,0.2364,1.232
762,9,76,1.783,0.000,0.2568,1.248
763,0,68,2.211,0.000,0.2166,1.281
763,1,69,1.248,0.000,0.1593,1.255
763,2,70,0.833,0.000,0.2221,1.269
763,3,71,1.552,0.000,0.1918,1.253
763,4,72,1.394,0.000,0.2296,1.256
763,5,73,1.766,0.000,0.2225,1.249
763,6,74,1.698,0.000,0.2398,1.252
763,7,75,1.824,0.000,0.2364,1.232
763,8,76,2.220,0.000,0.2568,1.248
764,0,69,1.969,0.000,0.1593,1.255
764,1,70,1.212,0.000,0.2221,1.269
764,2,71,0.650,0.000,0.1918,1.253
764,3,72,0.520,0.000,0.2296,1.256
764,4,73,1.088,0.000,0.2225,1.249
764,5,74,2.012,0.000,0.2398,1.252
764,6,75,0.537,0.000,0.2364,1.232
764,7,76,1.065,0.000,0.2568,1.248
765,0,70,1.647,0.000,0.2221,1.269
765,1,71,1.465,0.000,0.1918,1.253
765,2,72,2.307,0.000,0.2296,1.256
765,3,73,2.647,0.000,0.2225,1.249
765,4,74,1.246,0.000,0.2398,1.252
765,5,75,2.344,0.000,0.2364,1.232
765,6,76,2.580,0.000,0.2568,1.248
766,0,71,1.837,0.000,0.1918,1.253
766,1,72,1.283,0.000,0.2296,1.256
766,2,73,1.274,0.000,0.2225,1.249
766,3,74,1.198,0.000,0.2398,1.252
766,4,75,2.505,0.000,0.2364,1.232
766,5,76,2.340,0.000,0.2568,1.248
767,0,72,3.154,0.000,0.2296,1.256
767,1,73,2.812,0.000,0.2225,1.249
767,2,74,2.820,0.000,0.2398,1.252
767,3,75,1.345,0.000,0.2364,1.232
767,4,76,2.280,0.000,0.2568,1.248
768,0,73,3.618,0.000,0.2225,1.249
768,1,74,2.696,0.000,0.2398,1.252
768,2,75,4.851,0.000,0.2364,1.232
768,3,76,3.387,0.000,0.2568,1.248
769,0,74,2.036,0.000,0.2398,1.252
769,1,75,2.646,0.000,0.2364,1.232
769,2,76,5.073,0.000,0.2568,1.248
770,0,75,1.875,0.000,0.2364,1.232
770,1,76,1.484,0.000,0.2568,1.248
771,0,76,2.849,0.000,0.2568,1.248
773,0,0,4.011,367.093,5.1038,36.709
773,1,1,3.983,1139.601,4.1401,113.960
773,2,2,7.192,142.309,2.6975,14.231
773,3,3,1.385,0.001,0.0303,0.000
773,4,4,2.470,0.002,0.0304,0.000
773,5,5,2.552,0.003,0.0304,0.000
773,6,6,1.485,0.001,0.0304,0.000
773,7,7,1.448,0.002,0.0304,0.000
773,8,8,1.017,0.003,0.0304,0.000
773,9,9,0.798,0.001,0.0304,0.000
773,10,10,1.400,0.002,0.0304,0.000
773,11,11,1.465,3426.076,0.0304,0.000
773,12,12,1.420,0.000,0.0304,342.608
773,13,13,1.599,0.000,0.0304,162.446
773,14,14,0.842,0.000,5.7688,19.528
773,15,15,0.227,258.819,2.9784,0.118
774,0,1,3.973,1139.601,4.1401,113.960
774,1,2,0.553,142.309,2.6975,14.231
774,2,3,1.222,0.001,0.0303,0.000
774,3,4,2.045,0.002,0.0304,0.000
774,4,5,0.951,0.003,0.0304,0.000
774,5,6,0.355,0.001,0.0304,0.000
774,6,7,0.622,0.002,0.0304,0.000
774,7,8,0.627,0.003,0.0304,0.000
774,8,9,0.665,0.001,0.0304,0.000
774,9,10,1.104,0.002,0.0304,0.000
774,10,11,2.632,3426.076,0.0304,0.000
774,11,12,2.710,0.000,0.0304,342.608
774,12,13,2.175,0.000,0.0304,162.446
774,13,14,0.918,0.000,5.7688,19.528
774,14,15,1.956,258.819,2.9784,0.118
774,15,16,9.638,0.000,0.0154,25.741
775,0,2,0.719,142.309,2.6975,14.231
775,1,3,0.756,0.001,0.0303,0.000
775,2,4,2.434,0.002,0.0304,0.000
775,3,5,1.936,0.003,0.0304,0.000
775,4,6,1.381,0.001,0.0304,0.000
775,5,7,0.477,0.002,0.0304,0.000
775,6,8,0.691,0.003,0.0304,0.000
775,7,9,0.592,0.001,0.0304,0.000
775,8,10,0.954,0.002,0.0304,0.000
775,9,11,1.135,3426.076,0.0304,0.000
775,10,12,0.619,0.000,0.0304,342.608
775,11,13,0.775,0.000,0.0304,162.446
775,12,14,1.061,0.000,5.7688,19.528
775,13,15,0.962,258.819,2.9784,0.118
775,14,16,0.461,0.000,0.0154,25.741
775,15,17,1.096,241.182,0.0153,2.779
776,0,3,0.579,0.001,0.0303,0.000
776,1,4,0.659,0.002,0.0304,0.000
776,2,5,0.305,0.003,0.0304,0.000
776,3,6,0.918,0.001,0.0304,0.000
776,4,7,0.292,0.002,0.0304,0.000
776,5,8,0.466,0.003,0.0304,0.000
776,6,9,0.251,0.001,0.0304,0.000
776,7,10,0.428,0.002,0.0304,0.000
776,8,11,0.597,3426.076,0.0304,0.000
776,9,12,0.648,0.000,0.0304,342.608
776,10,13,0.721,0.000,0.0304,162.446
776,11,14,0.611,0.000,5.7688,19.528
776,12,15,0.552,258.819,2.9784,0.118
776,13,16,0.291,0.000,0.0154,25.741
776,14,17,2.853,241.182,0.0153,2.779
776,15,18,1.297,0.000,0.0147,23.344
777,0,4,0.358,0.002,0.0304,0.000
777,1,5,0.224,0.003,0.0304,0.000
777,2,6,0.696,0.001,0.0304,0.000
777,3,7,0.735,0.002,0.0304,0.000
777,4,8,2.062,0.003,0.0304,0.000
777,5,9,0.566,0.001,0.0304,0.000
777,6,10,0.779,0.002,0.0304,0.000
777,7,11,0.441,3426.076,0.0304,0.000
777,8,12,0.616,0.000,0.0304,342.608
777,9,13,0.849,0.000,0.0304,162.446
777,10,14,0.540,0.000,5.7688,19.528
777,11,15,0.597,258.819,2.9784,0.118
777,12,16,0.653,0.000,0.0154,25.741
777,13,17,0.729,241.182,0.0153,2.779
777,14,18,0.418,0.000,0.0147,23.344
777,15,19,0.403,207.106,0.0147,3.566
778,0,5,0.581,0.003,0.0304,0.000
778,1,6,0.908,0.001,0.0304,0.000
778,2,7,1.053,0.002,0.0304,0.000
778,3,8,0.482,0.003,0.0304,0.000
778,4,9,0.644,0.001,0.0304,0.000
778,5,10,1.127,0.002,0.0304,0.000
778,6,11,0.860,3426.076,0.0304,0.000
778,7,12,0.418,0.000,0.0304,342.608
778,8,13,0.624,0.000,0.0304,162.446
778,9,14,0.247,0.000,5.7688,19.528
778,10,15,2.230,258.819,2.9784,0.118
778,11,16,0.467,0.000,0.0154,25.741
778,12,17,0.338,241.182,0.0153,2.779
778,13,18,0.574,0.000,0.0147,23.344
778,14,19,1.553,207.106,0.0147,3.566
778,15,20,0.612,158.919,0.0140,19.788
779,0,6,0.808,0.001,0.0304,0.000
779,1,7,3.983,0.002,0.0304,0.000
779,2,8,2.253,0.003,0.0304,0.000
779,3,9,1.561,0.001,0.0304,0.000
779,4,10,1.621,0.002,0.0304,0.000
779,5,11,1.165,3426.076,0.0304,0.000
779,6,12,1.259,0.000,0.0304,342.608
779,7,13,1.834,0.000,0.0304,162.446
779,8,14,0.320,0.000,5.7688,19.528
779,9,15,0.535,258.819,2.9784,0.118
779,10,16,0.510,0.000,0.0154,25.741
779,11,17,0.259,241.182,0.0153,2.779
779,12,18,0.807,0.000,0.0147,23.344
779,13,19,0.636,207.106,0.0147,3.566
779,14,20,1.708,158.919,0.0140,19.788
779,15,21,1.273,99.900,0.0140,15.085
780,0,7,0.421,0.002,0.0304,0.000
780,1,8,0.266,0.003,0.0304,0.000
780,2,9,0.869,0.001,0.0304,0.000
780,3,10,0.848,0.002,0.0304,0.000
780,4,11,1.236,3426.076,0.0304,0.000
780,5,12,0.337,0.000,0.0304,342.608
780,6,13,0.397,0.000,0.0304,162.446
780,7,14,0.511,0.000,5.7688,19.528
780,8,15,0.845,258.819,2.9784,0.118
780,9,16,0.473,0.000,0.0154,25.741
780,10,17,0.468,241.182,0.0153,2.779
780,11,18,0.494,0.000,0.0147,23.344
780,12,19,0.336,207.106,0.0147,3.566
780,13,20,1.018,158.919,0.0140,19.788
780,14,21,1.044,99.900,0.0140,15.085
780,15,22,1.470,34.075,0.0132,9.469
781,0,8,0.458,0.003,0.0304,0.000
781,1,9,1.487,0.001,0.0304,0.000
781,2,10,0.959,0.002,0.0304,0.000
781,3,11,342.996,3426.076,0.0304,0.000
781,4,12,0.278,0.000,0.0304,342.608
781,5,13,0.372,0.000,0.0304,162.446
781,6,14,0.787,0.000,5.7688,19.528
781,7,15,25.374,258.819,2.9784,0.118
781,8,16,0.373,0.000,0.0154,25.741
781,9,17,24.070,241.182,0.0153,2.779
781,10,18,0.684,0.000,0.0147,23.344
781,11,19,20.616,207.106,0.0147,3.566
781,12,20,15.976,158.919,0.0140,19.788
781,13,21,10.031,99.900,0.0140,15.085
781,14,22,3.377,34.075,0.0132,9.469
781,15,23,0.501,0.000,0.0126,3.199
782,0,9,0.777,0.001,0.0304,0.000
782,1,10,2.128,0.002,0.0304,0.000
782,2,11,1.170,3426.076,0.0304,0.000
782,3,12,343.164,0.000,0.0304,342.608
782,4,13,5.008,0.000,0.0304,162.446
782,5,14,1.059,0.000,5.7688,19.528
782,6,15,1.503,258.819,2.9784,0.118
782,7,16,26.364,0.000,0.0154,25.741
782,8,17,1.901,241.182,0.0153,2.779
782,9,18,23.752,0.000,0.0147,23.344
782,10,19,0.908,207.106,0.0147,3.566
782,11,20,20.756,158.919,0.0140,19.788
782,12,21,16.176,99.900,0.0140,15.085
782,13,22,12.975,34.075,0.0132,9.469
782,14,23,3.852,0.000,0.0126,3.199
782,15,24,1.269,0.000,0.0122,3.441
783,0,10,1.315,0.002,0.0304,0.000
783,1,11,0.887,3426.076,0.0304,0.000
783,2,12,0.948,0.000,0.0304,342.608
783,3,13,1.274,0.000,0.0304,162.446
783,4,14,1.198,0.000,5.7688,19.528
783,5,15,0.301,258.819,2.9784,0.118
783,6,16,0.368,0.000,0.0154,25.741
783,7,17,0.734,241.182,0.0153,2.779
783,8,18,0.328,0.000,0.0147,23.344
783,9,19,0.148,207.106,0.0147,3.566
783,10,20,0.318,158.919,0.0140,19.788
783,11,21,0.343,99.900,0.0140,15.085
783,12,22,0.863,34.075,0.0132,9.469
783,13,23,0.783,0.000,0.0126,3.199
783,14,24,0.562,0.000,0.0122,3.441
783,15,25,0.352,0.000,0.1233,3.411
784,0,11,1.803,3426.076,0.0304,0.000
784,1,12,0.577,0.000,0.0304,342.608
784,2,13,0.961,0.000,0.0304,162.446
784,3,14,1.725,0.000,5.7688,19.528
784,4,15,0.401,258.819,2.9784,0.118
784,5,16,1.960,0.000,0.0154,25.741
784,6,17,0.694,241.182,0.0153,2.779
784,7,18,1.233,0.000,0.0147,23.344
784,8,19,0.534,207.106,0.0147,3.566
784,9,20,0.525,158.919,0.0140,19.788
784,10,21,0.585,99.900,0.0140,15.085
784,11,22,0.744,34.075,0.0132,9.469
784,12,23,1.462,0.000,0.0126,3.199
784,13,24,0.568,0.000,0.0122,3.441
784,14,25,1.013,0.000,0.1233,3.411
784,15,26,0.945,0.000,0.1232,3.411
785,0,12,0.892,0.000,0.0304,342.608
785,1,13,0.490,0.000,0.0304,162.446
785,2,14,0.799,0.000,5.7688,19.528
785,3,15,25.289,258.819,2.9784,0.118
785,4,16,0.171,0.000,0.0154,25.741
785,5,17,23.957,241.182,0.0153,2.779
785,6,18,0.594,0.000,0.0147,23.344
785,7,19,20.967,207.106,0.0147,3.566
785,8,20,16.224,158.919,0.0140,19.788
785,9,21,9.650,99.900,0.0140,15.085
785,10,22,3.409,34.075,0.0132,9.469
785,11,23,0.928,0.000,0.0126,3.199
785,12,24,0.337,0.000,0.0122,3.441
785,13,25,0.597,0.000,0.1233,3.411
785,14,26,0.867,0.000,0.1232,3.411
785,15,27,0.839,0.000,0.1232,3.411
786,0,13,0.460,0.000,0.0304,162.446
786,1,14,0.452,0.000,5.7688,19.528
786,2,15,0.528,258.819,2.9784,0.118
786,3,16,26.061,0.000,0.0154,25.741
786,4,17,0.586,241.182,0.0153,2.779
786,5,18,23.693,0.000,0.0147,23.344
786,6,19,0.450,207.106,0.0147,3.566
786,7,20,20.398,158.919,0.0140,19.788
786,8,21,15.991,99.900,0.0140,15.085
786,9,22,9.238,34.075,0.0132,9.469
786,10,23,3.449,0.000,0.0126,3.199
786,11,24,0.235,0.000,0.0122,3.441
786,12,25,0.589,0.000,0.1233,3.411
786,13,26,0.898,0.000,0.1232,3.411
786,14,27,0.743,0.000,0.1232,3.411
786,15,28,0.543,0.000,0.1234,3.411
787,0,14,6.380,0.000,5.7688,19.528
787,1,15,0.900,258.819,2.9784,0.118
787,2,16,1.191,0.000,0.0154,25.741
787,3,17,1.500,241.182,0.0153,2.779
787,4,18,1.759,0.000,0.0147,23.344
787,5,19,0.832,207.106,0.0147,3.566
787,6,20,0.499,158.919,0.0140,19.788
787,7,21,0.983,99.900,0.0140,15.085
787,8,22,1.408,34.075,0.0132,9.469
787,9,23,0.924,0.000,0.0126,3.199
787,10,24,2.085,0.000,0.0122,3.441
787,11,25,1.173,0.000,0.1233,3.411
787,12,26,1.379,0.000,0.1232,3.411
787,13,27,4.058,0.000,0.1232,3.411
787,14,28,0.621,0.000,0.1234,3.411
787,15,29,4.039,0.000,0.1233,3.410
788,0,15,0.656,258.819,2.9784,0.118
788,1,16,0.392,0.000,0.0154,25.741
788,2,17,0.885,241.182,0.0153,2.779
788,3,18,0.347,0.000,0.0147,23.344
788,4,19,1.180,207.106,0.0147,3.566
788,5,20,0.344,158.919,0.0140,19.788
788,6,21,0.417,99.900,0.0140,15.085
788,7,22,0.192,34.075,0.0132,9.469
788,8,23,0.377,0.000,0.0126,3.199
788,9,24,0.291,0.000,0.0122,3.441
788,10,25,0.690,0.000,0.1233,3.411
788,11,26,0.548,0.000,0.1232,3.411
788,12,27,0.505,0.000,0.1232,3.411
788,13,28,0.716,0.000,0.1234,3.411
788,14,29,0.561,0.000,0.1233,3.410
788,15,30,0.552,0.000,0.1234,3.410
789,0,16,0.300,0.000,0.0154,25.741
789,1,17,0.940,241.182,0.0153,2.779
789,2,18,0.185,0.000,0.0147,23.344
789,3,19,0.611,207.106,0.0147,3.566
789,4,20,0.468,158.919,0.0140,19.788
789,5,21,0.151,99.900,0.0140,15.085
789,6,22,1.092,34.075,0.0132,9.469
789,7,23,0.723,0.000,0.0126,3.199
789,8,24,1.523,0.000,0.0122,3.441
789,9,25,0.337,0.000,0.1233,3.411
789,10,26,0.505,0.000,0.1232,3.411
789,11,27,0.455,0.000,0.1232,3.411
789,12,28,0.628,0.000,0.1234,3.411
789,13,29,0.749,0.000,0.1233,3.410
789,14,30,0.526,0.000,0.1234,3.410
789,15,31,1.218,0.000,0.1233,3.410
790,0,17,0.943,241.182,0.0153,2.779
790,1,18,0.468,0.000,0.0147,23.344
790,2,19,1.151,207.106,0.0147,3.566
790,3,20,0.346,158.919,0.0140,19.788
790,4,21,0.393,99.900,0.0140,15.085
790,5,22,0.733,34.075,0.0132,9.469
790,6,23,0.961,0.000,0.0126,3.199
790,7,24,0.489,0.000,0.0122,3.441
790,8,25,0.337,0.000,0.1233,3.411
790,9,26,0.249,0.000,0.1232,3.411
790,10,27,0.535,0.000,0.1232,3.411
790,11,28,0.501,0.000,0.1234,3.411
790,12,29,0.784,0.000,0.1233,3.410
790,13,30,0.750,0.000,0.1234,3.410
790,14,31,0.863,0.000,0.1233,3.410
790,15,32,0.557,0.000,0.1233,3.410
791,0,18,0.461,0.000,0.0147,23.344
791,1,19,0.255,207.106,0.0147,3.566
791,2,20,0.686,158.919,0.0140,19.788
791,3,21,0.522,99.900,0.0140,15.085
791,4,22,0.825,34.075,0.0132,9.469
791,5,23,0.449,0.000,0.0126,3.199
791,6,24,0.760,0.000,0.0122,3.441
791,7,25,0.410,0.000,0.1233,3.411
791,8,26,0.741,0.000,0.1232,3.411
791,9,27,0.578,0.000,0.1232,3.411
791,10,28,0.208,0.000,0.1234,3.411
791,11,29,0.493,0.000,0.1233,3.410
791,12,30,0.212,0.000,0.1234,3.410
791,13,31,0.427,0.000,0.1233,3.410
791,14,32,0.835,0.000,0.1233,3.410
791,15,33,0.626,0.000,0.1232,3.411
792,0,19,0.853,207.106,0.0147,3.566
792,1,20,1.000,158.919,0.0140,19.788
792,2,21,1.162,99.900,0.0140,15.085
792,3,22,0.832,34.075,0.0132,9.469
792,4,23,0.732,0.000,0.0126,3.199
792,5,24,2.126,0.000,0.0122,3.441
792,6,25,0.689,0.000,0.1233,3.411
792,7,26,1.749,0.000,0.1232,3.411
792,8,27,0.626,0.000,0.1232,3.411
792,9,28,1.304,0.000,0.1234,3.411
792,10,29,1.381,0.000,0.1233,3.410
792,11,30,2.210,0.000,0.1234,3.410
792,12,31,2.026,0.000,0.1233,3.410
792,13,32,0.493,0.000,0.1233,3.410
792,14,33,1.275,0.000,0.1232,3.411
792,15,34,0.514,1000.000,0.1233,3.411
793,0,20,2.465,158.919,0.0140,19.788
793,1,21,0.809,99.900,0.0140,15.085
793,2,22,1.100,34.075,0.0132,9.469
793,3,23,0.688,0.000,0.0126,3.199
793,4,24,2.031,0.000,0.0122,3.441
793,5,25,0.704,0.000,0.1233,3.411
793,6,26,1.176,0.000,0.1232,3.411
793,7,27,3.326,0.000,0.1232,3.411
793,8,28,0.720,0.000,0.1234,3.411
793,9,29,0.921,0.000,0.1233,3.410
793,10,30,1.567,0.000,0.1234,3.410
793,11,31,0.870,0.000,0.1233,3.410
793,12,32,1.193,0.000,0.1233,3.410
793,13,33,0.637,0.000,0.1232,3.411
793,14,34,1.166,1000.000,0.1233,3.411
793,15,35,3.742,0.000,0.1230,14.593
794,0,21,1.661,99.900,0.0140,15.085
794,1,22,1.590,34.075,0.0132,9.469
794,2,23,0.522,0.000,0.0126,3.199
794,3,24,0.324,0.000,0.0122,3.441
794,4,25,0.628,0.000,0.1233,3.411
794,5,26,0.752,0.000,0.1232,3.411
794,6,27,0.315,0.000,0.1232,3.411
794,7,28,0.482,0.000,0.1234,3.411
794,8,29,0.480,0.000,0.1233,3.410
794,9,30,0.310,0.000,0.1234,3.410
794,10,31,0.744,0.000,0.1233,3.410
794,11,32,0.841,0.000,0.1233,3.410
794,12,33,0.575,0.000,0.1232,3.411
794,13,34,0.426,1000.000,0.1233,3.411
794,14,35,0.739,0.000,0.1230,14.593
794,15,36,1.023,1028.272,1.1917,1.578
795,0,22,1.261,34.075,0.0132,9.469
795,1,23,0.878,0.000,0.0126,3.199
795,2,24,0.233,0.000,0.0122,3.441
795,3,25,0.625,0.000,0.1233,3.411
795,4,26,0.444,0.000,0.1232,3.411
795,5,27,0.741,0.000,0.1232,3.411
795,6,28,0.720,0.000,0.1234,3.411
795,7,29,0.576,0.000,0.1233,3.410
795,8,30,0.542,0.000,0.1234,3.410
795,9,31,0.525,0.000,0.1233,3.410
795,10,32,0.454,0.000,0.1233,3.410
795,11,33,0.528,0.000,0.1232,3.411
795,12,34,0.764,1000.000,0.1233,3.411
795,13,35,0.910,0.000,0.1230,14.593
795,14,36,0.640,1028.272,1.1917,1.578
795,15,37,0.613,0.000,0.3094,122.694
796,0,23,0.541,0.000,0.0126,3.199
796,1,24,0.586,0.000,0.0122,3.441
796,2,25,1.078,0.000,0.1233,3.411
796,3,26,0.586,0.000,0.1232,3.411
796,4,27,0.259,0.000,0.1232,3.411
796,5,28,0.792,0.000,0.1234,3.411
796,6,29,0.734,0.000,0.1233,3.410
796,7,30,0.638,0.000,0.1234,3.410
796,8,31,1.016,0.000,0.1233,3.410
796,9,32,1.160,0.000,0.1233,3.410
796,10,33,0.380,0.000,0.1232,3.411
796,11,34,1.236,1000.000,0.1233,3.411
796,12,35,0.587,0.000,0.1230,14.593
796,13,36,0.547,1028.272,1.1917,1.578
796,14,37,2.055,0.000,0.3094,122.694
796,15,38,0.889,0.000,4.4464,49.710
797,0,24,1.149,0.000,0.0122,3.441
797,1,25,0.875,0.000,0.1233,3.411
797,2,26,0.499,0.000,0.1232,3.411
797,3,27,0.495,0.000,0.1232,3.411
797,4,28,1.256,0.000,0.1234,3.411
797,5,29,0.264,0.000,0.1233,3.410
797,6,30,0.539,0.000,0.1234,3.410
797,7,31,0.277,0.000,0.1233,3.410
797,8,32,0.791,0.000,0.1233,3.410
797,9,33,0.451,0.000,0.1232,3.411
797,10,34,0.129,1000.000,0.1233,3.411
797,11,35,0.568,0.000,0.1230,14.593
797,12,36,0.844,1028.272,1.1917,1.578
797,13,37,0.270,0.000,0.3094,122.694
797,14,38,0.328,0.000,4.4464,49.710
797,15,39,0.662,0.000,2.4945,19.814
798,0,25,0.522,0.000,0.1233,3.411
798,1,26,1.767,0.000,0.1232,3.411
798,2,27,1.587,0.000,0.1232,3.411
798,3,28,0.775,0.000,0.1234,3.411
798,4,29,1.089,0.000,0.1233,3.410
798,5,30,0.334,0.000,0.1234,3.410
798,6,31,1.353,0.000,0.1233,3.410
798,7,32,2.328,0.000,0.1233,3.410
798,8,33,0.283,0.000,0.1232,3.411
798,9,34,2.143,1000.000,0.1233,3.411
798,10,35,4.393,0.000,0.1230,14.593
798,11,36,2.224,1028.272,1.1917,1.578
798,12,37,2.062,0.000,0.3094,122.694
798,13,38,0.763,0.000,4.4464,49.710
798,14,39,0.705,0.000,2.4945,19.814
798,15,40,1.723,0.000,0.6267,9.357
799,0,26,3.933,0.000,0.1232,3.411
799,1,27,0.899,0.000,0.1232,3.411
799,2,28,1.209,0.000,0.1234,3.411
799,3,29,0.496,0.000,0.1233,3.410
799,4,30,0.699,0.000,0.1234,3.410
799,5,31,0.947,0.000,0.1233,3.410
799,6,32,0.524,0.000,0.1233,3.410
799,7,33,0.612,0.000,0.1232,3.411
799,8,34,0.896,1000.000,0.1233,3.411
799,9,35,0.622,0.000,0.1230,14.593
799,10,36,0.400,1028.272,1.1917,1.578
799,11,37,0.655,0.000,0.3094,122.694
799,12,38,0.298,0.000,4.4464,49.710
799,13,39,0.794,0.000,2.4945,19.814
799,14,40,0.684,0.000,0.6267,9.357
799,15,41,0.564,0.000,0.7197,1.226
800,0,27,1.581,0.000,0.1232,3.411
800,1,28,0.772,0.000,0.1234,3.411
800,2,29,0.752,0.000,0.1233,3.410
800,3,30,0.766,0.000,0.1234,3.410
800,4,31,1.180,0.000,0.1233,3.410
800,5,32,0.400,0.000,0.1233,3.410
800,6,33,1.016,0.000,0.1232,3.411
800,7,34,2.604,1000.000,0.1233,3.411
800,8,35,1.017,0.000,0.1230,14.593
800,9,36,0.681,1028.272,1.1917,1.578
800,10,37,1.669,0.000,0.3094,122.694
800,11,38,0.578,0.000,4.4464,49.710
800,12,39,0.610,0.000,2.4945,19.814
800,13,40,1.969,0.000,0.6267,9.357
800,14,41,0.435,0.000,0.7197,1.226
800,15,42,0.620,0.000,0.2176,1.203
801,0,28,2.390,0.000,0.1234,3.411
801,1,29,0.849,0.000,0.1233,3.410
801,2,30,1.266,0.000,0.1234,3.410
801,3,31,1.658,0.000,0.1233,3.410
801,4,32,1.097,0.000,0.1233,3.410
801,5,33,1.533,0.000,0.1232,3.411
801,6,34,4.173,1000.000,0.1233,3.411
801,7,35,1.346,0.000,0.1230,14.593
801,8,36,2.908,1028.272,1.1917,1.578
801,9,37,1.099,0.000,0.3094,122.694
801,10,38,1.126,0.000,4.4464,49.710
801,11,39,0.670,0.000,2.4945,19.814
801,12,40,1.400,0.000,0.6267,9.357
801,13,41,0.661,0.000,0.7197,1.226
801,14,42,0.782,0.000,0.2176,1.203
801,15,43,0.735,0.000,0.2406,1.203
802,0,29,1.271,0.000,0.1233,3.410
802,1,30,1.384,0.000,0.1234,3.410
802,2,31,0.303,0.000,0.1233,3.410
802,3,32,1.133,0.000,0.1233,3.410
802,4,33,0.318,0.000,0.1232,3.411
802,5,34,1.288,1000.000,0.1233,3.411
802,6,35,1.094,0.000,0.1230,14.593
802,7,36,1.555,1028.272,1.1917,1.578
802,8,37,0.179,0.000,0.3094,122.694
802,9,38,1.602,0.000,4.4464,49.710
802,10,39,0.293,0.000,2.4945,19.814
802,11,40,0.290,0.000,0.6267,9.357
802,12,41,0.559,0.000,0.7197,1.226
802,13,42,0.785,0.000,0.2176,1.203
802,14,43,0.671,0.000,0.2406,1.203
802,15,44,0.592,0.000,0.2424,1.202
803,0,30,0.908,0.000,0.1234,3.410
803,1,31,0.397,0.000,0.1233,3.410
803,2,32,0.827,0.000,0.1233,3.410
803,3,33,0.953,0.000,0.1232,3.411
803,4,34,1.002,1000.000,0.1233,3.411
803,5,35,1.715,0.000,0.1230,14.593
803,6,36,0.530,1028.272,1.1917,1.578
803,7,37,0.777,0.000,0.3094,122.694
803,8,38,0.478,0.000,4.4464,49.710
803,9,39,0.497,0.000,2.4945,19.814
803,10,40,0.477,0.000,0.6267,9.357
803,11,41,0.125,0.000,0.7197,1.226
803,12,42,0.345,0.000,0.2176,1.203
803,13,43,0.458,0.000,0.2406,1.203
803,14,44,0.346,0.000,0.2424,1.202
803,15,45,0.303,0.000,0.2428,1.202
804,0,31,0.772,0.000,0.1233,3.410
804,1,32,0.923,0.000,0.1233,3.410
804,2,33,1.705,0.000,0.1232,3.411
804,3,34,2.256,1000.000,0.1233,3.411
804,4,35,1.804,0.000,0.1230,14.593
804,5,36,0.726,1028.272,1.1917,1.578
804,6,37,1.340,0.000,0.3094,122.694
804,7,38,1.640,0.000,4.4464,49.710
804,8,39,0.739,0.000,2.4945,19.814
804,9,40,0.555,0.000,0.6267,9.357
804,10,41,1.172,0.000,0.7197,1.226
804,11,42,0.839,0.000,0.2176,1.203
804,12,43,0.835,0.000,0.2406,1.203
804,13,44,1.062,0.000,0.2424,1.202
804,14,45,1.215,0.000,0.2428,1.202
804,15,46,0.323,0.000,0.2430,1.202
805,0,32,0.304,0.000,0.1233,3.410
805,1,33,0.346,0.000,0.1232,3.411
805,2,34,1.220,1000.000,0.1233,3.411
805,3,35,0.825,0.000,0.1230,14.593
805,4,36,1.768,1028.272,1.1917,1.578
805,5,37,0.742,0.000,0.3094,122.694
805,6,38,0.585,0.000,4.4464,49.710
805,7,39,0.903,0.000,2.4945,19.814
805,8,40,0.184,0.000,0.6267,9.357
805,9,41,0.552,0.000,0.7197,1.226
805,10,42,1.642,0.000,0.2176,1.203
805,11,43,0.710,0.000,0.2406,1.203
805,12,44,0.458,0.000,0.2424,1.202
805,13,45,0.711,0.000,0.2428,1.202
805,14,46,0.453,0.000,0.2430,1.202
805,15,47,0.541,0.000,0.2433,1.202
806,0,33,1.382,0.000,0.1232,3.411
806,1,34,0.415,1000.000,0.1233,3.411
806,2,35,1.154,0.000,0.1230,14.593
806,3,36,0.494,1028.272,1.1917,1.578
806,4,37,0.914,0.000,0.3094,122.694
806,5,38,0.892,0.000,4.4464,49.710
806,6,39,0.159,0.000,2.4945,19.814
806,7,40,0.740,0.000,0.6267,9.357
806,8,41,0.423,0.000,0.7197,1.226
806,9,42,1.129,0.000,0.2176,1.203
806,10,43,0.378,0.000,0.2406,1.203
806,11,44,0.728,0.000,0.2424,1.202
806,12,45,1.013,0.000,0.2428,1.202
806,13,46,0.500,0.000,0.2430,1.202
806,14,47,1.497,0.000,0.2433,1.202
806,15,48,0.813,0.000,0.2441,1.202
807,0,34,99.496,1000.000,0.1233,3.411
807,1,35,1.519,0.000,0.1230,14.593
807,2,36,102.421,1028.272,1.1917,1.578
807,3,37,0.614,0.000,0.3094,122.694
807,4,38,1.353,0.000,4.4464,49.710
807,5,39,0.645,0.000,2.4945,19.814
807,6,40,0.379,0.000,0.6267,9.357
807,7,41,0.486,0.000,0.7197,1.226
807,8,42,0.956,0.000,0.2176,1.203
807,9,43,0.111,0.000,0.2406,1.203
807,10,44,0.494,0.000,0.2424,1.202
807,11,45,2.751,0.000,0.2428,1.202
807,12,46,0.700,0.000,0.2430,1.202
807,13,47,0.602,0.000,0.2433,1.202
807,14,48,1.702,0.000,0.2441,1.202
807,15,49,0.895,0.000,0.2445,1.202
808,0,35,2.625,0.000,0.1230,14.593
808,1,36,1.419,1028.272,1.1917,1.578
808,2,37,0.669,0.000,0.3094,122.694
808,3,38,1.165,0.000,4.4464,49.710
808,4,39,0.968,0.000,2.4945,19.814
808,5,40,0.576,0.000,0.6267,9.357
808,6,41,0.966,0.000,0.7197,1.226
808,7,42,1.314,0.000,0.2176,1.203
808,8,43,0.601,0.000,0.2406,1.203
808,9,44,0.596,0.000,0.2424,1.202
808,10,45,1.282,0.000,0.2428,1.202
808,11,46,0.714,0.000,0.2430,1.202
808,12,47,0.599,0.000,0.2433,1.202
808,13,48,0.536,0.000,0.2441,1.202
808,14,49,1.089,0.000,0.2445,1.202
808,15,50,1.055,0.000,0.2451,1.202
809,0,36,1.218,1028.272,1.1917,1.578
809,1,37,0.798,0.000,0.3094,122.694
809,2,38,1.273,0.000,4.4464,49.710
809,3,39,1.647,0.000,2.4945,19.814
809,4,40,0.774,0.000,0.6267,9.357
809,5,41,0.715,0.000,0.7197,1.226
809,6,42,0.594,0.000,0.2176,1.203
809,7,43,1.439,0.000,0.2406,1.203
809,8,44,0.617,0.000,0.2424,1.202
809,9,45,0.417,0.000,0.2428,1.202
809,10,46,0.362,0.000,0.2430,1.202
809,11,47,0.938,0.000,0.2433,1.202
809,12,48,0.677,0.000,0.2441,1.202
809,13,49,0.525,0.000,0.2445,1.202
809,14,50,3.500,0.000,0.2451,1.202
809,15,51,5.645,258.820,0.2463,1.202
810,0,37,0.626,0.000,0.3094,122.694
810,1,38,1.073,0.000,4.4464,49.710
810,2,39,0.363,0.000,2.4945,19.814
810,3,40,0.463,0.000,0.6267,9.357
810,4,41,0.381,0.000,0.7197,1.226
810,5,42,0.393,0.000,0.2176,1.203
810,6,43,0.444,0.000,0.2406,1.203
810,7,44,0.283,0.000,0.2424,1.202
810,8,45,0.654,0.000,0.2428,1.202
810,9,46,0.704,0.000,0.2430,1.202
810,10,47,0.145,0.000,0.2433,1.202
810,11,48,0.337,0.000,0.2441,1.202
810,12,49,0.415,0.000,0.2445,1.202
810,13,50,1.377,0.000,0.2451,1.202
810,14,51,1.550,258.820,0.2463,1.202
810,15,52,2.260,0.000,0.2460,25.781
811,0,38,0.510,0.000,4.4464,49.710
811,1,39,3.573,0.000,2.4945,19.814
811,2,40,0.735,0.000,0.6267,9.357
811,3,41,1.003,0.000,0.7197,1.226
811,4,42,1.351,0.000,0.2176,1.203
811,5,43,1.043,0.000,0.2406,1.203
811,6,44,0.261,0.000,0.2424,1.202
811,7,45,0.296,0.000,0.2428,1.202
811,8,46,1.118,0.000,0.2430,1.202
811,9,47,0.606,0.000,0.2433,1.202
811,10,48,0.436,0.000,0.2441,1.202
811,11,49,0.709,0.000,0.2445,1.202
811,12,50,1.921,0.000,0.2451,1.202
811,13,51,0.907,258.820,0.2463,1.202
811,14,52,4.088,0.000,0.2460,25.781
811,15,53,2.321,241.181,0.2511,4.726
812,0,39,1.078,0.000,2.4945,19.814
812,1,40,0.440,0.000,0.6267,9.357
812,2,41,0.614,0.000,0.7197,1.226
812,3,42,0.426,0.000,0.2176,1.203
812,4,43,0.360,0.000,0.2406,1.203
812,5,44,0.544,0.000,0.2424,1.202
812,6,45,0.790,0.000,0.2428,1.202
812,7,46,0.588,0.000,0.2430,1.202
812,8,47,1.079,0.000,0.2433,1.202
812,9,48,1.134,0.000,0.2441,1.202
812,10,49,1.189,0.000,0.2445,1.202
812,11,50,1.095,0.000,0.2451,1.202
812,12,51,4.348,258.820,0.2463,1.202
812,13,52,3.862,0.000,0.2460,25.781
812,14,53,5.445,241.181,0.2511,4.726
812,15,54,3.018,0.000,0.2563,23.207
813,0,40,0.813,0.000,0.6267,9.357
813,1,41,0.332,0.000,0.7197,1.226
813,2,42,0.245,0.000,0.2176,1.203
813,3,43,0.627,0.000,0.2406,1.203
813,4,44,0.667,0.000,0.2424,1.202
813,5,45,1.024,0.000,0.2428,1.202
813,6,46,0.524,0.000,0.2430,1.202
813,7,47,0.064,0.000,0.2433,1.202
813,8,48,0.750,0.000,0.2441,1.202
813,9,49,0.125,0.000,0.2445,1.202
813,10,50,1.261,0.000,0.2451,1.202
813,11,51,1.003,258.820,0.2463,1.202
813,12,52,1.471,0.000,0.2460,25.781
813,13,53,0.804,241.181,0.2511,4.726
813,14,54,0.790,0.000,0.2563,23.207
813,15,55,0.852,207.107,0.2557,5.003
814,0,41,0.752,0.000,0.7197,1.226
814,1,42,0.309,0.000,0.2176,1.203
814,2,43,0.305,0.000,0.2406,1.203
814,3,44,0.442,0.000,0.2424,1.202
814,4,45,0.349,0.000,0.2428,1.202
814,5,46,0.610,0.000,0.2430,1.202
814,6,47,0.544,0.000,0.2433,1.202
814,7,48,0.446,0.000,0.2441,1.202
814,8,49,0.705,0.000,0.2445,1.202
814,9,50,0.203,0.000,0.2451,1.202
814,10,51,0.319,258.820,0.2463,1.202
814,11,52,0.225,0.000,0.2460,25.781
814,12,53,0.880,241.181,0.2511,4.726
814,13,54,0.436,0.000,0.2563,23.207
814,14,55,0.929,207.107,0.2557,5.003
814,15,56,1.347,0.000,0.2540,19.503
815,0,42,0.544,0.000,0.2176,1.203
815,1,43,1.261,0.000,0.2406,1.203
815,2,44,0.721,0.000,0.2424,1.202
815,3,45,0.465,0.000,0.2428,1.202
815,4,46,0.910,0.000,0.2430,1.202
815,5,47,0.730,0.000,0.2433,1.202
815,6,48,0.847,0.000,0.2441,1.202
815,7,49,0.642,0.000,0.2445,1.202
815,8,50,0.705,0.000,0.2451,1.202
815,9,51,1.595,258.820,0.2463,1.202
815,10,52,1.228,0.000,0.2460,25.781
815,11,53,2.615,241.181,0.2511,4.726
815,12,54,2.235,0.000,0.2563,23.207
815,13,55,2.955,207.107,0.2557,5.003
815,14,56,0.893,0.000,0.2540,19.503
815,15,57,4.621,158.918,0.2548,4.085
816,0,43,0.298,0.000,0.2406,1.203
816,1,44,0.216,0.000,0.2424,1.202
816,2,45,0.618,0.000,0.2428,1.202
816,3,46,0.444,0.000,0.2430,1.202
816,4,47,0.357,0.000,0.2433,1.202
816,5,48,0.383,0.000,0.2441,1.202
816,6,49,0.224,0.000,0.2445,1.202
816,7,50,1.140,0.000,0.2451,1.202
816,8,51,0.481,258.820,0.2463,1.202
816,9,52,1.159,0.000,0.2460,25.781
816,10,53,0.698,241.181,0.2511,4.726
816,11,54,0.572,0.000,0.2563,23.207
816,12,55,0.557,207.107,0.2557,5.003
816,13,56,1.025,0.000,0.2540,19.503
816,14,57,0.565,158.918,0.2548,4.085
816,15,58,0.645,99.901,0.2545,14.819
817,0,44,0.408,0.000,0.2424,1.202
817,1,45,0.423,0.000,0.2428,1.202
817,2,46,1.089,0.000,0.2430,1.202
817,3,47,0.368,0.000,0.2433,1.202
817,4,48,0.432,0.000,0.2441,1.202
817,5,49,1.163,0.000,0.2445,1.202
817,6,50,1.241,0.000,0.2451,1.202
817,7,51,0.993,258.820,0.2463,1.202
817,8,52,1.256,0.000,0.2460,25.781
817,9,53,1.778,241.181,0.2511,4.726
817,10,54,0.555,0.000,0.2563,23.207
817,11,55,1.935,207.107,0.2557,5.003
817,12,56,1.388,0.000,0.2540,19.503
817,13,57,1.127,158.918,0.2548,4.085
817,14,58,0.677,99.901,0.2545,14.819
817,15,59,0.683,34.074,0.2536,9.340
818,0,45,2.974,0.000,0.2428,1.202
818,1,46,0.577,0.000,0.2430,1.202
818,2,47,0.740,0.000,0.2433,1.202
818,3,48,0.942,0.000,0.2441,1.202
818,4,49,0.259,0.000,0.2445,1.202
818,5,50,0.407,0.000,0.2451,1.202
818,6,51,2.216,258.820,0.2463,1.202
818,7,52,2.190,0.000,0.2460,25.781
818,8,53,1.251,241.181,0.2511,4.726
818,9,54,1.961,0.000,0.2563,23.207
818,10,55,1.596,207.107,0.2557,5.003
818,11,56,2.646,0.000,0.2540,19.503
818,12,57,1.388,158.918,0.2548,4.085
818,13,58,2.194,99.901,0.2545,14.819
818,14,59,1.734,34.074,0.2536,9.340
818,15,60,0.541,0.000,0.2529,4.125
819,0,46,0.777,0.000,0.2430,1.202
819,1,47,1.065,0.000,0.2433,1.202
819,2,48,0.702,0.000,0.2441,1.202
819,3,49,0.131,0.000,0.2445,1.202
819,4,50,1.508,0.000,0.2451,1.202
819,5,51,0.765,258.820,0.2463,1.202
819,6,52,0.658,0.000,0.2460,25.781
819,7,53,0.625,241.181,0.2511,4.726
819,8,54,0.353,0.000,0.2563,23.207
819,9,55,1.484,207.107,0.2557,5.003
819,10,56,0.468,0.000,0.2540,19.503
819,11,57,0.462,158.918,0.2548,4.085
819,12,58,0.386,99.901,0.2545,14.819
819,13,59,0.532,34.074,0.2536,9.340
819,14,60,0.348,0.000,0.2529,4.125
819,15,61,0.544,0.000,0.1044,1.871
820,0,47,0.305,0.000,0.2433,1.202
820,1,48,0.662,0.000,0.2441,1.202
820,2,49,0.515,0.000,0.2445,1.202
820,3,50,0.991,0.000,0.2451,1.202
820,4,51,1.904,258.820,0.2463,1.202
820,5,52,0.447,0.000,0.2460,25.781
820,6,53,1.103,241.181,0.2511,4.726
820,7,54,0.982,0.000,0.2563,23.207
820,8,55,0.860,207.107,0.2557,5.003
820,9,56,0.610,0.000,0.2540,19.503
820,10,57,0.564,158.918,0.2548,4.085
820,11,58,0.855,99.901,0.2545,14.819
820,12,59,0.634,34.074,0.2536,9.340
820,13,60,0.348,0.000,0.2529,4.125
820,14,61,0.703,0.000,0.1044,1.871
820,15,62,0.427,0.000,0.0588,1.854
821,0,48,1.097,0.000,0.2441,1.202
821,1,49,1.442,0.000,0.2445,1.202
821,2,50,0.899,0.000,0.2451,1.202
821,3,51,1.235,258.820,0.2463,1.202
821,4,52,0.430,0.000,0.2460,25.781
821,5,53,0.797,241.181,0.2511,4.726
821,6,54,2.230,0.000,0.2563,23.207
821,7,55,0.869,207.107,0.2557,5.003
821,8,56,0.598,0.000,0.2540,19.503
821,9,57,0.756,158.918,0.2548,4.085
821,10,58,0.796,99.901,0.2545,14.819
821,11,59,0.392,34.074,0.2536,9.340
821,12,60,0.319,0.000,0.2529,4.125
821,13,61,0.340,0.000,0.1044,1.871
821,14,62,0.631,0.000,0.0588,1.854
821,15,63,0.360,0.000,0.0671,1.861
822,0,49,0.571,0.000,0.2445,1.202
822,1,50,1.212,0.000,0.2451,1.202
822,2,51,6.014,258.820,0.2463,1.202
822,3,52,0.918,0.000,0.2460,25.781
822,4,53,5.894,241.181,0.2511,4.726
822,5,54,1.626,0.000,0.2563,23.207
822,6,55,5.720,207.107,0.2557,5.003
822,7,56,3.379,0.000,0.2540,19.503
822,8,57,3.955,158.918,0.2548,4.085
822,9,58,3.102,99.901,0.2545,14.819
822,10,59,2.628,34.074,0.2536,9.340
822,11,60,0.570,0.000,0.2529,4.125
822,12,61,0.942,0.000,0.1044,1.871
822,13,62,0.754,0.000,0.0588,1.854
822,14,63,1.049,0.000,0.0671,1.861
822,15,64,0.721,0.000,0.0513,1.831
823,0,50,0.853,0.000,0.2451,1.202
823,1,51,1.523,258.820,0.2463,1.202
823,2,52,2.235,0.000,0.2460,25.781
823,3,53,1.385,241.181,0.2511,4.726
823,4,54,2.289,0.000,0.2563,23.207
823,5,55,1.094,207.107,0.2557,5.003
823,6,56,1.632,0.000,0.2540,19.503
823,7,57,1.431,158.918,0.2548,4.085
823,8,58,1.209,99.901,0.2545,14.819
823,9,59,1.878,34.074,0.2536,9.340
823,10,60,0.936,0.000,0.2529,4.125
823,11,61,0.647,0.000,0.1044,1.871
823,12,62,0.578,0.000,0.0588,1.854
823,13,63,0.854,0.000,0.0671,1.861
823,14,64,1.009,0.000,0.0513,1.831
823,15,65,0.585,0.000,0.0837,1.844
824,0,51,4.382,258.820,0.2463,1.202
824,1,52,4.821,0.000,0.2460,25.781
824,2,53,5.270,241.181,0.2511,4.726
824,3,54,3.308,0.000,0.2563,23.207
824,4,55,3.960,207.107,0.2557,5.003
824,5,56,2.784,0.000,0.2540,19.503
824,6,57,1.925,158.918,0.2548,4.085
824,7,58,0.788,99.901,0.2545,14.819
824,8,59,0.955,34.074,0.2536,9.340
824,9,60,0.636,0.000,0.2529,4.125
824,10,61,0.319,0.000,0.1044,1.871
824,11,62,0.439,0.000,0.0588,1.854
824,12,63,1.086,0.000,0.0671,1.861
824,13,64,0.609,0.000,0.0513,1.831
824,14,65,0.299,0.000,0.0837,1.844
824,15,66,0.157,0.000,0.0649,1.853
825,0,52,0.180,0.000,0.2460,25.781
825,1,53,2.944,241.181,0.2511,4.726
825,2,54,0.712,0.000,0.2563,23.207
825,3,55,2.156,207.107,0.2557,5.003
825,4,56,0.717,0.000,0.2540,19.503
825,5,57,1.458,158.918,0.2548,4.085
825,6,58,0.862,99.901,0.2545,14.819
825,7,59,0.682,34.074,0.2536,9.340
825,8,60,0.375,0.000,0.2529,4.125
825,9,61,0.717,0.000,0.1044,1.871
825,10,62,0.215,0.000,0.0588,1.854
825,11,63,0.232,0.000,0.0671,1.861
825,12,64,0.425,0.000,0.0513,1.831
825,13,65,0.289,0.000,0.0837,1.844
825,14,66,0.410,0.000,0.0649,1.853
825,15,67,1.537,0.000,0.0585,1.845
826,0,53,4.835,241.181,0.2511,4.726
826,1,54,12.712,0.000,0.2563,23.207
826,2,55,3.962,207.107,0.2557,5.003
826,3,56,11.532,0.000,0.2540,19.503
826,4,57,2.990,158.918,0.2548,4.085
826,5,58,6.661,99.901,0.2545,14.819
826,6,59,3.734,34.074,0.2536,9.340
826,7,60,0.658,0.000,0.2529,4.125
826,8,61,0.312,0.000,0.1044,1.871
826,9,62,0.716,0.000,0.0588,1.854
826,10,63,0.453,0.000,0.0671,1.861
826,11,64,0.794,0.000,0.0513,1.831
826,12,65,2.405,0.000,0.0837,1.844
826,13,66,0.506,0.000,0.0649,1.853
826,14,67,2.169,0.000,0.0585,1.845
826,15,68,5.101,0.000,0.0710,1.891
827,0,54,0.913,0.000,0.2563,23.207
827,1,55,4.003,207.107,0.2557,5.003
827,2,56,0.607,0.000,0.2540,19.503
827,3,57,4.357,158.918,0.2548,4.085
827,4,58,2.055,99.901,0.2545,14.819
827,5,59,1.590,34.074,0.2536,9.340
827,6,60,1.142,0.000,0.2529,4.125
827,7,61,1.326,0.000,0.1044,1.871
827,8,62,0.597,0.000,0.0588,1.854
827,9,63,0.454,0.000,0.0671,1.861
827,10,64,0.821,0.000,0.0513,1.831
827,11,65,1.592,0.000,0.0837,1.844
827,12,66,0.933,0.000,0.0649,1.853
827,13,67,0.323,0.000,0.0585,1.845
827,14,68,0.588,0.000,0.0710,1.891
827,15,69,0.567,0.000,0.0287,1.878
828,0,55,0.751,207.107,0.2557,5.003
828,1,56,0.545,0.000,0.2540,19.503
828,2,57,0.417,158.918,0.2548,4.085
828,3,58,0.781,99.901,0.2545,14.819
828,4,59,0.322,34.074,0.2536,9.340
828,5,60,0.675,0.000,0.2529,4.125
828,6,61,0.589,0.000,0.1044,1.871
828,7,62,0.467,0.000,0.0588,1.854
828,8,63,0.059,0.000,0.0671,1.861
828,9,64,0.303,0.000,0.0513,1.831
828,10,65,0.220,0.000,0.0837,1.844
828,11,66,0.409,0.000,0.0649,1.853
828,12,67,0.222,0.000,0.0585,1.845
828,13,68,0.463,0.000,0.0710,1.891
828,14,69,0.602,0.000,0.0287,1.878
828,15,70,0.471,0.000,0.0507,1.858
829,0,56,0.487,0.000,0.2540,19.503
829,1,57,0.772,158.918,0.2548,4.085
829,2,58,0.818,99.901,0.2545,14.819
829,3,59,0.694,34.074,0.2536,9.340
829,4,60,0.778,0.000,0.2529,4.125
829,5,61,1.139,0.000,0.1044,1.871
829,6,62,0.547,0.000,0.0588,1.854
829,7,63,0.514,0.000,0.0671,1.861
829,8,64,1.035,0.000,0.0513,1.831
829,9,65,0.722,0.000,0.0837,1.844
829,10,66,0.256,0.000,0.0649,1.853
829,11,67,0.540,0.000,0.0585,1.845
829,12,68,0.199,0.000,0.0710,1.891
829,13,69,0.163,0.000,0.0287,1.878
829,14,70,0.581,0.000,0.0507,1.858
829,15,71,0.591,0.000,0.0689,1.848
830,0,57,1.609,158.918,0.2548,4.085
830,1,58,1.398,99.901,0.2545,14.819
830,2,59,0.926,34.074,0.2536,9.340
830,3,60,0.294,0.000,0.2529,4.125
830,4,61,0.615,0.000,0.1044,1.871
830,5,62,0.128,0.000,0.0588,1.854
830,6,63,0.718,0.000,0.0671,1.861
830,7,64,0.349,0.000,0.0513,1.831
830,8,65,0.354,0.000,0.0837,1.844
830,9,66,0.170,0.000,0.0649,1.853
830,10,67,0.502,0.000,0.0585,1.845
830,11,68,0.176,0.000,0.0710,1.891
830,12,69,0.358,0.000,0.0287,1.878
830,13,70,0.395,0.000,0.0507,1.858
830,14,71,0.863,0.000,0.0689,1.848
830,15,72,0.671,0.000,0.0786,1.850
831,0,58,2.827,99.901,0.2545,14.819
831,1,59,3.992,34.074,0.2536,9.340
831,2,60,0.304,0.000,0.2529,4.125
831,3,61,1.848,0.000,0.1044,1.871
831,4,62,0.663,0.000,0.0588,1.854
831,5,63,0.483,0.000,0.0671,1.861
831,6,64,0.655,0.000,0.0513,1.831
831,7,65,0.918,0.000,0.0837,1.844
831,8,66,0.971,0.000,0.0649,1.853
831,9,67,1.122,0.000,0.0585,1.845
831,10,68,0.643,0.000,0.0710,1.891
831,11,69,0.519,0.000,0.0287,1.878
831,12,70,1.101,0.000,0.0507,1.858
831,13,71,0.820,0.000,0.0689,1.848
831,14,72,1.387,0.000,0.0786,1.850
831,15,73,0.655,0.000,0.0768,1.849
832,0,59,6.434,34.074,0.2536,9.340
832,1,60,0.847,0.000,0.2529,4.125
832,2,61,1.846,0.000,0.1044,1.871
832,3,62,1.029,0.000,0.0588,1.854
832,4,63,1.045,0.000,0.0671,1.861
832,5,64,0.802,0.000,0.0513,1.831
832,6,65,0.723,0.000,0.0837,1.844
832,7,66,0.839,0.000,0.0649,1.853
832,8,67,0.654,0.000,0.0585,1.845
832,9,68,1.511,0.000,0.0710,1.891
832,10,69,0.739,0.000,0.0287,1.878
832,11,70,1.193,0.000,0.0507,1.858
832,12,71,0.571,0.000,0.0689,1.848
832,13,72,0.880,0.000,0.0786,1.850
832,14,73,0.783,0.000,0.0768,1.849
832,15,74,1.819,0.000,0.0796,1.852
833,0,60,2.138,0.000,0.2529,4.125
833,1,61,1.325,0.000,0.1044,1.871
833,2,62,1.031,0.000,0.0588,1.854
833,3,63,0.897,0.000,0.0671,1.861
833,4,64,0.822,0.000,0.0513,1.831
833,5,65,0.767,0.000,0.0837,1.844
833,6,66,0.255,0.000,0.0649,1.853
833,7,67,0.511,0.000,0.0585,1.845
833,8,68,0.414,0.000,0.0710,1.891
833,9,69,0.503,0.000,0.0287,1.878
833,10,70,0.784,0.000,0.0507,1.858
833,11,71,0.820,0.000,0.0689,1.848
833,12,72,0.567,0.000,0.0786,1.850
833,13,73,0.683,0.000,0.0768,1.849
833,14,74,0.730,0.000,0.0796,1.852
833,15,75,1.431,0.000,0.0795,1.880
834,0,61,3.072,0.000,0.1044,1.871
834,1,62,0.450,0.000,0.0588,1.854
834,2,63,0.725,0.000,0.0671,1.861
834,3,64,0.334,0.000,0.0513,1.831
834,4,65,0.414,0.000,0.0837,1.844
834,5,66,0.792,0.000,0.0649,1.853
834,6,67,0.489,0.000,0.0585,1.845
834,7,68,0.672,0.000,0.0710,1.891
834,8,69,0.085,0.000,0.0287,1.878
834,9,70,0.346,0.000,0.0507,1.858
834,10,71,0.720,0.000,0.0689,1.848
834,11,72,0.320,0.000,0.0786,1.850
834,12,73,0.519,0.000,0.0768,1.849
834,13,74,0.355,0.000,0.0796,1.852
834,14,75,0.295,0.000,0.0795,1.880
834,15,76,0.715,0.000,0.0569,1.839
835,0,62,0.495,0.000,0.0588,1.854
835,1,63,1.281,0.000,0.0671,1.861
835,2,64,0.714,0.000,0.0513,1.831
835,3,65,1.037,0.000,0.0837,1.844
835,4,66,0.429,0.000,0.0649,1.853
835,5,67,0.453,0.000,0.0585,1.845
835,6,68,0.398,0.000,0.0710,1.891
835,7,69,0.906,0.000,0.0287,1.878
835,8,70,0.395,0.000,0.0507,1.858
835,9,71,0.328,0.000,0.0689,1.848
835,10,72,0.795,0.000,0.0786,1.850
835,11,73,0.272,0.000,0.0768,1.849
835,12,74,0.346,0.000,0.0796,1.852
835,13,75,0.673,0.000,0.0795,1.880
835,14,76,0.824,0.000,0.0569,1.839
836,0,63,0.689,0.000,0.0671,1.861
836,1,64,0.627,0.000,0.0513,1.831
836,2,65,1.545,0.000,0.0837,1.844
836,3,66,1.580,0.000,0.0649,1.853
836,4,67,3.635,0.000,0.0585,1.845
836,5,68,0.912,0.000,0.0710,1.891
836,6,69,1.499,0.000,0.0287,1.878
836,7,70,1.286,0.000,0.0507,1.858
836,8,71,1.459,0.000,0.0689,1.848
836,9,72,1.925,0.000,0.0786,1.850
836,10,73,1.642,0.000,0.0768,1.849
836,11,74,1.614,0.000,0.0796,1.852
836,12,75,1.078,0.000,0.0795,1.880
836,13,76,2.069,0.000,0.0569,1.839
837,0,64,1.611,0.000,0.0513,1.831
837,1,65,1.413,0.000,0.0837,1.844
837,2,66,0.528,0.000,0.0649,1.853
837,3,67,0.963,0.000,0.0585,1.845
837,4,68,0.620,0.000,0.0710,1.891
837,5,69,1.044,0.000,0.0287,1.878
837,6,70,0.556,0.000,0.0507,1.858
837,7,71,0.750,0.000,0.0689,1.848
837,8,72,0.555,0.000,0.0786,1.850
837,9,73,0.843,0.000,0.0768,1.849
837,10,74,0.730,0.000,0.0796,1.852
837,11,75,0.501,0.000,0.0795,1.880
837,12,76,1.386,0.000,0.0569,1.839
838,0,65,0.850,0.000,0.0837,1.844
838,1,66,1.417,0.000,0.0649,1.853
838,2,67,0.878,0.000,0.0585,1.845
838,3,68,1.189,0.000,0.0710,1.891
838,4,69,0.559,0.000,0.0287,1.878
838,5,70,0.879,0.000,0.0507,1.858
838,6,71,0.504,0.000,0.0689,1.848
838,7,72,0.987,0.000,0.0786,1.850
838,8,73,1.597,0.000,0.0768,1.849
838,9,74,1.512,0.000,0.0796,1.852
838,10,75,2.266,0.000,0.0795,1.880
838,11,76,2.712,0.000,0.0569,1.839
839,0,66,0.598,0.000,0.0649,1.853
839,1,67,1.596,0.000,0.0585,1.845
839,2,68,1.688,0.000,0.0710,1.891
839,3,69,2.211,0.000,0.0287,1.878
839,4,70,1.423,0.000,0.0507,1.858
839,5,71,1.581,0.000,0.0689,1.848
839,6,72,0.396,0.000,0.0786,1.850
839,7,73,1.156,0.000,0.0768,1.849
839,8,74,0.509,0.000,0.0796,1.852
839,9,75,2.536,0.000,0.0795,1.880
839,10,76,1.306,0.000,0.0569,1.839
840,0,67,2.011,0.000,0.0585,1.845
840,1,68,1.195,0.000,0.0710,1.891
840,2,69,2.083,0.000,0.0287,1.878
840,3,70,1.324,0.000,0.0507,1.858
840,4,71,2.224,0.000,0.0689,1.848
840,5,72,0.715,0.000,0.0786,1.850
840,6,73,1.229,0.000,0.0768,1.849
840,7,74,1.559,0.000,0.0796,1.852
840,8,75,1.270,0.000,0.0795,1.880
840,9,76,0.698,0.000,0.0569,1.839
841,0,68,1.791,0.000,0.0710,1.891
841,1,69,2.170,0.000,0.0287,1.878
841,2,70,1.688,0.000,0.0507,1.858
841,3,71,2.267,0.000,0.0689,1.848
841,4,72,1.106,0.000,0.0786,1.850
841,5,73,0.995,0.000,0.0768,1.849
841,6,74,0.949,0.000,0.0796,1.852
841,7,75,1.147,0.000,0.0795,1.880
841,8,76,2.574,0.000,0.0569,1.839
842,0,69,1.472,0.000,0.0287,1.878
842,1,70,0.865,0.000,0.0507,1.858
842,2,71,0.482,0.000,0.0689,1.848
842,3,72,1.879,0.000,0.0786,1.850
842,4,73,1.094,0.000,0.0768,1.849
842,5,74,1.693,0.000,0.0796,1.852
842,6,75,2.024,0.000,0.0795,1.880
842,7,76,2.610,0.000,0.0569,1.839
843,0,70,1.822,0.000,0.0507,1.858
843,1,71,1.794,0.000,0.0689,1.848
843,2,72,1.068,0.000,0.0786,1.850
843,3,73,1.254,0.000,0.0768,1.849
843,4,74,1.886,0.000,0.0796,1.852
843,5,75,1.269,0.000,0.0795,1.880
843,6,76,3.123,0.000,0.0569,1.839
844,0,71,1.832,0.000,0.0689,1.848
844,1,72,2.576,0.000,0.0786,1.850
844,2,73,2.334,0.000,0.0768,1.849
844,3,74,3.014,0.000,0.0796,1.852
844,4,75,3.146,0.000,0.0795,1.880
844,5,76,2.681,0.000,0.0569,1.839
845,0,72,2.089,0.000,0.0786,1.850
845,1,73,1.308,0.000,0.0768,1.849
845,2,74,1.284,0.000,0.0796,1.852
845,3,75,1.676,0.000,0.0795,1.880
845,4,76,1.261,0.000,0.0569,1.839
846,0,73,2.703,0.000,0.0768,1.849
846,1,74,1.228,0.000,0.0796,1.852
846,2,75,2.444,0.000,0.0795,1.880
846,3,76,2.579,0.000,0.0569,1.839
847,0,74,1.892,0.000,0.0796,1.852
847,1,75,0.842,0.000,0.0795,1.880
847,2,76,1.843,0.000,0.0569,1.839
848,0,75,1.045,0.000,0.0795,1.880
848,1,76,1.714,0.000,0.0569,1.839
849,0,76,3.447,0.000,0.0569,1.839
851,0,0,4.795,465.458,4.4702,46.546
851,1,1,2.873,896.294,3.8127,89.629
851,2,2,1.609,1.436,0.0904,0.144
851,3,3,1.824,0.002,0.0304,0.000
851,4,4,0.505,0.003,0.0304,0.000
851,5,5,1.061,0.001,0.0304,0.000
851,6,6,0.600,0.002,0.0304,0.000
851,7,7,0.948,0.003,0.0304,0.000
851,8,8,1.338,0.001,0.0304,0.000
851,9,9,1.842,0.002,0.0304,0.000
851,10,10,0.400,0.003,0.0304,0.000
851,11,11,2.934,3426.073,0.0304,0.000
851,12,12,3.507,0.000,0.0304,342.607
851,13,13,0.965,0.000,0.0304,162.445
851,14,14,1.325,0.000,5.7688,19.520
851,15,15,2.981,258.819,2.9774,0.118
852,0,1,7.254,896.294,3.8127,89.629
852,1,2,0.384,1.436,0.0904,0.144
852,2,3,0.787,0.002,0.0304,0.000
852,3,4,1.074,0.003,0.0304,0.000
852,4,5,0.801,0.001,0.0304,0.000
852,5,6,0.570,0.002,0.0304,0.000
852,6,7,0.707,0.003,0.0304,0.000
852,7,8,0.993,0.001,0.0304,0.000
852,8,9,0.370,0.002,0.0304,0.000
852,9,10,1.180,0.003,0.0304,0.000
852,10,11,2.463,3426.073,0.0304,0.000
852,11,12,1.355,0.000,0.0304,342.607
852,12,13,0.817,0.000,0.0304,162.445
852,13,14,0.354,0.000,5.7688,19.520
852,14,15,0.567,258.819,2.9774,0.118
852,15,16,1.067,0.000,0.0154,25.741
853,0,2,0.828,1.436,0.0904,0.144
853,1,3,0.789,0.002,0.0304,0.000
853,2,4,0.854,0.003,0.0304,0.000
853,3,5,0.611,0.001,0.0304,0.000
853,4,6,1.301,0.002,0.0304,0.000
853,5,7,0.207,0.003,0.0304,0.000
853,6,8,1.078,0.001,0.0304,0.000
853,7,9,1.100,0.002,0.0304,0.000
853,8,10,1.629,0.003,0.0304,0.000
853,9,11,0.514,3426.073,0.0304,0.000
853,10,12,2.480,0.000,0.0304,342.607
853,11,13,1.952,0.000,0.0304,162.445
853,12,14,0.792,0.000,5.7688,19.520
853,13,15,0.612,258.819,2.9774,0.118
853,14,16,1.919,0.000,0.0154,25.741
853,15,17,0.638,241.182,0.0153,2.779
854,0,3,0.437,0.002,0.0304,0.000
854,1,4,2.417,0.003,0.0304,0.000
854,2,5,0.481,0.001,0.0304,0.000
854,3,6,1.467,0.002,0.0304,0.000
854,4,7,0.995,0.003,0.0304,0.000
854,5,8,0.759,0.001,0.0304,0.000
854,6,9,1.659,0.002,0.0304,0.000
854,7,10,0.587,0.003,0.0304,0.000
854,8,11,1.154,3426.073,0.0304,0.000
854,9,12,0.362,0.000,0.0304,342.607
854,10,13,0.713,0.000,0.0304,162.445
854,11,14,0.994,0.000,5.7688,19.520
854,12,15,0.514,258.819,2.9774,0.118
854,13,16,0.932,0.000,0.0154,25.741
854,14,17,1.234,241.182,0.0153,2.779
854,15,18,2.776,0.000,0.0147,23.344
855,0,4,1.047,0.003,0.0304,0.000
855,1,5,0.781,0.001,0.0304,0.000
855,2,6,0.595,0.002,0.0304,0.000
855,3,7,1.103,0.003,0.0304,0.000
855,4,8,0.680,0.001,0.0304,0.000
855,5,9,0.707,0.002,0.0304,0.000
855,6,10,1.880,0.003,0.0304,0.000
855,7,11,1.153,3426.073,0.0304,0.000
855,8,12,0.614,0.000,0.0304,342.607
855,9,13,0.832,0.000,0.0304,162.445
855,10,14,0.643,0.000,5.7688,19.520
855,11,15,0.537,258.819,2.9774,0.118
855,12,16,0.207,0.000,0.0154,25.741
855,13,17,1.099,241.182,0.0153,2.779
855,14,18,1.091,0.000,0.0147,23.344
855,15,19,0.798,207.106,0.0147,3.566
856,0,5,0.607,0.001,0.0304,0.000
856,1,6,0.552,0.002,0.0304,0.000
856,2,7,0.888,0.003,0.0304,0.000
856,3,8,0.727,0.001,0.0304,0.000
856,4,9,0.808,0.002,0.0304,0.000
856,5,10,1.170,0.003,0.0304,0.000
856,6,11,2.858,3426.073,0.0304,0.000
856,7,12,0.678,0.000,0.0304,342.607
856,8,13,1.228,0.000,0.0304,162.445
856,9,14,0.504,0.000,5.7688,19.520
856,10,15,0.374,258.819,2.9774,0.118
856,11,16,0.742,0.000,0.0154,25.741
856,12,17,0.354,241.182,0.0153,2.779
856,13,18,0.285,0.000,0.0147,23.344
856,14,19,0.390,207.106,0.0147,3.566
856,15,20,0.625,158.919,0.0140,19.788
857,0,6,1.543,0.002,0.0304,0.000
857,1,7,1.039,0.003,0.0304,0.000
857,2,8,1.607,0.001,0.0304,0.000
857,3,9,1.301,0.002,0.0304,0.000
857,4,10,342.599,0.003,0.0304,0.000
857,5,11,341.812,3426.073,0.0304,0.000
857,6,12,0.377,0.000,0.0304,342.607
857,7,13,1.099,0.000,0.0304,162.445
857,8,14,26.133,0.000,5.7688,19.520
857,9,15,26.127,258.819,2.9774,0.118
857,10,16,23.552,0.000,0.0154,25.741
857,11,17,24.452,241.182,0.0153,2.779
857,12,18,19.857,0.000,0.0147,23.344
857,13,19,35.165,207.106,0.0147,3.566
857,14,20,26.144,158.919,0.0140,19.788
857,15,21,13.536,99.900,0.0140,15.085
858,0,7,0.526,0.003,0.0304,0.000
858,1,8,0.599,0.001,0.0304,0.000
858,2,9,0.114,0.002,0.0304,0.000
858,3,10,1.096,0.003,0.0304,0.000
858,4,11,342.350,3426.073,0.0304,0.000
858,5,12,0.929,0.000,0.0304,342.607
858,6,13,0.460,0.000,0.0304,162.445
858,7,14,0.398,0.000,5.7688,19.520
858,8,15,25.757,258.819,2.9774,0.118
858,9,16,0.735,0.000,0.0154,25.741
858,10,17,23.658,241.182,0.0153,2.779
858,11,18,0.414,0.000,0.0147,23.344
858,12,19,20.599,207.106,0.0147,3.566
858,13,20,16.055,158.919,0.0140,19.788
858,14,21,11.473,99.900,0.0140,15.085
858,15,22,3.426,34.075,0.0132,9.468
859,0,8,0.600,0.001,0.0304,0.000
859,1,9,2.427,0.002,0.0304,0.000
859,2,10,1.960,0.003,0.0304,0.000
859,3,11,342.881,3426.073,0.0304,0.000
859,4,12,0.353,0.000,0.0304,342.607
859,5,13,0.144,0.000,0.0304,162.445
859,6,14,0.564,0.000,5.7688,19.520
859,7,15,25.782,258.819,2.9774,0.118
859,8,16,0.555,0.000,0.0154,25.741
859,9,17,24.245,241.182,0.0153,2.779
859,10,18,0.596,0.000,0.0147,23.344
859,11,19,20.980,207.106,0.0147,3.566
859,12,20,15.849,158.919,0.0140,19.788
859,13,21,10.183,99.900,0.0140,15.085
859,14,22,2.897,34.075,0.0132,9.468
859,15,23,0.236,0.000,0.0126,3.199
860,0,9,0.938,0.002,0.0304,0.000
860,1,10,1.541,0.003,0.0304,0.000
860,2,11,0.623,3426.073,0.0304,0.000
860,3,12,0.538,0.000,0.0304,342.607
860,4,13,1.181,0.000,0.0304,162.445
860,5,14,0.694,0.000,5.7688,19.520
860,6,15,0.492,258.819,2.9774,0.118
860,7,16,0.299,0.000,0.0154,25.741
860,8,17,0.619,241.182,0.0153,2.779
860,9,18,0.474,0.000,0.0147,23.344
860,10,19,0.471,207.106,0.0147,3.566
860,11,20,0.421,158.919,0.0140,19.788
860,12,21,0.581,99.900,0.0140,15.085
860,13,22,0.558,34.075,0.0132,9.468
860,14,23,1.232,0.000,0.0126,3.199
860,15,24,0.807,0.000,0.0122,3.418
861,0,10,1.166,0.003,0.0304,0.000
861,1,11,0.968,3426.073,0.0304,0.000
861,2,12,1.306,0.000,0.0304,342.607
861,3,13,1.111,0.000,0.0304,162.445
861,4,14,0.755,0.000,5.7688,19.520
861,5,15,2.318,258.819,2.9774,0.118
861,6,16,0.805,0.000,0.0154,25.741
861,7,17,0.287,241.182,0.0153,2.779
861,8,18,0.776,0.000,0.0147,23.344
861,9,19,0.487,207.106,0.0147,3.566
861,10,20,1.069,158.919,0.0140,19.788
861,11,21,0.540,99.900,0.0140,15.085
861,12,22,0.795,34.075,0.0132,9.468
861,13,23,0.792,0.000,0.0126,3.199
861,14,24,0.366,0.000,0.0122,3.418
861,15,25,0.648,0.000,0.1945,3.387
862,0,11,3.432,3426.073,0.0304,0.000
862,1,12,344.108,0.000,0.0304,342.607
862,2,13,2.016,0.000,0.0304,162.445
862,3,14,0.627,0.000,5.7688,19.520
862,4,15,1.177,258.819,2.9774,0.118
862,5,16,26.337,0.000,0.0154,25.741
862,6,17,1.240,241.182,0.0153,2.779
862,7,18,24.289,0.000,0.0147,23.344
862,8,19,1.005,207.106,0.0147,3.566
862,9,20,21.928,158.919,0.0140,19.788
862,10,21,15.823,99.900,0.0140,15.085
862,11,22,9.939,34.075,0.0132,9.468
862,12,23,3.758,0.000,0.0126,3.199
862,13,24,0.691,0.000,0.0122,3.418
862,14,25,1.113,0.000,0.1945,3.387
862,15,26,1.192,0.000,0.1918,3.388
863,0,12,341.509,0.000,0.0304,342.607
863,1,13,1.204,0.000,0.0304,162.445
863,2,14,1.243,0.000,5.7688,19.520
863,3,15,0.626,258.819,2.9774,0.118
863,4,16,24.788,0.000,0.0154,25.741
863,5,17,0.295,241.182,0.0153,2.779
863,6,18,24.389,0.000,0.0147,23.344
863,7,19,0.296,207.106,0.0147,3.566
863,8,20,20.987,158.919,0.0140,19.788
863,9,21,15.950,99.900,0.0140,15.085
863,10,22,10.894,34.075,0.0132,9.468
863,11,23,3.772,0.000,0.0126,3.199
863,12,24,1.886,0.000,0.0122,3.418
863,13,25,1.362,0.000,0.1945,3.387
863,14,26,1.395,0.000,0.1918,3.388
863,15,27,0.986,0.000,0.1929,3.388
864,0,13,2.163,0.000,0.0304,162.445
864,1,14,0.717,0.000,5.7688,19.520
864,2,15,0.591,258.819,2.9774,0.118
864,3,16,25.616,0.000,0.0154,25.741
864,4,17,0.410,241.182,0.0153,2.779
864,5,18,24.222,0.000,0.0147,23.344
864,6,19,0.786,207.106,0.0147,3.566
864,7,20,20.779,158.919,0.0140,19.788
864,8,21,15.941,99.900,0.0140,15.085
864,9,22,9.805,34.075,0.0132,9.468
864,10,23,3.390,0.000,0.0126,3.199
864,11,24,0.597,0.000,0.0122,3.418
864,12,25,0.593,0.000,0.1945,3.387
864,13,26,0.707,0.000,0.1918,3.388
864,14,27,0.105,0.000,0.1929,3.388
864,15,28,0.574,0.000,0.1932,3.388
865,0,14,0.464,0.000,5.7688,19.520
865,1,15,0.555,258.819,2.9774,0.118
865,2,16,0.541,0.000,0.0154,25.741
865,3,17,0.602,241.182,0.0153,2.779
865,4,18,0.227,0.000,0.0147,23.344
865,5,19,0.402,207.106,0.0147,3.566
865,6,20,0.697,158.919,0.0140,19.788
865,7,21,0.530,99.900,0.0140,15.085
865,8,22,0.492,34.075,0.0132,9.468
865,9,23,0.222,0.000,0.0126,3.199
865,10,24,0.782,0.000,0.0122,3.418
865,11,25,0.435,0.000,0.1945,3.387
865,12,26,0.221,0.000,0.1918,3.388
865,13,27,0.496,0.000,0.1929,3.388
865,14,28,0.277,0.000,0.1932,3.388
865,15,29,0.446,0.000,0.1928,3.388
866,0,15,0.336,258.819,2.9774,0.118
866,1,16,1.422,0.000,0.0154,25.741
866,2,17,0.360,241.182,0.0153,2.779
866,3,18,0.568,0.000,0.0147,23.344
866,4,19,1.060,207.106,0.0147,3.566
866,5,20,0.433,158.919,0.0140,19.788
866,6,21,0.883,99.900,0.0140,15.085
866,7,22,1.379,34.075,0.0132,9.468
866,8,23,0.212,0.000,0.0126,3.199
866,9,24,0.615,0.000,0.0122,3.418
866,10,25,0.299,0.000,0.1945,3.387
866,11,26,0.703,0.000,0.1918,3.388
866,12,27,0.512,0.000,0.1929,3.388
866,13,28,1.044,0.000,0.1932,3.388
866,14,29,1.444,0.000,0.1928,3.388
866,15,30,0.775,0.000,0.1916,3.388
867,0,16,1.609,0.000,0.0154,25.741
867,1,17,2.272,241.182,0.0153,2.779
867,2,18,2.712,0.000,0.0147,23.344
867,3,19,1.857,207.106,0.0147,3.566
867,4,20,1.926,158.919,0.0140,19.788
867,5,21,0.570,99.900,0.0140,15.085
867,6,22,1.096,34.075,0.0132,9.468
867,7,23,3.562,0.000,0.0126,3.199
867,8,24,0.830,0.000,0.0122,3.418
867,9,25,0.304,0.000,0.1945,3.387
867,10,26,0.898,0.000,0.1918,3.388
867,11,27,2.569,0.000,0.1929,3.388
867,12,28,3.248,0.000,0.1932,3.388
867,13,29,2.174,0.000,0.1928,3.388
867,14,30,1.695,0.000,0.1916,3.388
867,15,31,1.579,0.000,0.1922,3.388
868,0,17,0.171,241.182,0.0153,2.779
868,1,18,0.345,0.000,0.0147,23.344
868,2,19,0.246,207.106,0.0147,3.566
868,3,20,0.307,158.919,0.0140,19.788
868,4,21,0.237,99.900,0.0140,15.085
868,5,22,0.678,34.075,0.0132,9.468
868,6,23,0.383,0.000,0.0126,3.199
868,7,24,0.280,0.000,0.0122,3.418
868,8,25,0.445,0.000,0.1945,3.387
868,9,26,0.470,0.000,0.1918,3.388
868,10,27,0.166,0.000,0.1929,3.388
868,11,28,1.340,0.000,0.1932,3.388
868,12,29,1.011,0.000,0.1928,3.388
868,13,30,0.194,0.000,0.1916,3.388
868,14,31,0.456,0.000,0.1922,3.388
868,15,32,0.536,0.000,0.1922,3.387
869,0,18,0.683,0.000,0.0147,23.344
869,1,19,1.866,207.106,0.0147,3.566
869,2,20,1.307,158.919,0.0140,19.788
869,3,21,2.012,99.900,0.0140,15.085
869,4,22,0.283,34.075,0.0132,9.468
869,5,23,1.493,0.000,0.0126,3.199
869,6,24,0.356,0.000,0.0122,3.418
869,7,25,1.367,0.000,0.1945,3.387
869,8,26,1.271,0.000,0.1918,3.388
869,9,27,0.242,0.000,0.1929,3.388
869,10,28,0.285,0.000,0.1932,3.388
869,11,29,0.735,0.000,0.1928,3.388
869,12,30,0.882,0.000,0.1916,3.388
869,13,31,1.257,0.000,0.1922,3.388
869,14,32,3.666,0.000,0.1922,3.387
869,15,33,1.068,0.000,0.1913,3.387
870,0,19,1.710,207.106,0.0147,3.566
870,1,20,1.756,158.919,0.0140,19.788
870,2,21,0.651,99.900,0.0140,15.085
870,3,22,0.658,34.075,0.0132,9.468
870,4,23,0.743,0.000,0.0126,3.199
870,5,24,0.358,0.000,0.0122,3.418
870,6,25,0.525,0.000,0.1945,3.387
870,7,26,0.790,0.000,0.1918,3.388
870,8,27,1.396,0.000,0.1929,3.388
870,9,28,1.080,0.000,0.1932,3.388
870,10,29,0.635,0.000,0.1928,3.388
870,11,30,0.718,0.000,0.1916,3.388
870,12,31,0.673,0.000,0.1922,3.388
870,13,32,0.485,0.000,0.1922,3.387
870,14,33,0.663,0.000,0.1913,3.387
870,15,34,1.120,1000.000,0.1912,3.387
871,0,20,2.269,158.919,0.0140,19.788
871,1,21,1.379,99.900,0.0140,15.085
871,2,22,0.472,34.075,0.0132,9.468
871,3,23,1.131,0.000,0.0126,3.199
871,4,24,1.471,0.000,0.0122,3.418
871,5,25,0.734,0.000,0.1945,3.387
871,6,26,0.764,0.000,0.1918,3.388
871,7,27,0.336,0.000,0.1929,3.388
871,8,28,0.555,0.000,0.1932,3.388
871,9,29,1.065,0.000,0.1928,3.388
871,10,30,1.387,0.000,0.1916,3.388
871,11,31,0.866,0.000,0.1922,3.388
871,12,32,0.999,0.000,0.1922,3.387
871,13,33,0.402,0.000,0.1913,3.387
871,14,34,0.350,1000.000,0.1912,3.387
871,15,35,0.812,0.000,0.1924,14.043
872,0,21,0.548,99.900,0.0140,15.085
872,1,22,0.895,34.075,0.0132,9.468
872,2,23,0.752,0.000,0.0126,3.199
872,3,24,0.236,0.000,0.0122,3.418
872,4,25,0.915,0.000,0.1945,3.387
872,5,26,1.528,0.000,0.1918,3.388
872,6,27,0.944,0.000,0.1929,3.388
872,7,28,0.958,0.000,0.1932,3.388
872,8,29,1.043,0.000,0.1928,3.388
872,9,30,0.711,0.000,0.1916,3.388
872,10,31,0.834,0.000,0.1922,3.388
872,11,32,1.088,0.000,0.1922,3.387
872,12,33,0.751,0.000,0.1913,3.387
872,13,34,0.671,1000.000,0.1912,3.387
872,14,35,1.192,0.000,0.1924,14.043
872,15,36,1.645,1028.265,1.1917,1.432
873,0,22,0.317,34.075,0.0132,9.468
873,1,23,0.457,0.000,0.0126,3.199
873,2,24,0.907,0.000,0.0122,3.418
873,3,25,0.482,0.000,0.1945,3.387
873,4,26,1.234,0.000,0.1918,3.388
873,5,27,0.511,0.000,0.1929,3.388
873,6,28,0.527,0.000,0.1932,3.388
873,7,29,0.744,0.000,0.1928,3.388
873,8,30,0.628,0.000,0.1916,3.388
873,9,31,0.516,0.000,0.1922,3.388
873,10,32,0.686,0.000,0.1922,3.387
873,11,33,0.554,0.000,0.1913,3.387
873,12,34,0.948,1000.000,0.1912,3.387
873,13,35,1.966,0.000,0.1924,14.043
873,14,36,0.665,1028.265,1.1917,1.432
873,15,37,1.765,0.000,0.1487,122.796
874,0,23,0.721,0.000,0.0126,3.199
874,1,24,0.319,0.000,0.0122,3.418
874,2,25,0.738,0.000,0.1945,3.387
874,3,26,0.713,0.000,0.1918,3.388
874,4,27,0.520,0.000,0.1929,3.388
874,5,28,0.498,0.000,0.1932,3.388
874,6,29,1.604,0.000,0.1928,3.388
874,7,30,0.370,0.000,0.1916,3.388
874,8,31,0.208,0.000,0.1922,3.388
874,9,32,0.919,0.000,0.1922,3.387
874,10,33,0.556,0.000,0.1913,3.387
874,11,34,0.359,1000.000,0.1912,3.387
874,12,35,0.792,0.000,0.1924,14.043
874,13,36,1.202,1028.265,1.1917,1.432
874,14,37,0.434,0.000,0.1487,122.796
874,15,38,0.628,0.000,4.4536,48.073
875,0,24,0.318,0.000,0.0122,3.418
875,1,25,0.358,0.000,0.1945,3.387
875,2,26,0.370,0.000,0.1918,3.388
875,3,27,0.390,0.000,0.1929,3.388
875,4,28,0.647,0.000,0.1932,3.388
875,5,29,0.075,0.000,0.1928,3.388
875,6,30,0.779,0.000,0.1916,3.388
875,7,31,0.967,0.000,0.1922,3.388
875,8,32,0.465,0.000,0.1922,3.387
875,9,33,0.213,0.000,0.1913,3.387
875,10,34,0.669,1000.000,0.1912,3.387
875,11,35,0.103,0.000,0.1924,14.043
875,12,36,2.117,1028.265,1.1917,1.432
875,13,37,0.782,0.000,0.1487,122.796
875,14,38,0.521,0.000,4.4536,48.073
875,15,39,0.973,0.000,2.5393,17.309
876,0,25,0.496,0.000,0.1945,3.387
876,1,26,0.887,0.000,0.1918,3.388
876,2,27,0.756,0.000,0.1929,3.388
876,3,28,0.715,0.000,0.1932,3.388
876,4,29,0.735,0.000,0.1928,3.388
876,5,30,0.502,0.000,0.1916,3.388
876,6,31,0.198,0.000,0.1922,3.388
876,7,32,0.706,0.000,0.1922,3.387
876,8,33,0.402,0.000,0.1913,3.387
876,9,34,0.533,1000.000,0.1912,3.387
876,10,35,0.515,0.000,0.1924,14.043
876,11,36,3.166,1028.265,1.1917,1.432
876,12,37,0.883,0.000,0.1487,122.796
876,13,38,1.130,0.000,4.4536,48.073
876,14,39,0.824,0.000,2.5393,17.309
876,15,40,0.783,0.000,0.8831,6.344
877,0,26,3.788,0.000,0.1918,3.388
877,1,27,1.722,0.000,0.1929,3.388
877,2,28,1.751,0.000,0.1932,3.388
877,3,29,1.108,0.000,0.1928,3.388
877,4,30,0.301,0.000,0.1916,3.388
877,5,31,2.225,0.000,0.1922,3.388
877,6,32,1.338,0.000,0.1922,3.387
877,7,33,2.450,0.000,0.1913,3.387
877,8,34,3.714,1000.000,0.1912,3.387
877,9,35,3.812,0.000,0.1924,14.043
877,10,36,2.152,1028.265,1.1917,1.432
877,11,37,1.142,0.000,0.1487,122.796
877,12,38,1.789,0.000,4.4536,48.073
877,13,39,1.552,0.000,2.5393,17.309
877,14,40,1.349,0.000,0.8831,6.344
877,15,41,1.343,0.000,0.9673,1.190
878,0,27,1.433,0.000,0.1929,3.388
878,1,28,1.016,0.000,0.1932,3.388
878,2,29,1.225,0.000,0.1928,3.388
878,3,30,1.094,0.000,0.1916,3.388
878,4,31,0.983,0.000,0.1922,3.388
878,5,32,2.983,0.000,0.1922,3.387
878,6,33,10.344,0.000,0.1913,3.387
878,7,34,26.279,1000.000,0.1912,3.387
878,8,35,8.768,0.000,0.1924,14.043
878,9,36,25.513,1028.265,1.1917,1.432
878,10,37,5.538,0.000,0.1487,122.796
878,11,38,3.035,0.000,4.4536,48.073
878,12,39,2.596,0.000,2.5393,17.309
878,13,40,2.380,0.000,0.8831,6.344
878,14,41,2.638,0.000,0.9673,1.190
878,15,42,2.247,0.000,0.1270,1.187
879,0,28,0.685,0.000,0.1932,3.388
879,1,29,0.730,0.000,0.1928,3.388
879,2,30,0.410,0.000,0.1916,3.388
879,3,31,0.873,0.000,0.1922,3.388
879,4,32,0.501,0.000,0.1922,3.387
879,5,33,0.467,0.000,0.1913,3.387
879,6,34,1.424,1000.000,0.1912,3.387
879,7,35,0.814,0.000,0.1924,14.043
879,8,36,0.551,1028.265,1.1917,1.432
879,9,37,0.363,0.000,0.1487,122.796
879,10,38,1.246,0.000,4.4536,48.073
879,11,39,0.355,0.000,2.5393,17.309
879,12,40,0.711,0.000,0.8831,6.344
879,13,41,0.488,0.000,0.9673,1.190
879,14,42,0.873,0.000,0.1270,1.187
879,15,43,1.074,0.000,0.1256,1.188
880,0,29,0.555,0.000,0.1928,3.388
880,1,30,0.695,0.000,0.1916,3.388
880,2,31,0.859,0.000,0.1922,3.388
880,3,32,0.177,0.000,0.1922,3.387
880,4,33,1.054,0.000,0.1913,3.387
880,5,34,90.715,1000.000,0.1912,3.387
880,6,35,3.204,0.000,0.1924,14.043
880,7,36,94.450,1028.265,1.1917,1.432
880,8,37,2.701,0.000,0.1487,122.796
880,9,38,2.145,0.000,4.4536,48.073
880,10,39,1.776,0.000,2.5393,17.309
880,11,40,1.260,0.000,0.8831,6.344
880,12,41,1.475,0.000,0.9673,1.190
880,13,42,0.683,0.000,0.1270,1.187
880,14,43,1.475,0.000,0.1256,1.188
880,15,44,0.971,0.000,0.1259,1.188
881,0,30,0.674,0.000,0.1916,3.388
881,1,31,0.887,0.000,0.1922,3.388
881,2,32,0.873,0.000,0.1922,3.387
881,3,33,0.874,0.000,0.1913,3.387
881,4,34,98.123,1000.000,0.1912,3.387
881,5,35,1.562,0.000,0.1924,14.043
881,6,36,101.017,1028.265,1.1917,1.432
881,7,37,1.129,0.000,0.1487,122.796
881,8,38,0.664,0.000,4.4536,48.073
881,9,39,0.592,0.000,2.5393,17.309
881,10,40,0.957,0.000,0.8831,6.344
881,11,41,1.213,0.000,0.9673,1.190
881,12,42,1.004,0.000,0.1270,1.187
881,13,43,0.804,0.000,0.1256,1.188
881,14,44,0.602,0.000,0.1259,1.188
881,15,45,0.855,0.000,0.1253,1.188
882,0,31,1.901,0.000,0.1922,3.388
882,1,32,0.657,0.000,0.1922,3.387
882,2,33,0.819,0.000,0.1913,3.387
882,3,34,0.696,1000.000,0.1912,3.387
882,4,35,1.919,0.000,0.1924,14.043
882,5,36,2.066,1028.265,1.1917,1.432
882,6,37,4.392,0.000,0.1487,122.796
882,7,38,1.306,0.000,4.4536,48.073
882,8,39,0.577,0.000,2.5393,17.309
882,9,40,0.750,0.000,0.8831,6.344
882,10,41,0.732,0.000,0.9673,1.190
882,11,42,1.339,0.000,0.1270,1.187
882,12,43,1.295,0.000,0.1256,1.188
882,13,44,1.488,0.000,0.1259,1.188
882,14,45,1.100,0.000,0.1253,1.188
882,15,46,0.682,0.000,0.1245,1.188
883,0,32,0.750,0.000,0.1922,3.387
883,1,33,0.777,0.000,0.1913,3.387
883,2,34,1.160,1000.000,0.1912,3.387
883,3,35,0.704,0.000,0.1924,14.043
883,4,36,2.329,1028.265,1.1917,1.432
883,5,37,0.908,0.000,0.1487,122.796
883,6,38,0.238,0.000,4.4536,48.073
883,7,39,0.633,0.000,2.5393,17.309
883,8,40,0.403,0.000,0.8831,6.344
883,9,41,0.382,0.000,0.9673,1.190
883,10,42,0.513,0.000,0.1270,1.187
883,11,43,0.144,0.000,0.1256,1.188
883,12,44,0.438,0.000,0.1259,1.188
883,13,45,0.326,0.000,0.1253,1.188
883,14,46,0.948,0.000,0.1245,1.188
883,15,47,0.466,0.000,0.1246,1.188
884,0,33,0.811,0.000,0.1913,3.387
884,1,34,0.683,1000.000,0.1912,3.387
884,2,35,0.911,0.000,0.1924,14.043
884,3,36,1.972,1028.265,1.1917,1.432
884,4,37,0.642,0.000,0.1487,122.796
884,5,38,0.635,0.000,4.4536,48.073
884,6,39,0.579,0.000,2.5393,17.309
884,7,40,0.439,0.000,0.8831,6.344
884,8,41,0.467,0.000,0.9673,1.190
884,9,42,0.592,0.000,0.1270,1.187
884,10,43,0.739,0.000,0.1256,1.188
884,11,44,0.323,0.000,0.1259,1.188
884,12,45,0.247,0.000,0.1253,1.188
884,13,46,0.618,0.000,0.1245,1.188
884,14,47,0.375,0.000,0.1246,1.188
884,15,48,0.502,0.000,0.1244,1.188
885,0,34,1.163,1000.000,0.1912,3.387
885,1,35,0.505,0.000,0.1924,14.043
885,2,36,1.736,1028.265,1.1917,1.432
885,3,37,0.672,0.000,0.1487,122.796
885,4,38,1.162,0.000,4.4536,48.073
885,5,39,0.784,0.000,2.5393,17.309
885,6,40,0.479,0.000,0.8831,6.344
885,7,41,0.630,0.000,0.9673,1.190
885,8,42,1.882,0.000,0.1270,1.187
885,9,43,0.881,0.000,0.1256,1.188
885,10,44,0.248,0.000,0.1259,1.188
885,11,45,0.691,0.000,0.1253,1.188
885,12,46,0.451,0.000,0.1245,1.188
885,13,47,0.492,0.000,0.1246,1.188
885,14,48,0.533,0.000,0.1244,1.188
885,15,49,0.358,0.000,0.1243,1.188
886,0,35,3.612,0.000,0.1924,14.043
886,1,36,5.422,1028.265,1.1917,1.432
886,2,37,1.535,0.000,0.1487,122.796
886,3,38,0.415,0.000,4.4536,48.073
886,4,39,0.977,0.000,2.5393,17.309
886,5,40,0.874,0.000,0.8831,6.344
886,6,41,0.531,0.000,0.9673,1.190
886,7,42,0.745,0.000,0.1270,1.187
886,8,43,1.075,0.000,0.1256,1.188
886,9,44,1.024,0.000,0.1259,1.188
886,10,45,0.970,0.000,0.1253,1.188
886,11,46,0.637,0.000,0.1245,1.188
886,12,47,1.866,0.000,0.1246,1.188
886,13,48,1.669,0.000,0.1244,1.188
886,14,49,1.712,0.000,0.1243,1.188
886,15,50,1.482,0.000,0.1237,1.187
887,0,36,2.337,1028.265,1.1917,1.432
887,1,37,6.972,0.000,0.1487,122.796
887,2,38,1.656,0.000,4.4536,48.073
887,3,39,4.932,0.000,2.5393,17.309
887,4,40,0.564,0.000,0.8831,6.344
887,5,41,0.925,0.000,0.9673,1.190
887,6,42,0.615,0.000,0.1270,1.187
887,7,43,1.370,0.000,0.1256,1.188
887,8,44,1.151,0.000,0.1259,1.188
887,9,45,4.014,0.000,0.1253,1.188
887,10,46,1.536,0.000,0.1245,1.188
887,11,47,1.935,0.000,0.1246,1.188
887,12,48,4.398,0.000,0.1244,1.188
887,13,49,1.453,0.000,0.1243,1.188
887,14,50,7.733,0.000,0.1237,1.187
887,15,51,3.042,258.820,0.1231,1.187
888,0,37,1.668,0.000,0.1487,122.796
888,1,38,1.302,0.000,4.4536,48.073
888,2,39,0.604,0.000,2.5393,17.309
888,3,40,0.280,0.000,0.8831,6.344
888,4,41,0.455,0.000,0.9673,1.190
888,5,42,0.403,0.000,0.1270,1.187
888,6,43,1.205,0.000,0.1256,1.188
888,7,44,0.690,0.000,0.1259,1.188
888,8,45,0.711,0.000,0.1253,1.188
888,9,46,0.379,0.000,0.1245,1.188
888,10,47,0.112,0.000,0.1246,1.188
888,11,48,0.904,0.000,0.1244,1.188
888,12,49,0.501,0.000,0.1243,1.188
888,13,50,2.141,0.000,0.1237,1.187
888,14,51,3.627,258.820,0.1231,1.187
888,15,52,15.833,0.000,0.1230,25.779
889,0,38,1.010,0.000,4.4536,48.073
889,1,39,0.850,0.000,2.5393,17.309
889,2,40,0.949,0.000,0.8831,6.344
889,3,41,0.311,0.000,0.9673,1.190
889,4,42,0.591,0.000,0.1270,1.187
889,5,43,0.316,0.000,0.1256,1.188
889,6,44,0.291,0.000,0.1259,1.188
889,7,45,0.696,0.000,0.1253,1.188
889,8,46,0.810,0.000,0.1245,1.188
889,9,47,0.287,0.000,0.1246,1.188
889,10,48,0.600,0.000,0.1244,1.188
889,11,49,0.787,0.000,0.1243,1.188
889,12,50,1.581,0.000,0.1237,1.187
889,13,51,0.648,258.820,0.1231,1.187
889,14,52,5.262,0.000,0.1230,25.779
889,15,53,0.152,241.181,0.1226,4.695
890,0,39,1.084,0.000,2.5393,17.309
890,1,40,0.932,0.000,0.8831,6.344
890,2,41,0.412,0.000,0.9673,1.190
890,3,42,0.049,0.000,0.1270,1.187
890,4,43,0.469,0.000,0.1256,1.188
890,5,44,0.261,0.000,0.1259,1.188
890,6,45,0.349,0.000,0.1253,1.188
890,7,46,0.293,0.000,0.1245,1.188
890,8,47,0.543,0.000,0.1246,1.188
890,9,48,0.587,0.000,0.1244,1.188
890,10,49,0.725,0.000,0.1243,1.188
890,11,50,0.441,0.000,0.1237,1.187
890,12,51,1.459,258.820,0.1231,1.187
890,13,52,2.039,0.000,0.1230,25.779
890,14,53,0.993,241.181,0.1226,4.695
890,15,54,1.333,0.000,0.1294,23.202
891,0,40,0.940,0.000,0.8831,6.344
891,1,41,1.030,0.000,0.9673,1.190
891,2,42,0.687,0.000,0.1270,1.187
891,3,43,0.515,0.000,0.1256,1.188
891,4,44,0.461,0.000,0.1259,1.188
891,5,45,0.321,0.000,0.1253,1.188
891,6,46,0.635,0.000,0.1245,1.188
891,7,47,1.263,0.000,0.1246,1.188
891,8,48,1.210,0.000,0.1244,1.188
891,9,49,0.954,0.000,0.1243,1.188
891,10,50,1.367,0.000,0.1237,1.187
891,11,51,2.443,258.820,0.1231,1.187
891,12,52,1.008,0.000,0.1230,25.779
891,13,53,0.986,241.181,0.1226,4.695
891,14,54,2.631,0.000,0.1294,23.202
891,15,55,1.547,207.107,0.1287,4.982
892,0,41,1.685,0.000,0.9673,1.190
892,1,42,0.779,0.000,0.1270,1.187
892,2,43,0.478,0.000,0.1256,1.188
892,3,44,0.356,0.000,0.1259,1.188
892,4,45,0.919,0.000,0.1253,1.188
892,5,46,1.621,0.000,0.1245,1.188
892,6,47,0.345,0.000,0.1246,1.188
892,7,48,0.840,0.000,0.1244,1.188
892,8,49,1.040,0.000,0.1243,1.188
892,9,50,1.302,0.000,0.1237,1.187
892,10,51,0.605,258.820,0.1231,1.187
892,11,52,0.848,0.000,0.1230,25.779
892,12,53,2.351,241.181,0.1226,4.695
892,13,54,1.055,0.000,0.1294,23.202
892,14,55,2.064,207.107,0.1287,4.982
892,15,56,1.511,0.000,0.1379,19.500
893,0,42,0.317,0.000,0.1270,1.187
893,1,43,2.068,0.000,0.1256,1.188
893,2,44,0.951,0.000,0.1259,1.188
893,3,45,0.301,0.000,0.1253,1.188
893,4,46,0.711,0.000,0.1245,1.188
893,5,47,0.907,0.000,0.1246,1.188
893,6,48,0.258,0.000,0.1244,1.188
893,7,49,0.236,0.000,0.1243,1.188
893,8,50,0.424,0.000,0.1237,1.187
893,9,51,1.086,258.820,0.1231,1.187
893,10,52,1.402,0.000,0.1230,25.779
893,11,53,1.024,241.181,0.1226,4.695
893,12,54,1.405,0.000,0.1294,23.202
893,13,55,0.822,207.107,0.1287,4.982
893,14,56,0.690,0.000,0.1379,19.500
893,15,57,2.799,158.918,0.1367,4.068
894,0,43,0.723,0.000,0.1256,1.188
894,1,44,2.540,0.000,0.1259,1.188
894,2,45,0.499,0.000,0.1253,1.188
894,3,46,0.961,0.000,0.1245,1.188
894,4,47,0.629,0.000,0.1246,1.188
894,5,48,0.434,0.000,0.1244,1.188
894,6,49,1.533,0.000,0.1243,1.188
894,7,50,1.064,0.000,0.1237,1.187
894,8,51,1.135,258.820,0.1231,1.187
894,9,52,1.066,0.000,0.1230,25.779
894,10,53,1.368,241.181,0.1226,4.695
894,11,54,1.466,0.000,0.1294,23.202
894,12,55,2.082,207.107,0.1287,4.982
894,13,56,1.132,0.000,0.1379,19.500
894,14,57,2.099,158.918,0.1367,4.068
894,15,58,0.737,99.901,0.1444,14.815
895,0,44,0.133,0.000,0.1259,1.188
895,1,45,0.643,0.000,0.1253,1.188
895,2,46,0.466,0.000,0.1245,1.188
895,3,47,0.263,0.000,0.1246,1.188
895,4,48,0.556,0.000,0.1244,1.188
895,5,49,0.307,0.000,0.1243,1.188
895,6,50,0.742,0.000,0.1237,1.187
895,7,51,1.019,258.820,0.1231,1.187
895,8,52,0.759,0.000,0.1230,25.779
895,9,53,0.776,241.181,0.1226,4.695
895,10,54,0.656,0.000,0.1294,23.202
895,11,55,1.145,207.107,0.1287,4.982
895,12,56,0.396,0.000,0.1379,19.500
895,13,57,0.694,158.918,0.1367,4.068
895,14,58,1.273,99.901,0.1444,14.815
895,15,59,0.574,34.074,0.1442,9.336
896,0,45,0.451,0.000,0.1253,1.188
896,1,46,1.245,0.000,0.1245,1.188
896,2,47,0.892,0.000,0.1246,1.188
896,3,48,1.651,0.000,0.1244,1.188
896,4,49,1.416,0.000,0.1243,1.188
896,5,50,0.776,0.000,0.1237,1.187
896,6,51,2.058,258.820,0.1231,1.187
896,7,52,9.524,0.000,0.1230,25.779
896,8,53,2.718,241.181,0.1226,4.695
896,9,54,7.223,0.000,0.1294,23.202
896,10,55,2.468,207.107,0.1287,4.982
896,11,56,5.797,0.000,0.1379,19.500
896,12,57,1.339,158.918,0.1367,4.068
896,13,58,3.859,99.901,0.1444,14.815
896,14,59,3.876,34.074,0.1442,9.336
896,15,60,6.717,0.000,0.1507,3.803
897,0,46,1.693,0.000,0.1245,1.188
897,1,47,1.189,0.000,0.1246,1.188
897,2,48,1.103,0.000,0.1244,1.188
897,3,49,0.882,0.000,0.1243,1.188
897,4,50,0.112,0.000,0.1237,1.187
897,5,51,1.141,258.820,0.1231,1.187
897,6,52,8.007,0.000,0.1230,25.779
897,7,53,2.555,241.181,0.1226,4.695
897,8,54,6.652,0.000,0.1294,23.202
897,9,55,1.695,207.107,0.1287,4.982
897,10,56,5.102,0.000,0.1379,19.500
897,11,57,1.116,158.918,0.1367,4.068
897,12,58,3.423,99.901,0.1444,14.815
897,13,59,2.136,34.074,0.1442,9.336
897,14,60,1.336,0.000,0.1507,3.803
897,15,61,1.519,0.000,0.1919,1.591
898,0,47,0.557,0.000,0.1246,1.188
898,1,48,1.295,0.000,0.1244,1.188
898,2,49,1.437,0.000,0.1243,1.188
898,3,50,0.621,0.000,0.1237,1.187
898,4,51,9.661,258.820,0.1231,1.187
898,5,52,2.799,0.000,0.1230,25.779
898,6,53,9.377,241.181,0.1226,4.695
898,7,54,2.152,0.000,0.1294,23.202
898,8,55,10.001,207.107,0.1287,4.982
898,9,56,1.768,0.000,0.1379,19.500
898,10,57,6.923,158.918,0.1367,4.068
898,11,58,3.129,99.901,0.1444,14.815
898,12,59,1.712,34.074,0.1442,9.336
898,13,60,1.038,0.000,0.1507,3.803
898,14,61,0.611,0.000,0.1919,1.591
898,15,62,1.614,0.000,0.1701,1.558
899,0,48,0.663,0.000,0.1244,1.188
899,1,49,0.712,0.000,0.1243,1.188
899,2,50,0.943,0.000,0.1237,1.187
899,3,51,15.304,258.820,0.1231,1.187
899,4,52,3.541,0.000,0.1230,25.779
899,5,53,14.828,241.181,0.1226,4.695
899,6,54,4.265,0.000,0.1294,23.202
899,7,55,14.470,207.107,0.1287,4.982
899,8,56,2.212,0.000,0.1379,19.500
899,9,57,9.598,158.918,0.1367,4.068
899,10,58,3.947,99.901,0.1444,14.815
899,11,59,1.786,34.074,0.1442,9.336
899,12,60,0.292,0.000,0.1507,3.803
899,13,61,0.517,0.000,0.1919,1.591
899,14,62,0.548,0.000,0.1701,1.558
899,15,63,0.510,0.000,0.1455,1.566
900,0,49,0.286,0.000,0.1243,1.188
900,1,50,0.161,0.000,0.1237,1.187
900,2,51,0.613,258.820,0.1231,1.187
900,3,52,3.070,0.000,0.1230,25.779
900,4,53,1.151,241.181,0.1226,4.695
900,5,54,2.030,0.000,0.1294,23.202
900,6,55,1.136,207.107,0.1287,4.982
900,7,56,1.104,0.000,0.1379,19.500
900,8,57,1.267,158.918,0.1367,4.068
900,9,58,1.668,99.901,0.1444,14.815
900,10,59,0.723,34.074,0.1442,9.336
900,11,60,0.271,0.000,0.1507,3.803
900,12,61,0.392,0.000,0.1919,1.591
900,13,62,0.591,0.000,0.1701,1.558
900,14,63,0.879,0.000,0.1455,1.566
900,15,64,0.428,0.000,0.1526,1.577
901,0,50,3.680,0.000,0.1237,1.187
901,1,51,0.472,258.820,0.1231,1.187
901,2,52,3.290,0.000,0.1230,25.779
901,3,53,0.817,241.181,0.1226,4.695
901,4,54,1.435,0.000,0.1294,23.202
901,5,55,1.385,207.107,0.1287,4.982
901,6,56,2.251,0.000,0.1379,19.500
901,7,57,2.249,158.918,0.1367,4.068
901,8,58,0.665,99.901,0.1444,14.815
901,9,59,1.578,34.074,0.1442,9.336
901,10,60,0.613,0.000,0.1507,3.803
901,11,61,0.783,0.000,0.1919,1.591
901,12,62,0.546,0.000,0.1701,1.558
901,13,63,0.884,0.000,0.1455,1.566
901,14,64,3.465,0.000,0.1526,1.577
901,15,65,1.631,0.000,0.1673,1.562
902,0,51,2.669,258.820,0.1231,1.187
902,1,52,9.484,0.000,0.1230,25.779
902,2,53,0.446,241.181,0.1226,4.695
902,3,54,9.117,0.000,0.1294,23.202
902,4,55,1.605,207.107,0.1287,4.982
902,5,56,7.907,0.000,0.1379,19.500
902,6,57,0.627,158.918,0.1367,4.068
902,7,58,6.512,99.901,0.1444,14.815
902,8,59,3.645,34.074,0.1442,9.336
902,9,60,0.703,0.000,0.1507,3.803
902,10,61,0.569,0.000,0.1919,1.591
902,11,62,0.799,0.000,0.1701,1.558
902,12,63,1.614,0.000,0.1455,1.566
902,13,64,0.403,0.000,0.1526,1.577
902,14,65,0.226,0.000,0.1673,1.562
902,15,66,0.690,0.000,0.1495,1.568
903,0,52,5.261,0.000,0.1230,25.779
903,1,53,3.931,241.181,0.1226,4.695
903,2,54,4.510,0.000,0.1294,23.202
903,3,55,2.932,207.107,0.1287,4.982
903,4,56,3.142,0.000,0.1379,19.500
903,5,57,3.156,158.918,0.1367,4.068
903,6,58,3.617,99.901,0.1444,14.815
903,7,59,2.411,34.074,0.1442,9.336
903,8,60,0.723,0.000,0.1507,3.803
903,9,61,1.988,0.000,0.1919,1.591
903,10,62,0.693,0.000,0.1701,1.558
903,11,63,0.380,0.000,0.1455,1.566
903,12,64,0.450,0.000,0.1526,1.577
903,13,65,0.265,0.000,0.1673,1.562
903,14,66,0.649,0.000,0.1495,1.568
903,15,67,1.905,0.000,0.1573,1.561
904,0,53,5.153,241.181,0.1226,4.695
904,1,54,4.075,0.000,0.1294,23.202
904,2,55,4.563,207.107,0.1287,4.982
904,3,56,4.414,0.000,0.1379,19.500
904,4,57,3.547,158.918,0.1367,4.068
904,5,58,2.665,99.901,0.1444,14.815
904,6,59,4.318,34.074,0.1442,9.336
904,7,60,1.776,0.000,0.1507,3.803
904,8,61,0.582,0.000,0.1919,1.591
904,9,62,0.833,0.000,0.1701,1.558
904,10,63,0.226,0.000,0.1455,1.566
904,11,64,0.282,0.000,0.1526,1.577
904,12,65,0.275,0.000,0.1673,1.562
904,13,66,0.895,0.000,0.1495,1.568
904,14,67,0.324,0.000,0.1573,1.561
904,15,68,0.714,0.000,0.1486,1.577
905,0,54,1.141,0.000,0.1294,23.202
905,1,55,0.399,207.107,0.1287,4.982
905,2,56,0.533,0.000,0.1379,19.500
905,3,57,1.112,158.918,0.1367,4.068
905,4,58,1.298,99.901,0.1444,14.815
905,5,59,0.844,34.074,0.1442,9.336
905,6,60,0.904,0.000,0.1507,3.803
905,7,61,0.266,0.000,0.1919,1.591
905,8,62,1.080,0.000,0.1701,1.558
905,9,63,0.220,0.000,0.1455,1.566
905,10,64,0.248,0.000,0.1526,1.577
905,11,65,0.698,0.000,0.1673,1.562
905,12,66,0.823,0.000,0.1495,1.568
905,13,67,0.680,0.000,0.1573,1.561
905,14,68,0.221,0.000,0.1486,1.577
905,15,69,0.401,0.000,0.1519,1.538
906,0,55,0.464,207.107,0.1287,4.982
906,1,56,0.311,0.000,0.1379,19.500
906,2,57,0.485,158.918,0.1367,4.068
906,3,58,0.348,99.901,0.1444,14.815
906,4,59,0.378,34.074,0.1442,9.336
906,5,60,0.245,0.000,0.1507,3.803
906,6,61,0.138,0.000,0.1919,1.591
906,7,62,0.318,0.000,0.1701,1.558
906,8,63,0.358,0.000,0.1455,1.566
906,9,64,0.173,0.000,0.1526,1.577
906,10,65,0.356,0.000,0.1673,1.562
906,11,66,0.383,0.000,0.1495,1.568
906,12,67,0.490,0.000,0.1573,1.561
906,13,68,0.723,0.000,0.1486,1.577
906,14,69,0.443,0.000,0.1519,1.538
906,15,70,1.225,0.000,0.1409,1.550
907,0,56,0.856,0.000,0.1379,19.500
907,1,57,3.189,158.918,0.1367,4.068
907,2,58,3.587,99.901,0.1444,14.815
907,3,59,1.226,34.074,0.1442,9.336
907,4,60,0.610,0.000,0.1507,3.803
907,5,61,1.076,0.000,0.1919,1.591
907,6,62,0.951,0.000,0.1701,1.558
907,7,63,0.490,0.000,0.1455,1.566
907,8,64,0.856,0.000,0.1526,1.577
907,9,65,1.333,0.000,0.1673,1.562
907,10,66,0.885,0.000,0.1495,1.568
907,11,67,0.810,0.000,0.1573,1.561
907,12,68,1.039,0.000,0.1486,1.577
907,13,69,1.100,0.000,0.1519,1.538
907,14,70,1.909,0.000,0.1409,1.550
907,15,71,1.159,0.000,0.1508,1.565
908,0,57,1.835,158.918,0.1367,4.068
908,1,58,0.918,99.901,0.1444,14.815
908,2,59,1.359,34.074,0.1442,9.336
908,3,60,0.686,0.000,0.1507,3.803
908,4,61,0.270,0.000,0.1919,1.591
908,5,62,0.497,0.000,0.1701,1.558
908,6,63,0.352,0.000,0.1455,1.566
908,7,64,0.313,0.000,0.1526,1.577
908,8,65,0.333,0.000,0.1673,1.562
908,9,66,0.567,0.000,0.1495,1.568
908,10,67,0.516,0.000,0.1573,1.561
908,11,68,0.628,0.000,0.1486,1.577
908,12,69,0.549,0.000,0.1519,1.538
908,13,70,0.531,0.000,0.1409,1.550
908,14,71,1.509,0.000,0.1508,1.565
908,15,72,0.615,0.000,0.1501,1.542
909,0,58,2.585,99.901,0.1444,14.815
909,1,59,2.041,34.074,0.1442,9.336
909,2,60,0.206,0.000,0.1507,3.803
909,3,61,0.517,0.000,0.1919,1.591
909,4,62,0.108,0.000,0.1701,1.558
909,5,63,0.774,0.000,0.1455,1.566
909,6,64,0.606,0.000,0.1526,1.577
909,7,65,0.538,0.000,0.1673,1.562
909,8,66,0.497,0.000,0.1495,1.568
909,9,67,0.248,0.000,0.1573,1.561
909,10,68,0.472,0.000,0.1486,1.577
909,11,69,0.671,0.000,0.1519,1.538
909,12,70,0.130,0.000,0.1409,1.550
909,13,71,0.402,0.000,0.1508,1.565
909,14,72,0.333,0.000,0.1501,1.542
909,15,73,0.485,0.000,0.1437,1.558
910,0,59,3.701,34.074,0.1442,9.336
910,1,60,0.312,0.000,0.1507,3.803
910,2,61,0.783,0.000,0.1919,1.591
910,3,62,0.272,0.000,0.1701,1.558
910,4,63,1.093,0.000,0.1455,1.566
910,5,64,0.342,0.000,0.1526,1.577
910,6,65,0.889,0.000,0.1673,1.562
910,7,66,0.234,0.000,0.1495,1.568
910,8,67,0.411,0.000,0.1573,1.561
910,9,68,0.069,0.000,0.1486,1.577
910,10,69,1.049,0.000,0.1519,1.538
910,11,70,0.795,0.000,0.1409,1.550
910,12,71,0.216,0.000,0.1508,1.565
910,13,72,0.930,0.000,0.1501,1.542
910,14,73,1.176,0.000,0.1437,1.558
910,15,74,4.509,0.000,0.1588,1.537
911,0,60,2.497,0.000,0.1507,3.803
911,1,61,1.128,0.000,0.1919,1.591
911,2,62,0.676,0.000,0.1701,1.558
911,3,63,0.343,0.000,0.1455,1.566
911,4,64,0.281,0.000,0.1526,1.577
911,5,65,0.407,0.000,0.1673,1.562
911,6,66,0.459,0.000,0.1495,1.568
911,7,67,0.364,0.000,0.1573,1.561
911,8,68,0.510,0.000,0.1486,1.577
911,9,69,0.275,0.000,0.1519,1.538
911,10,70,0.434,0.000,0.1409,1.550
911,11,71,0.523,0.000,0.1508,1.565
911,12,72,0.647,0.000,0.1501,1.542
911,13,73,0.863,0.000,0.1437,1.558
911,14,74,0.390,0.000,0.1588,1.537
911,15,75,0.784,0.000,0.1417,1.530
912,0,61,3.108,0.000,0.1919,1.591
912,1,62,1.136,0.000,0.1701,1.558
912,2,63,1.065,0.000,0.1455,1.566
912,3,64,1.496,0.000,0.1526,1.577
912,4,65,1.803,0.000,0.1673,1.562
912,5,66,1.412,0.000,0.1495,1.568
912,6,67,0.662,0.000,0.1573,1.561
912,7,68,1.910,0.000,0.1486,1.577
912,8,69,0.838,0.000,0.1519,1.538
912,9,70,0.681,0.000,0.1409,1.550
912,10,71,0.963,0.000,0.1508,1.565
912,11,72,1.245,0.000,0.1501,1.542
912,12,73,2.043,0.000,0.1437,1.558
912,13,74,2.621,0.000,0.1588,1.537
912,14,75,3.463,0.000,0.1417,1.530
913,0,62,0.932,0.000,0.1701,1.558
913,1,63,0.643,0.000,0.1455,1.566
913,2,64,0.921,0.000,0.1526,1.577
913,3,65,0.560,0.000,0.1673,1.562
913,4,66,0.848,0.000,0.1495,1.568
913,5,67,0.769,0.000,0.1573,1.561
913,6,68,0.880,0.000,0.1486,1.577
913,7,69,0.963,0.000,0.1519,1.538
913,8,70,1.106,0.000,0.1409,1.550
913,9,71,1.021,0.000,0.1508,1.565
913,10,72,0.623,0.000,0.1501,1.542
913,11,73,0.276,0.000,0.1437,1.558
913,12,74,0.344,0.000,0.1588,1.537
913,13,75,0.515,0.000,0.1417,1.530
914,0,63,0.461,0.000,0.1455,1.566
914,1,64,0.526,0.000,0.1526,1.577
914,2,65,0.390,0.000,0.1673,1.562
914,3,66,0.842,0.000,0.1495,1.568
914,4,67,0.426,0.000,0.1573,1.561
914,5,68,0.542,0.000,0.1486,1.577
914,6,69,0.466,0.000,0.1519,1.538
914,7,70,1.089,0.000,0.1409,1.550
914,8,71,0.616,0.000,0.1508,1.565
914,9,72,0.689,0.000,0.1501,1.542
914,10,73,0.474,0.000,0.1437,1.558
914,11,74,0.281,0.000,0.1588,1.537
914,12,75,0.778,0.000,0.1417,1.530
915,0,64,2.204,0.000,0.1526,1.577
915,1,65,1.815,0.000,0.1673,1.562
915,2,66,1.079,0.000,0.1495,1.568
915,3,67,1.389,0.000,0.1573,1.561
915,4,68,0.635,0.000,0.1486,1.577
915,5,69,1.671,0.000,0.1519,1.538
915,6,70,1.296,0.000,0.1409,1.550
915,7,71,1.058,0.000,0.1508,1.565
915,8,72,2.538,0.000,0.1501,1.542
915,9,73,0.712,0.000,0.1437,1.558
915,10,74,1.229,0.000,0.1588,1.537
915,11,75,1.148,0.000,0.1417,1.530
916,0,65,0.881,0.000,0.1673,1.562
916,1,66,1.679,0.000,0.1495,1.568
916,2,67,3.906,0.000,0.1573,1.561
916,3,68,0.607,0.000,0.1486,1.577
916,4,69,1.332,0.000,0.1519,1.538
916,5,70,1.615,0.000,0.1409,1.550
916,6,71,1.355,0.000,0.1508,1.565
916,7,72,0.707,0.000,0.1501,1.542
916,8,73,2.727,0.000,0.1437,1.558
916,9,74,0.902,0.000,0.1588,1.537
916,10,75,2.968,0.000,0.1417,1.530
917,0,66,0.640,0.000,0.1495,1.568
917,1,67,1.304,0.000,0.1573,1.561
917,2,68,0.812,0.000,0.1486,1.577
917,3,69,1.543,0.000,0.1519,1.538
917,4,70,2.221,0.000,0.1409,1.550
917,5,71,1.146,0.000,0.1508,1.565
917,6,72,2.067,0.000,0.1501,1.542
917,7,73,1.913,0.000,0.1437,1.558
917,8,74,1.824,0.000,0.1588,1.537
917,9,75,1.585,0.000,0.1417,1.530
918,0,67,1.310,0.000,0.1573,1.561
918,1,68,1.902,0.000,0.1486,1.577
918,2,69,1.209,0.000,0.1519,1.538
918,3,70,0.896,0.000,0.1409,1.550
918,4,71,1.249,0.000,0.1508,1.565
918,5,72,0.686,0.000,0.1501,1.542
918,6,73,1.132,0.000,0.1437,1.558
918,7,74,1.533,0.000,0.1588,1.537
918,8,75,2.591,0.000,0.1417,1.530
919,0,68,2.356,0.000,0.1486,1.577
919,1,69,1.536,0.000,0.1519,1.538
919,2,70,0.903,0.000,0.1409,1.550
919,3,71,1.631,0.000,0.1508,1.565
919,4,72,1.677,0.000,0.1501,1.542
919,5,73,1.160,0.000,0.1437,1.558
919,6,74,1.194,0.000,0.1588,1.537
919,7,75,1.485,0.000,0.1417,1.530
920,0,69,1.674,0.000,0.1519,1.538
920,1,70,2.134,0.000,0.1409,1.550
920,2,71,2.825,0.000,0.1508,1.565
920,3,72,1.452,0.000,0.1501,1.542
920,4,73,0.584,0.000,0.1437,1.558
920,5,74,1.268,0.000,0.1588,1.537
920,6,75,2.505,0.000,0.1417,1.530
921,0,70,2.049,0.000,0.1409,1.550
921,1,71,1.608,0.000,0.1508,1.565
921,2,72,2.573,0.000,0.1501,1.542
921,3,73,1.460,0.000,0.1437,1.558
921,4,74,1.487,0.000,0.1588,1.537
921,5,75,2.742,0.000,0.1417,1.530
922,0,71,1.696,0.000,0.1508,1.565
922,1,72,2.010,0.000,0.1501,1.542
922,2,73,1.593,0.000,0.1437,1.558
922,3,74,2.579,0.000,0.1588,1.537
922,4,75,1.311,0.000,0.1417,1.530
923,0,72,2.876,0.000,0.1501,1.542
923,1,73,2.984,0.000,0.1437,1.558
923,2,74,4.129,0.000,0.1588,1.537
923,3,75,3.835,0.000,0.1417,1.530
924,0,73,2.485,0.000,0.1437,1.558
924,1,74,2.794,0.000,0.1588,1.537
924,2,75,3.381,0.000,0.1417,1.530
925,0,74,2.697,0.000,0.1588,1.537
925,1,75,2.923,0.000,0.1417,1.530
926,0,75,1.538,0.000,0.1417,1.530
928,0,0,7.828,358.192,5.1030,35.819
928,1,1,2.705,1171.093,3.8752,117.109
928,2,2,7.274,71.868,1.8182,7.187
928,3,3,3.065,0.001,0.0304,0.000
928,4,4,2.160,0.003,0.0304,0.000
928,5,5,0.977,0.001,0.0304,0.000
928,6,6,2.248,0.002,0.0304,0.000
928,7,7,1.454,0.003,0.0304,0.000
928,8,8,1.555,0.001,0.0304,0.000
928,9,9,1.411,0.002,0.0304,0.000
928,10,10,2.284,0.003,0.0304,0.000
928,11,11,1.701,3426.072,0.0304,0.000
928,12,12,4.185,0.000,0.0304,342.607
928,13,13,1.240,0.000,0.0304,162.445
928,14,14,1.176,0.000,5.7688,19.535
928,15,15,2.172,258.819,2.9796,0.119
929,0,1,1.801,1171.093,3.8752,117.109
929,1,2,1.369,71.868,1.8182,7.187
929,2,3,0.903,0.001,0.0304,0.000
929,3,4,0.672,0.003,0.0304,0.000
929,4,5,1.184,0.001,0.0304,0.000
929,5,6,0.465,0.002,0.0304,0.000
929,6,7,0.229,0.003,0.0304,0.000
929,7,8,1.124,0.001,0.0304,0.000
929,8,9,1.176,0.002,0.0304,0.000
929,9,10,1.107,0.003,0.0304,0.000
929,10,11,0.643,3426.072,0.0304,0.000
929,11,12,0.383,0.000,0.0304,342.607
929,12,13,2.160,0.000,0.0304,162.445
929,13,14,1.376,0.000,5.7688,19.535
929,14,15,1.019,258.819,2.9796,0.119
929,15,16,1.017,0.000,0.0154,25.740
930,0,2,2.156,71.868,1.8182,7.187
930,1,3,0.175,0.001,0.0304,0.000
930,2,4,0.848,0.003,0.0304,0.000
930,3,5,1.445,0.001,0.0304,0.000
930,4,6,1.374,0.002,0.0304,0.000
930,5,7,0.528,0.003,0.0304,0.000
930,6,8,1.064,0.001,0.0304,0.000
930,7,9,1.025,0.002,0.0304,0.000
930,8,10,1.272,0.003,0.0304,0.000
930,9,11,0.978,3426.072,0.0304,0.000
930,10,12,1.529,0.000,0.0304,342.607
930,11,13,2.605,0.000,0.0304,162.445
930,12,14,0.510,0.000,5.7688,19.535
930,13,15,1.330,258.819,2.9796,0.119
930,14,16,1.221,0.000,0.0154,25.740
930,15,17,0.533,241.182,0.0153,2.778
931,0,3,0.602,0.001,0.0304,0.000
931,1,4,0.320,0.003,0.0304,0.000
931,2,5,0.507,0.001,0.0304,0.000
931,3,6,0.749,0.002,0.0304,0.000
931,4,7,0.612,0.003,0.0304,0.000
931,5,8,1.286,0.001,0.0304,0.000
931,6,9,0.577,0.002,0.0304,0.000
931,7,10,0.321,0.003,0.0304,0.000
931,8,11,0.988,3426.072,0.0304,0.000
931,9,12,0.812,0.000,0.0304,342.607
931,10,13,0.641,0.000,0.0304,162.445
931,11,14,0.520,0.000,5.7688,19.535
931,12,15,0.525,258.819,2.9796,0.119
931,13,16,0.279,0.000,0.0154,25.740
931,14,17,0.538,241.182,0.0153,2.778
931,15,18,1.672,0.000,0.0147,23.342
932,0,4,2.735,0.003,0.0304,0.000
932,1,5,0.854,0.001,0.0304,0.000
932,2,6,2.053,0.002,0.0304,0.000
932,3,7,1.056,0.003,0.0304,0.000
932,4,8,1.519,0.001,0.0304,0.000
932,5,9,1.068,0.002,0.0304,0.000
932,6,10,0.597,0.003,0.0304,0.000
932,7,11,1.091,3426.072,0.0304,0.000
932,8,12,0.413,0.000,0.0304,342.607
932,9,13,0.914,0.000,0.0304,162.445
932,10,14,0.481,0.000,5.7688,19.535
932,11,15,0.556,258.819,2.9796,0.119
932,12,16,0.428,0.000,0.0154,25.740
932,13,17,0.195,241.182,0.0153,2.778
932,14,18,0.773,0.000,0.0147,23.342
932,15,19,1.311,207.106,0.0147,3.564
933,0,5,0.389,0.001,0.0304,0.000
933,1,6,0.820,0.002,0.0304,0.000
933,2,7,0.803,0.003,0.0304,0.000
933,3,8,0.435,0.001,0.0304,0.000
933,4,9,0.741,0.002,0.0304,0.000
933,5,10,1.059,0.003,0.0304,0.000
933,6,11,0.242,3426.072,0.0304,0.000
933,7,12,0.520,0.000,0.0304,342.607
933,8,13,1.705,0.000,0.0304,162.445
933,9,14,0.686,0.000,5.7688,19.535
933,10,15,0.722,258.819,2.9796,0.119
933,11,16,0.326,0.000,0.0154,25.740
933,12,17,0.538,241.182,0.0153,2.778
933,13,18,0.903,0.000,0.0147,23.342
933,14,19,0.267,207.106,0.0147,3.564
933,15,20,0.264,158.919,0.0140,19.785
934,0,6,1.100,0.002,0.0304,0.000
934,1,7,1.380,0.003,0.0304,0.000
934,2,8,0.946,0.001,0.0304,0.000
934,3,9,2.549,0.002,0.0304,0.000
934,4,10,2.827,0.003,0.0304,0.000
934,5,11,341.755,3426.072,0.0304,0.000
934,6,12,0.574,0.000,0.0304,342.607
934,7,13,2.019,0.000,0.0304,162.445
934,8,14,1.204,0.000,5.7688,19.535
934,9,15,25.858,258.819,2.9796,0.119
934,10,16,2.620,0.000,0.0154,25.740
934,11,17,23.919,241.182,0.0153,2.778
934,12,18,0.663,0.000,0.0147,23.342
934,13,19,19.531,207.106,0.0147,3.564
934,14,20,15.702,158.919,0.0140,19.785
934,15,21,10.797,99.900,0.0140,15.083
935,0,7,3.886,0.003,0.0304,0.000
935,1,8,1.040,0.001,0.0304,0.000
935,2,9,0.173,0.002,0.0304,0.000
935,3,10,2.029,0.003,0.0304,0.000
935,4,11,1.170,3426.072,0.0304,0.000
935,5,12,2.243,0.000,0.0304,342.607
935,6,13,1.939,0.000,0.0304,162.445
935,7,14,1.834,0.000,5.7688,19.535
935,8,15,1.736,258.819,2.9796,0.119
935,9,16,1.217,0.000,0.0154,25.740
935,10,17,0.850,241.182,0.0153,2.778
935,11,18,0.407,0.000,0.0147,23.342
935,12,19,0.977,207.106,0.0147,3.564
935,13,20,0.532,158.919,0.0140,19.785
935,14,21,2.198,99.900,0.0140,15.083
935,15,22,0.885,34.075,0.0132,9.468
936,0,8,1.406,0.001,0.0304,0.000
936,1,9,0.576,0.002,0.0304,0.000
936,2,10,0.884,0.003,0.0304,0.000
936,3,11,343.121,3426.072,0.0304,0.000
936,4,12,0.799,0.000,0.0304,342.607
936,5,13,0.995,0.000,0.0304,162.445
936,6,14,0.483,0.000,5.7688,19.535
936,7,15,26.010,258.819,2.9796,0.119
936,8,16,1.322,0.000,0.0154,25.740
936,9,17,23.796,241.182,0.0153,2.778
936,10,18,0.451,0.000,0.0147,23.342
936,11,19,20.564,207.106,0.0147,3.564
936,12,20,15.940,158.919,0.0140,19.785
936,13,21,10.997,99.900,0.0140,15.083
936,14,22,3.424,34.075,0.0132,9.468
936,15,23,1.113,0.000,0.0126,3.199
937,0,9,1.523,0.002,0.0304,0.000
937,1,10,0.998,0.003,0.0304,0.000
937,2,11,1.725,3426.072,0.0304,0.000
937,3,12,1.072,0.000,0.0304,342.607
937,4,13,0.532,0.000,0.0304,162.445
937,5,14,0.929,0.000,5.7688,19.535
937,6,15,0.295,258.819,2.9796,0.119
937,7,16,0.288,0.000,0.0154,25.740
937,8,17,0.157,241.182,0.0153,2.778
937,9,18,0.581,0.000,0.0147,23.342
937,10,19,0.716,207.106,0.0147,3.564
937,11,20,0.557,158.919,0.0140,19.785
937,12,21,1.172,99.900,0.0140,15.083
937,13,22,0.409,34.075,0.0132,9.468
937,14,23,0.372,0.000,0.0126,3.199
937,15,24,0.547,0.000,0.0122,3.448
938,0,10,2.530,0.003,0.0304,0.000
938,1,11,4.994,3426.072,0.0304,0.000
938,2,12,2.011,0.000,0.0304,342.607
938,3,13,1.192,0.000,0.0304,162.445
938,4,14,0.981,0.000,5.7688,19.535
938,5,15,1.875,258.819,2.9796,0.119
938,6,16,1.516,0.000,0.0154,25.740
938,7,17,1.016,241.182,0.0153,2.778
938,8,18,1.735,0.000,0.0147,23.342
938,9,19,1.165,207.106,0.0147,3.564
938,10,20,2.028,158.919,0.0140,19.785
938,11,21,1.380,99.900,0.0140,15.083
938,12,22,1.769,34.075,0.0132,9.468
938,13,23,1.123,0.000,0.0126,3.199
938,14,24,4.739,0.000,0.0122,3.448
938,15,25,0.819,0.000,0.1601,3.419
939,0,11,1.393,3426.072,0.0304,0.000
939,1,12,342.848,0.000,0.0304,342.607
939,2,13,344.640,0.000,0.0304,162.445
939,3,14,1.807,0.000,5.7688,19.535
939,4,15,0.852,258.819,2.9796,0.119
939,5,16,26.630,0.000,0.0154,25.740
939,6,17,26.327,241.182,0.0153,2.778
939,7,18,24.707,0.000,0.0147,23.342
939,8,19,24.243,207.106,0.0147,3.564
939,9,20,21.141,158.919,0.0140,19.785
939,10,21,36.354,99.900,0.0140,15.083
939,11,22,25.544,34.075,0.0132,9.468
939,12,23,13.326,0.000,0.0126,3.199
939,13,24,2.965,0.000,0.0122,3.448
939,14,25,1.177,0.000,0.1601,3.419
939,15,26,1.068,0.000,0.1586,3.418
940,0,12,0.160,0.000,0.0304,342.607
940,1,13,0.788,0.000,0.0304,162.445
940,2,14,0.379,0.000,5.7688,19.535
940,3,15,26.230,258.819,2.9796,0.119
940,4,16,0.732,0.000,0.0154,25.740
940,5,17,24.072,241.182,0.0153,2.778
940,6,18,0.413,0.000,0.0147,23.342
940,7,19,20.890,207.106,0.0147,3.564
940,8,20,15.996,158.919,0.0140,19.785
940,9,21,10.144,99.900,0.0140,15.083
940,10,22,3.556,34.075,0.0132,9.468
940,11,23,0.533,0.000,0.0126,3.199
940,12,24,0.473,0.000,0.0122,3.448
940,13,25,0.786,0.000,0.1601,3.419
940,14,26,0.104,0.000,0.1586,3.418
940,15,27,0.474,0.000,0.1590,3.418
941,0,13,0.618,0.000,0.0304,162.445
941,1,14,0.275,0.000,5.7688,19.535
941,2,15,1.455,258.819,2.9796,0.119
941,3,16,25.781,0.000,0.0154,25.740
941,4,17,1.637,241.182,0.0153,2.778
941,5,18,23.791,0.000,0.0147,23.342
941,6,19,1.129,207.106,0.0147,3.564
941,7,20,20.595,158.919,0.0140,19.785
941,8,21,15.950,99.900,0.0140,15.083
941,9,22,10.032,34.075,0.0132,9.468
941,10,23,3.115,0.000,0.0126,3.199
941,11,24,1.290,0.000,0.0122,3.448
941,12,25,0.187,0.000,0.1601,3.419
941,13,26,0.488,0.000,0.1586,3.418
941,14,27,0.607,0.000,0.1590,3.418
941,15,28,0.470,0.000,0.1591,3.419
942,0,14,0.767,0.000,5.7688,19.535
942,1,15,0.624,258.819,2.9796,0.119
942,2,16,1.211,0.000,0.0154,25.740
942,3,17,0.639,241.182,0.0153,2.778
942,4,18,0.680,0.000,0.0147,23.342
942,5,19,0.225,207.106,0.0147,3.564
942,6,20,0.372,158.919,0.0140,19.785
942,7,21,0.428,99.900,0.0140,15.083
942,8,22,0.855,34.075,0.0132,9.468
942,9,23,0.640,0.000,0.0126,3.199
942,10,24,0.968,0.000,0.0122,3.448
942,11,25,0.722,0.000,0.1601,3.419
942,12,26,0.585,0.000,0.1586,3.418
942,13,27,0.947,0.000,0.1590,3.418
942,14,28,0.503,0.000,0.1591,3.419
942,15,29,0.411,0.000,0.1591,3.418
943,0,15,0.548,258.819,2.9796,0.119
943,1,16,1.041,0.000,0.0154,25.740
943,2,17,0.508,241.182,0.0153,2.778
943,3,18,0.827,0.000,0.0147,23.342
943,4,19,0.673,207.106,0.0147,3.564
943,5,20,0.564,158.919,0.0140,19.785
943,6,21,0.636,99.900,0.0140,15.083
943,7,22,0.194,34.075,0.0132,9.468
943,8,23,0.321,0.000,0.0126,3.199
943,9,24,0.415,0.000,0.0122,3.448
943,10,25,0.132,0.000,0.1601,3.419
943,11,26,0.479,0.000,0.1586,3.418
943,12,27,0.192,0.000,0.1590,3.418
943,13,28,0.248,0.000,0.1591,3.419
943,14,29,0.352,0.000,0.1591,3.418
943,15,30,0.659,0.000,0.1582,3.418
944,0,16,0.888,0.000,0.0154,25.740
944,1,17,0.260,241.182,0.0153,2.778
944,2,18,0.749,0.000,0.0147,23.342
944,3,19,1.740,207.106,0.0147,3.564
944,4,20,1.441,158.919,0.0140,19.785
944,5,21,0.929,99.900,0.0140,15.083
944,6,22,0.672,34.075,0.0132,9.468
944,7,23,0.222,0.000,0.0126,3.199
944,8,24,0.688,0.000,0.0122,3.448
944,9,25,0.334,0.000,0.1601,3.419
944,10,26,0.653,0.000,0.1586,3.418
944,11,27,0.527,0.000,0.1590,3.418
944,12,28,0.528,0.000,0.1591,3.419
944,13,29,0.186,0.000,0.1591,3.418
944,14,30,1.362,0.000,0.1582,3.418
944,15,31,2.273,0.000,0.1588,3.419
945,0,17,3.955,241.182,0.0153,2.778
945,1,18,0.802,0.000,0.0147,23.342
945,2,19,0.258,207.106,0.0147,3.564
945,3,20,0.634,158.919,0.0140,19.785
945,4,21,1.412,99.900,0.0140,15.083
945,5,22,0.226,34.075,0.0132,9.468
945,6,23,0.600,0.000,0.0126,3.199
945,7,24,1.248,0.000,0.0122,3.448
945,8,25,0.291,0.000,0.1601,3.419
945,9,26,0.836,0.000,0.1586,3.418
945,10,27,0.414,0.000,0.1590,3.418
945,11,28,0.440,0.000,0.1591,3.419
945,12,29,0.444,0.000,0.1591,3.418
945,13,30,0.598,0.000,0.1582,3.418
945,14,31,0.602,0.000,0.1588,3.419
945,15,32,1.476,0.000,0.1590,3.418
946,0,18,0.300,0.000,0.0147,23.342
946,1,19,0.534,207.106,0.0147,3.564
946,2,20,0.497,158.919,0.0140,19.785
946,3,21,1.924,99.900,0.0140,15.083
946,4,22,0.943,34.075,0.0132,9.468
946,5,23,1.023,0.000,0.0126,3.199
946,6,24,0.253,0.000,0.0122,3.448
946,7,25,0.586,0.000,0.1601,3.419
946,8,26,0.085,0.000,0.1586,3.418
946,9,27,0.512,0.000,0.1590,3.418
946,10,28,0.524,0.000,0.1591,3.419
946,11,29,0.337,0.000,0.1591,3.418
946,12,30,0.606,0.000,0.1582,3.418
946,13,31,0.575,0.000,0.1588,3.419
946,14,32,0.879,0.000,0.1590,3.418
946,15,33,0.403,0.000,0.1588,3.418
947,0,19,0.470,207.106,0.0147,3.564
947,1,20,0.619,158.919,0.0140,19.785
947,2,21,1.307,99.900,0.0140,15.083
947,3,22,0.600,34.075,0.0132,9.468
947,4,23,0.197,0.000,0.0126,3.199
947,5,24,0.558,0.000,0.0122,3.448
947,6,25,1.155,0.000,0.1601,3.419
947,7,26,0.673,0.000,0.1586,3.418
947,8,27,1.266,0.000,0.1590,3.418
947,9,28,0.357,0.000,0.1591,3.419
947,10,29,0.524,0.000,0.1591,3.418
947,11,30,0.663,0.000,0.1582,3.418
947,12,31,0.289,0.000,0.1588,3.419
947,13,32,1.230,0.000,0.1590,3.418
947,14,33,0.894,0.000,0.1588,3.418
947,15,34,1.173,1000.000,0.1581,3.418
948,0,20,0.382,158.919,0.0140,19.785
948,1,21,0.800,99.900,0.0140,15.083
948,2,22,0.386,34.075,0.0132,9.468
948,3,23,1.214,0.000,0.0126,3.199
948,4,24,0.478,0.000,0.0122,3.448
948,5,25,0.599,0.000,0.1601,3.419
948,6,26,0.340,0.000,0.1586,3.418
948,7,27,0.845,0.000,0.1590,3.418
948,8,28,0.199,0.000,0.1591,3.419
948,9,29,0.236,0.000,0.1591,3.418
948,10,30,0.411,0.000,0.1582,3.418
948,11,31,0.457,0.000,0.1588,3.419
948,12,32,0.801,0.000,0.1590,3.418
948,13,33,0.187,0.000,0.1588,3.418
948,14,34,0.257,1000.000,0.1581,3.418
948,15,35,0.383,0.000,0.1588,15.081
949,0,21,0.643,99.900,0.0140,15.083
949,1,22,1.000,34.075,0.0132,9.468
949,2,23,0.852,0.000,0.0126,3.199
949,3,24,0.431,0.000,0.0122,3.448
949,4,25,0.189,0.000,0.1601,3.419
949,5,26,0.294,0.000,0.1586,3.418
949,6,27,0.320,0.000,0.1590,3.418
949,7,28,0.409,0.000,0.1591,3.419
949,8,29,0.583,0.000,0.1591,3.418
949,9,30,0.406,0.000,0.1582,3.418
949,10,31,0.438,0.000,0.1588,3.419
949,11,32,0.567,0.000,0.1590,3.418
949,12,33,0.889,0.000,0.1588,3.418
949,13,34,0.538,1000.000,0.1581,3.418
949,14,35,0.803,0.000,0.1588,15.081
949,15,36,1.104,1028.264,1.1039,1.978
950,0,22,0.794,34.075,0.0132,9.468
950,1,23,0.418,0.000,0.0126,3.199
950,2,24,0.541,0.000,0.0122,3.448
950,3,25,0.725,0.000,0.1601,3.419
950,4,26,0.252,0.000,0.1586,3.418
950,5,27,0.386,0.000,0.1590,3.418
950,6,28,0.243,0.000,0.1591,3.419
950,7,29,1.721,0.000,0.1591,3.418
950,8,30,0.515,0.000,0.1582,3.418
950,9,31,0.549,0.000,0.1588,3.419
950,10,32,0.277,0.000,0.1590,3.418
950,11,33,0.265,0.000,0.1588,3.418
950,12,34,0.273,1000.000,0.1581,3.418
950,13,35,1.436,0.000,0.1588,15.081
950,14,36,1.674,1028.264,1.1039,1.978
950,15,37,0.664,0.000,0.5554,122.682
951,0,23,0.970,0.000,0.0126,3.199
951,1,24,0.602,0.000,0.0122,3.448
951,2,25,0.438,0.000,0.1601,3.419
951,3,26,0.639,0.000,0.1586,3.418
951,4,27,1.291,0.000,0.1590,3.418
951,5,28,0.554,0.000,0.1591,3.419
951,6,29,0.949,0.000,0.1591,3.418
951,7,30,0.516,0.000,0.1582,3.418
951,8,31,1.334,0.000,0.1588,3.419
951,9,32,0.479,0.000,0.1590,3.418
951,10,33,0.575,0.000,0.1588,3.418
951,11,34,0.512,1000.000,0.1581,3.418
951,12,35,0.927,0.000,0.1588,15.081
951,13,36,0.952,1028.264,1.1039,1.978
951,14,37,0.881,0.000,0.5554,122.682
951,15,38,1.098,0.000,4.4272,49.049
952,0,24,0.695,0.000,0.0122,3.448
952,1,25,0.689,0.000,0.1601,3.419
952,2,26,0.538,0.000,0.1586,3.418
952,3,27,1.064,0.000,0.1590,3.418
952,4,28,0.168,0.000,0.1591,3.419
952,5,29,0.293,0.000,0.1591,3.418
952,6,30,1.156,0.000,0.1582,3.418
952,7,31,0.319,0.000,0.1588,3.419
952,8,32,0.227,0.000,0.1590,3.418
952,9,33,0.345,0.000,0.1588,3.418
952,10,34,0.832,1000.000,0.1581,3.418
952,11,35,0.498,0.000,0.1588,15.081
952,12,36,4.242,1028.264,1.1039,1.978
952,13,37,0.933,0.000,0.5554,122.682
952,14,38,0.755,0.000,4.4272,49.049
952,15,39,0.887,0.000,2.5043,18.746
953,0,25,0.183,0.000,0.1601,3.419
953,1,26,0.663,0.000,0.1586,3.418
953,2,27,0.255,0.000,0.1590,3.418
953,3,28,0.075,0.000,0.1591,3.419
953,4,29,0.361,0.000,0.1591,3.418
953,5,30,0.263,0.000,0.1582,3.418
953,6,31,0.688,0.000,0.1588,3.419
953,7,32,2.135,0.000,0.1590,3.418
953,8,33,0.295,0.000,0.1588,3.418
953,9,34,0.401,1000.000,0.1581,3.418
953,10,35,1.383,0.000,0.1588,15.081
953,11,36,0.909,1028.264,1.1039,1.978
953,12,37,1.744,0.000,0.5554,122.682
953,13,38,0.611,0.000,4.4272,49.049
953,14,39,0.315,0.000,2.5043,18.746
953,15,40,0.662,0.000,0.7914,7.828
954,0,26,0.261,0.000,0.1586,3.418
954,1,27,0.313,0.000,0.1590,3.418
954,2,28,0.666,0.000,0.1591,3.419
954,3,29,1.505,0.000,0.1591,3.418
954,4,30,0.471,0.000,0.1582,3.418
954,5,31,0.229,0.000,0.1588,3.419
954,6,32,0.749,0.000,0.1590,3.418
954,7,33,0.525,0.000,0.1588,3.418
954,8,34,0.986,1000.000,0.1581,3.418
954,9,35,1.218,0.000,0.1588,15.081
954,10,36,0.423,1028.264,1.1039,1.978
954,11,37,0.747,0.000,0.5554,122.682
954,12,38,0.300,0.000,4.4272,49.049
954,13,39,0.876,0.000,2.5043,18.746
954,14,40,1.594,0.000,0.7914,7.828
954,15,41,0.358,0.000,0.8821,1.186
955,0,27,0.753,0.000,0.1590,3.418
955,1,28,0.487,0.000,0.1591,3.419
955,2,29,0.657,0.000,0.1591,3.418
955,3,30,0.687,0.000,0.1582,3.418
955,4,31,0.406,0.000,0.1588,3.419
955,5,32,0.411,0.000,0.1590,3.418
955,6,33,0.621,0.000,0.1588,3.418
955,7,34,0.816,1000.000,0.1581,3.418
955,8,35,0.311,0.000,0.1588,15.081
955,9,36,0.760,1028.264,1.1039,1.978
955,10,37,0.186,0.000,0.5554,122.682
955,11,38,0.690,0.000,4.4272,49.049
955,12,39,0.740,0.000,2.5043,18.746
955,13,40,0.906,0.000,0.7914,7.828
955,14,41,0.699,0.000,0.8821,1.186
955,15,42,1.154,0.000,0.1088,1.181
956,0,28,0.163,0.000,0.1591,3.419
956,1,29,0.791,0.000,0.1591,3.418
956,2,30,0.393,0.000,0.1582,3.418
956,3,31,0.875,0.000,0.1588,3.419
956,4,32,1.027,0.000,0.1590,3.418
956,5,33,0.455,0.000,0.1588,3.418
956,6,34,0.302,1000.000,0.1581,3.418
956,7,35,0.754,0.000,0.1588,15.081
956,8,36,1.972,1028.264,1.1039,1.978
956,9,37,0.712,0.000,0.5554,122.682
956,10,38,0.243,0.000,4.4272,49.049
956,11,39,0.555,0.000,2.5043,18.746
956,12,40,0.256,0.000,0.7914,7.828
956,13,41,0.415,0.000,0.8821,1.186
956,14,42,0.408,0.000,0.1088,1.181
956,15,43,0.816,0.000,0.1134,1.182
957,0,29,0.526,0.000,0.1591,3.418
957,1,30,0.785,0.000,0.1582,3.418
957,2,31,0.757,0.000,0.1588,3.419
957,3,32,2.473,0.000,0.1590,3.418
957,4,33,0.760,0.000,0.1588,3.418
957,5,34,1.500,1000.000,0.1581,3.418
957,6,35,1.916,0.000,0.1588,15.081
957,7,36,1.159,1028.264,1.1039,1.978
957,8,37,0.509,0.000,0.5554,122.682
957,9,38,0.710,0.000,4.4272,49.049
957,10,39,0.660,0.000,2.5043,18.746
957,11,40,0.521,0.000,0.7914,7.828
957,12,41,1.459,0.000,0.8821,1.186
957,13,42,0.412,0.000,0.1088,1.181
957,14,43,2.310,0.000,0.1134,1.182
957,15,44,0.237,0.000,0.1141,1.181
958,0,30,1.675,0.000,0.1582,3.418
958,1,31,1.222,0.000,0.1588,3.419
958,2,32,0.148,0.000,0.1590,3.418
958,3,33,1.409,0.000,0.1588,3.418
958,4,34,0.966,1000.000,0.1581,3.418
958,5,35,1.631,0.000,0.1588,15.081
958,6,36,1.495,1028.264,1.1039,1.978
958,7,37,0.478,0.000,0.5554,122.682
958,8,38,0.764,0.000,4.4272,49.049
958,9,39,0.467,0.000,2.5043,18.746
958,10,40,2.243,0.000,0.7914,7.828
958,11,41,0.882,0.000,0.8821,1.186
958,12,42,0.623,0.000,0.1088,1.181
958,13,43,0.850,0.000,0.1134,1.182
958,14,44,1.339,0.000,0.1141,1.181
958,15,45,1.833,0.000,0.1139,1.181
959,0,31,0.712,0.000,0.1588,3.419
959,1,32,0.445,0.000,0.1590,3.418
959,2,33,0.829,0.000,0.1588,3.418
959,3,34,1.717,1000.000,0.1581,3.418
959,4,35,99.454,0.000,0.1588,15.081
959,5,36,1.303,1028.264,1.1039,1.978
959,6,37,102.519,0.000,0.5554,122.682
959,7,38,0.622,0.000,4.4272,49.049
959,8,39,0.929,0.000,2.5043,18.746
959,9,40,0.475,0.000,0.7914,7.828
959,10,41,1.045,0.000,0.8821,1.186
959,11,42,0.554,0.000,0.1088,1.181
959,12,43,0.838,0.000,0.1134,1.182
959,13,44,0.634,0.000,0.1141,1.181
959,14,45,1.169,0.000,0.1139,1.181
959,15,46,0.257,0.000,0.1141,1.181
960,0,32,1.133,0.000,0.1590,3.418
960,1,33,0.517,0.000,0.1588,3.418
960,2,34,0.276,1000.000,0.1581,3.418
960,3,35,98.797,0.000,0.1588,15.081
960,4,36,0.728,1028.264,1.1039,1.978
960,5,37,100.695,0.000,0.5554,122.682
960,6,38,0.410,0.000,4.4272,49.049
960,7,39,0.482,0.000,2.5043,18.746
960,8,40,0.681,0.000,0.7914,7.828
960,9,41,0.403,0.000,0.8821,1.186
960,10,42,0.335,0.000,0.1088,1.181
960,11,43,0.148,0.000,0.1134,1.182
960,12,44,0.729,0.000,0.1141,1.181
960,13,45,0.353,0.000,0.1139,1.181
960,14,46,0.533,0.000,0.1141,1.181
960,15,47,0.571,0.000,0.1150,1.181
961,0,33,0.470,0.000,0.1588,3.418
961,1,34,0.756,1000.000,0.1581,3.418
961,2,35,99.756,0.000,0.1588,15.081
961,3,36,1.052,1028.264,1.1039,1.978
961,4,37,93.066,0.000,0.5554,122.682
961,5,38,1.385,0.000,4.4272,49.049
961,6,39,0.737,0.000,2.5043,18.746
961,7,40,0.839,0.000,0.7914,7.828
961,8,41,0.414,0.000,0.8821,1.186
961,9,42,0.869,0.000,0.1088,1.181
961,10,43,0.776,0.000,0.1134,1.182
961,11,44,0.612,0.000,0.1141,1.181
961,12,45,0.528,0.000,0.1139,1.181
961,13,46,0.235,0.000,0.1141,1.181
961,14,47,0.931,0.000,0.1150,1.181
961,15,48,0.369,0.000,0.1140,1.181
962,0,34,0.610,1000.000,0.1581,3.418
962,1,35,0.366,0.000,0.1588,15.081
962,2,36,0.472,1028.264,1.1039,1.978
962,3,37,1.135,0.000,0.5554,122.682
962,4,38,0.537,0.000,4.4272,49.049
962,5,39,1.304,0.000,2.5043,18.746
962,6,40,1.472,0.000,0.7914,7.828
962,7,41,0.481,0.000,0.8821,1.186
962,8,42,0.636,0.000,0.1088,1.181
962,9,43,1.138,0.000,0.1134,1.182
962,10,44,0.699,0.000,0.1141,1.181
962,11,45,0.637,0.000,0.1139,1.181
962,12,46,0.793,0.000,0.1141,1.181
962,13,47,0.697,0.000,0.1150,1.181
962,14,48,1.420,0.000,0.1140,1.181
962,15,49,1.017,0.000,0.1151,1.181
963,0,35,1.024,0.000,0.1588,15.081
963,1,36,3.658,1028.264,1.1039,1.978
963,2,37,1.413,0.000,0.5554,122.682
963,3,38,0.387,0.000,4.4272,49.049
963,4,39,0.587,0.000,2.5043,18.746
963,5,40,0.574,0.000,0.7914,7.828
963,6,41,0.974,0.000,0.8821,1.186
963,7,42,0.293,0.000,0.1088,1.181
963,8,43,1.143,0.000,0.1134,1.182
963,9,44,0.527,0.000,0.1141,1.181
963,10,45,1.019,0.000,0.1139,1.181
963,11,46,0.545,0.000,0.1141,1.181
963,12,47,0.753,0.000,0.1150,1.181
963,13,48,0.653,0.000,0.1140,1.181
963,14,49,0.954,0.000,0.1151,1.181
963,15,50,1.124,0.000,0.1154,1.181
964,0,36,0.569,1028.264,1.1039,1.978
964,1,37,1.840,0.000,0.5554,122.682
964,2,38,0.617,0.000,4.4272,49.049
964,3,39,0.987,0.000,2.5043,18.746
964,4,40,0.812,0.000,0.7914,7.828
964,5,41,1.095,0.000,0.8821,1.186
964,6,42,0.602,0.000,0.1088,1.181
964,7,43,0.521,0.000,0.1134,1.182
964,8,44,0.789,0.000,0.1141,1.181
964,9,45,0.796,0.000,0.1139,1.181
964,10,46,0.865,0.000,0.1141,1.181
964,11,47,0.415,0.000,0.1150,1.181
964,12,48,1.091,0.000,0.1140,1.181
964,13,49,0.818,0.000,0.1151,1.181
964,14,50,4.793,0.000,0.1154,1.181
964,15,51,2.472,258.820,0.1156,1.181
965,0,37,1.818,0.000,0.5554,122.682
965,1,38,0.963,0.000,4.4272,49.049
965,2,39,0.673,0.000,2.5043,18.746
965,3,40,1.052,0.000,0.7914,7.828
965,4,41,0.112,0.000,0.8821,1.186
965,5,42,0.661,0.000,0.1088,1.181
965,6,43,0.602,0.000,0.1134,1.182
965,7,44,0.767,0.000,0.1141,1.181
965,8,45,0.441,0.000,0.1139,1.181
965,9,46,0.590,0.000,0.1141,1.181
965,10,47,0.286,0.000,0.1150,1.181
965,11,48,0.278,0.000,0.1140,1.181
965,12,49,0.922,0.000,0.1151,1.181
965,13,50,1.052,0.000,0.1154,1.181
965,14,51,4.856,258.820,0.1156,1.181
965,15,52,3.585,0.000,0.1162,25.779
966,0,38,0.569,0.000,4.4272,49.049
966,1,39,0.516,0.000,2.5043,18.746
966,2,40,0.141,0.000,0.7914,7.828
966,3,41,0.808,0.000,0.8821,1.186
966,4,42,0.408,0.000,0.1088,1.181
966,5,43,0.283,0.000,0.1134,1.182
966,6,44,0.615,0.000,0.1141,1.181
966,7,45,1.021,0.000,0.1139,1.181
966,8,46,0.283,0.000,0.1141,1.181
966,9,47,1.014,0.000,0.1150,1.181
966,10,48,0.172,0.000,0.1140,1.181
966,11,49,0.526,0.000,0.1151,1.181
966,12,50,3.467,0.000,0.1154,1.181
966,13,51,0.614,258.820,0.1156,1.181
966,14,52,10.136,0.000,0.1162,25.779
966,15,53,3.669,241.181,0.1184,4.674
967,0,39,0.507,0.000,2.5043,18.746
967,1,40,0.438,0.000,0.7914,7.828
967,2,41,0.189,0.000,0.8821,1.186
967,3,42,0.361,0.000,0.1088,1.181
967,4,43,0.290,0.000,0.1134,1.182
967,5,44,0.566,0.000,0.1141,1.181
967,6,45,0.199,0.000,0.1139,1.181
967,7,46,0.511,0.000,0.1141,1.181
967,8,47,0.569,0.000,0.1150,1.181
967,9,48,0.739,0.000,0.1140,1.181
967,10,49,0.691,0.000,0.1151,1.181
967,11,50,0.943,0.000,0.1154,1.181
967,12,51,1.831,258.820,0.1156,1.181
967,13,52,0.713,0.000,0.1162,25.779
967,14,53,0.945,241.181,0.1184,4.674
967,15,54,0.093,0.000,0.1207,23.199
968,0,40,1.117,0.000,0.7914,7.828
968,1,41,1.192,0.000,0.8821,1.186
968,2,42,0.554,0.000,0.1088,1.181
968,3,43,0.535,0.000,0.1134,1.182
968,4,44,0.374,0.000,0.1141,1.181
968,5,45,1.110,0.000,0.1139,1.181
968,6,46,0.641,0.000,0.1141,1.181
968,7,47,0.550,0.000,0.1150,1.181
968,8,48,0.628,0.000,0.1140,1.181
968,9,49,0.224,0.000,0.1151,1.181
968,10,50,0.608,0.000,0.1154,1.181
968,11,51,1.030,258.820,0.1156,1.181
968,12,52,4.954,0.000,0.1162,25.779
968,13,53,2.346,241.181,0.1184,4.674
968,14,54,3.850,0.000,0.1207,23.199
968,15,55,1.982,207.107,0.1190,4.965
969,0,41,0.810,0.000,0.8821,1.186
969,1,42,2.456,0.000,0.1088,1.181
969,2,43,0.575,0.000,0.1134,1.182
969,3,44,0.480,0.000,0.1141,1.181
969,4,45,0.512,0.000,0.1139,1.181
969,5,46,1.065,0.000,0.1141,1.181
969,6,47,1.044,0.000,0.1150,1.181
969,7,48,1.359,0.000,0.1140,1.181
969,8,49,0.822,0.000,0.1151,1.181
969,9,50,1.477,0.000,0.1154,1.181
969,10,51,1.771,258.820,0.1156,1.181
969,11,52,1.435,0.000,0.1162,25.779
969,12,53,0.980,241.181,0.1184,4.674
969,13,54,0.992,0.000,0.1207,23.199
969,14,55,0.765,207.107,0.1190,4.965
969,15,56,1.209,0.000,0.1217,19.496
970,0,42,0.829,0.000,0.1088,1.181
970,1,43,1.234,0.000,0.1134,1.182
970,2,44,0.552,0.000,0.1141,1.181
970,3,45,0.846,0.000,0.1139,1.181
970,4,46,1.166,0.000,0.1141,1.181
970,5,47,1.223,0.000,0.1150,1.181
970,6,48,0.627,0.000,0.1140,1.181
970,7,49,0.582,0.000,0.1151,1.181
970,8,50,0.291,0.000,0.1154,1.181
970,9,51,0.980,258.820,0.1156,1.181
970,10,52,1.015,0.000,0.1162,25.779
970,11,53,0.512,241.181,0.1184,4.674
970,12,54,0.992,0.000,0.1207,23.199
970,13,55,0.343,207.107,0.1190,4.965
970,14,56,0.562,0.000,0.1217,19.496
970,15,57,0.564,158.918,0.1206,4.055
971,0,43,2.283,0.000,0.1134,1.182
971,1,44,0.532,0.000,0.1141,1.181
971,2,45,0.667,0.000,0.1139,1.181
971,3,46,0.740,0.000,0.1141,1.181
971,4,47,0.555,0.000,0.1150,1.181
971,5,48,0.679,0.000,0.1140,1.181
971,6,49,1.355,0.000,0.1151,1.181
971,7,50,0.744,0.000,0.1154,1.181
971,8,51,1.563,258.820,0.1156,1.181
971,9,52,2.940,0.000,0.1162,25.779
971,10,53,0.822,241.181,0.1184,4.674
971,11,54,2.792,0.000,0.1207,23.199
971,12,55,1.353,207.107,0.1190,4.965
971,13,56,2.762,0.000,0.1217,19.496
971,14,57,2.563,158.918,0.1206,4.055
971,15,58,1.638,99.901,0.1198,14.812
972,0,44,0.783,0.000,0.1141,1.181
972,1,45,0.739,0.000,0.1139,1.181
972,2,46,0.426,0.000,0.1141,1.181
972,3,47,0.822,0.000,0.1150,1.181
972,4,48,0.457,0.000,0.1140,1.181
972,5,49,0.575,0.000,0.1151,1.181
972,6,50,0.400,0.000,0.1154,1.181
972,7,51,1.107,258.820,0.1156,1.181
972,8,52,1.171,0.000,0.1162,25.779
972,9,53,2.296,241.181,0.1184,4.674
972,10,54,1.964,0.000,0.1207,23.199
972,11,55,1.297,207.107,0.1190,4.965
972,12,56,0.571,0.000,0.1217,19.496
972,13,57,1.989,158.918,0.1206,4.055
972,14,58,1.876,99.901,0.1198,14.812
972,15,59,0.938,34.074,0.1203,9.333
973,0,45,0.980,0.000,0.1139,1.181
973,1,46,2.046,0.000,0.1141,1.181
973,2,47,0.519,0.000,0.1150,1.181
973,3,48,0.907,0.000,0.1140,1.181
973,4,49,0.276,0.000,0.1151,1.181
973,5,50,0.736,0.000,0.1154,1.181
973,6,51,1.909,258.820,0.1156,1.181
973,7,52,2.776,0.000,0.1162,25.779
973,8,53,0.755,241.181,0.1184,4.674
973,9,54,2.066,0.000,0.1207,23.199
973,10,55,1.330,207.107,0.1190,4.965
973,11,56,1.724,0.000,0.1217,19.496
973,12,57,0.936,158.918,0.1206,4.055
973,13,58,0.515,99.901,0.1198,14.812
973,14,59,0.520,34.074,0.1203,9.333
973,15,60,0.277,0.000,0.1196,4.498
974,0,46,0.701,0.000,0.1141,1.181
974,1,47,0.675,0.000,0.1150,1.181
974,2,48,1.348,0.000,0.1140,1.181
974,3,49,1.015,0.000,0.1151,1.181
974,4,50,2.526,0.000,0.1154,1.181
974,5,51,4.052,258.820,0.1156,1.181
974,6,52,4.152,0.000,0.1162,25.779
974,7,53,4.088,241.181,0.1184,4.674
974,8,54,2.782,0.000,0.1207,23.199
974,9,55,4.910,207.107,0.1190,4.965
974,10,56,1.321,0.000,0.1217,19.496
974,11,57,4.822,158.918,0.1206,4.055
974,12,58,3.365,99.901,0.1198,14.812
974,13,59,1.221,34.074,0.1203,9.333
974,14,60,2.790,0.000,0.1196,4.498
974,15,61,0.610,0.000,0.0585,2.100
975,0,47,2.612,0.000,0.1150,1.181
975,1,48,1.747,0.000,0.1140,1.181
975,2,49,1.097,0.000,0.1151,1.181
975,3,50,0.905,0.000,0.1154,1.181
975,4,51,2.454,258.820,0.1156,1.181
975,5,52,12.425,0.000,0.1162,25.779
975,6,53,3.721,241.181,0.1184,4.674
975,7,54,11.165,0.000,0.1207,23.199
975,8,55,3.776,207.107,0.1190,4.965
975,9,56,8.851,0.000,0.1217,19.496
975,10,57,2.974,158.918,0.1206,4.055
975,11,58,5.323,99.901,0.1198,14.812
975,12,59,1.885,34.074,0.1203,9.333
975,13,60,1.378,0.000,0.1196,4.498
975,14,61,0.462,0.000,0.0585,2.100
975,15,62,0.730,0.000,0.1120,2.103
976,0,48,5.766,0.000,0.1140,1.181
976,1,49,1.957,0.000,0.1151,1.181
976,2,50,0.984,0.000,0.1154,1.181
976,3,51,2.337,258.820,0.1156,1.181
976,4,52,4.786,0.000,0.1162,25.779
976,5,53,3.885,241.181,0.1184,4.674
976,6,54,5.915,0.000,0.1207,23.199
976,7,55,5.353,207.107,0.1190,4.965
976,8,56,1.949,0.000,0.1217,19.496
976,9,57,2.440,158.918,0.1206,4.055
976,10,58,1.923,99.901,0.1198,14.812
976,11,59,0.910,34.074,0.1203,9.333
976,12,60,0.533,0.000,0.1196,4.498
976,13,61,0.362,0.000,0.0585,2.100
976,14,62,0.995,0.000,0.1120,2.103
976,15,63,0.477,0.000,0.1315,2.095
977,0,49,0.479,0.000,0.1151,1.181
977,1,50,1.494,0.000,0.1154,1.181
977,2,51,4.094,258.820,0.1156,1.181
977,3,52,15.446,0.000,0.1162,25.779
977,4,53,7.427,241.181,0.1184,4.674
977,5,54,14.020,0.000,0.1207,23.199
977,6,55,6.594,207.107,0.1190,4.965
977,7,56,11.273,0.000,0.1217,19.496
977,8,57,5.331,158.918,0.1206,4.055
977,9,58,7.377,99.901,0.1198,14.812
977,10,59,3.838,34.074,0.1203,9.333
977,11,60,0.947,0.000,0.1196,4.498
977,12,61,1.575,0.000,0.0585,2.100
977,13,62,0.740,0.000,0.1120,2.103
977,14,63,0.657,0.000,0.1315,2.095
977,15,64,0.533,0.000,0.1621,2.105
978,0,50,2.060,0.000,0.1154,1.181
978,1,51,13.382,258.820,0.1156,1.181
978,2,52,2.334,0.000,0.1162,25.779
978,3,53,12.996,241.181,0.1184,4.674
978,4,54,4.077,0.000,0.1207,23.199
978,5,55,11.380,207.107,0.1190,4.965
978,6,56,1.750,0.000,0.1217,19.496
978,7,57,8.412,158.918,0.1206,4.055
978,8,58,4.047,99.901,0.1198,14.812
978,9,59,2.038,34.074,0.1203,9.333
978,10,60,1.152,0.000,0.1196,4.498
978,11,61,0.381,0.000,0.0585,2.100
978,12,62,0.260,0.000,0.1120,2.103
978,13,63,0.717,0.000,0.1315,2.095
978,14,64,0.352,0.000,0.1621,2.105
978,15,65,0.467,0.000,0.1294,2.092
979,0,51,9.100,258.820,0.1156,1.181
979,1,52,8.235,0.000,0.1162,25.779
979,2,53,8.262,241.181,0.1184,4.674
979,3,54,6.935,0.000,0.1207,23.199
979,4,55,7.280,207.107,0.1190,4.965
979,5,56,4.747,0.000,0.1217,19.496
979,6,57,8.336,158.918,0.1206,4.055
979,7,58,6.233,99.901,0.1198,14.812
979,8,59,1.726,34.074,0.1203,9.333
979,9,60,0.414,0.000,0.1196,4.498
979,10,61,0.569,0.000,0.0585,2.100
979,11,62,0.661,0.000,0.1120,2.103
979,12,63,0.973,0.000,0.1315,2.095
979,13,64,0.285,0.000,0.1621,2.105
979,14,65,0.972,0.000,0.1294,2.092
979,15,66,0.491,0.000,0.1721,2.105
980,0,52,0.860,0.000,0.1162,25.779
980,1,53,10.424,241.181,0.1184,4.674
980,2,54,1.658,0.000,0.1207,23.199
980,3,55,9.243,207.107,0.1190,4.965
980,4,56,1.864,0.000,0.1217,19.496
980,5,57,6.130,158.918,0.1206,4.055
980,6,58,3.058,99.901,0.1198,14.812
980,7,59,1.579,34.074,0.1203,9.333
980,8,60,0.453,0.000,0.1196,4.498
980,9,61,0.703,0.000,0.0585,2.100
980,10,62,0.903,0.000,0.1120,2.103
980,11,63,0.730,0.000,0.1315,2.095
980,12,64,0.271,0.000,0.1621,2.105
980,13,65,0.374,0.000,0.1294,2.092
980,14,66,0.261,0.000,0.1721,2.105
980,15,67,0.431,0.000,0.1332,2.101
981,0,53,1.233,241.181,0.1184,4.674
981,1,54,3.061,0.000,0.1207,23.199
981,2,55,1.113,207.107,0.1190,4.965
981,3,56,3.258,0.000,0.1217,19.496
981,4,57,1.122,158.918,0.1206,4.055
981,5,58,2.605,99.901,0.1198,14.812
981,6,59,3.146,34.074,0.1203,9.333
981,7,60,0.512,0.000,0.1196,4.498
981,8,61,0.757,0.000,0.0585,2.100
981,9,62,0.715,0.000,0.1120,2.103
981,10,63,0.608,0.000,0.1315,2.095
981,11,64,0.340,0.000,0.1621,2.105
981,12,65,0.108,0.000,0.1294,2.092
981,13,66,0.763,0.000,0.1721,2.105
981,14,67,0.472,0.000,0.1332,2.101
981,15,68,0.603,0.000,0.1524,2.095
982,0,54,9.135,0.000,0.1207,23.199
982,1,55,0.804,207.107,0.1190,4.965
982,2,56,5.531,0.000,0.1217,19.496
982,3,57,1.231,158.918,0.1206,4.055
982,4,58,4.345,99.901,0.1198,14.812
982,5,59,1.042,34.074,0.1203,9.333
982,6,60,0.584,0.000,0.1196,4.498
982,7,61,0.820,0.000,0.0585,2.100
982,8,62,0.116,0.000,0.1120,2.103
982,9,63,0.787,0.000,0.1315,2.095
982,10,64,0.325,0.000,0.1621,2.105
982,11,65,0.205,0.000,0.1294,2.092
982,12,66,0.816,0.000,0.1721,2.105
982,13,67,0.568,0.000,0.1332,2.101
982,14,68,3.373,0.000,0.1524,2.095
982,15,69,0.433,0.000,0.1698,2.098
983,0,55,0.541,207.107,0.1190,4.965
983,1,56,1.485,0.000,0.1217,19.496
983,2,57,1.324,158.918,0.1206,4.055
983,3,58,0.802,99.901,0.1198,14.812
983,4,59,0.461,34.074,0.1203,9.333
983,5,60,0.315,0.000,0.1196,4.498
983,6,61,0.746,0.000,0.0585,2.100
983,7,62,0.605,0.000,0.1120,2.103
983,8,63,0.337,0.000,0.1315,2.095
983,9,64,0.486,0.000,0.1621,2.105
983,10,65,0.616,0.000,0.1294,2.092
983,11,66,0.321,0.000,0.1721,2.105
983,12,67,0.566,0.000,0.1332,2.101
983,13,68,0.348,0.000,0.1524,2.095
983,14,69,0.402,0.000,0.1698,2.098
983,15,70,0.548,0.000,0.1601,2.097
984,0,56,0.901,0.000,0.1217,19.496
984,1,57,8.030,158.918,0.1206,4.055
984,2,58,4.748,99.901,0.1198,14.812
984,3,59,2.669,34.074,0.1203,9.333
984,4,60,0.514,0.000,0.1196,4.498
984,5,61,0.675,0.000,0.0585,2.100
984,6,62,0.841,0.000,0.1120,2.103
984,7,63,0.362,0.000,0.1315,2.095
984,8,64,0.729,0.000,0.1621,2.105
984,9,65,0.680,0.000,0.1294,2.092
984,10,66,0.788,0.000,0.1721,2.105
984,11,67,0.444,0.000,0.1332,2.101
984,12,68,0.448,0.000,0.1524,2.095
984,13,69,1.740,0.000,0.1698,2.098
984,14,70,1.814,0.000,0.1601,2.097
984,15,71,0.704,0.000,0.1668,2.090
985,0,57,1.970,158.918,0.1206,4.055
985,1,58,1.217,99.901,0.1198,14.812
985,2,59,1.792,34.074,0.1203,9.333
985,3,60,0.411,0.000,0.1196,4.498
985,4,61,0.668,0.000,0.0585,2.100
985,5,62,1.032,0.000,0.1120,2.103
985,6,63,1.093,0.000,0.1315,2.095
985,7,64,0.225,0.000,0.1621,2.105
985,8,65,0.446,0.000,0.1294,2.092
985,9,66,0.325,0.000,0.1721,2.105
985,10,67,0.365,0.000,0.1332,2.101
985,11,68,0.400,0.000,0.1524,2.095
985,12,69,0.575,0.000,0.1698,2.098
985,13,70,0.966,0.000,0.1601,2.097
985,14,71,3.234,0.000,0.1668,2.090
985,15,72,1.794,0.000,0.1851,2.089
986,0,58,1.493,99.901,0.1198,14.812
986,1,59,0.666,34.074,0.1203,9.333
986,2,60,0.685,0.000,0.1196,4.498
986,3,61,0.368,0.000,0.0585,2.100
986,4,62,0.564,0.000,0.1120,2.103
986,5,63,2.421,0.000,0.1315,2.095
986,6,64,0.843,0.000,0.1621,2.105
986,7,65,0.461,0.000,0.1294,2.092
986,8,66,1.078,0.000,0.1721,2.105
986,9,67,0.545,0.000,0.1332,2.101
986,10,68,0.130,0.000,0.1524,2.095
986,11,69,0.649,0.000,0.1698,2.098
986,12,70,1.749,0.000,0.1601,2.097
986,13,71,1.376,0.000,0.1668,2.090
986,14,72,0.827,0.000,0.1851,2.089
986,15,73,0.862,0.000,0.1894,2.091
987,0,59,5.499,34.074,0.1203,9.333
987,1,60,0.997,0.000,0.1196,4.498
987,2,61,0.387,0.000,0.0585,2.100
987,3,62,0.308,0.000,0.1120,2.103
987,4,63,0.403,0.000,0.1315,2.095
987,5,64,0.563,0.000,0.1621,2.105
987,6,65,0.374,0.000,0.1294,2.092
987,7,66,0.105,0.000,0.1721,2.105
987,8,67,0.323,0.000,0.1332,2.101
987,9,68,0.240,0.000,0.1524,2.095
987,10,69,0.476,0.000,0.1698,2.098
987,11,70,0.375,0.000,0.1601,2.097
987,12,71,0.353,0.000,0.1668,2.090
987,13,72,0.272,0.000,0.1851,2.089
987,14,73,0.165,0.000,0.1894,2.091
987,15,74,0.362,0.000,0.1856,2.096
988,0,60,1.456,0.000,0.1196,4.498
988,1,61,0.571,0.000,0.0585,2.100
988,2,62,0.308,0.000,0.1120,2.103
988,3,63,0.398,0.000,0.1315,2.095
988,4,64,0.673,0.000,0.1621,2.105
988,5,65,0.436,0.000,0.1294,2.092
988,6,66,0.240,0.000,0.1721,2.105
988,7,67,0.767,0.000,0.1332,2.101
988,8,68,0.529,0.000,0.1524,2.095
988,9,69,0.597,0.000,0.1698,2.098
988,10,70,0.388,0.000,0.1601,2.097
988,11,71,0.435,0.000,0.1668,2.090
988,12,72,0.370,0.000,0.1851,2.089
988,13,73,0.344,0.000,0.1894,2.091
988,14,74,0.648,0.000,0.1856,2.096
988,15,75,0.451,0.000,0.1751,2.088
989,0,61,0.501,0.000,0.0585,2.100
989,1,62,0.918,0.000,0.1120,2.103
989,2,63,0.598,0.000,0.1315,2.095
989,3,64,0.511,0.000,0.1621,2.105
989,4,65,0.625,0.000,0.1294,2.092
989,5,66,0.383,0.000,0.1721,2.105
989,6,67,0.668,0.000,0.1332,2.101
989,7,68,0.542,0.000,0.1524,2.095
989,8,69,0.801,0.000,0.1698,2.098
989,9,70,0.448,0.000,0.1601,2.097
989,10,71,0.672,0.000,0.1668,2.090
989,11,72,0.905,0.000,0.1851,2.089
989,12,73,0.469,0.000,0.1894,2.091
989,13,74,0.383,0.000,0.1856,2.096
989,14,75,0.650,0.000,0.1751,2.088
989,15,76,0.187,0.000,0.1969,2.096
990,0,62,0.738,0.000,0.1120,2.103
990,1,63,0.448,0.000,0.1315,2.095
990,2,64,0.502,0.000,0.1621,2.105
990,3,65,0.410,0.000,0.1294,2.092
990,4,66,0.757,0.000,0.1721,2.105
990,5,67,0.320,0.000,0.1332,2.101
990,6,68,0.369,0.000,0.1524,2.095
990,7,69,0.612,0.000,0.1698,2.098
990,8,70,0.562,0.000,0.1601,2.097
990,9,71,1.005,0.000,0.1668,2.090
990,10,72,0.301,0.000,0.1851,2.089
990,11,73,0.472,0.000,0.1894,2.091
990,12,74,0.647,0.000,0.1856,2.096
990,13,75,1.130,0.000,0.1751,2.088
990,14,76,1.068,0.000,0.1969,2.096
991,0,63,1.157,0.000,0.1315,2.095
991,1,64,0.423,0.000,0.1621,2.105
991,2,65,0.658,0.000,0.1294,2.092
991,3,66,0.284,0.000,0.1721,2.105
991,4,67,0.639,0.000,0.1332,2.101
991,5,68,0.771,0.000,0.1524,2.095
991,6,69,0.832,0.000,0.1698,2.098
991,7,70,0.927,0.000,0.1601,2.097
991,8,71,0.219,0.000,0.1668,2.090
991,9,72,0.468,0.000,0.1851,2.089
991,10,73,0.751,0.000,0.1894,2.091
991,11,74,0.542,0.000,0.1856,2.096
991,12,75,0.819,0.000,0.1751,2.088
991,13,76,1.235,0.000,0.1969,2.096
992,0,64,0.794,0.000,0.1621,2.105
992,1,65,0.805,0.000,0.1294,2.092
992,2,66,0.738,0.000,0.1721,2.105
992,3,67,0.384,0.000,0.1332,2.101
992,4,68,0.214,0.000,0.1524,2.095
992,5,69,0.240,0.000,0.1698,2.098
992,6,70,0.324,0.000,0.1601,2.097
992,7,71,0.784,0.000,0.1668,2.090
992,8,72,0.918,0.000,0.1851,2.089
992,9,73,0.567,0.000,0.1894,2.091
992,10,74,0.689,0.000,0.1856,2.096
992,11,75,0.640,0.000,0.1751,2.088
992,12,76,1.213,0.000,0.1969,2.096
993,0,65,0.673,0.000,0.1294,2.092
993,1,66,0.864,0.000,0.1721,2.105
993,2,67,0.803,0.000,0.1332,2.101
993,3,68,0.562,0.000,0.1524,2.095
993,4,69,0.760,0.000,0.1698,2.098
993,5,70,1.016,0.000,0.1601,2.097
993,6,71,1.093,0.000,0.1668,2.090
993,7,72,1.050,0.000,0.1851,2.089
993,8,73,0.783,0.000,0.1894,2.091
993,9,74,1.287,0.000,0.1856,2.096
993,10,75,1.164,0.000,0.1751,2.088
993,11,76,1.243,0.000,0.1969,2.096
994,0,66,0.743,0.000,0.1721,2.105
994,1,67,0.492,0.000,0.1332,2.101
994,2,68,1.473,0.000,0.1524,2.095
994,3,69,0.727,0.000,0.1698,2.098
994,4,70,1.016,0.000,0.1601,2.097
994,5,71,0.988,0.000,0.1668,2.090
994,6,72,0.102,0.000,0.1851,2.089
994,7,73,0.527,0.000,0.1894,2.091
994,8,74,0.399,0.000,0.1856,2.096
994,9,75,0.872,0.000,0.1751,2.088
994,10,76,0.797,0.000,0.1969,2.096
995,0,67,1.769,0.000,0.1332,2.101
995,1,68,2.271,0.000,0.1524,2.095
995,2,69,1.123,0.000,0.1698,2.098
995,3,70,1.630,0.000,0.1601,2.097
995,4,71,1.186,0.000,0.1668,2.090
995,5,72,0.836,0.000,0.1851,2.089
995,6,73,0.959,0.000,0.1894,2.091
995,7,74,1.174,0.000,0.1856,2.096
995,8,75,1.594,0.000,0.1751,2.088
995,9,76,1.418,0.000,0.1969,2.096
996,0,68,2.150,0.000,0.1524,2.095
996,1,69,2.512,0.000,0.1698,2.098
996,2,70,0.387,0.000,0.1601,2.097
996,3,71,1.591,0.000,0.1668,2.090
996,4,72,1.427,0.000,0.1851,2.089
996,5,73,2.476,0.000,0.1894,2.091
996,6,74,3.217,0.000,0.1856,2.096
996,7,75,4.326,0.000,0.1751,2.088
996,8,76,2.934,0.000,0.1969,2.096
997,0,69,2.343,0.000,0.1698,2.098
997,1,70,1.823,0.000,0.1601,2.097
997,2,71,1.968,0.000,0.1668,2.090
997,3,72,1.435,0.000,0.1851,2.089
997,4,73,1.214,0.000,0.1894,2.091
997,5,74,2.107,0.000,0.1856,2.096
997,6,75,1.854,0.000,0.1751,2.088
997,7,76,1.227,0.000,0.1969,2.096
998,0,70,2.688,0.000,0.1601,2.097
998,1,71,1.720,0.000,0.1668,2.090
998,2,72,1.079,0.000,0.1851,2.089
998,3,73,1.087,0.000,0.1894,2.091
998,4,74,2.624,0.000,0.1856,2.096
998,5,75,2.423,0.000,0.1751,2.088
998,6,76,2.780,0.000,0.1969,2.096
999,0,71,3.320,0.000,0.1668,2.090
999,1,72,3.134,0.000,0.1851,2.089
999,2,73,2.658,0.000,0.1894,2.091
999,3,74,2.590,0.000,0.1856,2.096
999,4,75,2.993,0.000,0.1751,2.088
999,5,76,2.849,0.000,0.1969,2.096
1000,0,72,2.227,0.000,0.1851,2.089
1000,1,73,1.828,0.000,0.1894,2.091
1000,2,74,2.447,0.000,0.1856,2.096
1000,3,75,2.486,0.000,0.1751,2.088
1000,4,76,2.797,0.000,0.1969,2.096
1001,0,73,3.225,0.000,0.1894,2.091
1001,1,74,2.444,0.000,0.1856,2.096
1001,2,75,2.704,0.000,0.1751,2.088
1001,3,76,1.172,0.000,0.1969,2.096
1002,0,74,1.115,0.000,0.1856,2.096
1002,1,75,1.151,0.000,0.1751,2.088
1002,2,76,3.032,0.000,0.1969,2.096
1003,0,75,0.435,0.000,0.1751,2.088
1003,1,76,2.011,0.000,0.1969,2.096
1004,0,76,2.220,0.000,0.1969,2.096
1006,0,0,2.934,377.360,5.1008,37.736
1006,1,1,3.761,1084.125,3.8033,108.413
1006,2,2,5.546,2.527,0.3387,0.253
1006,3,3,0.820,0.003,0.0304,0.000
1006,4,4,1.495,0.001,0.0304,0.000
1006,5,5,0.943,0.001,0.0304,0.000
1006,6,6,1.366,0.002,0.0304,0.000
1006,7,7,0.541,0.003,0.0304,0.000
1006,8,8,0.453,0.001,0.0304,0.000
1006,9,9,1.336,0.002,0.0304,0.000
1006,10,10,1.231,0.003,0.0304,0.000
1006,11,11,0.502,3426.073,0.0304,0.000
1006,12,12,2.772,0.000,0.0304,342.607
1006,13,13,1.314,0.000,0.0304,162.445
1006,14,14,0.653,0.000,5.7688,19.527
1006,15,15,0.753,258.819,2.9785,0.118
1007,0,1,3.533,1084.125,3.8033,108.413
1007,1,2,1.501,2.527,0.3387,0.253
1007,2,3,0.576,0.003,0.0304,0.000
1007,3,4,0.866,0.001,0.0304,0.000
1007,4,5,1.421,0.001,0.0304,0.000
1007,5,6,0.491,0.002,0.0304,0.000
1007,6,7,0.509,0.003,0.0304,0.000
1007,7,8,1.544,0.001,0.0304,0.000
1007,8,9,0.928,0.002,0.0304,0.000
1007,9,10,0.264,0.003,0.0304,0.000
1007,10,11,0.974,3426.073,0.0304,0.000
1007,11,12,0.969,0.000,0.0304,342.607
1007,12,13,0.596,0.000,0.0304,162.445
1007,13,14,0.934,0.000,5.7688,19.527
1007,14,15,1.382,258.819,2.9785,0.118
1007,15,16,1.266,0.000,0.0154,25.741
1008,0,2,1.107,2.527,0.3387,0.253
1008,1,3,1.034,0.003,0.0304,0.000
1008,2,4,0.947,0.001,0.0304,0.000
1008,3,5,0.394,0.001,0.0304,0.000
1008,4,6,1.263,0.002,0.0304,0.000
1008,5,7,1.456,0.003,0.0304,0.000
1008,6,8,1.903,0.001,0.0304,0.000
1008,7,9,1.744,0.002,0.0304,0.000
1008,8,10,0.915,0.003,0.0304,0.000
1008,9,11,1.516,3426.073,0.0304,0.000
1008,10,12,0.983,0.000,0.0304,342.607
1008,11,13,2.488,0.000,0.0304,162.445
1008,12,14,0.534,0.000,5.7688,19.527
1008,13,15,0.735,258.819,2.9785,0.118
1008,14,16,1.168,0.000,0.0154,25.741
1008,15,17,0.481,241.182,0.0153,2.779
1009,0,3,0.710,0.003,0.0304,0.000
1009,1,4,0.771,0.001,0.0304,0.000
1009,2,5,1.133,0.001,0.0304,0.000
1009,3,6,0.509,0.002,0.0304,0.000
1009,4,7,1.098,0.003,0.0304,0.000
1009,5,8,0.566,0.001,0.0304,0.000
1009,6,9,0.894,0.002,0.0304,0.000
1009,7,10,1.215,0.003,0.0304,0.000
1009,8,11,1.083,3426.073,0.0304,0.000
1009,9,12,1.160,0.000,0.0304,342.607
1009,10,13,1.106,0.000,0.0304,162.445
1009,11,14,0.749,0.000,5.7688,19.527
1009,12,15,0.475,258.819,2.9785,0.118
1009,13,16,0.772,0.000,0.0154,25.741
1009,14,17,0.292,241.182,0.0153,2.779
1009,15,18,0.840,0.000,0.0147,23.344
1010,0,4,0.737,0.001,0.0304,0.000
1010,1,5,1.528,0.001,0.0304,0.000
1010,2,6,0.892,0.002,0.0304,0.000
1010,3,7,0.954,0.003,0.0304,0.000
1010,4,8,0.777,0.001,0.0304,0.000
1010,5,9,0.560,0.002,0.0304,0.000
1010,6,10,0.978,0.003,0.0304,0.000
1010,7,11,0.436,3426.073,0.0304,0.000
1010,8,12,0.811,0.000,0.0304,342.607
1010,9,13,0.516,0.000,0.0304,162.445
1010,10,14,0.359,0.000,5.7688,19.527
1010,11,15,0.951,258.819,2.9785,0.118
1010,12,16,0.982,0.000,0.0154,25.741
1010,13,17,1.029,241.182,0.0153,2.779
1010,14,18,0.548,0.000,0.0147,23.344
1010,15,19,1.100,207.106,0.0147,3.566
1011,0,5,0.986,0.001,0.0304,0.000
1011,1,6,0.547,0.002,0.0304,0.000
1011,2,7,1.166,0.003,0.0304,0.000
1011,3,8,0.553,0.001,0.0304,0.000
1011,4,9,1.611,0.002,0.0304,0.000
1011,5,10,0.673,0.003,0.0304,0.000
1011,6,11,1.594,3426.073,0.0304,0.000
1011,7,12,1.057,0.000,0.0304,342.607
1011,8,13,0.296,0.000,0.0304,162.445
1011,9,14,1.142,0.000,5.7688,19.527
1011,10,15,0.903,258.819,2.9785,0.118
1011,11,16,0.869,0.000,0.0154,25.741
1011,12,17,1.655,241.182,0.0153,2.779
1011,13,18,0.856,0.000,0.0147,23.344
1011,14,19,1.077,207.106,0.0147,3.566
1011,15,20,0.623,158.919,0.0140,19.787
1012,0,6,0.768,0.002,0.0304,0.000
1012,1,7,0.708,0.003,0.0304,0.000
1012,2,8,0.444,0.001,0.0304,0.000
1012,3,9,0.883,0.002,0.0304,0.000
1012,4,10,0.990,0.003,0.0304,0.000
1012,5,11,1.149,3426.073,0.0304,0.000
1012,6,12,0.827,0.000,0.0304,342.607
1012,7,13,1.454,0.000,0.0304,162.445
1012,8,14,0.505,0.000,5.7688,19.527
1012,9,15,0.236,258.819,2.9785,0.118
1012,10,16,0.211,0.000,0.0154,25.741
1012,11,17,0.380,241.182,0.0153,2.779
1012,12,18,0.433,0.000,0.0147,23.344
1012,13,19,0.990,207.106,0.0147,3.566
1012,14,20,0.492,158.919,0.0140,19.787
1012,15,21,0.567,99.900,0.0140,15.085
1013,0,7,13.079,0.003,0.0304,0.000
1013,1,8,0.580,0.001,0.0304,0.000
1013,2,9,1.531,0.002,0.0304,0.000
1013,3,10,0.851,0.003,0.0304,0.000
1013,4,11,1.974,3426.073,0.0304,0.000
1013,5,12,0.647,0.000,0.0304,342.607
1013,6,13,0.507,0.000,0.0304,162.445
1013,7,14,0.574,0.000,5.7688,19.527
1013,8,15,0.562,258.819,2.9785,0.118
1013,9,16,0.834,0.000,0.0154,25.741
1013,10,17,0.677,241.182,0.0153,2.779
1013,11,18,0.610,0.000,0.0147,23.344
1013,12,19,0.788,207.106,0.0147,3.566
1013,13,20,0.787,158.919,0.0140,19.787
1013,14,21,1.260,99.900,0.0140,15.085
1013,15,22,0.998,34.075,0.0132,9.469
1014,0,8,1.080,0.001,0.0304,0.000
1014,1,9,0.717,0.002,0.0304,0.000
1014,2,10,0.920,0.003,0.0304,0.000
1014,3,11,0.281,3426.073,0.0304,0.000
1014,4,12,1.455,0.000,0.0304,342.607
1014,5,13,0.627,0.000,0.0304,162.445
1014,6,14,0.572,0.000,5.7688,19.527
1014,7,15,0.593,258.819,2.9785,0.118
1014,8,16,0.736,0.000,0.0154,25.741
1014,9,17,0.509,241.182,0.0153,2.779
1014,10,18,0.517,0.000,0.0147,23.344
1014,11,19,0.893,207.106,0.0147,3.566
1014,12,20,0.861,158.919,0.0140,19.787
1014,13,21,0.455,99.900,0.0140,15.085
1014,14,22,1.050,34.075,0.0132,9.469
1014,15,23,0.878,0.000,0.0126,3.199
1015,0,9,1.454,0.002,0.0304,0.000
1015,1,10,0.422,0.003,0.0304,0.000
1015,2,11,0.868,3426.073,0.0304,0.000
1015,3,12,342.605,0.000,0.0304,342.607
1015,4,13,1.212,0.000,0.0304,162.445
1015,5,14,1.335,0.000,5.7688,19.527
1015,6,15,0.470,258.819,2.9785,0.118
1015,7,16,26.791,0.000,0.0154,25.741
1015,8,17,0.560,241.182,0.0153,2.779
1015,9,18,24.243,0.000,0.0147,23.344
1015,10,19,0.500,207.106,0.0147,3.566
1015,11,20,20.207,158.919,0.0140,19.787
1015,12,21,16.158,99.900,0.0140,15.085
1015,13,22,9.911,34.075,0.0132,9.469
1015,14,23,3.105,0.000,0.0126,3.199
1015,15,24,1.360,0.000,0.0122,3.445
1016,0,10,0.899,0.003,0.0304,0.000
1016,1,11,1.405,3426.073,0.0304,0.000
1016,2,12,343.208,0.000,0.0304,342.607
1016,3,13,0.966,0.000,0.0304,162.445
1016,4,14,0.470,0.000,5.7688,19.527
1016,5,15,0.705,258.819,2.9785,0.118
1016,6,16,26.002,0.000,0.0154,25.741
1016,7,17,0.230,241.182,0.0153,2.779
1016,8,18,24.068,0.000,0.0147,23.344
1016,9,19,0.597,207.106,0.0147,3.566
1016,10,20,20.383,158.919,0.0140,19.787
1016,11,21,15.643,99.900,0.0140,15.085
1016,12,22,9.631,34.075,0.0132,9.469
1016,13,23,3.289,0.000,0.0126,3.199
1016,14,24,0.627,0.000,0.0122,3.445
1016,15,25,0.437,0.000,0.1257,3.417
1017,0,11,0.389,3426.073,0.0304,0.000
1017,1,12,338.478,0.000,0.0304,342.607
1017,2,13,1.674,0.000,0.0304,162.445
1017,3,14,2.028,0.000,5.7688,19.527
1017,4,15,0.841,258.819,2.9785,0.118
1017,5,16,25.637,0.000,0.0154,25.741
1017,6,17,1.115,241.182,0.0153,2.779
1017,7,18,23.736,0.000,0.0147,23.344
1017,8,19,0.836,207.106,0.0147,3.566
1017,9,20,22.216,158.919,0.0140,19.787
1017,10,21,16.117,99.900,0.0140,15.085
1017,11,22,10.216,34.075,0.0132,9.469
1017,12,23,4.908,0.000,0.0126,3.199
1017,13,24,0.619,0.000,0.0122,3.445
1017,14,25,0.960,0.000,0.1257,3.417
1017,15,26,0.787,0.000,0.1223,3.418
1018,0,12,1.252,0.000,0.0304,342.607
1018,1,13,1.389,0.000,0.0304,162.445
1018,2,14,0.583,0.000,5.7688,19.527
1018,3,15,0.464,258.819,2.9785,0.118
1018,4,16,0.906,0.000,0.0154,25.741
1018,5,17,0.696,241.182,0.0153,2.779
1018,6,18,0.542,0.000,0.0147,23.344
1018,7,19,0.440,207.106,0.0147,3.566
1018,8,20,0.451,158.919,0.0140,19.787
1018,9,21,0.615,99.900,0.0140,15.085
1018,10,22,0.408,34.075,0.0132,9.469
1018,11,23,0.483,0.000,0.0126,3.199
1018,12,24,0.689,0.000,0.0122,3.445
1018,13,25,0.564,0.000,0.1257,3.417
1018,14,26,0.476,0.000,0.1223,3.418
1018,15,27,0.465,0.000,0.1220,3.418
1019,0,13,342.744,0.000,0.0304,162.445
1019,1,14,0.278,0.000,5.7688,19.527
1019,2,15,0.661,258.819,2.9785,0.118
1019,3,16,25.771,0.000,0.0154,25.741
1019,4,17,26.119,241.182,0.0153,2.779
1019,5,18,24.437,0.000,0.0147,23.344
1019,6,19,24.469,207.106,0.0147,3.566
1019,7,20,20.983,158.919,0.0140,19.787
1019,8,21,36.341,99.900,0.0140,15.085
1019,9,22,25.806,34.075,0.0132,9.469
1019,10,23,13.675,0.000,0.0126,3.199
1019,11,24,3.556,0.000,0.0122,3.445
1019,12,25,0.879,0.000,0.1257,3.417
1019,13,26,0.363,0.000,0.1223,3.418
1019,14,27,0.537,0.000,0.1220,3.418
1019,15,28,0.823,0.000,0.1225,3.418
1020,0,14,0.471,0.000,5.7688,19.527
1020,1,15,0.306,258.819,2.9785,0.118
1020,2,16,1.162,0.000,0.0154,25.741
1020,3,17,1.479,241.182,0.0153,2.779
1020,4,18,1.257,0.000,0.0147,23.344
1020,5,19,0.670,207.106,0.0147,3.566
1020,6,20,0.619,158.919,0.0140,19.787
1020,7,21,0.599,99.900,0.0140,15.085
1020,8,22,0.767,34.075,0.0132,9.469
1020,9,23,0.513,0.000,0.0126,3.199
1020,10,24,0.409,0.000,0.0122,3.445
1020,11,25,0.388,0.000,0.1257,3.417
1020,12,26,0.567,0.000,0.1223,3.418
1020,13,27,0.992,0.000,0.1220,3.418
1020,14,28,0.701,0.000,0.1225,3.418
1020,15,29,1.796,0.000,0.1221,3.417
1021,0,15,1.105,258.819,2.9785,0.118
1021,1,16,0.445,0.000,0.0154,25.741
1021,2,17,1.128,241.182,0.0153,2.779
1021,3,18,0.210,0.000,0.0147,23.344
1021,4,19,0.768,207.106,0.0147,3.566
1021,5,20,0.543,158.919,0.0140,19.787
1021,6,21,1.056,99.900,0.0140,15.085
1021,7,22,0.503,34.075,0.0132,9.469
1021,8,23,0.675,0.000,0.0126,3.199
1021,9,24,1.133,0.000,0.0122,3.445
1021,10,25,0.316,0.000,0.1257,3.417
1021,11,26,0.336,0.000,0.1223,3.418
1021,12,27,0.840,0.000,0.1220,3.418
1021,13,28,1.297,0.000,0.1225,3.418
1021,14,29,0.402,0.000,0.1221,3.417
1021,15,30,0.669,0.000,0.1226,3.417
1022,0,16,0.640,0.000,0.0154,25.741
1022,1,17,0.928,241.182,0.0153,2.779
1022,2,18,0.634,0.000,0.0147,23.344
1022,3,19,0.727,207.106,0.0147,3.566
1022,4,20,0.483,158.919,0.0140,19.787
1022,5,21,1.540,99.900,0.0140,15.085
1022,6,22,0.861,34.075,0.0132,9.469
1022,7,23,0.338,0.000,0.0126,3.199
1022,8,24,0.864,0.000,0.0122,3.445
1022,9,25,0.447,0.000,0.1257,3.417
1022,10,26,1.798,0.000,0.1223,3.418
1022,11,27,0.718,0.000,0.1220,3.418
1022,12,28,0.529,0.000,0.1225,3.418
1022,13,29,1.048,0.000,0.1221,3.417
1022,14,30,1.330,0.000,0.1226,3.417
1022,15,31,1.319,0.000,0.1223,3.417
1023,0,17,0.503,241.182,0.0153,2.779
1023,1,18,1.394,0.000,0.0147,23.344
1023,2,19,0.396,207.106,0.0147,3.566
1023,3,20,0.587,158.919,0.0140,19.787
1023,4,21,1.019,99.900,0.0140,15.085
1023,5,22,0.800,34.075,0.0132,9.469
1023,6,23,0.938,0.000,0.0126,3.199
1023,7,24,0.672,0.000,0.0122,3.445
1023,8,25,0.308,0.000,0.1257,3.417
1023,9,26,1.056,0.000,0.1223,3.418
1023,10,27,0.770,0.000,0.1220,3.418
1023,11,28,0.627,0.000,0.1225,3.418
1023,12,29,0.522,0.000,0.1221,3.417
1023,13,30,0.438,0.000,0.1226,3.417
1023,14,31,0.605,0.000,0.1223,3.417
1023,15,32,0.213,0.000,0.1223,3.417
1024,0,18,0.410,0.000,0.0147,23.344
1024,1,19,0.368,207.106,0.0147,3.566
1024,2,20,0.655,158.919,0.0140,19.787
1024,3,21,0.670,99.900,0.0140,15.085
1024,4,22,0.736,34.075,0.0132,9.469
1024,5,23,0.550,0.000,0.0126,3.199
1024,6,24,0.439,0.000,0.0122,3.445
1024,7,25,0.354,0.000,0.1257,3.417
1024,8,26,0.624,0.000,0.1223,3.418
1024,9,27,0.274,0.000,0.1220,3.418
1024,10,28,0.494,0.000,0.1225,3.418
1024,11,29,0.397,0.000,0.1221,3.417
1024,12,30,0.473,0.000,0.1226,3.417
1024,13,31,0.666,0.000,0.1223,3.417
1024,14,32,0.349,0.000,0.1223,3.417
1024,15,33,0.898,0.000,0.1223,3.417
1025,0,19,1.646,207.106,0.0147,3.566
1025,1,20,0.936,158.919,0.0140,19.787
1025,2,21,0.506,99.900,0.0140,15.085
1025,3,22,0.319,34.075,0.0132,9.469
1025,4,23,0.608,0.000,0.0126,3.199
1025,5,24,1.122,0.000,0.0122,3.445
1025,6,25,0.571,0.000,0.1257,3.417
1025,7,26,1.233,0.000,0.1223,3.418
1025,8,27,0.653,0.000,0.1220,3.418
1025,9,28,0.667,0.000,0.1225,3.418
1025,10,29,0.634,0.000,0.1221,3.417
1025,11,30,0.848,0.000,0.1226,3.417
1025,12,31,1.258,0.000,0.1223,3.417
1025,13,32,0.758,0.000,0.1223,3.417
1025,14,33,0.579,0.000,0.1223,3.417
1025,15,34,2.579,1000.000,0.1223,3.416
1026,0,20,0.724,158.919,0.0140,19.787
1026,1,21,0.296,99.900,0.0140,15.085
1026,2,22,0.828,34.075,0.0132,9.469
1026,3,23,1.069,0.000,0.0126,3.199
1026,4,24,1.530,0.000,0.0122,3.445
1026,5,25,0.466,0.000,0.1257,3.417
1026,6,26,0.068,0.000,0.1223,3.418
1026,7,27,0.269,0.000,0.1220,3.418
1026,8,28,0.730,0.000,0.1225,3.418
1026,9,29,0.661,0.000,0.1221,3.417
1026,10,30,0.814,0.000,0.1226,3.417
1026,11,31,0.252,0.000,0.1223,3.417
1026,12,32,0.997,0.000,0.1223,3.417
1026,13,33,0.603,0.000,0.1223,3.417
1026,14,34,4.253,1000.000,0.1223,3.416
1026,15,35,1.778,0.000,0.1222,15.387
1027,0,21,0.495,99.900,0.0140,15.085
1027,1,22,0.773,34.075,0.0132,9.469
1027,2,23,0.673,0.000,0.0126,3.199
1027,3,24,1.271,0.000,0.0122,3.445
1027,4,25,0.550,0.000,0.1257,3.417
1027,5,26,0.282,0.000,0.1223,3.418
1027,6,27,0.460,0.000,0.1220,3.418
1027,7,28,1.131,0.000,0.1225,3.418
1027,8,29,0.491,0.000,0.1221,3.417
1027,9,30,0.349,0.000,0.1226,3.417
1027,10,31,0.337,0.000,0.1223,3.417
1027,11,32,0.776,0.000,0.1223,3.417
1027,12,33,0.549,0.000,0.1223,3.417
1027,13,34,0.988,1000.000,0.1223,3.416
1027,14,35,0.357,0.000,0.1222,15.387
1027,15,36,0.789,1028.265,0.9968,2.362
1028,0,22,1.515,34.075,0.0132,9.469
1028,1,23,0.850,0.000,0.0126,3.199
1028,2,24,1.158,0.000,0.0122,3.445
1028,3,25,0.727,0.000,0.1257,3.417
1028,4,26,0.445,0.000,0.1223,3.418
1028,5,27,0.890,0.000,0.1220,3.418
1028,6,28,0.592,0.000,0.1225,3.418
1028,7,29,0.439,0.000,0.1221,3.417
1028,8,30,0.967,0.000,0.1226,3.417
1028,9,31,0.584,0.000,0.1223,3.417
1028,10,32,0.564,0.000,0.1223,3.417
1028,11,33,0.665,0.000,0.1223,3.417
1028,12,34,2.306,1000.000,0.1223,3.416
1028,13,35,1.929,0.000,0.1222,15.387
1028,14,36,3.853,1028.265,0.9968,2.362
1028,15,37,0.201,0.000,0.8014,122.465
1029,0,23,0.719,0.000,0.0126,3.199
1029,1,24,0.827,0.000,0.0122,3.445
1029,2,25,0.786,0.000,0.1257,3.417
1029,3,26,0.546,0.000,0.1223,3.418
1029,4,27,0.460,0.000,0.1220,3.418
1029,5,28,0.345,0.000,0.1225,3.418
1029,6,29,0.321,0.000,0.1221,3.417
1029,7,30,0.347,0.000,0.1226,3.417
1029,8,31,0.447,0.000,0.1223,3.417
1029,9,32,0.719,0.000,0.1223,3.417
1029,10,33,0.284,0.000,0.1223,3.417
1029,11,34,0.323,1000.000,0.1223,3.416
1029,12,35,0.833,0.000,0.1222,15.387
1029,13,36,1.319,1028.265,0.9968,2.362
1029,14,37,0.387,0.000,0.8014,122.465
1029,15,38,0.814,0.000,4.4607,50.539
1030,0,24,0.510,0.000,0.0122,3.445
1030,1,25,0.474,0.000,0.1257,3.417
1030,2,26,0.690,0.000,0.1223,3.418
1030,3,27,0.455,0.000,0.1220,3.418
1030,4,28,0.356,0.000,0.1225,3.418
1030,5,29,0.369,0.000,0.1221,3.417
1030,6,30,0.962,0.000,0.1226,3.417
1030,7,31,1.316,0.000,0.1223,3.417
1030,8,32,0.405,0.000,0.1223,3.417
1030,9,33,1.109,0.000,0.1223,3.417
1030,10,34,0.199,1000.000,0.1223,3.416
1030,11,35,0.915,0.000,0.1222,15.387
1030,12,36,0.666,1028.265,0.9968,2.362
1030,13,37,1.024,0.000,0.8014,122.465
1030,14,38,1.534,0.000,4.4607,50.539
1030,15,39,0.563,0.000,2.4465,23.243
1031,0,25,1.712,0.000,0.1257,3.417
1031,1,26,1.357,0.000,0.1223,3.418
1031,2,27,1.000,0.000,0.1220,3.418
1031,3,28,0.497,0.000,0.1225,3.418
1031,4,29,0.542,0.000,0.1221,3.417
1031,5,30,0.381,0.000,0.1226,3.417
1031,6,31,0.501,0.000,0.1223,3.417
1031,7,32,0.860,0.000,0.1223,3.417
1031,8,33,1.086,0.000,0.1223,3.417
1031,9,34,2.763,1000.000,0.1223,3.416
1031,10,35,1.144,0.000,0.1222,15.387
1031,11,36,0.721,1028.265,0.9968,2.362
1031,12,37,0.518,0.000,0.8014,122.465
1031,13,38,1.147,0.000,4.4607,50.539
1031,14,39,0.844,0.000,2.4465,23.243
1031,15,40,0.812,0.000,0.5238,15.341
1032,0,26,1.063,0.000,0.1223,3.418
1032,1,27,4.953,0.000,0.1220,3.418
1032,2,28,1.196,0.000,0.1225,3.418
1032,3,29,0.645,0.000,0.1221,3.417
1032,4,30,0.644,0.000,0.1226,3.417
1032,5,31,0.595,0.000,0.1223,3.417
1032,6,32,0.449,0.000,0.1223,3.417
1032,7,33,0.607,0.000,0.1223,3.417
1032,8,34,1.226,1000.000,0.1223,3.416
1032,9,35,2.167,0.000,0.1222,15.387
1032,10,36,1.176,1028.265,0.9968,2.362
1032,11,37,0.939,0.000,0.8014,122.465
1032,12,38,1.369,0.000,4.4607,50.539
1032,13,39,1.229,0.000,2.4465,23.243
1032,14,40,1.995,0.000,0.5238,15.341
1032,15,41,1.505,0.000,0.5947,6.805
1033,0,27,0.510,0.000,0.1220,3.418
1033,1,28,0.860,0.000,0.1225,3.418
1033,2,29,0.431,0.000,0.1221,3.417
1033,3,30,0.262,0.000,0.1226,3.417
1033,4,31,0.654,0.000,0.1223,3.417
1033,5,32,1.146,0.000,0.1223,3.417
1033,6,33,0.691,0.000,0.1223,3.417
1033,7,34,1.632,1000.000,0.1223,3.416
1033,8,35,0.811,0.000,0.1222,15.387
1033,9,36,0.750,1028.265,0.9968,2.362
1033,10,37,0.292,0.000,0.8014,122.465
1033,11,38,0.339,0.000,4.4607,50.539
1033,12,39,0.311,0.000,2.4465,23.243
1033,13,40,1.696,0.000,0.5238,15.341
1033,14,41,0.488,0.000,0.5947,6.805
1033,15,42,0.356,0.000,0.6737,1.328
1034,0,28,0.742,0.000,0.1225,3.418
1034,1,29,0.333,0.000,0.1221,3.417
1034,2,30,0.307,0.000,0.1226,3.417
1034,3,31,0.583,0.000,0.1223,3.417
1034,4,32,0.947,0.000,0.1223,3.417
1034,5,33,0.987,0.000,0.1223,3.417
1034,6,34,1.331,1000.000,0.1223,3.416
1034,7,35,0.790,0.000,0.1222,15.387
1034,8,36,1.194,1028.265,0.9968,2.362
1034,9,37,0.190,0.000,0.8014,122.465
1034,10,38,0.959,0.000,4.4607,50.539
1034,11,39,0.897,0.000,2.4465,23.243
1034,12,40,0.360,0.000,0.5238,15.341
1034,13,41,0.465,0.000,0.5947,6.805
1034,14,42,1.031,0.000,0.6737,1.328
1034,15,43,0.723,0.000,0.1137,1.324
1035,0,29,0.359,0.000,0.1221,3.417
1035,1,30,0.657,0.000,0.1226,3.417
1035,2,31,1.545,0.000,0.1223,3.417
1035,3,32,0.278,0.000,0.1223,3.417
1035,4,33,0.550,0.000,0.1223,3.417
1035,5,34,0.708,1000.000,0.1223,3.416
1035,6,35,0.578,0.000,0.1222,15.387
1035,7,36,0.511,1028.265,0.9968,2.362
1035,8,37,0.969,0.000,0.8014,122.465
1035,9,38,0.981,0.000,4.4607,50.539
1035,10,39,0.290,0.000,2.4465,23.243
1035,11,40,0.160,0.000,0.5238,15.341
1035,12,41,0.747,0.000,0.5947,6.805
1035,13,42,0.683,0.000,0.6737,1.328
1035,14,43,0.569,0.000,0.1137,1.324
1035,15,44,1.810,0.000,0.1192,1.324
1036,0,30,0.363,0.000,0.1226,3.417
1036,1,31,0.593,0.000,0.1223,3.417
1036,2,32,1.451,0.000,0.1223,3.417
1036,3,33,1.508,0.000,0.1223,3.417
1036,4,34,1.680,1000.000,0.1223,3.416
1036,5,35,37.054,0.000,0.1222,15.387
1036,6,36,3.909,1028.265,0.9968,2.362
1036,7,37,33.518,0.000,0.8014,122.465
1036,8,38,1.235,0.000,4.4607,50.539
1036,9,39,1.255,0.000,2.4465,23.243
1036,10,40,1.100,0.000,0.5238,15.341
1036,11,41,0.782,0.000,0.5947,6.805
1036,12,42,0.975,0.000,0.6737,1.328
1036,13,43,0.340,0.000,0.1137,1.324
1036,14,44,1.294,0.000,0.1192,1.324
1036,15,45,0.651,0.000,0.1188,1.322
1037,0,31,0.687,0.000,0.1223,3.417
1037,1,32,0.644,0.000,0.1223,3.417
1037,2,33,0.456,0.000,0.1223,3.417
1037,3,34,0.359,1000.000,0.1223,3.416
1037,4,35,0.773,0.000,0.1222,15.387
1037,5,36,1.504,1028.265,0.9968,2.362
1037,6,37,0.819,0.000,0.8014,122.465
1037,7,38,0.528,0.000,4.4607,50.539
1037,8,39,0.430,0.000,2.4465,23.243
1037,9,40,0.416,0.000,0.5238,15.341
1037,10,41,0.553,0.000,0.5947,6.805
1037,11,42,1.351,0.000,0.6737,1.328
1037,12,43,0.837,0.000,0.1137,1.324
1037,13,44,0.853,0.000,0.1192,1.324
1037,14,45,1.364,0.000,0.1188,1.322
1037,15,46,0.981,0.000,0.1204,1.325
1038,0,32,1.784,0.000,0.1223,3.417
1038,1,33,0.529,0.000,0.1223,3.417
1038,2,34,3.478,1000.000,0.1223,3.416
1038,3,35,1.692,0.000,0.1222,15.387
1038,4,36,2.530,1028.265,0.9968,2.362
1038,5,37,2.092,0.000,0.8014,122.465
1038,6,38,1.082,0.000,4.4607,50.539
1038,7,39,1.415,0.000,2.4465,23.243
1038,8,40,0.853,0.000,0.5238,15.341
1038,9,41,0.319,0.000,0.5947,6.805
1038,10,42,0.557,0.000,0.6737,1.328
1038,11,43,0.603,0.000,0.1137,1.324
1038,12,44,0.213,0.000,0.1192,1.324
1038,13,45,0.630,0.000,0.1188,1.322
1038,14,46,0.730,0.000,0.1204,1.325
1038,15,47,1.567,0.000,0.1203,1.324
1039,0,33,1.266,0.000,0.1223,3.417
1039,1,34,1.433,1000.000,0.1223,3.416
1039,2,35,0.760,0.000,0.1222,15.387
1039,3,36,0.838,1028.265,0.9968,2.362
1039,4,37,1.007,0.000,0.8014,122.465
1039,5,38,1.192,0.000,4.4607,50.539
1039,6,39,2.575,0.000,2.4465,23.243
1039,7,40,1.833,0.000,0.5238,15.341
1039,8,41,0.623,0.000,0.5947,6.805
1039,9,42,1.023,0.000,0.6737,1.328
1039,10,43,0.753,0.000,0.1137,1.324
1039,11,44,0.599,0.000,0.1192,1.324
1039,12,45,1.600,0.000,0.1188,1.322
1039,13,46,0.046,0.000,0.1204,1.325
1039,14,47,0.348,0.000,0.1203,1.324
1039,15,48,7.171,0.000,0.1196,1.324
1040,0,34,0.715,1000.000,0.1223,3.416
1040,1,35,1.350,0.000,0.1222,15.387
1040,2,36,1.866,1028.265,0.9968,2.362
1040,3,37,1.302,0.000,0.8014,122.465
1040,4,38,0.385,0.000,4.4607,50.539
1040,5,39,0.568,0.000,2.4465,23.243
1040,6,40,0.653,0.000,0.5238,15.341
1040,7,41,0.672,0.000,0.5947,6.805
1040,8,42,0.620,0.000,0.6737,1.328
1040,9,43,0.676,0.000,0.1137,1.324
1040,10,44,0.345,0.000,0.1192,1.324
1040,11,45,0.516,0.000,0.1188,1.322
1040,12,46,0.495,0.000,0.1204,1.325
1040,13,47,0.119,0.000,0.1203,1.324
1040,14,48,0.770,0.000,0.1196,1.324
1040,15,49,0.499,0.000,0.1200,1.323
1041,0,35,3.384,0.000,0.1222,15.387
1041,1,36,1.055,1028.265,0.9968,2.362
1041,2,37,1.155,0.000,0.8014,122.465
1041,3,38,0.403,0.000,4.4607,50.539
1041,4,39,0.632,0.000,2.4465,23.243
1041,5,40,0.845,0.000,0.5238,15.341
1041,6,41,0.317,0.000,0.5947,6.805
1041,7,42,0.951,0.000,0.6737,1.328
1041,8,43,0.551,0.000,0.1137,1.324
1041,9,44,0.629,0.000,0.1192,1.324
1041,10,45,0.805,0.000,0.1188,1.322
1041,11,46,1.387,0.000,0.1204,1.325
1041,12,47,0.859,0.000,0.1203,1.324
1041,13,48,1.135,0.000,0.1196,1.324
1041,14,49,0.781,0.000,0.1200,1.323
1041,15,50,1.383,0.000,0.1205,1.323
1042,0,36,1.468,1028.265,0.9968,2.362
1042,1,37,0.861,0.000,0.8014,122.465
1042,2,38,1.035,0.000,4.4607,50.539
1042,3,39,0.709,0.000,2.4465,23.243
1042,4,40,0.185,0.000,0.5238,15.341
1042,5,41,0.340,0.000,0.5947,6.805
1042,6,42,0.077,0.000,0.6737,1.328
1042,7,43,0.262,0.000,0.1137,1.324
1042,8,44,0.561,0.000,0.1192,1.324
1042,9,45,0.555,0.000,0.1188,1.322
1042,10,46,0.465,0.000,0.1204,1.325
1042,11,47,0.785,0.000,0.1203,1.324
1042,12,48,0.399,0.000,0.1196,1.324
1042,13,49,1.583,0.000,0.1200,1.323
1042,14,50,2.525,0.000,0.1205,1.323
1042,15,51,8.512,0.000,0.1214,1.323
1043,0,37,2.692,0.000,0.8014,122.465
1043,1,38,1.090,0.000,4.4607,50.539
1043,2,39,0.394,0.000,2.4465,23.243
1043,3,40,0.145,0.000,0.5238,15.341
1043,4,41,0.985,0.000,0.5947,6.805
1043,5,42,0.736,0.000,0.6737,1.328
1043,6,43,0.703,0.000,0.1137,1.324
1043,7,44,1.149,0.000,0.1192,1.324
1043,8,45,0.886,0.000,0.1188,1.322
1043,9,46,0.805,0.000,0.1204,1.325
1043,10,47,0.822,0.000,0.1203,1.324
1043,11,48,0.614,0.000,0.1196,1.324
1043,12,49,0.355,0.000,0.1200,1.323
1043,13,50,2.941,0.000,0.1205,1.323
1043,14,51,3.632,0.000,0.1214,1.323
1043,15,52,13.619,258.820,0.1218,1.323
1044,0,38,2.315,0.000,4.4607,50.539
1044,1,39,1.155,0.000,2.4465,23.243
1044,2,40,0.937,0.000,0.5238,15.341
1044,3,41,1.730,0.000,0.5947,6.805
1044,4,42,1.242,0.000,0.6737,1.328
1044,5,43,1.318,0.000,0.1137,1.324
1044,6,44,2.139,0.000,0.1192,1.324
1044,7,45,0.757,0.000,0.1188,1.322
1044,8,46,1.012,0.000,0.1204,1.325
1044,9,47,1.276,0.000,0.1203,1.324
1044,10,48,1.267,0.000,0.1196,1.324
1044,11,49,1.261,0.000,0.1200,1.323
1044,12,50,1.004,0.000,0.1205,1.323
1044,13,51,0.728,0.000,0.1214,1.323
1044,14,52,19.231,258.820,0.1218,1.323
1044,15,53,0.790,0.000,0.1217,25.794
1045,0,39,1.680,0.000,2.4465,23.243
1045,1,40,2.428,0.000,0.5238,15.341
1045,2,41,1.684,0.000,0.5947,6.805
1045,3,42,1.866,0.000,0.6737,1.328
1045,4,43,1.159,0.000,0.1137,1.324
1045,5,44,1.555,0.000,0.1192,1.324
1045,6,45,0.938,0.000,0.1188,1.322
1045,7,46,2.011,0.000,0.1204,1.325
1045,8,47,1.855,0.000,0.1203,1.324
1045,9,48,1.485,0.000,0.1196,1.324
1045,10,49,3.289,0.000,0.1200,1.323
1045,11,50,2.397,0.000,0.1205,1.323
1045,12,51,1.381,0.000,0.1214,1.323
1045,13,52,3.103,258.820,0.1218,1.323
1045,14,53,4.603,0.000,0.1217,25.794
1045,15,54,2.223,241.181,0.1240,4.961
1046,0,40,1.226,0.000,0.5238,15.341
1046,1,41,1.973,0.000,0.5947,6.805
1046,2,42,0.528,0.000,0.6737,1.328
1046,3,43,0.560,0.000,0.1137,1.324
1046,4,44,0.280,0.000,0.1192,1.324
1046,5,45,0.764,0.000,0.1188,1.322
1046,6,46,0.300,0.000,0.1204,1.325
1046,7,47,1.457,0.000,0.1203,1.324
1046,8,48,0.869,0.000,0.1196,1.324
1046,9,49,0.401,0.000,0.1200,1.323
1046,10,50,1.703,0.000,0.1205,1.323
1046,11,51,2.442,0.000,0.1214,1.323
1046,12,52,16.812,258.820,0.1218,1.323
1046,13,53,2.401,0.000,0.1217,25.794
1046,14,54,15.378,241.181,0.1240,4.961
1046,15,55,2.240,0.000,0.1247,23.242
1047,0,41,0.939,0.000,0.5947,6.805
1047,1,42,0.568,0.000,0.6737,1.328
1047,2,43,0.707,0.000,0.1137,1.324
1047,3,44,0.497,0.000,0.1192,1.324
1047,4,45,0.278,0.000,0.1188,1.322
1047,5,46,0.341,0.000,0.1204,1.325
1047,6,47,0.903,0.000,0.1203,1.324
1047,7,48,0.343,0.000,0.1196,1.324
1047,8,49,1.001,0.000,0.1200,1.323
1047,9,50,1.362,0.000,0.1205,1.323
1047,10,51,2.822,0.000,0.1214,1.323
1047,11,52,4.998,258.820,0.1218,1.323
1047,12,53,5.218,0.000,0.1217,25.794
1047,13,54,6.995,241.181,0.1240,4.961
1047,14,55,4.111,0.000,0.1247,23.242
1047,15,56,6.657,207.107,0.1241,5.160
1048,0,42,0.794,0.000,0.6737,1.328
1048,1,43,0.721,0.000,0.1137,1.324
1048,2,44,0.438,0.000,0.1192,1.324
1048,3,45,0.447,0.000,0.1188,1.322
1048,4,46,0.549,0.000,0.1204,1.325
1048,5,47,0.775,0.000,0.1203,1.324
1048,6,48,0.475,0.000,0.1196,1.324
1048,7,49,1.245,0.000,0.1200,1.323
1048,8,50,0.158,0.000,0.1205,1.323
1048,9,51,0.404,0.000,0.1214,1.323
1048,10,52,0.797,258.820,0.1218,1.323
1048,11,53,0.799,0.000,0.1217,25.794
1048,12,54,0.465,241.181,0.1240,4.961
1048,13,55,0.476,0.000,0.1247,23.242
1048,14,56,1.879,207.107,0.1241,5.160
1048,15,57,1.025,0.000,0.1223,19.528
1049,0,43,0.598,0.000,0.1137,1.324
1049,1,44,0.847,0.000,0.1192,1.324
1049,2,45,0.260,0.000,0.1188,1.322
1049,3,46,0.469,0.000,0.1204,1.325
1049,4,47,0.445,0.000,0.1203,1.324
1049,5,48,0.124,0.000,0.1196,1.324
1049,6,49,0.063,0.000,0.1200,1.323
1049,7,50,0.128,0.000,0.1205,1.323
1049,8,51,0.943,0.000,0.1214,1.323
1049,9,52,0.369,258.820,0.1218,1.323
1049,10,53,0.555,0.000,0.1217,25.794
1049,11,54,0.663,241.181,0.1240,4.961
1049,12,55,0.765,0.000,0.1247,23.242
1049,13,56,0.823,207.107,0.1241,5.160
1049,14,57,1.715,0.000,0.1223,19.528
1049,15,58,1.128,158.918,0.1220,4.206
1050,0,44,0.687,0.000,0.1192,1.324
1050,1,45,0.776,0.000,0.1188,1.322
1050,2,46,0.473,0.000,0.1204,1.325
1050,3,47,1.257,0.000,0.1203,1.324
1050,4,48,0.660,0.000,0.1196,1.324
1050,5,49,1.362,0.000,0.1200,1.323
1050,6,50,0.960,0.000,0.1205,1.323
1050,7,51,0.863,0.000,0.1214,1.323
1050,8,52,0.969,258.820,0.1218,1.323
1050,9,53,0.942,0.000,0.1217,25.794
1050,10,54,0.318,241.181,0.1240,4.961
1050,11,55,1.244,0.000,0.1247,23.242
1050,12,56,0.622,207.107,0.1241,5.160
1050,13,57,1.939,0.000,0.1223,19.528
1050,14,58,0.939,158.918,0.1220,4.206
1050,15,59,1.609,99.901,0.1207,14.837
1051,0,45,1.334,0.000,0.1188,1.322
1051,1,46,0.488,0.000,0.1204,1.325
1051,2,47,0.645,0.000,0.1203,1.324
1051,3,48,0.941,0.000,0.1196,1.324
1051,4,49,0.594,0.000,0.1200,1.323
1051,5,50,0.676,0.000,0.1205,1.323
1051,6,51,0.751,0.000,0.1214,1.323
1051,7,52,9.225,258.820,0.1218,1.323
1051,8,53,2.865,0.000,0.1217,25.794
1051,9,54,11.888,241.181,0.1240,4.961
1051,10,55,1.778,0.000,0.1247,23.242
1051,11,56,8.509,207.107,0.1241,5.160
1051,12,57,0.841,0.000,0.1223,19.528
1051,13,58,7.024,158.918,0.1220,4.206
1051,14,59,4.318,99.901,0.1207,14.837
1051,15,60,2.406,34.074,0.1203,9.358
1052,0,46,4.146,0.000,0.1204,1.325
1052,1,47,0.444,0.000,0.1203,1.324
1052,2,48,1.100,0.000,0.1196,1.324
1052,3,49,1.325,0.000,0.1200,1.323
1052,4,50,1.300,0.000,0.1205,1.323
1052,5,51,1.575,0.000,0.1214,1.323
1052,6,52,11.979,258.820,0.1218,1.323
1052,7,53,7.569,0.000,0.1217,25.794
1052,8,54,11.988,241.181,0.1240,4.961
1052,9,55,5.587,0.000,0.1247,23.242
1052,10,56,11.731,207.107,0.1241,5.160
1052,11,57,5.504,0.000,0.1223,19.528
1052,12,58,8.557,158.918,0.1220,4.206
1052,13,59,0.491,99.901,0.1207,14.837
1052,14,60,0.825,34.074,0.1203,9.358
1052,15,61,1.394,0.000,0.1200,3.389
1053,0,47,0.626,0.000,0.1203,1.324
1053,1,48,0.740,0.000,0.1196,1.324
1053,2,49,0.153,0.000,0.1200,1.323
1053,3,50,0.269,0.000,0.1205,1.323
1053,4,51,0.535,0.000,0.1214,1.323
1053,5,52,3.664,258.820,0.1218,1.323
1053,6,53,3.123,0.000,0.1217,25.794
1053,7,54,3.865,241.181,0.1240,4.961
1053,8,55,4.068,0.000,0.1247,23.242
1053,9,56,5.754,207.107,0.1241,5.160
1053,10,57,3.904,0.000,0.1223,19.528
1053,11,58,3.947,158.918,0.1220,4.206
1053,12,59,3.716,99.901,0.1207,14.837
1053,13,60,2.058,34.074,0.1203,9.358
1053,14,61,0.661,0.000,0.1200,3.389
1053,15,62,0.953,0.000,0.1193,1.341
1054,0,48,1.653,0.000,0.1196,1.324
1054,1,49,1.490,0.000,0.1200,1.323
1054,2,50,0.135,0.000,0.1205,1.323
1054,3,51,1.866,0.000,0.1214,1.323
1054,4,52,10.333,258.820,0.1218,1.323
1054,5,53,11.161,0.000,0.1217,25.794
1054,6,54,11.756,241.181,0.1240,4.961
1054,7,55,10.242,0.000,0.1247,23.242
1054,8,56,10.233,207.107,0.1241,5.160
1054,9,57,7.640,0.000,0.1223,19.528
1054,10,58,6.367,158.918,0.1220,4.206
1054,11,59,0.745,99.901,0.1207,14.837
1054,12,60,0.328,34.074,0.1203,9.358
1054,13,61,0.596,0.000,0.1200,3.389
1054,14,62,0.607,0.000,0.1193,1.341
1054,15,63,0.885,0.000,0.1203,1.341
1055,0,49,0.960,0.000,0.1200,1.323
1055,1,50,0.821,0.000,0.1205,1.323
1055,2,51,2.939,0.000,0.1214,1.323
1055,3,52,8.813,258.820,0.1218,1.323
1055,4,53,5.147,0.000,0.1217,25.794
1055,5,54,7.471,241.181,0.1240,4.961
1055,6,55,4.323,0.000,0.1247,23.242
1055,7,56,8.028,207.107,0.1241,5.160
1055,8,57,4.430,0.000,0.1223,19.528
1055,9,58,6.338,158.918,0.1220,4.206
1055,10,59,4.829,99.901,0.1207,14.837
1055,11,60,1.991,34.074,0.1203,9.358
1055,12,61,0.900,0.000,0.1200,3.389
1055,13,62,0.425,0.000,0.1193,1.341
1055,14,63,1.818,0.000,0.1203,1.341
1055,15,64,1.146,0.000,0.1200,1.341
1056,0,50,0.718,0.000,0.1205,1.323
1056,1,51,0.481,0.000,0.1214,1.323
1056,2,52,5.623,258.820,0.1218,1.323
1056,3,53,3.277,0.000,0.1217,25.794
1056,4,54,6.101,241.181,0.1240,4.961
1056,5,55,3.745,0.000,0.1247,23.242
1056,6,56,6.344,207.107,0.1241,5.160
1056,7,57,5.409,0.000,0.1223,19.528
1056,8,58,4.550,158.918,0.1220,4.206
1056,9,59,4.110,99.901,0.1207,14.837
1056,10,60,2.864,34.074,0.1203,9.358
1056,11,61,0.723,0.000,0.1200,3.389
1056,12,62,0.787,0.000,0.1193,1.341
1056,13,63,0.617,0.000,0.1203,1.341
1056,14,64,0.461,0.000,0.1200,1.341
1056,15,65,1.564,0.000,0.1206,1.341
1057,0,51,5.387,0.000,0.1214,1.323
1057,1,52,10.439,258.820,0.1218,1.323
1057,2,53,7.481,0.000,0.1217,25.794
1057,3,54,9.090,241.181,0.1240,4.961
1057,4,55,5.586,0.000,0.1247,23.242
1057,5,56,9.776,207.107,0.1241,5.160
1057,6,57,4.168,0.000,0.1223,19.528
1057,7,58,12.708,158.918,0.1220,4.206
1057,8,59,6.241,99.901,0.1207,14.837
1057,9,60,3.079,34.074,0.1203,9.358
1057,10,61,0.405,0.000,0.1200,3.389
1057,11,62,0.518,0.000,0.1193,1.341
1057,12,63,0.267,0.000,0.1203,1.341
1057,13,64,0.540,0.000,0.1200,1.341
1057,14,65,0.293,0.000,0.1206,1.341
1057,15,66,0.452,0.000,0.1200,1.341
1058,0,52,18.583,258.820,0.1218,1.323
1058,1,53,5.835,0.000,0.1217,25.794
1058,2,54,15.326,241.181,0.1240,4.961
1058,3,55,5.131,0.000,0.1247,23.242
1058,4,56,14.182,207.107,0.1241,5.160
1058,5,57,4.779,0.000,0.1223,19.528
1058,6,58,14.197,158.918,0.1220,4.206
1058,7,59,9.879,99.901,0.1207,14.837
1058,8,60,2.589,34.074,0.1203,9.358
1058,9,61,0.469,0.000,0.1200,3.389
1058,10,62,0.306,0.000,0.1193,1.341
1058,11,63,0.465,0.000,0.1203,1.341
1058,12,64,0.536,0.000,0.1200,1.341
1058,13,65,0.459,0.000,0.1206,1.341
1058,14,66,0.910,0.000,0.1200,1.341
1058,15,67,0.584,0.000,0.1202,1.341
1059,0,53,3.717,0.000,0.1217,25.794
1059,1,54,7.058,241.181,0.1240,4.961
1059,2,55,4.569,0.000,0.1247,23.242
1059,3,56,5.479,207.107,0.1241,5.160
1059,4,57,3.314,0.000,0.1223,19.528
1059,5,58,4.939,158.918,0.1220,4.206
1059,6,59,1.176,99.901,0.1207,14.837
1059,7,60,0.849,34.074,0.1203,9.358
1059,8,61,0.424,0.000,0.1200,3.389
1059,9,62,0.344,0.000,0.1193,1.341
1059,10,63,0.367,0.000,0.1203,1.341
1059,11,64,0.296,0.000,0.1200,1.341
1059,12,65,0.394,0.000,0.1206,1.341
1059,13,66,0.364,0.000,0.1200,1.341
1059,14,67,0.839,0.000,0.1202,1.341
1059,15,68,0.772,0.000,0.1207,1.341
1060,0,54,2.778,241.181,0.1240,4.961
1060,1,55,2.867,0.000,0.1247,23.242
1060,2,56,2.067,207.107,0.1241,5.160
1060,3,57,1.929,0.000,0.1223,19.528
1060,4,58,2.459,158.918,0.1220,4.206
1060,5,59,1.033,99.901,0.1207,14.837
1060,6,60,1.193,34.074,0.1203,9.358
1060,7,61,0.421,0.000,0.1200,3.389
1060,8,62,0.517,0.000,0.1193,1.341
1060,9,63,0.417,0.000,0.1203,1.341
1060,10,64,0.459,0.000,0.1200,1.341
1060,11,65,0.518,0.000,0.1206,1.341
1060,12,66,0.598,0.000,0.1200,1.341
1060,13,67,0.537,0.000,0.1202,1.341
1060,14,68,0.490,0.000,0.1207,1.341
1060,15,69,0.652,0.000,0.1205,1.340
1061,0,55,1.551,0.000,0.1247,23.242
1061,1,56,3.821,207.107,0.1241,5.160
1061,2,57,0.723,0.000,0.1223,19.528
1061,3,58,3.098,158.918,0.1220,4.206
1061,4,59,2.055,99.901,0.1207,14.837
1061,5,60,1.945,34.074,0.1203,9.358
1061,6,61,1.163,0.000,0.1200,3.389
1061,7,62,0.513,0.000,0.1193,1.341
1061,8,63,1.431,0.000,0.1203,1.341
1061,9,64,0.367,0.000,0.1200,1.341
1061,10,65,0.725,0.000,0.1206,1.341
1061,11,66,0.640,0.000,0.1200,1.341
1061,12,67,0.419,0.000,0.1202,1.341
1061,13,68,0.415,0.000,0.1207,1.341
1061,14,69,0.308,0.000,0.1205,1.340
1061,15,70,1.964,0.000,0.1211,1.340
1062,0,56,0.758,207.107,0.1241,5.160
1062,1,57,1.319,0.000,0.1223,19.528
1062,2,58,0.538,158.918,0.1220,4.206
1062,3,59,0.548,99.901,0.1207,14.837
1062,4,60,0.513,34.074,0.1203,9.358
1062,5,61,0.866,0.000,0.1200,3.389
1062,6,62,0.293,0.000,0.1193,1.341
1062,7,63,0.481,0.000,0.1203,1.341
1062,8,64,0.412,0.000,0.1200,1.341
1062,9,65,0.508,0.000,0.1206,1.341
1062,10,66,0.369,0.000,0.1200,1.341
1062,11,67,0.619,0.000,0.1202,1.341
1062,12,68,0.407,0.000,0.1207,1.341
1062,13,69,0.169,0.000,0.1205,1.340
1062,14,70,0.282,0.000,0.1211,1.340
1062,15,71,0.822,0.000,0.1209,1.339
1063,0,57,2.588,0.000,0.1223,19.528
1063,1,58,13.512,158.918,0.1220,4.206
1063,2,59,8.395,99.901,0.1207,14.837
1063,3,60,3.382,34.074,0.1203,9.358
1063,4,61,0.677,0.000,0.1200,3.389
1063,5,62,0.685,0.000,0.1193,1.341
1063,6,63,0.489,0.000,0.1203,1.341
1063,7,64,0.448,0.000,0.1200,1.341
1063,8,65,0.186,0.000,0.1206,1.341
1063,9,66,0.646,0.000,0.1200,1.341
1063,10,67,0.288,0.000,0.1202,1.341
1063,11,68,0.345,0.000,0.1207,1.341
1063,12,69,0.446,0.000,0.1205,1.340
1063,13,70,0.421,0.000,0.1211,1.340
1063,14,71,0.234,0.000,0.1209,1.339
1063,15,72,0.535,0.000,0.1217,1.339
1064,0,58,0.661,158.918,0.1220,4.206
1064,1,59,0.951,99.901,0.1207,14.837
1064,2,60,0.544,34.074,0.1203,9.358
1064,3,61,0.606,0.000,0.1200,3.389
1064,4,62,0.678,0.000,0.1193,1.341
1064,5,63,0.577,0.000,0.1203,1.341
1064,6,64,0.333,0.000,0.1200,1.341
1064,7,65,0.321,0.000,0.1206,1.341
1064,8,66,0.164,0.000,0.1200,1.341
1064,9,67,0.405,0.000,0.1202,1.341
1064,10,68,0.351,0.000,0.1207,1.341
1064,11,69,0.231,0.000,0.1205,1.340
1064,12,70,0.471,0.000,0.1211,1.340
1064,13,71,0.324,0.000,0.1209,1.339
1064,14,72,0.662,0.000,0.1217,1.339
1064,15,73,0.254,0.000,0.1215,1.339
1065,0,59,4.000,99.901,0.1207,14.837
1065,1,60,3.481,34.074,0.1203,9.358
1065,2,61,1.149,0.000,0.1200,3.389
1065,3,62,1.031,0.000,0.1193,1.341
1065,4,63,0.545,0.000,0.1203,1.341
1065,5,64,0.806,0.000,0.1200,1.341
1065,6,65,0.588,0.000,0.1206,1.341
1065,7,66,0.509,0.000,0.1200,1.341
1065,8,67,0.371,0.000,0.1202,1.341
1065,9,68,1.113,0.000,0.1207,1.341
1065,10,69,0.386,0.000,0.1205,1.340
1065,11,70,0.782,0.000,0.1211,1.340
1065,12,71,0.540,0.000,0.1209,1.339
1065,13,72,0.564,0.000,0.1217,1.339
1065,14,73,0.232,0.000,0.1215,1.339
1065,15,74,0.657,0.000,0.1217,1.340
1066,0,60,3.783,34.074,0.1203,9.358
1066,1,61,1.934,0.000,0.1200,3.389
1066,2,62,0.828,0.000,0.1193,1.341
1066,3,63,0.168,0.000,0.1203,1.341
1066,4,64,0.878,0.000,0.1200,1.341
1066,5,65,0.675,0.000,0.1206,1.341
1066,6,66,0.622,0.000,0.1200,1.341
1066,7,67,0.902,0.000,0.1202,1.341
1066,8,68,0.208,0.000,0.1207,1.341
1066,9,69,0.298,0.000,0.1205,1.340
1066,10,70,0.736,0.000,0.1211,1.340
1066,11,71,0.908,0.000,0.1209,1.339
1066,12,72,0.651,0.000,0.1217,1.339
1066,13,73,0.537,0.000,0.1215,1.339
1066,14,74,0.706,0.000,0.1217,1.340
1066,15,75,0.352,0.000,0.1212,1.341
1067,0,61,1.330,0.000,0.1200,3.389
1067,1,62,2.009,0.000,0.1193,1.341
1067,2,63,1.041,0.000,0.1203,1.341
1067,3,64,0.591,0.000,0.1200,1.341
1067,4,65,1.133,0.000,0.1206,1.341
1067,5,66,0.830,0.000,0.1200,1.341
1067,6,67,0.677,0.000,0.1202,1.341
1067,7,68,1.005,0.000,0.1207,1.341
1067,8,69,1.162,0.000,0.1205,1.340
1067,9,70,0.868,0.000,0.1211,1.340
1067,10,71,0.746,0.000,0.1209,1.339
1067,11,72,0.786,0.000,0.1217,1.339
1067,12,73,0.639,0.000,0.1215,1.339
1067,13,74,0.429,0.000,0.1217,1.340
1067,14,75,1.277,0.000,0.1212,1.341
1067,15,76,0.927,0.000,0.1220,1.340
1068,0,62,0.843,0.000,0.1193,1.341
1068,1,63,0.553,0.000,0.1203,1.341
1068,2,64,0.942,0.000,0.1200,1.341
1068,3,65,0.556,0.000,0.1206,1.341
1068,4,66,0.285,0.000,0.1200,1.341
1068,5,67,0.941,0.000,0.1202,1.341
1068,6,68,0.345,0.000,0.1207,1.341
1068,7,69,0.800,0.000,0.1205,1.340
1068,8,70,0.652,0.000,0.1211,1.340
1068,9,71,0.974,0.000,0.1209,1.339
1068,10,72,0.541,0.000,0.1217,1.339
1068,11,73,0.385,0.000,0.1215,1.339
1068,12,74,0.128,0.000,0.1217,1.340
1068,13,75,0.754,0.000,0.1212,1.341
1068,14,76,1.956,0.000,0.1220,1.340
1069,0,63,0.510,0.000,0.1203,1.341
1069,1,64,0.355,0.000,0.1200,1.341
1069,2,65,0.882,0.000,0.1206,1.341
1069,3,66,0.678,0.000,0.1200,1.341
1069,4,67,0.374,0.000,0.1202,1.341
1069,5,68,0.629,0.000,0.1207,1.341
1069,6,69,0.288,0.000,0.1205,1.340
1069,7,70,0.363,0.000,0.1211,1.340
1069,8,71,0.293,0.000,0.1209,1.339
1069,9,72,0.327,0.000,0.1217,1.339
1069,10,73,0.215,0.000,0.1215,1.339
1069,11,74,0.949,0.000,0.1217,1.340
1069,12,75,0.636,0.000,0.1212,1.341
1069,13,76,0.369,0.000,0.1220,1.340
1070,0,64,0.171,0.000,0.1200,1.341
1070,1,65,0.644,0.000,0.1206,1.341
1070,2,66,1.377,0.000,0.1200,1.341
1070,3,67,0.585,0.000,0.1202,1.341
1070,4,68,0.882,0.000,0.1207,1.341
1070,5,69,0.326,0.000,0.1205,1.340
1070,6,70,0.497,0.000,0.1211,1.340
1070,7,71,0.939,0.000,0.1209,1.339
1070,8,72,0.788,0.000,0.1217,1.339
1070,9,73,0.791,0.000,0.1215,1.339
1070,10,74,0.710,0.000,0.1217,1.340
1070,11,75,1.085,0.000,0.1212,1.341
1070,12,76,1.519,0.000,0.1220,1.340
1071,0,65,0.985,0.000,0.1206,1.341
1071,1,66,1.262,0.000,0.1200,1.341
1071,2,67,0.891,0.000,0.1202,1.341
1071,3,68,0.931,0.000,0.1207,1.341
1071,4,69,1.086,0.000,0.1205,1.340
1071,5,70,0.959,0.000,0.1211,1.340
1071,6,71,0.561,0.000,0.1209,1.339
1071,7,72,0.602,0.000,0.1217,1.339
1071,8,73,1.241,0.000,0.1215,1.339
1071,9,74,1.862,0.000,0.1217,1.340
1071,10,75,1.725,0.000,0.1212,1.341
1071,11,76,1.403,0.000,0.1220,1.340
1072,0,66,0.562,0.000,0.1200,1.341
1072,1,67,0.761,0.000,0.1202,1.341
1072,2,68,0.646,0.000,0.1207,1.341
1072,3,69,0.762,0.000,0.1205,1.340
1072,4,70,0.879,0.000,0.1211,1.340
1072,5,71,1.169,0.000,0.1209,1.339
1072,6,72,0.594,0.000,0.1217,1.339
1072,7,73,0.344,0.000,0.1215,1.339
1072,8,74,1.099,0.000,0.1217,1.340
1072,9,75,0.705,0.000,0.1212,1.341
1072,10,76,1.099,0.000,0.1220,1.340
1073,0,67,1.881,0.000,0.1202,1.341
1073,1,68,1.263,0.000,0.1207,1.341
1073,2,69,1.067,0.000,0.1205,1.340
1073,3,70,0.794,0.000,0.1211,1.340
1073,4,71,2.117,0.000,0.1209,1.339
1073,5,72,0.864,0.000,0.1217,1.339
1073,6,73,0.722,0.000,0.1215,1.339
1073,7,74,1.351,0.000,0.1217,1.340
1073,8,75,1.530,0.000,0.1212,1.341
1073,9,76,0.727,0.000,0.1220,1.340
1074,0,68,2.580,0.000,0.1207,1.341
1074,1,69,1.357,0.000,0.1205,1.340
1074,2,70,0.739,0.000,0.1211,1.340
1074,3,71,1.681,0.000,0.1209,1.339
1074,4,72,1.306,0.000,0.1217,1.339
1074,5,73,1.137,0.000,0.1215,1.339
1074,6,74,1.851,0.000,0.1217,1.340
1074,7,75,1.993,0.000,0.1212,1.341
1074,8,76,1.828,0.000,0.1220,1.340
1075,0,69,1.341,0.000,0.1205,1.340
1075,1,70,0.802,0.000,0.1211,1.340
1075,2,71,1.721,0.000,0.1209,1.339
1075,3,72,0.432,0.000,0.1217,1.339
1075,4,73,0.497,0.000,0.1215,1.339
1075,5,74,0.507,0.000,0.1217,1.340
1075,6,75,1.634,0.000,0.1212,1.341
1075,7,76,0.911,0.000,0.1220,1.340
1076,0,70,1.298,0.000,0.1211,1.340
1076,1,71,1.653,0.000,0.1209,1.339
1076,2,72,1.693,0.000,0.1217,1.339
1076,3,73,1.581,0.000,0.1215,1.339
1076,4,74,2.089,0.000,0.1217,1.340
1076,5,75,1.961,0.000,0.1212,1.341
1076,6,76,1.551,0.000,0.1220,1.340
1077,0,71,0.870,0.000,0.1209,1.339
1077,1,72,2.591,0.000,0.1217,1.339
1077,2,73,1.484,0.000,0.1215,1.339
1077,3,74,1.766,0.000,0.1217,1.340
1077,4,75,1.207,0.000,0.1212,1.341
1077,5,76,1.767,0.000,0.1220,1.340
1078,0,72,4.027,0.000,0.1217,1.339
1078,1,73,1.214,0.000,0.1215,1.339
1078,2,74,1.189,0.000,0.1217,1.340
1078,3,75,1.640,0.000,0.1212,1.341
1078,4,76,1.789,0.000,0.1220,1.340
1079,0,73,2.520,0.000,0.1215,1.339
1079,1,74,1.952,0.000,0.1217,1.340
1079,2,75,2.695,0.000,0.1212,1.341
1079,3,76,3.110,0.000,0.1220,1.340
1080,0,74,0.936,0.000,0.1217,1.340
1080,1,75,2.704,0.000,0.1212,1.341
1080,2,76,4.331,0.000,0.1220,1.340
1081,0,75,2.313,0.000,0.1212,1.341
1081,1,76,2.078,0.000,0.1220,1.340
1082,0,76,1.221,0.000,0.1220,1.340
1084,0,0,4.277,349.884,5.1017,34.988
1084,1,1,4.617,1138.851,3.7728,113.885
1084,2,2,8.264,8.941,0.6137,0.894
1084,3,3,2.273,0.003,0.0304,0.000
1084,4,4,2.796,0.002,0.0304,0.000
1084,5,5,3.030,0.003,0.0304,0.000
1084,6,6,2.131,0.001,0.0304,0.000
1084,7,7,0.713,0.002,0.0304,0.000
1084,8,8,1.335,0.003,0.0304,0.000
1084,9,9,1.528,0.001,0.0304,0.000
1084,10,10,1.022,0.002,0.0304,0.000
1084,11,11,0.666,3426.071,0.0304,0.000
1084,12,12,1.080,0.000,0.0304,342.607
1084,13,13,1.980,0.000,0.0304,162.445
1084,14,14,1.220,0.000,5.7688,19.534
1084,15,15,1.024,258.819,2.9796,0.119
1085,0,1,3.168,1138.851,3.7728,113.885
1085,1,2,3.010,8.941,0.6137,0.894
1085,2,3,0.852,0.003,0.0304,0.000
1085,3,4,1.646,0.002,0.0304,0.000
1085,4,5,0.839,0.003,0.0304,0.000
1085,5,6,0.510,0.001,0.0304,0.000
1085,6,7,1.030,0.002,0.0304,0.000
1085,7,8,0.679,0.003,0.0304,0.000
1085,8,9,0.527,0.001,0.0304,0.000
1085,9,10,1.262,0.002,0.0304,0.000
1085,10,11,1.351,3426.071,0.0304,0.000
1085,11,12,1.818,0.000,0.0304,342.607
1085,12,13,0.488,0.000,0.0304,162.445
1085,13,14,0.786,0.000,5.7688,19.534
1085,14,15,1.011,258.819,2.9796,0.119
1085,15,16,1.171,0.000,0.0154,25.740
1086,0,2,0.838,8.941,0.6137,0.894
1086,1,3,0.699,0.003,0.0304,0.000
1086,2,4,0.746,0.002,0.0304,0.000
1086,3,5,0.638,0.003,0.0304,0.000
1086,4,6,0.221,0.001,0.0304,0.000
1086,5,7,0.293,0.002,0.0304,0.000
1086,6,8,0.641,0.003,0.0304,0.000
1086,7,9,0.790,0.001,0.0304,0.000
1086,8,10,1.313,0.002,0.0304,0.000
1086,9,11,1.304,3426.071,0.0304,0.000
1086,10,12,0.803,0.000,0.0304,342.607
1086,11,13,1.714,0.000,0.0304,162.445
1086,12,14,0.686,0.000,5.7688,19.534
1086,13,15,0.511,258.819,2.9796,0.119
1086,14,16,0.403,0.000,0.0154,25.740
1086,15,17,0.695,241.182,0.0153,2.778
1087,0,3,1.266,0.003,0.0304,0.000
1087,1,4,0.960,0.002,0.0304,0.000
1087,2,5,0.661,0.003,0.0304,0.000
1087,3,6,0.990,0.001,0.0304,0.000
1087,4,7,0.840,0.002,0.0304,0.000
1087,5,8,0.597,0.003,0.0304,0.000
1087,6,9,0.311,0.001,0.0304,0.000
1087,7,10,0.728,0.002,0.0304,0.000
1087,8,11,0.526,3426.071,0.0304,0.000
1087,9,12,0.277,0.000,0.0304,342.607
1087,10,13,1.431,0.000,0.0304,162.445
1087,11,14,0.221,0.000,5.7688,19.534
1087,12,15,0.611,258.819,2.9796,0.119
1087,13,16,0.509,0.000,0.0154,25.740
1087,14,17,1.281,241.182,0.0153,2.778
1087,15,18,1.938,0.000,0.0147,23.342
1088,0,4,1.220,0.002,0.0304,0.000
1088,1,5,2.721,0.003,0.0304,0.000
1088,2,6,2.942,0.001,0.0304,0.000
1088,3,7,0.816,0.002,0.0304,0.000
1088,4,8,2.561,0.003,0.0304,0.000
1088,5,9,2.502,0.001,0.0304,0.000
1088,6,10,0.791,0.002,0.0304,0.000
1088,7,11,2.347,3426.071,0.0304,0.000
1088,8,12,2.050,0.000,0.0304,342.607
1088,9,13,4.210,0.000,0.0304,162.445
1088,10,14,1.858,0.000,5.7688,19.534
1088,11,15,4.918,258.819,2.9796,0.119
1088,12,16,3.468,0.000,0.0154,25.740
1088,13,17,1.466,241.182,0.0153,2.778
1088,14,18,2.182,0.000,0.0147,23.342
1088,15,19,3.299,207.106,0.0147,3.564
1089,0,5,0.663,0.003,0.0304,0.000
1089,1,6,1.007,0.001,0.0304,0.000
1089,2,7,0.243,0.002,0.0304,0.000
1089,3,8,0.577,0.003,0.0304,0.000
1089,4,9,0.054,0.001,0.0304,0.000
1089,5,10,1.046,0.002,0.0304,0.000
1089,6,11,0.650,3426.071,0.0304,0.000
1089,7,12,0.805,0.000,0.0304,342.607
1089,8,13,0.650,0.000,0.0304,162.445
1089,9,14,0.899,0.000,5.7688,19.534
1089,10,15,0.338,258.819,2.9796,0.119
1089,11,16,0.377,0.000,0.0154,25.740
1089,12,17,0.345,241.182,0.0153,2.778
1089,13,18,0.933,0.000,0.0147,23.342
1089,14,19,0.521,207.106,0.0147,3.564
1089,15,20,0.647,158.919,0.0140,19.785
1090,0,6,1.258,0.001,0.0304,0.000
1090,1,7,0.673,0.002,0.0304,0.000
1090,2,8,1.720,0.003,0.0304,0.000
1090,3,9,2.670,0.001,0.0304,0.000
1090,4,10,2.617,0.002,0.0304,0.000
1090,5,11,341.906,3426.071,0.0304,0.000
1090,6,12,2.446,0.000,0.0304,342.607
1090,7,13,0.970,0.000,0.0304,162.445
1090,8,14,1.554,0.000,5.7688,19.534
1090,9,15,25.728,258.819,2.9796,0.119
1090,10,16,1.497,0.000,0.0154,25.740
1090,11,17,23.792,241.182,0.0153,2.778
1090,12,18,1.375,0.000,0.0147,23.342
1090,13,19,20.636,207.106,0.0147,3.564
1090,14,20,14.909,158.919,0.0140,19.785
1090,15,21,9.842,99.900,0.0140,15.083
1091,0,7,0.670,0.002,0.0304,0.000
1091,1,8,0.844,0.003,0.0304,0.000
1091,2,9,1.501,0.001,0.0304,0.000
1091,3,10,1.605,0.002,0.0304,0.000
1091,4,11,0.341,3426.071,0.0304,0.000
1091,5,12,0.998,0.000,0.0304,342.607
1091,6,13,1.331,0.000,0.0304,162.445
1091,7,14,0.805,0.000,5.7688,19.534
1091,8,15,0.302,258.819,2.9796,0.119
1091,9,16,0.506,0.000,0.0154,25.740
1091,10,17,1.057,241.182,0.0153,2.778
1091,11,18,0.688,0.000,0.0147,23.342
1091,12,19,0.825,207.106,0.0147,3.564
1091,13,20,1.058,158.919,0.0140,19.785
1091,14,21,5.967,99.900,0.0140,15.083
1091,15,22,1.503,34.075,0.0132,9.468
1092,0,8,0.916,0.003,0.0304,0.000
1092,1,9,0.871,0.001,0.0304,0.000
1092,2,10,1.517,0.002,0.0304,0.000
1092,3,11,1.376,3426.071,0.0304,0.000
1092,4,12,0.800,0.000,0.0304,342.607
1092,5,13,0.702,0.000,0.0304,162.445
1092,6,14,0.304,0.000,5.7688,19.534
1092,7,15,0.824,258.819,2.9796,0.119
1092,8,16,0.503,0.000,0.0154,25.740
1092,9,17,0.884,241.182,0.0153,2.778
1092,10,18,1.326,0.000,0.0147,23.342
1092,11,19,0.532,207.106,0.0147,3.564
1092,12,20,2.200,158.919,0.0140,19.785
1092,13,21,0.590,99.900,0.0140,15.083
1092,14,22,1.272,34.075,0.0132,9.468
1092,15,23,1.025,0.000,0.0126,3.199
1093,0,9,0.546,0.001,0.0304,0.000
1093,1,10,0.809,0.002,0.0304,0.000
1093,2,11,0.437,3426.071,0.0304,0.000
1093,3,12,0.826,0.000,0.0304,342.607
1093,4,13,0.425,0.000,0.0304,162.445
1093,5,14,0.366,0.000,5.7688,19.534
1093,6,15,0.687,258.819,2.9796,0.119
1093,7,16,0.417,0.000,0.0154,25.740
1093,8,17,0.495,241.182,0.0153,2.778
1093,9,18,1.356,0.000,0.0147,23.342
1093,10,19,0.576,207.106,0.0147,3.564
1093,11,20,0.427,158.919,0.0140,19.785
1093,12,21,0.614,99.900,0.0140,15.083
1093,13,22,0.635,34.075,0.0132,9.468
1093,14,23,0.283,0.000,0.0126,3.199
1093,15,24,0.930,0.000,0.0122,3.446
1094,0,10,3.297,0.002,0.0304,0.000
1094,1,11,341.478,3426.071,0.0304,0.000
1094,2,12,0.863,0.000,0.0304,342.607
1094,3,13,1.290,0.000,0.0304,162.445
1094,4,14,1.017,0.000,5.7688,19.534
1094,5,15,26.125,258.819,2.9796,0.119
1094,6,16,0.402,0.000,0.0154,25.740
1094,7,17,23.579,241.182,0.0153,2.778
1094,8,18,1.046,0.000,0.0147,23.342
1094,9,19,20.684,207.106,0.0147,3.564
1094,10,20,15.688,158.919,0.0140,19.785
1094,11,21,9.389,99.900,0.0140,15.083
1094,12,22,4.549,34.075,0.0132,9.468
1094,13,23,2.311,0.000,0.0126,3.199
1094,14,24,1.848,0.000,0.0122,3.446
1094,15,25,2.141,0.000,0.1368,3.416
1095,0,11,0.954,3426.071,0.0304,0.000
1095,1,12,342.703,0.000,0.0304,342.607
1095,2,13,1.130,0.000,0.0304,162.445
1095,3,14,2.107,0.000,5.7688,19.534
1095,4,15,0.647,258.819,2.9796,0.119
1095,5,16,25.990,0.000,0.0154,25.740
1095,6,17,0.583,241.182,0.0153,2.778
1095,7,18,24.543,0.000,0.0147,23.342
1095,8,19,0.354,207.106,0.0147,3.564
1095,9,20,21.066,158.919,0.0140,19.785
1095,10,21,16.428,99.900,0.0140,15.083
1095,11,22,10.162,34.075,0.0132,9.468
1095,12,23,3.159,0.000,0.0126,3.199
1095,13,24,0.497,0.000,0.0122,3.446
1095,14,25,0.875,0.000,0.1368,3.416
1095,15,26,0.470,0.000,0.1412,3.416
1096,0,12,1.190,0.000,0.0304,342.607
1096,1,13,0.788,0.000,0.0304,162.445
1096,2,14,0.399,0.000,5.7688,19.534
1096,3,15,25.789,258.819,2.9796,0.119
1096,4,16,0.375,0.000,0.0154,25.740
1096,5,17,24.382,241.182,0.0153,2.778
1096,6,18,0.485,0.000,0.0147,23.342
1096,7,19,20.513,207.106,0.0147,3.564
1096,8,20,16.455,158.919,0.0140,19.785
1096,9,21,9.759,99.900,0.0140,15.083
1096,10,22,2.812,34.075,0.0132,9.468
1096,11,23,0.407,0.000,0.0126,3.199
1096,12,24,1.015,0.000,0.0122,3.446
1096,13,25,0.426,0.000,0.1368,3.416
1096,14,26,1.219,0.000,0.1412,3.416
1096,15,27,0.535,0.000,0.1373,3.416
1097,0,13,0.894,0.000,0.0304,162.445
1097,1,14,0.362,0.000,5.7688,19.534
1097,2,15,0.805,258.819,2.9796,0.119
1097,3,16,0.578,0.000,0.0154,25.740
1097,4,17,0.653,241.182,0.0153,2.778
1097,5,18,0.139,0.000,0.0147,23.342
1097,6,19,0.578,207.106,0.0147,3.564
1097,7,20,0.669,158.919,0.0140,19.785
1097,8,21,0.664,99.900,0.0140,15.083
1097,9,22,0.476,34.075,0.0132,9.468
1097,10,23,0.521,0.000,0.0126,3.199
1097,11,24,0.703,0.000,0.0122,3.446
1097,12,25,0.558,0.000,0.1368,3.416
1097,13,26,0.427,0.000,0.1412,3.416
1097,14,27,0.596,0.000,0.1373,3.416
1097,15,28,2.445,0.000,0.1394,3.416
1098,0,14,1.044,0.000,5.7688,19.534
1098,1,15,0.848,258.819,2.9796,0.119
1098,2,16,0.407,0.000,0.0154,25.740
1098,3,17,0.055,241.182,0.0153,2.778
1098,4,18,0.483,0.000,0.0147,23.342
1098,5,19,0.837,207.106,0.0147,3.564
1098,6,20,0.636,158.919,0.0140,19.785
1098,7,21,0.525,99.900,0.0140,15.083
1098,8,22,0.379,34.075,0.0132,9.468
1098,9,23,0.284,0.000,0.0126,3.199
1098,10,24,0.581,0.000,0.0122,3.446
1098,11,25,0.594,0.000,0.1368,3.416
1098,12,26,0.185,0.000,0.1412,3.416
1098,13,27,1.216,0.000,0.1373,3.416
1098,14,28,1.086,0.000,0.1394,3.416
1098,15,29,0.690,0.000,0.1380,3.416
1099,0,15,0.744,258.819,2.9796,0.119
1099,1,16,0.427,0.000,0.0154,25.740
1099,2,17,0.864,241.182,0.0153,2.778
1099,3,18,1.062,0.000,0.0147,23.342
1099,4,19,1.285,207.106,0.0147,3.564
1099,5,20,0.510,158.919,0.0140,19.785
1099,6,21,0.487,99.900,0.0140,15.083
1099,7,22,1.120,34.075,0.0132,9.468
1099,8,23,0.397,0.000,0.0126,3.199
1099,9,24,0.650,0.000,0.0122,3.446
1099,10,25,0.999,0.000,0.1368,3.416
1099,11,26,0.819,0.000,0.1412,3.416
1099,12,27,0.315,0.000,0.1373,3.416
1099,13,28,0.974,0.000,0.1394,3.416
1099,14,29,0.536,0.000,0.1380,3.416
1099,15,30,0.624,0.000,0.1405,3.416
1100,0,16,0.665,0.000,0.0154,25.740
1100,1,17,1.049,241.182,0.0153,2.778
1100,2,18,1.298,0.000,0.0147,23.342
1100,3,19,1.301,207.106,0.0147,3.564
1100,4,20,0.815,158.919,0.0140,19.785
1100,5,21,1.505,99.900,0.0140,15.083
1100,6,22,0.546,34.075,0.0132,9.468
1100,7,23,1.136,0.000,0.0126,3.199
1100,8,24,0.808,0.000,0.0122,3.446
1100,9,25,6.818,0.000,0.1368,3.416
1100,10,26,0.636,0.000,0.1412,3.416
1100,11,27,0.980,0.000,0.1373,3.416
1100,12,28,1.058,0.000,0.1394,3.416
1100,13,29,0.795,0.000,0.1380,3.416
1100,14,30,1.244,0.000,0.1405,3.416
1100,15,31,1.287,0.000,0.1387,3.416
1101,0,17,1.169,241.182,0.0153,2.778
1101,1,18,1.748,0.000,0.0147,23.342
1101,2,19,0.716,207.106,0.0147,3.564
1101,3,20,1.843,158.919,0.0140,19.785
1101,4,21,1.497,99.900,0.0140,15.083
1101,5,22,3.582,34.075,0.0132,9.468
1101,6,23,2.085,0.000,0.0126,3.199
1101,7,24,1.066,0.000,0.0122,3.446
1101,8,25,1.270,0.000,0.1368,3.416
1101,9,26,0.484,0.000,0.1412,3.416
1101,10,27,0.509,0.000,0.1373,3.416
1101,11,28,1.136,0.000,0.1394,3.416
1101,12,29,0.614,0.000,0.1380,3.416
1101,13,30,0.734,0.000,0.1405,3.416
1101,14,31,1.257,0.000,0.1387,3.416
1101,15,32,1.788,0.000,0.1401,3.415
1102,0,18,4.449,0.000,0.0147,23.342
1102,1,19,1.817,207.106,0.0147,3.564
1102,2,20,1.759,158.919,0.0140,19.785
1102,3,21,3.929,99.900,0.0140,15.083
1102,4,22,2.717,34.075,0.0132,9.468
1102,5,23,1.196,0.000,0.0126,3.199
1102,6,24,0.719,0.000,0.0122,3.446
1102,7,25,0.433,0.000,0.1368,3.416
1102,8,26,0.859,0.000,0.1412,3.416
1102,9,27,0.321,0.000,0.1373,3.416
1102,10,28,0.888,0.000,0.1394,3.416
1102,11,29,0.951,0.000,0.1380,3.416
1102,12,30,0.761,0.000,0.1405,3.416
1102,13,31,0.805,0.000,0.1387,3.416
1102,14,32,1.599,0.000,0.1401,3.415
1102,15,33,0.351,0.000,0.1393,3.416
1103,0,19,0.999,207.106,0.0147,3.564
1103,1,20,0.575,158.919,0.0140,19.785
1103,2,21,0.514,99.900,0.0140,15.083
1103,3,22,0.728,34.075,0.0132,9.468
1103,4,23,0.157,0.000,0.0126,3.199
1103,5,24,1.021,0.000,0.0122,3.446
1103,6,25,0.679,0.000,0.1368,3.416
1103,7,26,0.444,0.000,0.1412,3.416
1103,8,27,0.274,0.000,0.1373,3.416
1103,9,28,0.264,0.000,0.1394,3.416
1103,10,29,0.512,0.000,0.1380,3.416
1103,11,30,0.130,0.000,0.1405,3.416
1103,12,31,0.657,0.000,0.1387,3.416
1103,13,32,0.562,0.000,0.1401,3.415
1103,14,33,5.039,0.000,0.1393,3.416
1103,15,34,0.411,1000.000,0.1394,3.416
1104,0,20,0.421,158.919,0.0140,19.785
1104,1,21,0.987,99.900,0.0140,15.083
1104,2,22,0.537,34.075,0.0132,9.468
1104,3,23,0.641,0.000,0.0126,3.199
1104,4,24,0.552,0.000,0.0122,3.446
1104,5,25,1.126,0.000,0.1368,3.416
1104,6,26,0.424,0.000,0.1412,3.416
1104,7,27,0.838,0.000,0.1373,3.416
1104,8,28,0.701,0.000,0.1394,3.416
1104,9,29,0.552,0.000,0.1380,3.416
1104,10,30,0.286,0.000,0.1405,3.416
1104,11,31,0.457,0.000,0.1387,3.416
1104,12,32,1.830,0.000,0.1401,3.415
1104,13,33,0.575,0.000,0.1393,3.416
1104,14,34,1.034,1000.000,0.1394,3.416
1104,15,35,0.515,0.000,0.1382,15.285
1105,0,21,0.402,99.900,0.0140,15.083
1105,1,22,0.502,34.075,0.0132,9.468
1105,2,23,0.721,0.000,0.0126,3.199
1105,3,24,0.893,0.000,0.0122,3.446
1105,4,25,0.729,0.000,0.1368,3.416
1105,5,26,0.644,0.000,0.1412,3.416
1105,6,27,0.630,0.000,0.1373,3.416
1105,7,28,0.540,0.000,0.1394,3.416
1105,8,29,0.312,0.000,0.1380,3.416
1105,9,30,0.531,0.000,0.1405,3.416
1105,10,31,1.200,0.000,0.1387,3.416
1105,11,32,0.600,0.000,0.1401,3.415
1105,12,33,0.809,0.000,0.1393,3.416
1105,13,34,0.253,1000.000,0.1394,3.416
1105,14,35,1.021,0.000,0.1382,15.285
1105,15,36,1.392,1028.263,1.0552,1.777
1106,0,22,11.839,34.075,0.0132,9.468
1106,1,23,4.800,0.000,0.0126,3.199
1106,2,24,2.211,0.000,0.0122,3.446
1106,3,25,2.678,0.000,0.1368,3.416
1106,4,26,0.997,0.000,0.1412,3.416
1106,5,27,1.114,0.000,0.1373,3.416
1106,6,28,1.369,0.000,0.1394,3.416
1106,7,29,1.659,0.000,0.1380,3.416
1106,8,30,1.672,0.000,0.1405,3.416
1106,9,31,3.636,0.000,0.1387,3.416
1106,10,32,2.410,0.000,0.1401,3.415
1106,11,33,0.513,0.000,0.1393,3.416
1106,12,34,1.628,1000.000,0.1394,3.416
1106,13,35,2.769,0.000,0.1382,15.285
1106,14,36,5.708,1028.263,1.0552,1.777
1106,15,37,1.026,0.000,0.4119,122.637
1107,0,23,0.256,0.000,0.0126,3.199
1107,1,24,1.089,0.000,0.0122,3.446
1107,2,25,0.664,0.000,0.1368,3.416
1107,3,26,0.314,0.000,0.1412,3.416
1107,4,27,0.471,0.000,0.1373,3.416
1107,5,28,0.724,0.000,0.1394,3.416
1107,6,29,0.436,0.000,0.1380,3.416
1107,7,30,0.691,0.000,0.1405,3.416
1107,8,31,0.598,0.000,0.1387,3.416
1107,9,32,0.921,0.000,0.1401,3.415
1107,10,33,0.338,0.000,0.1393,3.416
1107,11,34,0.780,1000.000,0.1394,3.416
1107,12,35,0.059,0.000,0.1382,15.285
1107,13,36,0.452,1028.263,1.0552,1.777
1107,14,37,0.877,0.000,0.4119,122.637
1107,15,38,0.933,0.000,4.4526,49.862
1108,0,24,0.857,0.000,0.0122,3.446
1108,1,25,2.287,0.000,0.1368,3.416
1108,2,26,0.904,0.000,0.1412,3.416
1108,3,27,0.472,0.000,0.1373,3.416
1108,4,28,0.359,0.000,0.1394,3.416
1108,5,29,0.357,0.000,0.1380,3.416
1108,6,30,1.831,0.000,0.1405,3.416
1108,7,31,0.416,0.000,0.1387,3.416
1108,8,32,0.379,0.000,0.1401,3.415
1108,9,33,0.486,0.000,0.1393,3.416
1108,10,34,0.969,1000.000,0.1394,3.416
1108,11,35,0.982,0.000,0.1382,15.285
1108,12,36,1.204,1028.263,1.0552,1.777
1108,13,37,0.534,0.000,0.4119,122.637
1108,14,38,0.958,0.000,4.4526,49.862
1108,15,39,3.446,0.000,2.5376,20.183
1109,0,25,0.383,0.000,0.1368,3.416
1109,1,26,0.390,0.000,0.1412,3.416
1109,2,27,1.327,0.000,0.1373,3.416
1109,3,28,0.569,0.000,0.1394,3.416
1109,4,29,0.977,0.000,0.1380,3.416
1109,5,30,1.162,0.000,0.1405,3.416
1109,6,31,0.417,0.000,0.1387,3.416
1109,7,32,0.304,0.000,0.1401,3.415
1109,8,33,0.759,0.000,0.1393,3.416
1109,9,34,0.638,1000.000,0.1394,3.416
1109,10,35,0.756,0.000,0.1382,15.285
1109,11,36,1.267,1028.263,1.0552,1.777
1109,12,37,0.815,0.000,0.4119,122.637
1109,13,38,1.799,0.000,4.4526,49.862
1109,14,39,0.688,0.000,2.5376,20.183
1109,15,40,0.611,0.000,0.8758,9.900
1110,0,26,0.630,0.000,0.1412,3.416
1110,1,27,0.340,0.000,0.1373,3.416
1110,2,28,0.820,0.000,0.1394,3.416
1110,3,29,1.010,0.000,0.1380,3.416
1110,4,30,1.105,0.000,0.1405,3.416
1110,5,31,0.606,0.000,0.1387,3.416
1110,6,32,0.928,0.000,0.1401,3.415
1110,7,33,0.291,0.000,0.1393,3.416
1110,8,34,1.225,1000.000,0.1394,3.416
1110,9,35,0.731,0.000,0.1382,15.285
1110,10,36,0.936,1028.263,1.0552,1.777
1110,11,37,0.771,0.000,0.4119,122.637
1110,12,38,0.459,0.000,4.4526,49.862
1110,13,39,0.816,0.000,2.5376,20.183
1110,14,40,1.206,0.000,0.8758,9.900
1110,15,41,0.709,0.000,0.9547,1.251
1111,0,27,0.246,0.000,0.1373,3.416
1111,1,28,0.330,0.000,0.1394,3.416
1111,2,29,0.299,0.000,0.1380,3.416
1111,3,30,2.223,0.000,0.1405,3.416
1111,4,31,2.021,0.000,0.1387,3.416
1111,5,32,0.945,0.000,0.1401,3.415
1111,6,33,0.851,0.000,0.1393,3.416
1111,7,34,0.738,1000.000,0.1394,3.416
1111,8,35,1.258,0.000,0.1382,15.285
1111,9,36,0.412,1028.263,1.0552,1.777
1111,10,37,0.648,0.000,0.4119,122.637
1111,11,38,1.558,0.000,4.4526,49.862
1111,12,39,1.276,0.000,2.5376,20.183
1111,13,40,3.063,0.000,0.8758,9.900
1111,14,41,2.372,0.000,0.9547,1.251
1111,15,42,1.227,0.000,0.2098,1.210
1112,0,28,0.615,0.000,0.1394,3.416
1112,1,29,0.268,0.000,0.1380,3.416
1112,2,30,1.329,0.000,0.1405,3.416
1112,3,31,1.010,0.000,0.1387,3.416
1112,4,32,0.842,0.000,0.1401,3.415
1112,5,33,0.632,0.000,0.1393,3.416
1112,6,34,1.192,1000.000,0.1394,3.416
1112,7,35,0.209,0.000,0.1382,15.285
1112,8,36,0.782,1028.263,1.0552,1.777
1112,9,37,0.823,0.000,0.4119,122.637
1112,10,38,0.466,0.000,4.4526,49.862
1112,11,39,0.479,0.000,2.5376,20.183
1112,12,40,0.867,0.000,0.8758,9.900
1112,13,41,0.598,0.000,0.9547,1.251
1112,14,42,0.941,0.000,0.2098,1.210
1112,15,43,7.028,0.000,0.1910,1.210
1113,0,29,0.573,0.000,0.1380,3.416
1113,1,30,1.854,0.000,0.1405,3.416
1113,2,31,0.123,0.000,0.1387,3.416
1113,3,32,0.578,0.000,0.1401,3.415
1113,4,33,0.934,0.000,0.1393,3.416
1113,5,34,0.642,1000.000,0.1394,3.416
1113,6,35,0.608,0.000,0.1382,15.285
1113,7,36,0.788,1028.263,1.0552,1.777
1113,8,37,0.393,0.000,0.4119,122.637
1113,9,38,0.439,0.000,4.4526,49.862
1113,10,39,1.154,0.000,2.5376,20.183
1113,11,40,1.047,0.000,0.8758,9.900
1113,12,41,1.060,0.000,0.9547,1.251
1113,13,42,1.254,0.000,0.2098,1.210
1113,14,43,0.590,0.000,0.1910,1.210
1113,15,44,1.515,0.000,0.1905,1.209
1114,0,30,0.550,0.000,0.1405,3.416
1114,1,31,0.466,0.000,0.1387,3.416
1114,2,32,0.461,0.000,0.1401,3.415
1114,3,33,0.382,0.000,0.1393,3.416
1114,4,34,0.707,1000.000,0.1394,3.416
1114,5,35,1.063,0.000,0.1382,15.285
1114,6,36,0.657,1028.263,1.0552,1.777
1114,7,37,0.816,0.000,0.4119,122.637
1114,8,38,1.135,0.000,4.4526,49.862
1114,9,39,0.312,0.000,2.5376,20.183
1114,10,40,0.292,0.000,0.8758,9.900
1114,11,41,0.718,0.000,0.9547,1.251
1114,12,42,0.099,0.000,0.2098,1.210
1114,13,43,0.604,0.000,0.1910,1.210
1114,14,44,0.465,0.000,0.1905,1.209
1114,15,45,0.646,0.000,0.1903,1.209
1115,0,31,1.112,0.000,0.1387,3.416
1115,1,32,0.846,0.000,0.1401,3.415
1115,2,33,1.330,0.000,0.1393,3.416
1115,3,34,0.376,1000.000,0.1394,3.416
1115,4,35,1.227,0.000,0.1382,15.285
1115,5,36,0.899,1028.263,1.0552,1.777
1115,6,37,0.265,0.000,0.4119,122.637
1115,7,38,0.218,0.000,4.4526,49.862
1115,8,39,0.500,0.000,2.5376,20.183
1115,9,40,0.280,0.000,0.8758,9.900
1115,10,41,0.197,0.000,0.9547,1.251
1115,11,42,0.519,0.000,0.2098,1.210
1115,12,43,0.549,0.000,0.1910,1.210
1115,13,44,0.584,0.000,0.1905,1.209
1115,14,45,0.340,0.000,0.1903,1.209
1115,15,46,0.920,0.000,0.1904,1.209
1116,0,32,1.318,0.000,0.1401,3.415
1116,1,33,0.316,0.000,0.1393,3.416
1116,2,34,1.156,1000.000,0.1394,3.416
1116,3,35,0.929,0.000,0.1382,15.285
1116,4,36,0.770,1028.263,1.0552,1.777
1116,5,37,0.555,0.000,0.4119,122.637
1116,6,38,0.454,0.000,4.4526,49.862
1116,7,39,0.536,0.000,2.5376,20.183
1116,8,40,0.611,0.000,0.8758,9.900
1116,9,41,0.361,0.000,0.9547,1.251
1116,10,42,0.226,0.000,0.2098,1.210
1116,11,43,0.698,0.000,0.1910,1.210
1116,12,44,0.607,0.000,0.1905,1.209
1116,13,45,0.786,0.000,0.1903,1.209
1116,14,46,2.743,0.000,0.1904,1.209
1116,15,47,0.705,0.000,0.1897,1.210
1117,0,33,1.289,0.000,0.1393,3.416
1117,1,34,0.929,1000.000,0.1394,3.416
1117,2,35,0.772,0.000,0.1382,15.285
1117,3,36,2.308,1028.263,1.0552,1.777
1117,4,37,0.337,0.000,0.4119,122.637
1117,5,38,0.664,0.000,4.4526,49.862
1117,6,39,0.452,0.000,2.5376,20.183
1117,7,40,0.685,0.000,0.8758,9.900
1117,8,41,0.199,0.000,0.9547,1.251
1117,9,42,0.394,0.000,0.2098,1.210
1117,10,43,0.525,0.000,0.1910,1.210
1117,11,44,0.352,0.000,0.1905,1.209
1117,12,45,0.611,0.000,0.1903,1.209
1117,13,46,0.413,0.000,0.1904,1.209
1117,14,47,0.232,0.000,0.1897,1.210
1117,15,48,0.599,0.000,0.1887,1.209
1118,0,34,0.648,1000.000,0.1394,3.416
1118,1,35,2.708,0.000,0.1382,15.285
1118,2,36,9.365,1028.263,1.0552,1.777
1118,3,37,0.515,0.000,0.4119,122.637
1118,4,38,1.632,0.000,4.4526,49.862
1118,5,39,0.613,0.000,2.5376,20.183
1118,6,40,0.962,0.000,0.8758,9.900
1118,7,41,0.685,0.000,0.9547,1.251
1118,8,42,0.413,0.000,0.2098,1.210
1118,9,43,0.956,0.000,0.1910,1.210
1118,10,44,0.562,0.000,0.1905,1.209
1118,11,45,0.772,0.000,0.1903,1.209
1118,12,46,0.123,0.000,0.1904,1.209
1118,13,47,0.482,0.000,0.1897,1.210
1118,14,48,0.414,0.000,0.1887,1.209
1118,15,49,1.098,0.000,0.1885,1.209
1119,0,35,1.427,0.000,0.1382,15.285
1119,1,36,5.621,1028.263,1.0552,1.777
1119,2,37,0.884,0.000,0.4119,122.637
1119,3,38,0.699,0.000,4.4526,49.862
1119,4,39,0.652,0.000,2.5376,20.183
1119,5,40,1.190,0.000,0.8758,9.900
1119,6,41,0.792,0.000,0.9547,1.251
1119,7,42,0.781,0.000,0.2098,1.210
1119,8,43,1.153,0.000,0.1910,1.210
1119,9,44,0.784,0.000,0.1905,1.209
1119,10,45,0.319,0.000,0.1903,1.209
1119,11,46,0.705,0.000,0.1904,1.209
1119,12,47,0.933,0.000,0.1897,1.210
1119,13,48,0.600,0.000,0.1887,1.209
1119,14,49,1.069,0.000,0.1885,1.209
1119,15,50,1.073,0.000,0.1881,1.209
1120,0,36,0.242,1028.263,1.0552,1.777
1120,1,37,0.516,0.000,0.4119,122.637
1120,2,38,0.214,0.000,4.4526,49.862
1120,3,39,0.574,0.000,2.5376,20.183
1120,4,40,0.230,0.000,0.8758,9.900
1120,5,41,0.675,0.000,0.9547,1.251
1120,6,42,0.260,0.000,0.2098,1.210
1120,7,43,0.649,0.000,0.1910,1.210
1120,8,44,0.238,0.000,0.1905,1.209
1120,9,45,0.261,0.000,0.1903,1.209
1120,10,46,0.301,0.000,0.1904,1.209
1120,11,47,0.326,0.000,0.1897,1.210
1120,12,48,0.556,0.000,0.1887,1.209
1120,13,49,0.552,0.000,0.1885,1.209
1120,14,50,1.833,0.000,0.1881,1.209
1120,15,51,1.196,258.820,0.1880,1.209
1121,0,37,0.560,0.000,0.4119,122.637
1121,1,38,0.804,0.000,4.4526,49.862
1121,2,39,0.498,0.000,2.5376,20.183
1121,3,40,0.415,0.000,0.8758,9.900
1121,4,41,0.620,0.000,0.9547,1.251
1121,5,42,1.282,0.000,0.2098,1.210
1121,6,43,1.347,0.000,0.1910,1.210
1121,7,44,0.569,0.000,0.1905,1.209
1121,8,45,0.561,0.000,0.1903,1.209
1121,9,46,0.219,0.000,0.1904,1.209
1121,10,47,1.037,0.000,0.1897,1.210
1121,11,48,1.175,0.000,0.1887,1.209
1121,12,49,1.833,0.000,0.1885,1.209
1121,13,50,0.668,0.000,0.1881,1.209
1121,14,51,0.569,258.820,0.1880,1.209
1121,15,52,10.789,0.000,0.1874,25.781
1122,0,38,0.798,0.000,4.4526,49.862
1122,1,39,0.306,0.000,2.5376,20.183
1122,2,40,1.008,0.000,0.8758,9.900
1122,3,41,0.509,0.000,0.9547,1.251
1122,4,42,0.620,0.000,0.2098,1.210
1122,5,43,0.454,0.000,0.1910,1.210
1122,6,44,0.526,0.000,0.1905,1.209
1122,7,45,0.412,0.000,0.1903,1.209
1122,8,46,0.810,0.000,0.1904,1.209
1122,9,47,0.324,0.000,0.1897,1.210
1122,10,48,0.975,0.000,0.1887,1.209
1122,11,49,0.368,0.000,0.1885,1.209
1122,12,50,0.681,0.000,0.1881,1.209
1122,13,51,0.675,258.820,0.1880,1.209
1122,14,52,1.480,0.000,0.1874,25.781
1122,15,53,1.402,241.181,0.1849,4.734
1123,0,39,0.672,0.000,2.5376,20.183
1123,1,40,0.665,0.000,0.8758,9.900
1123,2,41,0.435,0.000,0.9547,1.251
1123,3,42,1.052,0.000,0.2098,1.210
1123,4,43,0.798,0.000,0.1910,1.210
1123,5,44,0.579,0.000,0.1905,1.209
1123,6,45,1.000,0.000,0.1903,1.209
1123,7,46,1.268,0.000,0.1904,1.209
1123,8,47,0.795,0.000,0.1897,1.210
1123,9,48,1.122,0.000,0.1887,1.209
1123,10,49,0.417,0.000,0.1885,1.209
1123,11,50,1.154,0.000,0.1881,1.209
1123,12,51,2.480,258.820,0.1880,1.209
1123,13,52,4.529,0.000,0.1874,25.781
1123,14,53,2.123,241.181,0.1849,4.734
1123,15,54,4.444,0.000,0.1942,23.206
1124,0,40,2.463,0.000,0.8758,9.900
1124,1,41,0.271,0.000,0.9547,1.251
1124,2,42,1.022,0.000,0.2098,1.210
1124,3,43,0.988,0.000,0.1910,1.210
1124,4,44,0.067,0.000,0.1905,1.209
1124,5,45,1.029,0.000,0.1903,1.209
1124,6,46,0.809,0.000,0.1904,1.209
1124,7,47,0.573,0.000,0.1897,1.210
1124,8,48,0.140,0.000,0.1887,1.209
1124,9,49,0.248,0.000,0.1885,1.209
1124,10,50,0.726,0.000,0.1881,1.209
1124,11,51,0.471,258.820,0.1880,1.209
1124,12,52,2.084,0.000,0.1874,25.781
1124,13,53,0.698,241.181,0.1849,4.734
1124,14,54,0.651,0.000,0.1942,23.206
1124,15,55,1.291,207.107,0.1942,5.007
1125,0,41,0.633,0.000,0.9547,1.251
1125,1,42,1.863,0.000,0.2098,1.210
1125,2,43,0.858,0.000,0.1910,1.210
1125,3,44,0.480,0.000,0.1905,1.209
1125,4,45,0.079,0.000,0.1903,1.209
1125,5,46,0.560,0.000,0.1904,1.209
1125,6,47,0.527,0.000,0.1897,1.210
1125,7,48,0.852,0.000,0.1887,1.209
1125,8,49,0.744,0.000,0.1885,1.209
1125,9,50,0.945,0.000,0.1881,1.209
1125,10,51,0.215,258.820,0.1880,1.209
1125,11,52,0.519,0.000,0.1874,25.781
1125,12,53,1.136,241.181,0.1849,4.734
1125,13,54,0.858,0.000,0.1942,23.206
1125,14,55,0.745,207.107,0.1942,5.007
1125,15,56,1.731,0.000,0.2047,19.502
1126,0,42,0.469,0.000,0.2098,1.210
1126,1,43,0.161,0.000,0.1910,1.210
1126,2,44,1.004,0.000,0.1905,1.209
1126,3,45,0.415,0.000,0.1903,1.209
1126,4,46,0.962,0.000,0.1904,1.209
1126,5,47,0.455,0.000,0.1897,1.210
1126,6,48,0.597,0.000,0.1887,1.209
1126,7,49,0.786,0.000,0.1885,1.209
1126,8,50,0.662,0.000,0.1881,1.209
1126,9,51,0.488,258.820,0.1880,1.209
1126,10,52,0.447,0.000,0.1874,25.781
1126,11,53,0.740,241.181,0.1849,4.734
1126,12,54,0.183,0.000,0.1942,23.206
1126,13,55,0.579,207.107,0.1942,5.007
1126,14,56,0.668,0.000,0.2047,19.502
1126,15,57,0.950,158.918,0.2045,4.088
1127,0,43,0.776,0.000,0.1910,1.210
1127,1,44,4.130,0.000,0.1905,1.209
1127,2,45,2.694,0.000,0.1903,1.209
1127,3,46,1.200,0.000,0.1904,1.209
1127,4,47,0.298,0.000,0.1897,1.210
1127,5,48,0.471,0.000,0.1887,1.209
1127,6,49,0.239,0.000,0.1885,1.209
1127,7,50,2.042,0.000,0.1881,1.209
1127,8,51,1.488,258.820,0.1880,1.209
1127,9,52,1.341,0.000,0.1874,25.781
1127,10,53,1.584,241.181,0.1849,4.734
1127,11,54,1.770,0.000,0.1942,23.206
1127,12,55,2.347,207.107,0.1942,5.007
1127,13,56,2.153,0.000,0.2047,19.502
1127,14,57,2.895,158.918,0.2045,4.088
1127,15,58,1.038,99.901,0.2142,14.816
1128,0,44,0.327,0.000,0.1905,1.209
1128,1,45,0.814,0.000,0.1903,1.209
1128,2,46,0.522,0.000,0.1904,1.209
1128,3,47,0.404,0.000,0.1897,1.210
1128,4,48,0.945,0.000,0.1887,1.209
1128,5,49,0.519,0.000,0.1885,1.209
1128,6,50,0.759,0.000,0.1881,1.209
1128,7,51,0.970,258.820,0.1880,1.209
1128,8,52,1.265,0.000,0.1874,25.781
1128,9,53,0.892,241.181,0.1849,4.734
1128,10,54,0.691,0.000,0.1942,23.206
1128,11,55,1.208,207.107,0.1942,5.007
1128,12,56,2.223,0.000,0.2047,19.502
1128,13,57,1.625,158.918,0.2045,4.088
1128,14,58,0.944,99.901,0.2142,14.816
1128,15,59,1.490,34.074,0.2144,9.338
1129,0,45,0.640,0.000,0.1903,1.209
1129,1,46,0.475,0.000,0.1904,1.209
1129,2,47,0.350,0.000,0.1897,1.210
1129,3,48,0.759,0.000,0.1887,1.209
1129,4,49,1.180,0.000,0.1885,1.209
1129,5,50,0.609,0.000,0.1881,1.209
1129,6,51,1.228,258.820,0.1880,1.209
1129,7,52,2.007,0.000,0.1874,25.781
1129,8,53,1.988,241.181,0.1849,4.734
1129,9,54,1.576,0.000,0.1942,23.206
1129,10,55,0.974,207.107,0.1942,5.007
1129,11,56,2.180,0.000,0.2047,19.502
1129,12,57,2.089,158.918,0.2045,4.088
1129,13,58,1.913,99.901,0.2142,14.816
1129,14,59,1.525,34.074,0.2144,9.338
1129,15,60,0.790,0.000,0.2218,4.349
1130,0,46,0.690,0.000,0.1904,1.209
1130,1,47,0.839,0.000,0.1897,1.210
1130,2,48,0.914,0.000,0.1887,1.209
1130,3,49,0.892,0.000,0.1885,1.209
1130,4,50,1.395,0.000,0.1881,1.209
1130,5,51,15.174,258.820,0.1880,1.209
1130,6,52,1.260,0.000,0.1874,25.781
1130,7,53,13.660,241.181,0.1849,4.734
1130,8,54,1.446,0.000,0.1942,23.206
1130,9,55,11.027,207.107,0.1942,5.007
1130,10,56,1.326,0.000,0.2047,19.502
1130,11,57,9.135,158.918,0.2045,4.088
1130,12,58,5.323,99.901,0.2142,14.816
1130,13,59,2.041,34.074,0.2144,9.338
1130,14,60,1.414,0.000,0.2218,4.349
1130,15,61,2.935,0.000,0.4258,2.239
1131,0,47,0.531,0.000,0.1897,1.210
1131,1,48,1.014,0.000,0.1887,1.209
1131,2,49,0.431,0.000,0.1885,1.209
1131,3,50,1.734,0.000,0.1881,1.209
1131,4,51,4.021,258.820,0.1880,1.209
1131,5,52,1.273,0.000,0.1874,25.781
1131,6,53,5.129,241.181,0.1849,4.734
1131,7,54,2.088,0.000,0.1942,23.206
1131,8,55,5.187,207.107,0.1942,5.007
1131,9,56,2.989,0.000,0.2047,19.502
1131,10,57,4.824,158.918,0.2045,4.088
1131,11,58,3.152,99.901,0.2142,14.816
1131,12,59,1.940,34.074,0.2144,9.338
1131,13,60,0.071,0.000,0.2218,4.349
1131,14,61,0.668,0.000,0.4258,2.239
1131,15,62,0.631,0.000,0.0928,2.223
1132,0,48,0.544,0.000,0.1887,1.209
1132,1,49,0.440,0.000,0.1885,1.209
1132,2,50,1.800,0.000,0.1881,1.209
1132,3,51,17.085,258.820,0.1880,1.209
1132,4,52,3.509,0.000,0.1874,25.781
1132,5,53,14.190,241.181,0.1849,4.734
1132,6,54,1.046,0.000,0.1942,23.206
1132,7,55,13.616,207.107,0.1942,5.007
1132,8,56,1.677,0.000,0.2047,19.502
1132,9,57,10.814,158.918,0.2045,4.088
1132,10,58,6.815,99.901,0.2142,14.816
1132,11,59,2.641,34.074,0.2144,9.338
1132,12,60,0.209,0.000,0.2218,4.349
1132,13,61,0.390,0.000,0.4258,2.239
1132,14,62,0.621,0.000,0.0928,2.223
1132,15,63,0.716,0.000,0.0712,2.221
1133,0,49,0.993,0.000,0.1885,1.209
1133,1,50,1.051,0.000,0.1881,1.209
1133,2,51,1.758,258.820,0.1880,1.209
1133,3,52,1.407,0.000,0.1874,25.781
1133,4,53,1.692,241.181,0.1849,4.734
1133,5,54,1.794,0.000,0.1942,23.206
1133,6,55,2.465,207.107,0.1942,5.007
1133,7,56,3.352,0.000,0.2047,19.502
1133,8,57,1.441,158.918,0.2045,4.088
1133,9,58,1.377,99.901,0.2142,14.816
1133,10,59,1.874,34.074,0.2144,9.338
1133,11,60,0.737,0.000,0.2218,4.349
1133,12,61,0.797,0.000,0.4258,2.239
1133,13,62,0.890,0.000,0.0928,2.223
1133,14,63,1.798,0.000,0.0712,2.221
1133,15,64,0.573,0.000,0.0615,2.220
1134,0,50,2.433,0.000,0.1881,1.209
1134,1,51,5.959,258.820,0.1880,1.209
1134,2,52,0.442,0.000,0.1874,25.781
1134,3,53,2.579,241.181,0.1849,4.734
1134,4,54,0.537,0.000,0.1942,23.206
1134,5,55,4.083,207.107,0.1942,5.007
1134,6,56,1.370,0.000,0.2047,19.502
1134,7,57,1.436,158.918,0.2045,4.088
1134,8,58,0.862,99.901,0.2142,14.816
1134,9,59,0.473,34.074,0.2144,9.338
1134,10,60,1.224,0.000,0.2218,4.349
1134,11,61,0.168,0.000,0.4258,2.239
1134,12,62,0.228,0.000,0.0928,2.223
1134,13,63,0.468,0.000,0.0712,2.221
1134,14,64,0.302,0.000,0.0615,2.220
1134,15,65,0.988,0.000,0.0578,2.223
1135,0,51,2.215,258.820,0.1880,1.209
1135,1,52,2.301,0.000,0.1874,25.781
1135,2,53,2.415,241.181,0.1849,4.734
1135,3,54,2.226,0.000,0.1942,23.206
1135,4,55,2.026,207.107,0.1942,5.007
1135,5,56,2.043,0.000,0.2047,19.502
1135,6,57,1.036,158.918,0.2045,4.088
1135,7,58,1.500,99.901,0.2142,14.816
1135,8,59,1.135,34.074,0.2144,9.338
1135,9,60,0.137,0.000,0.2218,4.349
1135,10,61,0.401,0.000,0.4258,2.239
1135,11,62,0.348,0.000,0.0928,2.223
1135,12,63,0.718,0.000,0.0712,2.221
1135,13,64,0.500,0.000,0.0615,2.220
1135,14,65,0.564,0.000,0.0578,2.223
1135,15,66,0.547,0.000,0.0594,2.229
1136,0,52,3.265,0.000,0.1874,25.781
1136,1,53,12.058,241.181,0.1849,4.734
1136,2,54,1.920,0.000,0.1942,23.206
1136,3,55,11.027,207.107,0.1942,5.007
1136,4,56,0.759,0.000,0.2047,19.502
1136,5,57,7.227,158.918,0.2045,4.088
1136,6,58,3.692,99.901,0.2142,14.816
1136,7,59,1.336,34.074,0.2144,9.338
1136,8,60,0.235,0.000,0.2218,4.349
1136,9,61,0.397,0.000,0.4258,2.239
1136,10,62,0.487,0.000,0.0928,2.223
1136,11,63,0.584,0.000,0.0712,2.221
1136,12,64,0.768,0.000,0.0615,2.220
1136,13,65,0.443,0.000,0.0578,2.223
1136,14,66,1.645,0.000,0.0594,2.229
1136,15,67,0.513,0.000,0.0644,2.222
1137,0,53,4.205,241.181,0.1849,4.734
1137,1,54,11.999,0.000,0.1942,23.206
1137,2,55,3.909,207.107,0.1942,5.007
1137,3,56,7.689,0.000,0.2047,19.502
1137,4,57,2.176,158.918,0.2045,4.088
1137,5,58,5.014,99.901,0.2142,14.816
1137,6,59,2.124,34.074,0.2144,9.338
1137,7,60,0.911,0.000,0.2218,4.349
1137,8,61,0.899,0.000,0.4258,2.239
1137,9,62,0.208,0.000,0.0928,2.223
1137,10,63,1.385,0.000,0.0712,2.221
1137,11,64,1.927,0.000,0.0615,2.220
1137,12,65,0.917,0.000,0.0578,2.223
1137,13,66,1.610,0.000,0.0594,2.229
1137,14,67,1.184,0.000,0.0644,2.222
1137,15,68,1.223,0.000,0.0537,2.238
1138,0,54,1.480,0.000,0.1942,23.206
1138,1,55,1.709,207.107,0.1942,5.007
1138,2,56,1.533,0.000,0.2047,19.502
1138,3,57,3.196,158.918,0.2045,4.088
1138,4,58,1.679,99.901,0.2142,14.816
1138,5,59,1.530,34.074,0.2144,9.338
1138,6,60,0.491,0.000,0.2218,4.349
1138,7,61,0.389,0.000,0.4258,2.239
1138,8,62,0.976,0.000,0.0928,2.223
1138,9,63,0.144,0.000,0.0712,2.221
1138,10,64,0.521,0.000,0.0615,2.220
1138,11,65,0.364,0.000,0.0578,2.223
1138,12,66,0.992,0.000,0.0594,2.229
1138,13,67,0.379,0.000,0.0644,2.222
1138,14,68,0.932,0.000,0.0537,2.238
1138,15,69,0.451,0.000,0.0721,2.205
1139,0,55,0.913,207.107,0.1942,5.007
1139,1,56,0.831,0.000,0.2047,19.502
1139,2,57,1.869,158.918,0.2045,4.088
1139,3,58,2.273,99.901,0.2142,14.816
1139,4,59,1.145,34.074,0.2144,9.338
1139,5,60,0.711,0.000,0.2218,4.349
1139,6,61,0.659,0.000,0.4258,2.239
1139,7,62,0.230,0.000,0.0928,2.223
1139,8,63,0.371,0.000,0.0712,2.221
1139,9,64,0.083,0.000,0.0615,2.220
1139,10,65,0.235,0.000,0.0578,2.223
1139,11,66,0.202,0.000,0.0594,2.229
1139,12,67,0.157,0.000,0.0644,2.222
1139,13,68,0.336,0.000,0.0537,2.238
1139,14,69,0.233,0.000,0.0721,2.205
1139,15,70,0.255,0.000,0.0466,2.230
1140,0,56,0.996,0.000,0.2047,19.502
1140,1,57,9.281,158.918,0.2045,4.088
1140,2,58,6.331,99.901,0.2142,14.816
1140,3,59,2.920,34.074,0.2144,9.338
1140,4,60,0.387,0.000,0.2218,4.349
1140,5,61,0.501,0.000,0.4258,2.239
1140,6,62,0.197,0.000,0.0928,2.223
1140,7,63,0.255,0.000,0.0712,2.221
1140,8,64,0.280,0.000,0.0615,2.220
1140,9,65,0.766,0.000,0.0578,2.223
1140,10,66,0.310,0.000,0.0594,2.229
1140,11,67,0.366,0.000,0.0644,2.222
1140,12,68,0.333,0.000,0.0537,2.238
1140,13,69,0.490,0.000,0.0721,2.205
1140,14,70,0.444,0.000,0.0466,2.230
1140,15,71,0.508,0.000,0.0619,2.215
1141,0,57,0.599,158.918,0.2045,4.088
1141,1,58,2.539,99.901,0.2142,14.816
1141,2,59,1.917,34.074,0.2144,9.338
1141,3,60,0.869,0.000,0.2218,4.349
1141,4,61,0.159,0.000,0.4258,2.239
1141,5,62,0.696,0.000,0.0928,2.223
1141,6,63,0.324,0.000,0.0712,2.221
1141,7,64,0.488,0.000,0.0615,2.220
1141,8,65,0.432,0.000,0.0578,2.223
1141,9,66,0.553,0.000,0.0594,2.229
1141,10,67,0.516,0.000,0.0644,2.222
1141,11,68,0.333,0.000,0.0537,2.238
1141,12,69,0.664,0.000,0.0721,2.205
1141,13,70,0.527,0.000,0.0466,2.230
1141,14,71,1.926,0.000,0.0619,2.215
1141,15,72,0.137,0.000,0.0438,2.236
1142,0,58,6.259,99.901,0.2142,14.816
1142,1,59,1.524,34.074,0.2144,9.338
1142,2,60,0.366,0.000,0.2218,4.349
1142,3,61,0.323,0.000,0.4258,2.239
1142,4,62,0.598,0.000,0.0928,2.223
1142,5,63,0.544,0.000,0.0712,2.221
1142,6,64,0.297,0.000,0.0615,2.220
1142,7,65,0.173,0.000,0.0578,2.223
1142,8,66,0.218,0.000,0.0594,2.229
1142,9,67,0.197,0.000,0.0644,2.222
1142,10,68,0.472,0.000,0.0537,2.238
1142,11,69,0.439,0.000,0.0721,2.205
1142,12,70,0.474,0.000,0.0466,2.230
1142,13,71,0.159,0.000,0.0619,2.215
1142,14,72,0.488,0.000,0.0438,2.236
1142,15,73,0.686,0.000,0.0607,2.212
1143,0,59,3.446,34.074,0.2144,9.338
1143,1,60,1.191,0.000,0.2218,4.349
1143,2,61,0.670,0.000,0.4258,2.239
1143,3,62,0.321,0.000,0.0928,2.223
1143,4,63,0.168,0.000,0.0712,2.221
1143,5,64,0.529,0.000,0.0615,2.220
1143,6,65,0.381,0.000,0.0578,2.223
1143,7,66,0.507,0.000,0.0594,2.229
1143,8,67,0.367,0.000,0.0644,2.222
1143,9,68,0.419,0.000,0.0537,2.238
1143,10,69,0.485,0.000,0.0721,2.205
1143,11,70,1.839,0.000,0.0466,2.230
1143,12,71,0.545,0.000,0.0619,2.215
1143,13,72,0.321,0.000,0.0438,2.236
1143,14,73,0.186,0.000,0.0607,2.212
1143,15,74,0.189,0.000,0.0433,2.230
1144,0,60,2.495,0.000,0.2218,4.349
1144,1,61,0.443,0.000,0.4258,2.239
1144,2,62,0.631,0.000,0.0928,2.223
1144,3,63,0.160,0.000,0.0712,2.221
1144,4,64,0.231,0.000,0.0615,2.220
1144,5,65,0.358,0.000,0.0578,2.223
1144,6,66,1.206,0.000,0.0594,2.229
1144,7,67,0.771,0.000,0.0644,2.222
1144,8,68,0.578,0.000,0.0537,2.238
1144,9,69,0.489,0.000,0.0721,2.205
1144,10,70,0.590,0.000,0.0466,2.230
1144,11,71,0.749,0.000,0.0619,2.215
1144,12,72,0.588,0.000,0.0438,2.236
1144,13,73,0.898,0.000,0.0607,2.212
1144,14,74,0.354,0.000,0.0433,2.230
1144,15,75,1.930,0.000,0.0485,2.210
1145,0,61,3.185,0.000,0.4258,2.239
1145,1,62,0.917,0.000,0.0928,2.223
1145,2,63,0.557,0.000,0.0712,2.221
1145,3,64,0.511,0.000,0.0615,2.220
1145,4,65,0.869,0.000,0.0578,2.223
1145,5,66,0.390,0.000,0.0594,2.229
1145,6,67,0.471,0.000,0.0644,2.222
1145,7,68,0.251,0.000,0.0537,2.238
1145,8,69,0.369,0.000,0.0721,2.205
1145,9,70,0.325,0.000,0.0466,2.230
1145,10,71,0.250,0.000,0.0619,2.215
1145,11,72,0.556,0.000,0.0438,2.236
1145,12,73,0.310,0.000,0.0607,2.212
1145,13,74,0.480,0.000,0.0433,2.230
1145,14,75,1.346,0.000,0.0485,2.210
1145,15,76,0.558,0.000,0.0439,2.207
1146,0,62,0.664,0.000,0.0928,2.223
1146,1,63,0.441,0.000,0.0712,2.221
1146,2,64,0.749,0.000,0.0615,2.220
1146,3,65,0.478,0.000,0.0578,2.223
1146,4,66,0.465,0.000,0.0594,2.229
1146,5,67,0.575,0.000,0.0644,2.222
1146,6,68,0.525,0.000,0.0537,2.238
1146,7,69,0.534,0.000,0.0721,2.205
1146,8,70,0.801,0.000,0.0466,2.230
1146,9,71,0.628,0.000,0.0619,2.215
1146,10,72,1.235,0.000,0.0438,2.236
1146,11,73,0.761,0.000,0.0607,2.212
1146,12,74,0.803,0.000,0.0433,2.230
1146,13,75,1.398,0.000,0.0485,2.210
1146,14,76,1.164,0.000,0.0439,2.207
1147,0,63,0.515,0.000,0.0712,2.221
1147,1,64,1.249,0.000,0.0615,2.220
1147,2,65,0.044,0.000,0.0578,2.223
1147,3,66,0.266,0.000,0.0594,2.229
1147,4,67,0.680,0.000,0.0644,2.222
1147,5,68,1.510,0.000,0.0537,2.238
1147,6,69,0.497,0.000,0.0721,2.205
1147,7,70,0.651,0.000,0.0466,2.230
1147,8,71,0.749,0.000,0.0619,2.215
1147,9,72,0.733,0.000,0.0438,2.236
1147,10,73,0.679,0.000,0.0607,2.212
1147,11,74,0.756,0.000,0.0433,2.230
1147,12,75,0.725,0.000,0.0485,2.210
1147,13,76,0.712,0.000,0.0439,2.207
1148,0,64,1.510,0.000,0.0615,2.220
1148,1,65,1.665,0.000,0.0578,2.223
1148,2,66,1.568,0.000,0.0594,2.229
1148,3,67,0.924,0.000,0.0644,2.222
1148,4,68,0.762,0.000,0.0537,2.238
1148,5,69,0.749,0.000,0.0721,2.205
1148,6,70,1.152,0.000,0.0466,2.230
1148,7,71,1.657,0.000,0.0619,2.215
1148,8,72,1.201,0.000,0.0438,2.236
1148,9,73,0.442,0.000,0.0607,2.212
1148,10,74,0.992,0.000,0.0433,2.230
1148,11,75,1.193,0.000,0.0485,2.210
1148,12,76,0.077,0.000,0.0439,2.207
1149,0,65,0.970,0.000,0.0578,2.223
1149,1,66,0.439,0.000,0.0594,2.229
1149,2,67,1.550,0.000,0.0644,2.222
1149,3,68,0.916,0.000,0.0537,2.238
1149,4,69,1.534,0.000,0.0721,2.205
1149,5,70,0.899,0.000,0.0466,2.230
1149,6,71,0.857,0.000,0.0619,2.215
1149,7,72,0.343,0.000,0.0438,2.236
1149,8,73,0.628,0.000,0.0607,2.212
1149,9,74,0.847,0.000,0.0433,2.230
1149,10,75,1.093,0.000,0.0485,2.210
1149,11,76,1.453,0.000,0.0439,2.207
1150,0,66,0.936,0.000,0.0594,2.229
1150,1,67,1.283,0.000,0.0644,2.222
1150,2,68,0.729,0.000,0.0537,2.238
1150,3,69,1.148,0.000,0.0721,2.205
1150,4,70,0.452,0.000,0.0466,2.230
1150,5,71,0.249,0.000,0.0619,2.215
1150,6,72,0.431,0.000,0.0438,2.236
1150,7,73,1.718,0.000,0.0607,2.212
1150,8,74,0.831,0.000,0.0433,2.230
1150,9,75,0.912,0.000,0.0485,2.210
1150,10,76,1.639,0.000,0.0439,2.207
1151,0,67,0.875,0.000,0.0644,2.222
1151,1,68,1.232,0.000,0.0537,2.238
1151,2,69,0.274,0.000,0.0721,2.205
1151,3,70,1.081,0.000,0.0466,2.230
1151,4,71,1.578,0.000,0.0619,2.215
1151,5,72,0.771,0.000,0.0438,2.236
1151,6,73,0.467,0.000,0.0607,2.212
1151,7,74,1.551,0.000,0.0433,2.230
1151,8,75,1.387,0.000,0.0485,2.210
1151,9,76,1.841,0.000,0.0439,2.207
1152,0,68,1.872,0.000,0.0537,2.238
1152,1,69,1.509,0.000,0.0721,2.205
1152,2,70,0.962,0.000,0.0466,2.230
1152,3,71,1.369,0.000,0.0619,2.215
1152,4,72,1.464,0.000,0.0438,2.236
1152,5,73,1.472,0.000,0.0607,2.212
1152,6,74,0.506,0.000,0.0433,2.230
1152,7,75,2.363,0.000,0.0485,2.210
1152,8,76,2.209,0.000,0.0439,2.207
1153,0,69,1.854,0.000,0.0721,2.205
1153,1,70,2.036,0.000,0.0466,2.230
1153,2,71,3.348,0.000,0.0619,2.215
1153,3,72,1.012,0.000,0.0438,2.236
1153,4,73,1.532,0.000,0.0607,2.212
1153,5,74,1.227,0.000,0.0433,2.230
1153,6,75,1.508,0.000,0.0485,2.210
1153,7,76,1.528,0.000,0.0439,2.207
1154,0,70,1.807,0.000,0.0466,2.230
1154,1,71,1.614,0.000,0.0619,2.215
1154,2,72,0.721,0.000,0.0438,2.236
1154,3,73,1.475,0.000,0.0607,2.212
1154,4,74,1.102,0.000,0.0433,2.230
1154,5,75,1.282,0.000,0.0485,2.210
1154,6,76,4.004,0.000,0.0439,2.207
1155,0,71,1.831,0.000,0.0619,2.215
1155,1,72,2.465,0.000,0.0438,2.236
1155,2,73,1.892,0.000,0.0607,2.212
1155,3,74,3.009,0.000,0.0433,2.230
1155,4,75,1.817,0.000,0.0485,2.210
1155,5,76,2.760,0.000,0.0439,2.207
1156,0,72,1.836,0.000,0.0438,2.236
1156,1,73,1.955,0.000,0.0607,2.212
1156,2,74,2.923,0.000,0.0433,2.230
1156,3,75,3.010,0.000,0.0485,2.210
1156,4,76,2.280,0.000,0.0439,2.207
1157,0,73,2.376,0.000,0.0607,2.212
1157,1,74,2.181,0.000,0.0433,2.230
1157,2,75,2.311,0.000,0.0485,2.210
1157,3,76,1.605,0.000,0.0439,2.207
1158,0,74,1.330,0.000,0.0433,2.230
1158,1,75,1.815,0.000,0.0485,2.210
1158,2,76,4.036,0.000,0.0439,2.207
1159,0,75,2.045,0.000,0.0485,2.210
1159,1,76,3.057,0.000,0.0439,2.207
1160,0,76,4.365,0.000,0.0439,2.207
1162,0,0,4.436,350.633,5.1015,35.063
1162,1,1,13.723,1126.348,3.7749,112.635
1162,2,2,9.211,5.506,0.5202,0.551
1162,3,3,2.175,0.002,0.0304,0.000
1162,4,4,0.832,0.001,0.0304,0.000
1162,5,5,1.338,0.002,0.0304,0.000
1162,6,6,1.753,0.003,0.0304,0.000
1162,7,7,2.303,0.001,0.0304,0.000
1162,8,8,0.636,0.002,0.0304,0.000
1162,9,9,0.486,0.003,0.0304,0.000
1162,10,10,1.472,0.001,0.0304,0.000
1162,11,11,0.735,3426.076,0.0304,0.000
1162,12,12,10.115,0.000,0.0304,342.608
1162,13,13,3.845,0.000,0.0304,162.446
1162,14,14,3.827,0.000,5.7688,19.520
1162,15,15,0.746,258.819,2.9772,0.119
1163,0,1,2.104,1126.348,3.7749,112.635
1163,1,2,2.348,5.506,0.5202,0.551
1163,2,3,2.322,0.002,0.0304,0.000
1163,3,4,2.668,0.001,0.0304,0.000
1163,4,5,2.352,0.002,0.0304,0.000
1163,5,6,1.428,0.003,0.0304,0.000
1163,6,7,0.726,0.001,0.0304,0.000
1163,7,8,0.207,0.002,0.0304,0.000
1163,8,9,1.156,0.003,0.0304,0.000
1163,9,10,1.905,0.001,0.0304,0.000
1163,10,11,1.476,3426.076,0.0304,0.000
1163,11,12,1.875,0.000,0.0304,342.608
1163,12,13,0.196,0.000,0.0304,162.446
1163,13,14,0.824,0.000,5.7688,19.520
1163,14,15,2.396,258.819,2.9772,0.119
1163,15,16,1.391,0.000,0.0154,25.740
1164,0,2,6.387,5.506,0.5202,0.551
1164,1,3,0.361,0.002,0.0304,0.000
1164,2,4,0.758,0.001,0.0304,0.000
1164,3,5,2.023,0.002,0.0304,0.000
1164,4,6,1.134,0.003,0.0304,0.000
1164,5,7,2.004,0.001,0.0304,0.000
1164,6,8,1.348,0.002,0.0304,0.000
1164,7,9,0.802,0.003,0.0304,0.000
1164,8,10,1.323,0.001,0.0304,0.000
1164,9,11,1.421,3426.076,0.0304,0.000
1164,10,12,1.915,0.000,0.0304,342.608
1164,11,13,1.517,0.000,0.0304,162.446
1164,12,14,2.168,0.000,5.7688,19.520
1164,13,15,1.345,258.819,2.9772,0.119
1164,14,16,0.713,0.000,0.0154,25.740
1164,15,17,7.509,241.182,0.0153,2.778
1165,0,3,0.975,0.002,0.0304,0.000
1165,1,4,0.239,0.001,0.0304,0.000
1165,2,5,0.785,0.002,0.0304,0.000
1165,3,6,0.865,0.003,0.0304,0.000
1165,4,7,1.060,0.001,0.0304,0.000
1165,5,8,1.053,0.002,0.0304,0.000
1165,6,9,0.715,0.003,0.0304,0.000
1165,7,10,2.144,0.001,0.0304,0.000
1165,8,11,1.684,3426.076,0.0304,0.000
1165,9,12,0.891,0.000,0.0304,342.608
1165,10,13,0.449,0.000,0.0304,162.446
1165,11,14,0.728,0.000,5.7688,19.520
1165,12,15,1.087,258.819,2.9772,0.119
1165,13,16,0.914,0.000,0.0154,25.740
1165,14,17,0.614,241.182,0.0153,2.778
1165,15,18,0.629,0.000,0.0147,23.342
1166,0,4,1.143,0.001,0.0304,0.000
1166,1,5,2.679,0.002,0.0304,0.000
1166,2,6,0.508,0.003,0.0304,0.000
1166,3,7,1.485,0.001,0.0304,0.000
1166,4,8,1.071,0.002,0.0304,0.000
1166,5,9,0.455,0.003,0.0304,0.000
1166,6,10,0.918,0.001,0.0304,0.000
1166,7,11,1.576,3426.076,0.0304,0.000
1166,8,12,1.399,0.000,0.0304,342.608
1166,9,13,0.835,0.000,0.0304,162.446
1166,10,14,1.481,0.000,5.7688,19.520
1166,11,15,0.732,258.819,2.9772,0.119
1166,12,16,1.298,0.000,0.0154,25.740
1166,13,17,1.379,241.182,0.0153,2.778
1166,14,18,0.777,0.000,0.0147,23.342
1166,15,19,0.654,207.106,0.0147,3.565
1167,0,5,1.270,0.002,0.0304,0.000
1167,1,6,2.304,0.003,0.0304,0.000
1167,2,7,1.370,0.001,0.0304,0.000
1167,3,8,1.161,0.002,0.0304,0.000
1167,4,9,1.074,0.003,0.0304,0.000
1167,5,10,1.407,0.001,0.0304,0.000
1167,6,11,5.409,3426.076,0.0304,0.000
1167,7,12,1.083,0.000,0.0304,342.608
1167,8,13,1.007,0.000,0.0304,162.446
1167,9,14,0.580,0.000,5.7688,19.520
1167,10,15,0.790,258.819,2.9772,0.119
1167,11,16,0.574,0.000,0.0154,25.740
1167,12,17,1.393,241.182,0.0153,2.778
1167,13,18,1.465,0.000,0.0147,23.342
1167,14,19,0.576,207.106,0.0147,3.565
1167,15,20,0.997,158.919,0.0140,19.786
1168,0,6,0.917,0.003,0.0304,0.000
1168,1,7,1.156,0.001,0.0304,0.000
1168,2,8,0.154,0.002,0.0304,0.000
1168,3,9,0.427,0.003,0.0304,0.000
1168,4,10,0.605,0.001,0.0304,0.000
1168,5,11,1.248,3426.076,0.0304,0.000
1168,6,12,0.357,0.000,0.0304,342.608
1168,7,13,0.727,0.000,0.0304,162.446
1168,8,14,0.403,0.000,5.7688,19.520
1168,9,15,0.646,258.819,2.9772,0.119
1168,10,16,0.201,0.000,0.0154,25.740
1168,11,17,0.082,241.182,0.0153,2.778
1168,12,18,0.309,0.000,0.0147,23.342
1168,13,19,0.200,207.106,0.0147,3.565
1168,14,20,0.418,158.919,0.0140,19.786
1168,15,21,0.780,99.900,0.0140,15.084
1169,0,7,0.962,0.001,0.0304,0.000
1169,1,8,0.889,0.002,0.0304,0.000
1169,2,9,1.066,0.003,0.0304,0.000
1169,3,10,0.847,0.001,0.0304,0.000
1169,4,11,0.521,3426.076,0.0304,0.000
1169,5,12,342.057,0.000,0.0304,342.608
1169,6,13,1.540,0.000,0.0304,162.446
1169,7,14,0.758,0.000,5.7688,19.520
1169,8,15,0.946,258.819,2.9772,0.119
1169,9,16,25.797,0.000,0.0154,25.740
1169,10,17,0.869,241.182,0.0153,2.778
1169,11,18,24.203,0.000,0.0147,23.342
1169,12,19,1.379,207.106,0.0147,3.565
1169,13,20,20.457,158.919,0.0140,19.786
1169,14,21,17.431,99.900,0.0140,15.084
1169,15,22,10.043,34.075,0.0132,9.468
1170,0,8,0.765,0.002,0.0304,0.000
1170,1,9,1.250,0.003,0.0304,0.000
1170,2,10,0.620,0.001,0.0304,0.000
1170,3,11,1.311,3426.076,0.0304,0.000
1170,4,12,1.037,0.000,0.0304,342.608
1170,5,13,0.607,0.000,0.0304,162.446
1170,6,14,0.542,0.000,5.7688,19.520
1170,7,15,0.553,258.819,2.9772,0.119
1170,8,16,0.307,0.000,0.0154,25.740
1170,9,17,0.381,241.182,0.0153,2.778
1170,10,18,0.461,0.000,0.0147,23.342
1170,11,19,0.578,207.106,0.0147,3.565
1170,12,20,0.414,158.919,0.0140,19.786
1170,13,21,0.841,99.900,0.0140,15.084
1170,14,22,0.370,34.075,0.0132,9.468
1170,15,23,0.696,0.000,0.0126,3.199
1171,0,9,1.360,0.003,0.0304,0.000
1171,1,10,0.813,0.001,0.0304,0.000
1171,2,11,0.454,3426.076,0.0304,0.000
1171,3,12,343.818,0.000,0.0304,342.608
1171,4,13,0.910,0.000,0.0304,162.446
1171,5,14,0.406,0.000,5.7688,19.520
1171,6,15,0.343,258.819,2.9772,0.119
1171,7,16,26.137,0.000,0.0154,25.740
1171,8,17,0.609,241.182,0.0153,2.778
1171,9,18,23.811,0.000,0.0147,23.342
1171,10,19,0.674,207.106,0.0147,3.565
1171,11,20,20.848,158.919,0.0140,19.786
1171,12,21,16.136,99.900,0.0140,15.084
1171,13,22,9.870,34.075,0.0132,9.468
1171,14,23,3.749,0.000,0.0126,3.199
1171,15,24,0.599,0.000,0.0122,3.416
1172,0,10,0.608,0.001,0.0304,0.000
1172,1,11,1.174,3426.076,0.0304,0.000
1172,2,12,1.053,0.000,0.0304,342.608
1172,3,13,0.621,0.000,0.0304,162.446
1172,4,14,0.778,0.000,5.7688,19.520
1172,5,15,1.521,258.819,2.9772,0.119
1172,6,16,1.123,0.000,0.0154,25.740
1172,7,17,1.328,241.182,0.0153,2.778
1172,8,18,0.659,0.000,0.0147,23.342
1172,9,19,0.751,207.106,0.0147,3.565
1172,10,20,1.195,158.919,0.0140,19.786
1172,11,21,1.047,99.900,0.0140,15.084
1172,12,22,2.274,34.075,0.0132,9.468
1172,13,23,2.086,0.000,0.0126,3.199
1172,14,24,1.800,0.000,0.0122,3.416
1172,15,25,2.366,0.000,0.1934,3.385
1173,0,11,0.828,3426.076,0.0304,0.000
1173,1,12,1.239,0.000,0.0304,342.608
1173,2,13,1.005,0.000,0.0304,162.446
1173,3,14,0.917,0.000,5.7688,19.520
1173,4,15,0.784,258.819,2.9772,0.119
1173,5,16,0.671,0.000,0.0154,25.740
1173,6,17,0.398,241.182,0.0153,2.778
1173,7,18,0.482,0.000,0.0147,23.342
1173,8,19,0.328,207.106,0.0147,3.565
1173,9,20,0.521,158.919,0.0140,19.786
1173,10,21,0.391,99.900,0.0140,15.084
1173,11,22,1.037,34.075,0.0132,9.468
1173,12,23,0.579,0.000,0.0126,3.199
1173,13,24,0.399,0.000,0.0122,3.416
1173,14,25,0.867,0.000,0.1934,3.385
1173,15,26,0.906,0.000,0.1997,3.385
1174,0,12,1.571,0.000,0.0304,342.608
1174,1,13,1.047,0.000,0.0304,162.446
1174,2,14,0.882,0.000,5.7688,19.520
1174,3,15,0.682,258.819,2.9772,0.119
1174,4,16,1.518,0.000,0.0154,25.740
1174,5,17,1.261,241.182,0.0153,2.778
1174,6,18,0.134,0.000,0.0147,23.342
1174,7,19,1.586,207.106,0.0147,3.565
1174,8,20,0.781,158.919,0.0140,19.786
1174,9,21,0.782,99.900,0.0140,15.084
1174,10,22,0.818,34.075,0.0132,9.468
1174,11,23,1.144,0.000,0.0126,3.199
1174,12,24,3.259,0.000,0.0122,3.416
1174,13,25,0.413,0.000,0.1934,3.385
1174,14,26,0.728,0.000,0.1997,3.385
1174,15,27,0.348,0.000,0.2031,3.386
1175,0,13,1.107,0.000,0.0304,162.446
1175,1,14,1.056,0.000,5.7688,19.520
1175,2,15,2.411,258.819,2.9772,0.119
1175,3,16,25.602,0.000,0.0154,25.740
1175,4,17,0.891,241.182,0.0153,2.778
1175,5,18,23.265,0.000,0.0147,23.342
1175,6,19,1.540,207.106,0.0147,3.565
1175,7,20,20.640,158.919,0.0140,19.786
1175,8,21,15.149,99.900,0.0140,15.084
1175,9,22,9.541,34.075,0.0132,9.468
1175,10,23,3.490,0.000,0.0126,3.199
1175,11,24,1.295,0.000,0.0122,3.416
1175,12,25,1.030,0.000,0.1934,3.385
1175,13,26,0.321,0.000,0.1997,3.385
1175,14,27,0.791,0.000,0.2031,3.386
1175,15,28,1.196,0.000,0.2020,3.386
1176,0,14,0.551,0.000,5.7688,19.520
1176,1,15,1.054,258.819,2.9772,0.119
1176,2,16,1.941,0.000,0.0154,25.740
1176,3,17,2.196,241.182,0.0153,2.778
1176,4,18,1.408,0.000,0.0147,23.342
1176,5,19,0.839,207.106,0.0147,3.565
1176,6,20,0.661,158.919,0.0140,19.786
1176,7,21,1.665,99.900,0.0140,15.084
1176,8,22,1.066,34.075,0.0132,9.468
1176,9,23,0.821,0.000,0.0126,3.199
1176,10,24,0.660,0.000,0.0122,3.416
1176,11,25,0.732,0.000,0.1934,3.385
1176,12,26,1.337,0.000,0.1997,3.385
1176,13,27,1.765,0.000,0.2031,3.386
1176,14,28,1.758,0.000,0.2020,3.386
1176,15,29,2.971,0.000,0.2032,3.385
1177,0,15,1.494,258.819,2.9772,0.119
1177,1,16,0.504,0.000,0.0154,25.740
1177,2,17,0.730,241.182,0.0153,2.778
1177,3,18,0.485,0.000,0.0147,23.342
1177,4,19,0.669,207.106,0.0147,3.565
1177,5,20,1.100,158.919,0.0140,19.786
1177,6,21,0.831,99.900,0.0140,15.084
1177,7,22,0.511,34.075,0.0132,9.468
1177,8,23,0.538,0.000,0.0126,3.199
1177,9,24,0.379,0.000,0.0122,3.416
1177,10,25,3.173,0.000,0.1934,3.385
1177,11,26,1.027,0.000,0.1997,3.385
1177,12,27,0.691,0.000,0.2031,3.386
1177,13,28,0.455,0.000,0.2020,3.386
1177,14,29,1.461,0.000,0.2032,3.385
1177,15,30,1.160,0.000,0.2027,3.385
1178,0,16,2.803,0.000,0.0154,25.740
1178,1,17,0.512,241.182,0.0153,2.778
1178,2,18,0.824,0.000,0.0147,23.342
1178,3,19,1.358,207.106,0.0147,3.565
1178,4,20,0.247,158.919,0.0140,19.786
1178,5,21,1.355,99.900,0.0140,15.084
1178,6,22,0.404,34.075,0.0132,9.468
1178,7,23,0.465,0.000,0.0126,3.199
1178,8,24,0.479,0.000,0.0122,3.416
1178,9,25,0.631,0.000,0.1934,3.385
1178,10,26,0.254,0.000,0.1997,3.385
1178,11,27,0.833,0.000,0.2031,3.386
1178,12,28,0.277,0.000,0.2020,3.386
1178,13,29,0.586,0.000,0.2032,3.385
1178,14,30,0.437,0.000,0.2027,3.385
1178,15,31,0.825,0.000,0.2027,3.385
1179,0,17,0.270,241.182,0.0153,2.778
1179,1,18,1.194,0.000,0.0147,23.342
1179,2,19,0.530,207.106,0.0147,3.565
1179,3,20,0.370,158.919,0.0140,19.786
1179,4,21,0.493,99.900,0.0140,15.084
1179,5,22,0.396,34.075,0.0132,9.468
1179,6,23,0.455,0.000,0.0126,3.199
1179,7,24,0.591,0.000,0.0122,3.416
1179,8,25,0.607,0.000,0.1934,3.385
1179,9,26,0.754,0.000,0.1997,3.385
1179,10,27,0.323,0.000,0.2031,3.386
1179,11,28,0.343,0.000,0.2020,3.386
1179,12,29,0.466,0.000,0.2032,3.385
1179,13,30,0.465,0.000,0.2027,3.385
1179,14,31,0.398,0.000,0.2027,3.385
1179,15,32,0.209,0.000,0.2016,3.385
1180,0,18,0.579,0.000,0.0147,23.342
1180,1,19,0.397,207.106,0.0147,3.565
1180,2,20,0.674,158.919,0.0140,19.786
1180,3,21,0.931,99.900,0.0140,15.084
1180,4,22,0.970,34.075,0.0132,9.468
1180,5,23,0.602,0.000,0.0126,3.199
1180,6,24,0.480,0.000,0.0122,3.416
1180,7,25,0.300,0.000,0.1934,3.385
1180,8,26,0.520,0.000,0.1997,3.385
1180,9,27,0.582,0.000,0.2031,3.386
1180,10,28,0.873,0.000,0.2020,3.386
1180,11,29,0.637,0.000,0.2032,3.385
1180,12,30,0.438,0.000,0.2027,3.385
1180,13,31,0.561,0.000,0.2027,3.385
1180,14,32,0.570,0.000,0.2016,3.385
1180,15,33,0.432,0.000,0.2018,3.385
1181,0,19,0.303,207.106,0.0147,3.565
1181,1,20,0.549,158.919,0.0140,19.786
1181,2,21,0.461,99.900,0.0140,15.084
1181,3,22,0.451,34.075,0.0132,9.468
1181,4,23,0.784,0.000,0.0126,3.199
1181,5,24,0.826,0.000,0.0122,3.416
1181,6,25,0.323,0.000,0.1934,3.385
1181,7,26,0.369,0.000,0.1997,3.385
1181,8,27,0.228,0.000,0.2031,3.386
1181,9,28,0.762,0.000,0.2020,3.386
1181,10,29,0.453,0.000,0.2032,3.385
1181,11,30,0.471,0.000,0.2027,3.385
1181,12,31,0.370,0.000,0.2027,3.385
1181,13,32,0.289,0.000,0.2016,3.385
1181,14,33,1.154,0.000,0.2018,3.385
1181,15,34,0.613,1000.000,0.2012,3.385
1182,0,20,1.305,158.919,0.0140,19.786
1182,1,21,1.887,99.900,0.0140,15.084
1182,2,22,0.749,34.075,0.0132,9.468
1182,3,23,1.232,0.000,0.0126,3.199
1182,4,24,0.366,0.000,0.0122,3.416
1182,5,25,0.560,0.000,0.1934,3.385
1182,6,26,1.512,0.000,0.1997,3.385
1182,7,27,0.403,0.000,0.2031,3.386
1182,8,28,0.710,0.000,0.2020,3.386
1182,9,29,0.452,0.000,0.2032,3.385
1182,10,30,0.900,0.000,0.2027,3.385
1182,11,31,0.329,0.000,0.2027,3.385
1182,12,32,0.885,0.000,0.2016,3.385
1182,13,33,1.258,0.000,0.2018,3.385
1182,14,34,2.590,1000.000,0.2012,3.385
1182,15,35,1.450,0.000,0.2020,13.561
1183,0,21,1.218,99.900,0.0140,15.084
1183,1,22,1.090,34.075,0.0132,9.468
1183,2,23,0.781,0.000,0.0126,3.199
1183,3,24,0.350,0.000,0.0122,3.416
1183,4,25,0.596,0.000,0.1934,3.385
1183,5,26,0.362,0.000,0.1997,3.385
1183,6,27,0.359,0.000,0.2031,3.386
1183,7,28,0.239,0.000,0.2020,3.386
1183,8,29,0.649,0.000,0.2032,3.385
1183,9,30,0.400,0.000,0.2027,3.385
1183,10,31,0.647,0.000,0.2027,3.385
1183,11,32,0.952,0.000,0.2016,3.385
1183,12,33,0.330,0.000,0.2018,3.385
1183,13,34,0.728,1000.000,0.2012,3.385
1183,14,35,0.438,0.000,0.2020,13.561
1183,15,36,0.539,1028.274,1.2568,1.295
1184,0,22,1.297,34.075,0.0132,9.468
1184,1,23,0.995,0.000,0.0126,3.199
1184,2,24,0.809,0.000,0.0122,3.416
1184,3,25,0.731,0.000,0.1934,3.385
1184,4,26,0.165,0.000,0.1997,3.385
1184,5,27,0.497,0.000,0.2031,3.386
1184,6,28,0.412,0.000,0.2020,3.386
1184,7,29,0.900,0.000,0.2032,3.385
1184,8,30,0.787,0.000,0.2027,3.385
1184,9,31,1.111,0.000,0.2027,3.385
1184,10,32,0.823,0.000,0.2016,3.385
1184,11,33,0.455,0.000,0.2018,3.385
1184,12,34,1.101,1000.000,0.2012,3.385
1184,13,35,1.076,0.000,0.2020,13.561
1184,14,36,0.602,1028.274,1.2568,1.295
1184,15,37,2.905,0.000,0.1239,122.948
1185,0,23,0.528,0.000,0.0126,3.199
1185,1,24,0.329,0.000,0.0122,3.416
1185,2,25,0.522,0.000,0.1934,3.385
1185,3,26,0.446,0.000,0.1997,3.385
1185,4,27,0.640,0.000,0.2031,3.386
1185,5,28,0.430,0.000,0.2020,3.386
1185,6,29,0.214,0.000,0.2032,3.385
1185,7,30,0.302,0.000,0.2027,3.385
1185,8,31,0.660,0.000,0.2027,3.385
1185,9,32,0.431,0.000,0.2016,3.385
1185,10,33,1.663,0.000,0.2018,3.385
1185,11,34,1.100,1000.000,0.2012,3.385
1185,12,35,0.598,0.000,0.2020,13.561
1185,13,36,1.821,1028.274,1.2568,1.295
1185,14,37,0.851,0.000,0.1239,122.948
1185,15,38,0.548,0.000,4.4536,48.242
1186,0,24,0.624,0.000,0.0122,3.416
1186,1,25,0.639,0.000,0.1934,3.385
1186,2,26,0.661,0.000,0.1997,3.385
1186,3,27,0.792,0.000,0.2031,3.386
1186,4,28,1.192,0.000,0.2020,3.386
1186,5,29,0.415,0.000,0.2032,3.385
1186,6,30,0.936,0.000,0.2027,3.385
1186,7,31,0.790,0.000,0.2027,3.385
1186,8,32,0.237,0.000,0.2016,3.385
1186,9,33,0.748,0.000,0.2018,3.385
1186,10,34,0.729,1000.000,0.2012,3.385
1186,11,35,0.538,0.000,0.2020,13.561
1186,12,36,2.435,1028.274,1.2568,1.295
1186,13,37,1.832,0.000,0.1239,122.948
1186,14,38,0.797,0.000,4.4536,48.242
1186,15,39,0.902,0.000,2.5302,17.551
1187,0,25,0.551,0.000,0.1934,3.385
1187,1,26,0.274,0.000,0.1997,3.385
1187,2,27,0.371,0.000,0.2031,3.386
1187,3,28,0.418,0.000,0.2020,3.386
1187,4,29,0.601,0.000,0.2032,3.385
1187,5,30,0.530,0.000,0.2027,3.385
1187,6,31,0.176,0.000,0.2027,3.385
1187,7,32,0.266,0.000,0.2016,3.385
1187,8,33,0.994,0.000,0.2018,3.385
1187,9,34,0.876,1000.000,0.2012,3.385
1187,10,35,0.663,0.000,0.2020,13.561
1187,11,36,1.710,1028.274,1.2568,1.295
1187,12,37,0.340,0.000,0.1239,122.948
1187,13,38,0.943,0.000,4.4536,48.242
1187,14,39,0.276,0.000,2.5302,17.551
1187,15,40,0.326,0.000,0.8639,6.716
1188,0,26,4.620,0.000,0.1997,3.385
1188,1,27,1.084,0.000,0.2031,3.386
1188,2,28,1.468,0.000,0.2020,3.386
1188,3,29,0.755,0.000,0.2032,3.385
1188,4,30,0.774,0.000,0.2027,3.385
1188,5,31,1.045,0.000,0.2027,3.385
1188,6,32,0.633,0.000,0.2016,3.385
1188,7,33,0.691,0.000,0.2018,3.385
1188,8,34,0.983,1000.000,0.2012,3.385
1188,9,35,0.517,0.000,0.2020,13.561
1188,10,36,3.237,1028.274,1.2568,1.295
1188,11,37,0.249,0.000,0.1239,122.948
1188,12,38,0.691,0.000,4.4536,48.242
1188,13,39,0.416,0.000,2.5302,17.551
1188,14,40,2.131,0.000,0.8639,6.716
1188,15,41,1.430,0.000,0.9468,1.196
1189,0,27,1.708,0.000,0.2031,3.386
1189,1,28,2.700,0.000,0.2020,3.386
1189,2,29,0.984,0.000,0.2032,3.385
1189,3,30,0.328,0.000,0.2027,3.385
1189,4,31,0.430,0.000,0.2027,3.385
1189,5,32,0.439,0.000,0.2016,3.385
1189,6,33,0.203,0.000,0.2018,3.385
1189,7,34,0.407,1000.000,0.2012,3.385
1189,8,35,0.409,0.000,0.2020,13.561
1189,9,36,0.769,1028.274,1.2568,1.295
1189,10,37,0.996,0.000,0.1239,122.948
1189,11,38,0.852,0.000,4.4536,48.242
1189,12,39,0.497,0.000,2.5302,17.551
1189,13,40,0.693,0.000,0.8639,6.716
1189,14,41,0.854,0.000,0.9468,1.196
1189,15,42,0.678,0.000,0.0794,1.195
1190,0,28,2.307,0.000,0.2020,3.386
1190,1,29,2.704,0.000,0.2032,3.385
1190,2,30,4.118,0.000,0.2027,3.385
1190,3,31,2.508,0.000,0.2027,3.385
1190,4,32,3.857,0.000,0.2016,3.385
1190,5,33,4.895,0.000,0.2018,3.385
1190,6,34,0.851,1000.000,0.2012,3.385
1190,7,35,51.878,0.000,0.2020,13.561
1190,8,36,1.552,1028.274,1.2568,1.295
1190,9,37,52.077,0.000,0.1239,122.948
1190,10,38,3.300,0.000,4.4536,48.242
1190,11,39,0.806,0.000,2.5302,17.551
1190,12,40,2.572,0.000,0.8639,6.716
1190,13,41,1.455,0.000,0.9468,1.196
1190,14,42,1.226,0.000,0.0794,1.195
1190,15,43,2.210,0.000,0.0785,1.195
1191,0,29,1.498,0.000,0.2032,3.385
1191,1,30,2.499,0.000,0.2027,3.385
1191,2,31,1.533,0.000,0.2027,3.385
1191,3,32,2.519,0.000,0.2016,3.385
1191,4,33,3.170,0.000,0.2018,3.385
1191,5,34,4.523,1000.000,0.2012,3.385
1191,6,35,3.881,0.000,0.2020,13.561
1191,7,36,9.461,1028.274,1.2568,1.295
1191,8,37,3.478,0.000,0.1239,122.948
1191,9,38,1.426,0.000,4.4536,48.242
1191,10,39,1.447,0.000,2.5302,17.551
1191,11,40,1.443,0.000,0.8639,6.716
1191,12,41,1.000,0.000,0.9468,1.196
1191,13,42,1.501,0.000,0.0794,1.195
1191,14,43,1.906,0.000,0.0785,1.195
1191,15,44,1.615,0.000,0.0781,1.194
1192,0,30,1.193,0.000,0.2027,3.385
1192,1,31,0.064,0.000,0.2027,3.385
1192,2,32,0.485,0.000,0.2016,3.385
1192,3,33,0.724,0.000,0.2018,3.385
1192,4,34,3.151,1000.000,0.2012,3.385
1192,5,35,0.537,0.000,0.2020,13.561
1192,6,36,3.244,1028.274,1.2568,1.295
1192,7,37,0.701,0.000,0.1239,122.948
1192,8,38,0.678,0.000,4.4536,48.242
1192,9,39,0.363,0.000,2.5302,17.551
1192,10,40,0.262,0.000,0.8639,6.716
1192,11,41,0.527,0.000,0.9468,1.196
1192,12,42,0.189,0.000,0.0794,1.195
1192,13,43,0.413,0.000,0.0785,1.195
1192,14,44,0.427,0.000,0.0781,1.194
1192,15,45,0.763,0.000,0.0784,1.194
1193,0,31,0.849,0.000,0.2027,3.385
1193,1,32,0.234,0.000,0.2016,3.385
1193,2,33,0.531,0.000,0.2018,3.385
1193,3,34,0.532,1000.000,0.2012,3.385
1193,4,35,0.266,0.000,0.2020,13.561
1193,5,36,1.490,1028.274,1.2568,1.295
1193,6,37,0.816,0.000,0.1239,122.948
1193,7,38,1.057,0.000,4.4536,48.242
1193,8,39,0.594,0.000,2.5302,17.551
1193,9,40,0.660,0.000,0.8639,6.716
1193,10,41,0.292,0.000,0.9468,1.196
1193,11,42,0.986,0.000,0.0794,1.195
1193,12,43,0.931,0.000,0.0785,1.195
1193,13,44,0.609,0.000,0.0781,1.194
1193,14,45,0.341,0.000,0.0784,1.194
1193,15,46,0.324,0.000,0.0771,1.194
1194,0,32,0.531,0.000,0.2016,3.385
1194,1,33,0.352,0.000,0.2018,3.385
1194,2,34,0.790,1000.000,0.2012,3.385
1194,3,35,1.662,0.000,0.2020,13.561
1194,4,36,1.944,1028.274,1.2568,1.295
1194,5,37,0.921,0.000,0.1239,122.948
1194,6,38,0.700,0.000,4.4536,48.242
1194,7,39,0.391,0.000,2.5302,17.551
1194,8,40,0.701,0.000,0.8639,6.716
1194,9,41,0.473,0.000,0.9468,1.196
1194,10,42,1.078,0.000,0.0794,1.195
1194,11,43,1.001,0.000,0.0785,1.195
1194,12,44,0.345,0.000,0.0781,1.194
1194,13,45,0.539,0.000,0.0784,1.194
1194,14,46,0.738,0.000,0.0771,1.194
1194,15,47,1.137,0.000,0.0776,1.195
1195,0,33,0.744,0.000,0.2018,3.385
1195,1,34,1.373,1000.000,0.2012,3.385
1195,2,35,0.406,0.000,0.2020,13.561
1195,3,36,1.157,1028.274,1.2568,1.295
1195,4,37,0.439,0.000,0.1239,122.948
1195,5,38,0.219,0.000,4.4536,48.242
1195,6,39,0.386,0.000,2.5302,17.551
1195,7,40,0.542,0.000,0.8639,6.716
1195,8,41,0.149,0.000,0.9468,1.196
1195,9,42,0.594,0.000,0.0794,1.195
1195,10,43,0.468,0.000,0.0785,1.195
1195,11,44,0.618,0.000,0.0781,1.194
1195,12,45,0.162,0.000,0.0784,1.194
1195,13,46,0.147,0.000,0.0771,1.194
1195,14,47,0.591,0.000,0.0776,1.195
1195,15,48,0.768,0.000,0.0777,1.193
1196,0,34,1.281,1000.000,0.2012,3.385
1196,1,35,1.529,0.000,0.2020,13.561
1196,2,36,1.513,1028.274,1.2568,1.295
1196,3,37,0.986,0.000,0.1239,122.948
1196,4,38,0.604,0.000,4.4536,48.242
1196,5,39,0.523,0.000,2.5302,17.551
1196,6,40,0.603,0.000,0.8639,6.716
1196,7,41,0.748,0.000,0.9468,1.196
1196,8,42,0.416,0.000,0.0794,1.195
1196,9,43,0.105,0.000,0.0785,1.195
1196,10,44,2.134,0.000,0.0781,1.194
1196,11,45,0.389,0.000,0.0784,1.194
1196,12,46,0.472,0.000,0.0771,1.194
1196,13,47,0.621,0.000,0.0776,1.195
1196,14,48,0.561,0.000,0.0777,1.193
1196,15,49,0.399,0.000,0.0777,1.194
1197,0,35,2.278,0.000,0.2020,13.561
1197,1,36,2.238,1028.274,1.2568,1.295
1197,2,37,0.743,0.000,0.1239,122.948
1197,3,38,0.617,0.000,4.4536,48.242
1197,4,39,0.178,0.000,2.5302,17.551
1197,5,40,0.532,0.000,0.8639,6.716
1197,6,41,0.250,0.000,0.9468,1.196
1197,7,42,0.590,0.000,0.0794,1.195
1197,8,43,0.232,0.000,0.0785,1.195
1197,9,44,0.274,0.000,0.0781,1.194
1197,10,45,0.374,0.000,0.0784,1.194
1197,11,46,0.406,0.000,0.0771,1.194
1197,12,47,0.372,0.000,0.0776,1.195
1197,13,48,0.589,0.000,0.0777,1.193
1197,14,49,0.702,0.000,0.0777,1.194
1197,15,50,0.888,0.000,0.0785,1.194
1198,0,36,0.619,1028.274,1.2568,1.295
1198,1,37,1.405,0.000,0.1239,122.948
1198,2,38,0.534,0.000,4.4536,48.242
1198,3,39,0.528,0.000,2.5302,17.551
1198,4,40,0.791,0.000,0.8639,6.716
1198,5,41,0.402,0.000,0.9468,1.196
1198,6,42,0.613,0.000,0.0794,1.195
1198,7,43,0.441,0.000,0.0785,1.195
1198,8,44,0.159,0.000,0.0781,1.194
1198,9,45,0.459,0.000,0.0784,1.194
1198,10,46,0.427,0.000,0.0771,1.194
1198,11,47,0.695,0.000,0.0776,1.195
1198,12,48,0.780,0.000,0.0777,1.193
1198,13,49,0.933,0.000,0.0777,1.194
1198,14,50,1.719,0.000,0.0785,1.194
1198,15,51,9.316,258.820,0.0777,1.194
1199,0,37,1.504,0.000,0.1239,122.948
1199,1,38,0.937,0.000,4.4536,48.242
1199,2,39,0.488,0.000,2.5302,17.551
1199,3,40,0.256,0.000,0.8639,6.716
1199,4,41,0.128,0.000,0.9468,1.196
1199,5,42,0.120,0.000,0.0794,1.195
1199,6,43,0.633,0.000,0.0785,1.195
1199,7,44,0.771,0.000,0.0781,1.194
1199,8,45,0.804,0.000,0.0784,1.194
1199,9,46,0.441,0.000,0.0771,1.194
1199,10,47,0.103,0.000,0.0776,1.195
1199,11,48,0.192,0.000,0.0777,1.193
1199,12,49,0.794,0.000,0.0777,1.194
1199,13,50,0.964,0.000,0.0785,1.194
1199,14,51,2.888,258.820,0.0777,1.194
1199,15,52,5.607,0.000,0.0768,25.780
1200,0,38,0.692,0.000,4.4536,48.242
1200,1,39,0.269,0.000,2.5302,17.551
1200,2,40,0.660,0.000,0.8639,6.716
1200,3,41,0.990,0.000,0.9468,1.196
1200,4,42,0.525,0.000,0.0794,1.195
1200,5,43,0.621,0.000,0.0785,1.195
1200,6,44,1.214,0.000,0.0781,1.194
1200,7,45,0.989,0.000,0.0784,1.194
1200,8,46,1.309,0.000,0.0771,1.194
1200,9,47,0.346,0.000,0.0776,1.195
1200,10,48,1.097,0.000,0.0777,1.193
1200,11,49,1.284,0.000,0.0777,1.194
1200,12,50,0.748,0.000,0.0785,1.194
1200,13,51,1.078,258.820,0.0777,1.194
1200,14,52,0.715,0.000,0.0768,25.780
1200,15,53,0.722,241.181,0.0756,4.705
1201,0,39,1.039,0.000,2.5302,17.551
1201,1,40,0.493,0.000,0.8639,6.716
1201,2,41,0.592,0.000,0.9468,1.196
1201,3,42,0.480,0.000,0.0794,1.195
1201,4,43,0.218,0.000,0.0785,1.195
1201,5,44,0.310,0.000,0.0781,1.194
1201,6,45,0.750,0.000,0.0784,1.194
1201,7,46,0.767,0.000,0.0771,1.194
1201,8,47,0.937,0.000,0.0776,1.195
1201,9,48,0.227,0.000,0.0777,1.193
1201,10,49,0.480,0.000,0.0777,1.194
1201,11,50,0.434,0.000,0.0785,1.194
1201,12,51,0.576,258.820,0.0777,1.194
1201,13,52,0.386,0.000,0.0768,25.780
1201,14,53,2.294,241.181,0.0756,4.705
1201,15,54,0.931,0.000,0.0800,23.203
1202,0,40,0.584,0.000,0.8639,6.716
1202,1,41,1.014,0.000,0.9468,1.196
1202,2,42,0.636,0.000,0.0794,1.195
1202,3,43,0.408,0.000,0.0785,1.195
1202,4,44,1.522,0.000,0.0781,1.194
1202,5,45,0.544,0.000,0.0784,1.194
1202,6,46,0.728,0.000,0.0771,1.194
1202,7,47,0.802,0.000,0.0776,1.195
1202,8,48,1.786,0.000,0.0777,1.193
1202,9,49,0.705,0.000,0.0777,1.194
1202,10,50,0.171,0.000,0.0785,1.194
1202,11,51,0.990,258.820,0.0777,1.194
1202,12,52,1.291,0.000,0.0768,25.780
1202,13,53,2.011,241.181,0.0756,4.705
1202,14,54,1.183,0.000,0.0800,23.203
1202,15,55,2.476,207.107,0.0809,4.988
1203,0,41,0.483,0.000,0.9468,1.196
1203,1,42,0.398,0.000,0.0794,1.195
1203,2,43,0.758,0.000,0.0785,1.195
1203,3,44,0.420,0.000,0.0781,1.194
1203,4,45,0.360,0.000,0.0784,1.194
1203,5,46,0.245,0.000,0.0771,1.194
1203,6,47,0.679,0.000,0.0776,1.195
1203,7,48,0.314,0.000,0.0777,1.193
1203,8,49,0.665,0.000,0.0777,1.194
1203,9,50,0.832,0.000,0.0785,1.194
1203,10,51,0.681,258.820,0.0777,1.194
1203,11,52,1.186,0.000,0.0768,25.780
1203,12,53,1.200,241.181,0.0756,4.705
1203,13,54,1.356,0.000,0.0800,23.203
1203,14,55,0.941,207.107,0.0809,4.988
1203,15,56,1.136,0.000,0.0859,19.501
1204,0,42,0.294,0.000,0.0794,1.195
1204,1,43,0.366,0.000,0.0785,1.195
1204,2,44,0.367,0.000,0.0781,1.194
1204,3,45,0.487,0.000,0.0784,1.194
1204,4,46,0.346,0.000,0.0771,1.194
1204,5,47,0.392,0.000,0.0776,1.195
1204,6,48,1.184,0.000,0.0777,1.193
1204,7,49,0.447,0.000,0.0777,1.194
1204,8,50,0.198,0.000,0.0785,1.194
1204,9,51,0.306,258.820,0.0777,1.194
1204,10,52,0.795,0.000,0.0768,25.780
1204,11,53,1.068,241.181,0.0756,4.705
1204,12,54,0.919,0.000,0.0800,23.203
1204,13,55,1.070,207.107,0.0809,4.988
1204,14,56,0.792,0.000,0.0859,19.501
1204,15,57,1.184,158.918,0.0855,4.073
1205,0,43,0.345,0.000,0.0785,1.195
1205,1,44,1.048,0.000,0.0781,1.194
1205,2,45,1.121,0.000,0.0784,1.194
1205,3,46,0.461,0.000,0.0771,1.194
1205,4,47,0.532,0.000,0.0776,1.195
1205,5,48,0.485,0.000,0.0777,1.193
1205,6,49,0.507,0.000,0.0777,1.194
1205,7,50,0.603,0.000,0.0785,1.194
1205,8,51,1.156,258.820,0.0777,1.194
1205,9,52,0.781,0.000,0.0768,25.780
1205,10,53,0.804,241.181,0.0756,4.705
1205,11,54,0.582,0.000,0.0800,23.203
1205,12,55,1.779,207.107,0.0809,4.988
1205,13,56,0.770,0.000,0.0859,19.501
1205,14,57,0.904,158.918,0.0855,4.073
1205,15,58,0.736,99.901,0.0903,14.815
1206,0,44,0.147,0.000,0.0781,1.194
1206,1,45,0.678,0.000,0.0784,1.194
1206,2,46,0.291,0.000,0.0771,1.194
1206,3,47,0.381,0.000,0.0776,1.195
1206,4,48,0.142,0.000,0.0777,1.193
1206,5,49,1.193,0.000,0.0777,1.194
1206,6,50,0.301,0.000,0.0785,1.194
1206,7,51,3.422,258.820,0.0777,1.194
1206,8,52,2.338,0.000,0.0768,25.780
1206,9,53,1.817,241.181,0.0756,4.705
1206,10,54,0.942,0.000,0.0800,23.203
1206,11,55,1.250,207.107,0.0809,4.988
1206,12,56,1.287,0.000,0.0859,19.501
1206,13,57,1.000,158.918,0.0855,4.073
1206,14,58,1.044,99.901,0.0903,14.815
1206,15,59,0.780,34.074,0.0905,9.335
1207,0,45,0.333,0.000,0.0784,1.194
1207,1,46,0.457,0.000,0.0771,1.194
1207,2,47,0.268,0.000,0.0776,1.195
1207,3,48,0.486,0.000,0.0777,1.193
1207,4,49,0.206,0.000,0.0777,1.194
1207,5,50,0.226,0.000,0.0785,1.194
1207,6,51,3.379,258.820,0.0777,1.194
1207,7,52,4.711,0.000,0.0768,25.780
1207,8,53,4.676,241.181,0.0756,4.705
1207,9,54,3.394,0.000,0.0800,23.203
1207,10,55,3.724,207.107,0.0809,4.988
1207,11,56,2.887,0.000,0.0859,19.501
1207,12,57,2.818,158.918,0.0855,4.073
1207,13,58,2.174,99.901,0.0903,14.815
1207,14,59,3.144,34.074,0.0905,9.335
1207,15,60,0.560,0.000,0.0940,3.700
1208,0,46,0.402,0.000,0.0771,1.194
1208,1,47,1.137,0.000,0.0776,1.195
1208,2,48,0.602,0.000,0.0777,1.193
1208,3,49,0.708,0.000,0.0777,1.194
1208,4,50,0.172,0.000,0.0785,1.194
1208,5,51,6.547,258.820,0.0777,1.194
1208,6,52,1.533,0.000,0.0768,25.780
1208,7,53,6.695,241.181,0.0756,4.705
1208,8,54,1.772,0.000,0.0800,23.203
1208,9,55,6.373,207.107,0.0809,4.988
1208,10,56,2.229,0.000,0.0859,19.501
1208,11,57,3.909,158.918,0.0855,4.073
1208,12,58,3.221,99.901,0.0903,14.815
1208,13,59,1.935,34.074,0.0905,9.335
1208,14,60,0.447,0.000,0.0940,3.700
1208,15,61,0.867,0.000,0.2736,1.895
1209,0,47,0.494,0.000,0.0776,1.195
1209,1,48,1.311,0.000,0.0777,1.193
1209,2,49,0.683,0.000,0.0777,1.194
1209,3,50,1.189,0.000,0.0785,1.194
1209,4,51,9.287,258.820,0.0777,1.194
1209,5,52,0.597,0.000,0.0768,25.780
1209,6,53,7.545,241.181,0.0756,4.705
1209,7,54,0.602,0.000,0.0800,23.203
1209,8,55,7.353,207.107,0.0809,4.988
1209,9,56,0.685,0.000,0.0859,19.501
1209,10,57,4.614,158.918,0.0855,4.073
1209,11,58,3.328,99.901,0.0903,14.815
1209,12,59,1.244,34.074,0.0905,9.335
1209,13,60,0.497,0.000,0.0940,3.700
1209,14,61,0.480,0.000,0.2736,1.895
1209,15,62,0.157,0.000,0.3660,1.901
1210,0,48,0.714,0.000,0.0777,1.193
1210,1,49,0.716,0.000,0.0777,1.194
1210,2,50,1.059,0.000,0.0785,1.194
1210,3,51,5.075,258.820,0.0777,1.194
1210,4,52,4.034,0.000,0.0768,25.780
1210,5,53,3.862,241.181,0.0756,4.705
1210,6,54,1.791,0.000,0.0800,23.203
1210,7,55,5.793,207.107,0.0809,4.988
1210,8,56,3.296,0.000,0.0859,19.501
1210,9,57,3.971,158.918,0.0855,4.073
1210,10,58,3.021,99.901,0.0903,14.815
1210,11,59,2.202,34.074,0.0905,9.335
1210,12,60,1.043,0.000,0.0940,3.700
1210,13,61,0.406,0.000,0.2736,1.895
1210,14,62,0.403,0.000,0.3660,1.901
1210,15,63,0.566,0.000,0.3870,1.903
1211,0,49,0.785,0.000,0.0777,1.194
1211,1,50,2.721,0.000,0.0785,1.194
1211,2,51,17.970,258.820,0.0777,1.194
1211,3,52,3.570,0.000,0.0768,25.780
1211,4,53,14.790,241.181,0.0756,4.705
1211,5,54,3.628,0.000,0.0800,23.203
1211,6,55,13.272,207.107,0.0809,4.988
1211,7,56,2.454,0.000,0.0859,19.501
1211,8,57,9.367,158.918,0.0855,4.073
1211,9,58,4.821,99.901,0.0903,14.815
1211,10,59,2.327,34.074,0.0905,9.335
1211,11,60,0.650,0.000,0.0940,3.700
1211,12,61,0.786,0.000,0.2736,1.895
1211,13,62,0.386,0.000,0.3660,1.901
1211,14,63,0.759,0.000,0.3870,1.903
1211,15,64,0.408,0.000,0.3904,1.905
1212,0,50,2.160,0.000,0.0785,1.194
1212,1,51,21.239,258.820,0.0777,1.194
1212,2,52,2.204,0.000,0.0768,25.780
1212,3,53,19.231,241.181,0.0756,4.705
1212,4,54,4.060,0.000,0.0800,23.203
1212,5,55,15.822,207.107,0.0809,4.988
1212,6,56,3.435,0.000,0.0859,19.501
1212,7,57,12.110,158.918,0.0855,4.073
1212,8,58,7.201,99.901,0.0903,14.815
1212,9,59,3.719,34.074,0.0905,9.335
1212,10,60,1.329,0.000,0.0940,3.700
1212,11,61,0.234,0.000,0.2736,1.895
1212,12,62,1.008,0.000,0.3660,1.901
1212,13,63,0.969,0.000,0.3870,1.903
1212,14,64,0.557,0.000,0.3904,1.905
1212,15,65,0.609,0.000,0.3790,1.905
1213,0,51,5.012,258.820,0.0777,1.194
1213,1,52,1.579,0.000,0.0768,25.780
1213,2,53,5.763,241.181,0.0756,4.705
1213,3,54,1.038,0.000,0.0800,23.203
1213,4,55,3.366,207.107,0.0809,4.988
1213,5,56,0.948,0.000,0.0859,19.501
1213,6,57,2.399,158.918,0.0855,4.073
1213,7,58,3.194,99.901,0.0903,14.815
1213,8,59,0.350,34.074,0.0905,9.335
1213,9,60,0.364,0.000,0.0940,3.700
1213,10,61,0.781,0.000,0.2736,1.895
1213,11,62,0.768,0.000,0.3660,1.901
1213,12,63,1.101,0.000,0.3870,1.903
1213,13,64,0.105,0.000,0.3904,1.905
1213,14,65,0.563,0.000,0.3790,1.905
1213,15,66,0.493,0.000,0.3809,1.904
1214,0,52,2.676,0.000,0.0768,25.780
1214,1,53,2.726,241.181,0.0756,4.705
1214,2,54,1.400,0.000,0.0800,23.203
1214,3,55,2.771,207.107,0.0809,4.988
1214,4,56,2.291,0.000,0.0859,19.501
1214,5,57,2.570,158.918,0.0855,4.073
1214,6,58,2.203,99.901,0.0903,14.815
1214,7,59,1.585,34.074,0.0905,9.335
1214,8,60,0.690,0.000,0.0940,3.700
1214,9,61,0.562,0.000,0.2736,1.895
1214,10,62,0.649,0.000,0.3660,1.901
1214,11,63,0.499,0.000,0.3870,1.903
1214,12,64,0.299,0.000,0.3904,1.905
1214,13,65,0.622,0.000,0.3790,1.905
1214,14,66,0.187,0.000,0.3809,1.904
1214,15,67,0.218,0.000,0.4053,1.902
1215,0,53,2.636,241.181,0.0756,4.705
1215,1,54,9.225,0.000,0.0800,23.203
1215,2,55,1.758,207.107,0.0809,4.988
1215,3,56,7.897,0.000,0.0859,19.501
1215,4,57,1.223,158.918,0.0855,4.073
1215,5,58,5.765,99.901,0.0903,14.815
1215,6,59,4.141,34.074,0.0905,9.335
1215,7,60,0.363,0.000,0.0940,3.700
1215,8,61,0.544,0.000,0.2736,1.895
1215,9,62,0.721,0.000,0.3660,1.901
1215,10,63,0.389,0.000,0.3870,1.903
1215,11,64,0.730,0.000,0.3904,1.905
1215,12,65,0.154,0.000,0.3790,1.905
1215,13,66,0.322,0.000,0.3809,1.904
1215,14,67,0.426,0.000,0.4053,1.902
1215,15,68,0.414,0.000,0.4096,1.901
1216,0,54,1.336,0.000,0.0800,23.203
1216,1,55,1.842,207.107,0.0809,4.988
1216,2,56,1.573,0.000,0.0859,19.501
1216,3,57,1.984,158.918,0.0855,4.073
1216,4,58,1.591,99.901,0.0903,14.815
1216,5,59,1.427,34.074,0.0905,9.335
1216,6,60,0.703,0.000,0.0940,3.700
1216,7,61,0.403,0.000,0.2736,1.895
1216,8,62,0.291,0.000,0.3660,1.901
1216,9,63,0.484,0.000,0.3870,1.903
1216,10,64,0.199,0.000,0.3904,1.905
1216,11,65,0.715,0.000,0.3790,1.905
1216,12,66,0.259,0.000,0.3809,1.904
1216,13,67,0.444,0.000,0.4053,1.902
1216,14,68,0.519,0.000,0.4096,1.901
1216,15,69,0.364,0.000,0.4138,1.903
1217,0,55,0.422,207.107,0.0809,4.988
1217,1,56,0.611,0.000,0.0859,19.501
1217,2,57,0.900,158.918,0.0855,4.073
1217,3,58,0.325,99.901,0.0903,14.815
1217,4,59,0.303,34.074,0.0905,9.335
1217,5,60,0.367,0.000,0.0940,3.700
1217,6,61,0.387,0.000,0.2736,1.895
1217,7,62,0.888,0.000,0.3660,1.901
1217,8,63,0.526,0.000,0.3870,1.903
1217,9,64,0.640,0.000,0.3904,1.905
1217,10,65,0.664,0.000,0.3790,1.905
1217,11,66,2.353,0.000,0.3809,1.904
1217,12,67,0.689,0.000,0.4053,1.902
1217,13,68,0.574,0.000,0.4096,1.901
1217,14,69,3.526,0.000,0.4138,1.903
1217,15,70,0.422,0.000,0.3919,1.902
1218,0,56,0.453,0.000,0.0859,19.501
1218,1,57,2.710,158.918,0.0855,4.073
1218,2,58,2.147,99.901,0.0903,14.815
1218,3,59,1.632,34.074,0.0905,9.335
1218,4,60,0.450,0.000,0.0940,3.700
1218,5,61,0.392,0.000,0.2736,1.895
1218,6,62,0.347,0.000,0.3660,1.901
1218,7,63,0.293,0.000,0.3870,1.903
1218,8,64,0.457,0.000,0.3904,1.905
1218,9,65,0.613,0.000,0.3790,1.905
1218,10,66,0.316,0.000,0.3809,1.904
1218,11,67,0.434,0.000,0.4053,1.902
1218,12,68,0.242,0.000,0.4096,1.901
1218,13,69,0.614,0.000,0.4138,1.903
1218,14,70,0.516,0.000,0.3919,1.902
1218,15,71,0.529,0.000,0.4156,1.894
1219,0,57,1.052,158.918,0.0855,4.073
1219,1,58,1.820,99.901,0.0903,14.815
1219,2,59,1.771,34.074,0.0905,9.335
1219,3,60,1.144,0.000,0.0940,3.700
1219,4,61,0.448,0.000,0.2736,1.895
1219,5,62,0.599,0.000,0.3660,1.901
1219,6,63,0.427,0.000,0.3870,1.903
1219,7,64,0.224,0.000,0.3904,1.905
1219,8,65,0.799,0.000,0.3790,1.905
1219,9,66,0.217,0.000,0.3809,1.904
1219,10,67,0.622,0.000,0.4053,1.902
1219,11,68,0.272,0.000,0.4096,1.901
1219,12,69,0.379,0.000,0.4138,1.903
1219,13,70,0.273,0.000,0.3919,1.902
1219,14,71,0.503,0.000,0.4156,1.894
1219,15,72,2.304,0.000,0.4317,1.899
1220,0,58,0.385,99.901,0.0903,14.815
1220,1,59,2.361,34.074,0.0905,9.335
1220,2,60,0.509,0.000,0.0940,3.700
1220,3,61,1.139,0.000,0.2736,1.895
1220,4,62,0.154,0.000,0.3660,1.901
1220,5,63,0.373,0.000,0.3870,1.903
1220,6,64,0.299,0.000,0.3904,1.905
1220,7,65,0.518,0.000,0.3790,1.905
1220,8,66,0.776,0.000,0.3809,1.904
1220,9,67,0.350,0.000,0.4053,1.902
1220,10,68,0.336,0.000,0.4096,1.901
1220,11,69,0.453,0.000,0.4138,1.903
1220,12,70,0.170,0.000,0.3919,1.902
1220,13,71,0.405,0.000,0.4156,1.894
1220,14,72,0.391,0.000,0.4317,1.899
1220,15,73,0.642,0.000,0.4283,1.900
1221,0,59,2.644,34.074,0.0905,9.335
1221,1,60,0.283,0.000,0.0940,3.700
1221,2,61,0.918,0.000,0.2736,1.895
1221,3,62,0.417,0.000,0.3660,1.901
1221,4,63,0.552,0.000,0.3870,1.903
1221,5,64,0.435,0.000,0.3904,1.905
1221,6,65,0.586,0.000,0.3790,1.905
1221,7,66,0.564,0.000,0.3809,1.904
1221,8,67,0.369,0.000,0.4053,1.902
1221,9,68,0.201,0.000,0.4096,1.901
1221,10,69,0.216,0.000,0.4138,1.903
1221,11,70,0.817,0.000,0.3919,1.902
1221,12,71,0.394,0.000,0.4156,1.894
1221,13,72,0.731,0.000,0.4317,1.899
1221,14,73,0.336,0.000,0.4283,1.900
1221,15,74,0.435,0.000,0.4176,1.894
1222,0,60,2.688,0.000,0.0940,3.700
1222,1,61,0.848,0.000,0.2736,1.895
1222,2,62,0.477,0.000,0.3660,1.901
1222,3,63,0.726,0.000,0.3870,1.903
1222,4,64,0.748,0.000,0.3904,1.905
1222,5,65,0.554,0.000,0.3790,1.905
1222,6,66,0.291,0.000,0.3809,1.904
1222,7,67,0.188,0.000,0.4053,1.902
1222,8,68,0.422,0.000,0.4096,1.901
1222,9,69,0.283,0.000,0.4138,1.903
1222,10,70,0.234,0.000,0.3919,1.902
1222,11,71,0.183,0.000,0.4156,1.894
1222,12,72,0.231,0.000,0.4317,1.899
1222,13,73,0.363,0.000,0.4283,1.900
1222,14,74,0.154,0.000,0.4176,1.894
1222,15,75,0.632,0.000,0.4432,1.900
1223,0,61,1.586,0.000,0.2736,1.895
1223,1,62,0.491,0.000,0.3660,1.901
1223,2,63,1.806,0.000,0.3870,1.903
1223,3,64,0.617,0.000,0.3904,1.905
1223,4,65,0.419,0.000,0.3790,1.905
1223,5,66,1.660,0.000,0.3809,1.904
1223,6,67,0.246,0.000,0.4053,1.902
1223,7,68,1.330,0.000,0.4096,1.901
1223,8,69,0.926,0.000,0.4138,1.903
1223,9,70,1.080,0.000,0.3919,1.902
1223,10,71,0.993,0.000,0.4156,1.894
1223,11,72,1.664,0.000,0.4317,1.899
1223,12,73,1.719,0.000,0.4283,1.900
1223,13,74,1.576,0.000,0.4176,1.894
1223,14,75,1.057,0.000,0.4432,1.900
1224,0,62,0.633,0.000,0.3660,1.901
1224,1,63,0.850,0.000,0.3870,1.903
1224,2,64,0.890,0.000,0.3904,1.905
1224,3,65,0.464,0.000,0.3790,1.905
1224,4,66,0.640,0.000,0.3809,1.904
1224,5,67,0.686,0.000,0.4053,1.902
1224,6,68,0.493,0.000,0.4096,1.901
1224,7,69,1.021,0.000,0.4138,1.903
1224,8,70,0.915,0.000,0.3919,1.902
1224,9,71,0.426,0.000,0.4156,1.894
1224,10,72,0.441,0.000,0.4317,1.899
1224,11,73,0.567,0.000,0.4283,1.900
1224,12,74,0.713,0.000,0.4176,1.894
1224,13,75,0.824,0.000,0.4432,1.900
1225,0,63,1.882,0.000,0.3870,1.903
1225,1,64,1.428,0.000,0.3904,1.905
1225,2,65,0.708,0.000,0.3790,1.905
1225,3,66,0.748,0.000,0.3809,1.904
1225,4,67,0.454,0.000,0.4053,1.902
1225,5,68,0.623,0.000,0.4096,1.901
1225,6,69,0.446,0.000,0.4138,1.903
1225,7,70,0.604,0.000,0.3919,1.902
1225,8,71,0.700,0.000,0.4156,1.894
1225,9,72,0.942,0.000,0.4317,1.899
1225,10,73,0.359,0.000,0.4283,1.900
1225,11,74,1.097,0.000,0.4176,1.894
1225,12,75,1.139,0.000,0.4432,1.900
1226,0,64,0.654,0.000,0.3904,1.905
1226,1,65,0.347,0.000,0.3790,1.905
1226,2,66,0.533,0.000,0.3809,1.904
1226,3,67,0.222,0.000,0.4053,1.902
1226,4,68,0.477,0.000,0.4096,1.901
1226,5,69,0.596,0.000,0.4138,1.903
1226,6,70,0.795,0.000,0.3919,1.902
1226,7,71,0.527,0.000,0.4156,1.894
1226,8,72,1.154,0.000,0.4317,1.899
1226,9,73,0.686,0.000,0.4283,1.900
1226,10,74,1.064,0.000,0.4176,1.894
1226,11,75,0.735,0.000,0.4432,1.900
1227,0,65,1.262,0.000,0.3790,1.905
1227,1,66,0.635,0.000,0.3809,1.904
1227,2,67,0.956,0.000,0.4053,1.902
1227,3,68,0.773,0.000,0.4096,1.901
1227,4,69,1.101,0.000,0.4138,1.903
1227,5,70,0.242,0.000,0.3919,1.902
1227,6,71,1.215,0.000,0.4156,1.894
1227,7,72,1.420,0.000,0.4317,1.899
1227,8,73,1.237,0.000,0.4283,1.900
1227,9,74,1.365,0.000,0.4176,1.894
1227,10,75,1.512,0.000,0.4432,1.900
1228,0,66,1.366,0.000,0.3809,1.904
1228,1,67,1.284,0.000,0.4053,1.902
1228,2,68,0.667,0.000,0.4096,1.901
1228,3,69,1.176,0.000,0.4138,1.903
1228,4,70,1.248,0.000,0.3919,1.902
1228,5,71,1.200,0.000,0.4156,1.894
1228,6,72,1.127,0.000,0.4317,1.899
1228,7,73,1.621,0.000,0.4283,1.900
1228,8,74,1.422,0.000,0.4176,1.894
1228,9,75,0.922,0.000,0.4432,1.900
1229,0,67,14.419,0.000,0.4053,1.902
1229,1,68,3.129,0.000,0.4096,1.901
1229,2,69,1.921,0.000,0.4138,1.903
1229,3,70,1.349,0.000,0.3919,1.902
1229,4,71,1.150,0.000,0.4156,1.894
1229,5,72,1.451,0.000,0.4317,1.899
1229,6,73,1.106,0.000,0.4283,1.900
1229,7,74,2.348,0.000,0.4176,1.894
1229,8,75,0.772,0.000,0.4432,1.900
1230,0,68,2.758,0.000,0.4096,1.901
1230,1,69,2.346,0.000,0.4138,1.903
1230,2,70,1.251,0.000,0.3919,1.902
1230,3,71,2.254,0.000,0.4156,1.894
1230,4,72,1.978,0.000,0.4317,1.899
1230,5,73,1.920,0.000,0.4283,1.900
1230,6,74,2.093,0.000,0.4176,1.894
1230,7,75,1.671,0.000,0.4432,1.900
1231,0,69,2.097,0.000,0.4138,1.903
1231,1,70,2.946,0.000,0.3919,1.902
1231,2,71,1.798,0.000,0.4156,1.894
1231,3,72,2.074,0.000,0.4317,1.899
1231,4,73,1.678,0.000,0.4283,1.900
1231,5,74,1.689,0.000,0.4176,1.894
1231,6,75,2.387,0.000,0.4432,1.900
1232,0,70,2.118,0.000,0.3919,1.902
1232,1,71,2.978,0.000,0.4156,1.894
1232,2,72,2.971,0.000,0.4317,1.899
1232,3,73,2.244,0.000,0.4283,1.900
1232,4,74,2.604,0.000,0.4176,1.894
1232,5,75,2.990,0.000,0.4432,1.900
1233,0,71,3.161,0.000,0.4156,1.894
1233,1,72,1.214,0.000,0.4317,1.899
1233,2,73,2.591,0.000,0.4283,1.900
1233,3,74,2.115,0.000,0.4176,1.894
1233,4,75,2.219,0.000,0.4432,1.900
1234,0,72,2.178,0.000,0.4317,1.899
1234,1,73,1.903,0.000,0.4283,1.900
1234,2,74,2.803,0.000,0.4176,1.894
1234,3,75,4.417,0.000,0.4432,1.900
1235,0,73,1.172,0.000,0.4283,1.900
1235,1,74,1.602,0.000,0.4176,1.894
1235,2,75,3.542,0.000,0.4432,1.900
1236,0,74,0.689,0.000,0.4176,1.894
1236,1,75,1.462,0.000,0.4432,1.900
1237,0,75,4.282,0.000,0.4432,1.900
1239,0,0,9.409,370.511,5.1010,37.051
1239,1,1,10.356,1103.166,3.8005,110.317
1239,2,2,1.911,2.469,0.3967,0.247
1239,3,3,1.010,0.002,0.0304,0.000
1239,4,4,0.825,0.001,0.0304,0.000
1239,5,5,1.640,0.002,0.0304,0.000
1239,6,6,2.575,0.003,0.0304,0.000
1239,7,7,2.217,0.001,0.0304,0.000
1239,8,8,1.935,0.002,0.0304,0.000
1239,9,9,2.004,0.003,0.0304,0.000
1239,10,10,1.251,0.001,0.0304,0.000
1239,11,11,3.537,3426.076,0.0304,0.000
1239,12,12,0.880,0.000,0.0304,342.608
1239,13,13,1.465,0.000,0.0304,162.446
1239,14,14,2.484,0.000,5.7688,19.511
1239,15,15,0.425,258.819,2.9758,0.119
1240,0,1,3.084,1103.166,3.8005,110.317
1240,1,2,0.621,2.469,0.3967,0.247
1240,2,3,1.277,0.002,0.0304,0.000
1240,3,4,0.299,0.001,0.0304,0.000
1240,4,5,0.962,0.002,0.0304,0.000
1240,5,6,0.772,0.003,0.0304,0.000
1240,6,7,1.406,0.001,0.0304,0.000
1240,7,8,1.088,0.002,0.0304,0.000
1240,8,9,0.719,0.003,0.0304,0.000
1240,9,10,0.382,0.001,0.0304,0.000
1240,10,11,1.347,3426.076,0.0304,0.000
1240,11,12,1.796,0.000,0.0304,342.608
1240,12,13,0.851,0.000,0.0304,162.446
1240,13,14,0.570,0.000,5.7688,19.511
1240,14,15,0.795,258.819,2.9758,0.119
1240,15,16,1.614,0.000,0.0154,25.740
1241,0,2,1.076,2.469,0.3967,0.247
1241,1,3,1.847,0.002,0.0304,0.000
1241,2,4,3.361,0.001,0.0304,0.000
1241,3,5,2.135,0.002,0.0304,0.000
1241,4,6,1.331,0.003,0.0304,0.000
1241,5,7,1.347,0.001,0.0304,0.000
1241,6,8,1.080,0.002,0.0304,0.000
1241,7,9,1.130,0.003,0.0304,0.000
1241,8,10,2.896,0.001,0.0304,0.000
1241,9,11,4.451,3426.076,0.0304,0.000
1241,10,12,3.380,0.000,0.0304,342.608
1241,11,13,2.294,0.000,0.0304,162.446
1241,12,14,1.712,0.000,5.7688,19.511
1241,13,15,0.340,258.819,2.9758,0.119
1241,14,16,1.896,0.000,0.0154,25.740
1241,15,17,0.599,241.182,0.0153,2.778
1242,0,3,2.307,0.002,0.0304,0.000
1242,1,4,4.643,0.001,0.0304,0.000
1242,2,5,3.913,0.002,0.0304,0.000
1242,3,6,1.612,0.003,0.0304,0.000
1242,4,7,2.471,0.001,0.0304,0.000
1242,5,8,3.955,0.002,0.0304,0.000
1242,6,9,0.711,0.003,0.0304,0.000
1242,7,10,3.560,0.001,0.0304,0.000
1242,8,11,2.853,3426.076,0.0304,0.000
1242,9,12,2.194,0.000,0.0304,342.608
1242,10,13,3.167,0.000,0.0304,162.446
1242,11,14,4.339,0.000,5.7688,19.511
1242,12,15,2.924,258.819,2.9758,0.119
1242,13,16,5.834,0.000,0.0154,25.740
1242,14,17,2.928,241.182,0.0153,2.778
1242,15,18,5.222,0.000,0.0147,23.342
1243,0,4,1.087,0.001,0.0304,0.000
1243,1,5,1.753,0.002,0.0304,0.000
1243,2,6,0.482,0.003,0.0304,0.000
1243,3,7,2.465,0.001,0.0304,0.000
1243,4,8,0.971,0.002,0.0304,0.000
1243,5,9,0.967,0.003,0.0304,0.000
1243,6,10,0.846,0.001,0.0304,0.000
1243,7,11,0.943,3426.076,0.0304,0.000
1243,8,12,3.350,0.000,0.0304,342.608
1243,9,13,2.532,0.000,0.0304,162.446
1243,10,14,1.323,0.000,5.7688,19.511
1243,11,15,0.514,258.819,2.9758,0.119
1243,12,16,0.991,0.000,0.0154,25.740
1243,13,17,1.191,241.182,0.0153,2.778
1243,14,18,7.670,0.000,0.0147,23.342
1243,15,19,1.433,207.106,0.0147,3.564
1244,0,5,0.455,0.002,0.0304,0.000
1244,1,6,0.795,0.003,0.0304,0.000
1244,2,7,0.199,0.001,0.0304,0.000
1244,3,8,0.680,0.002,0.0304,0.000
1244,4,9,0.937,0.003,0.0304,0.000
1244,5,10,0.344,0.001,0.0304,0.000
1244,6,11,3.321,3426.076,0.0304,0.000
1244,7,12,0.377,0.000,0.0304,342.608
1244,8,13,1.026,0.000,0.0304,162.446
1244,9,14,0.609,0.000,5.7688,19.511
1244,10,15,0.860,258.819,2.9758,0.119
1244,11,16,0.729,0.000,0.0154,25.740
1244,12,17,0.404,241.182,0.0153,2.778
1244,13,18,0.554,0.000,0.0147,23.342
1244,14,19,1.345,207.106,0.0147,3.564
1244,15,20,0.952,158.919,0.0140,19.785
1245,0,6,0.964,0.003,0.0304,0.000
1245,1,7,0.150,0.001,0.0304,0.000
1245,2,8,0.576,0.002,0.0304,0.000
1245,3,9,0.897,0.003,0.0304,0.000
1245,4,10,0.751,0.001,0.0304,0.000
1245,5,11,1.606,3426.076,0.0304,0.000
1245,6,12,0.765,0.000,0.0304,342.608
1245,7,13,0.572,0.000,0.0304,162.446
1245,8,14,0.184,0.000,5.7688,19.511
1245,9,15,0.724,258.819,2.9758,0.119
1245,10,16,0.277,0.000,0.0154,25.740
1245,11,17,0.344,241.182,0.0153,2.778
1245,12,18,0.119,0.000,0.0147,23.342
1245,13,19,0.491,207.106,0.0147,3.564
1245,14,20,0.768,158.919,0.0140,19.785
1245,15,21,0.168,99.900,0.0140,15.083
1246,0,7,0.488,0.001,0.0304,0.000
1246,1,8,0.712,0.002,0.0304,0.000
1246,2,9,0.588,0.003,0.0304,0.000
1246,3,10,1.465,0.001,0.0304,0.000
1246,4,11,0.400,3426.076,0.0304,0.000
1246,5,12,1.514,0.000,0.0304,342.608
1246,6,13,1.447,0.000,0.0304,162.446
1246,7,14,0.702,0.000,5.7688,19.511
1246,8,15,0.211,258.819,2.9758,0.119
1246,9,16,0.479,0.000,0.0154,25.740
1246,10,17,0.982,241.182,0.0153,2.778
1246,11,18,0.643,0.000,0.0147,23.342
1246,12,19,0.470,207.106,0.0147,3.564
1246,13,20,1.042,158.919,0.0140,19.785
1246,14,21,0.536,99.900,0.0140,15.083
1246,15,22,1.020,34.075,0.0132,9.468
1247,0,8,0.357,0.002,0.0304,0.000
1247,1,9,0.696,0.003,0.0304,0.000
1247,2,10,0.816,0.001,0.0304,0.000
1247,3,11,343.273,3426.076,0.0304,0.000
1247,4,12,0.911,0.000,0.0304,342.608
1247,5,13,0.522,0.000,0.0304,162.446
1247,6,14,0.368,0.000,5.7688,19.511
1247,7,15,25.277,258.819,2.9758,0.119
1247,8,16,0.232,0.000,0.0154,25.740
1247,9,17,23.768,241.182,0.0153,2.778
1247,10,18,0.221,0.000,0.0147,23.342
1247,11,19,20.303,207.106,0.0147,3.564
1247,12,20,16.158,158.919,0.0140,19.785
1247,13,21,9.759,99.900,0.0140,15.083
1247,14,22,3.458,34.075,0.0132,9.468
1247,15,23,0.533,0.000,0.0126,3.199
1248,0,9,2.646,0.003,0.0304,0.000
1248,1,10,2.454,0.001,0.0304,0.000
1248,2,11,342.321,3426.076,0.0304,0.000
1248,3,12,0.604,0.000,0.0304,342.608
1248,4,13,0.479,0.000,0.0304,162.446
1248,5,14,0.601,0.000,5.7688,19.511
1248,6,15,25.584,258.819,2.9758,0.119
1248,7,16,0.374,0.000,0.0154,25.740
1248,8,17,23.449,241.182,0.0153,2.778
1248,9,18,0.536,0.000,0.0147,23.342
1248,10,19,21.146,207.106,0.0147,3.564
1248,11,20,14.922,158.919,0.0140,19.785
1248,12,21,9.981,99.900,0.0140,15.083
1248,13,22,4.233,34.075,0.0132,9.468
1248,14,23,0.510,0.000,0.0126,3.199
1248,15,24,0.805,0.000,0.0122,3.446
1249,0,10,3.983,0.001,0.0304,0.000
1249,1,11,340.957,3426.076,0.0304,0.000
1249,2,12,1.998,0.000,0.0304,342.608
1249,3,13,1.011,0.000,0.0304,162.446
1249,4,14,2.107,0.000,5.7688,19.511
1249,5,15,26.522,258.819,2.9758,0.119
1249,6,16,2.010,0.000,0.0154,25.740
1249,7,17,24.127,241.182,0.0153,2.778
1249,8,18,0.716,0.000,0.0147,23.342
1249,9,19,21.869,207.106,0.0147,3.564
1249,10,20,16.371,158.919,0.0140,19.785
1249,11,21,10.488,99.900,0.0140,15.083
1249,12,22,2.443,34.075,0.0132,9.468
1249,13,23,1.274,0.000,0.0126,3.199
1249,14,24,1.747,0.000,0.0122,3.446
1249,15,25,2.617,0.000,0.1609,3.416
1250,0,11,342.803,3426.076,0.0304,0.000
1250,1,12,0.860,0.000,0.0304,342.608
1250,2,13,0.858,0.000,0.0304,162.446
1250,3,14,0.631,0.000,5.7688,19.511
1250,4,15,26.020,258.819,2.9758,0.119
1250,5,16,0.678,0.000,0.0154,25.740
1250,6,17,24.253,241.182,0.0153,2.778
1250,7,18,0.224,0.000,0.0147,23.342
1250,8,19,21.135,207.106,0.0147,3.564
1250,9,20,16.821,158.919,0.0140,19.785
1250,10,21,10.035,99.900,0.0140,15.083
1250,11,22,3.922,34.075,0.0132,9.468
1250,12,23,0.770,0.000,0.0126,3.199
1250,13,24,0.793,0.000,0.0122,3.446
1250,14,25,2.388,0.000,0.1609,3.416
1250,15,26,1.170,0.000,0.1603,3.417
1251,0,12,0.952,0.000,0.0304,342.608
1251,1,13,1.510,0.000,0.0304,162.446
1251,2,14,1.906,0.000,5.7688,19.511
1251,3,15,1.945,258.819,2.9758,0.119
1251,4,16,2.503,0.000,0.0154,25.740
1251,5,17,0.889,241.182,0.0153,2.778
1251,6,18,1.813,0.000,0.0147,23.342
1251,7,19,0.624,207.106,0.0147,3.564
1251,8,20,1.046,158.919,0.0140,19.785
1251,9,21,1.630,99.900,0.0140,15.083
1251,10,22,0.259,34.075,0.0132,9.468
1251,11,23,0.955,0.000,0.0126,3.199
1251,12,24,1.131,0.000,0.0122,3.446
1251,13,25,0.574,0.000,0.1609,3.416
1251,14,26,0.296,0.000,0.1603,3.417
1251,15,27,1.221,0.000,0.1609,3.417
1252,0,13,0.813,0.000,0.0304,162.446
1252,1,14,0.531,0.000,5.7688,19.511
1252,2,15,0.350,258.819,2.9758,0.119
1252,3,16,26.403,0.000,0.0154,25.740
1252,4,17,0.559,241.182,0.0153,2.778
1252,5,18,24.249,0.000,0.0147,23.342
1252,6,19,0.318,207.106,0.0147,3.564
1252,7,20,20.457,158.919,0.0140,19.785
1252,8,21,15.996,99.900,0.0140,15.083
1252,9,22,9.617,34.075,0.0132,9.468
1252,10,23,3.238,0.000,0.0126,3.199
1252,11,24,0.476,0.000,0.0122,3.446
1252,12,25,0.706,0.000,0.1609,3.416
1252,13,26,0.616,0.000,0.1603,3.417
1252,14,27,0.240,0.000,0.1609,3.417
1252,15,28,0.266,0.000,0.1609,3.417
1253,0,14,0.954,0.000,5.7688,19.511
1253,1,15,2.272,258.819,2.9758,0.119
1253,2,16,1.200,0.000,0.0154,25.740
1253,3,17,0.663,241.182,0.0153,2.778
1253,4,18,2.810,0.000,0.0147,23.342
1253,5,19,1.129,207.106,0.0147,3.564
1253,6,20,1.053,158.919,0.0140,19.785
1253,7,21,2.389,99.900,0.0140,15.083
1253,8,22,1.696,34.075,0.0132,9.468
1253,9,23,6.937,0.000,0.0126,3.199
1253,10,24,1.177,0.000,0.0122,3.446
1253,11,25,1.421,0.000,0.1609,3.416
1253,12,26,0.832,0.000,0.1603,3.417
1253,13,27,1.571,0.000,0.1609,3.417
1253,14,28,2.323,0.000,0.1609,3.417
1253,15,29,1.184,0.000,0.1611,3.417
1254,0,15,1.929,258.819,2.9758,0.119
1254,1,16,3.180,0.000,0.0154,25.740
1254,2,17,0.817,241.182,0.0153,2.778
1254,3,18,0.549,0.000,0.0147,23.342
1254,4,19,0.805,207.106,0.0147,3.564
1254,5,20,0.208,158.919,0.0140,19.785
1254,6,21,1.302,99.900,0.0140,15.083
1254,7,22,1.268,34.075,0.0132,9.468
1254,8,23,0.372,0.000,0.0126,3.199
1254,9,24,1.153,0.000,0.0122,3.446
1254,10,25,0.583,0.000,0.1609,3.416
1254,11,26,0.215,0.000,0.1603,3.417
1254,12,27,0.605,0.000,0.1609,3.417
1254,13,28,0.557,0.000,0.1609,3.417
1254,14,29,2.219,0.000,0.1611,3.417
1254,15,30,0.689,0.000,0.1616,3.416
1255,0,16,0.877,0.000,0.0154,25.740
1255,1,17,2.571,241.182,0.0153,2.778
1255,2,18,0.496,0.000,0.0147,23.342
1255,3,19,1.125,207.106,0.0147,3.564
1255,4,20,0.218,158.919,0.0140,19.785
1255,5,21,1.001,99.900,0.0140,15.083
1255,6,22,1.046,34.075,0.0132,9.468
1255,7,23,0.649,0.000,0.0126,3.199
1255,8,24,0.964,0.000,0.0122,3.446
1255,9,25,0.827,0.000,0.1609,3.416
1255,10,26,3.559,0.000,0.1603,3.417
1255,11,27,0.844,0.000,0.1609,3.417
1255,12,28,0.687,0.000,0.1609,3.417
1255,13,29,0.507,0.000,0.1611,3.417
1255,14,30,1.756,0.000,0.1616,3.416
1255,15,31,1.985,0.000,0.1606,3.416
1256,0,17,0.601,241.182,0.0153,2.778
1256,1,18,1.786,0.000,0.0147,23.342
1256,2,19,0.579,207.106,0.0147,3.564
1256,3,20,0.450,158.919,0.0140,19.785
1256,4,21,0.252,99.900,0.0140,15.083
1256,5,22,0.706,34.075,0.0132,9.468
1256,6,23,0.269,0.000,0.0126,3.199
1256,7,24,0.724,0.000,0.0122,3.446
1256,8,25,0.296,0.000,0.1609,3.416
1256,9,26,0.390,0.000,0.1603,3.417
1256,10,27,0.561,0.000,0.1609,3.417
1256,11,28,1.344,0.000,0.1609,3.417
1256,12,29,0.598,0.000,0.1611,3.417
1256,13,30,0.501,0.000,0.1616,3.416
1256,14,31,1.298,0.000,0.1606,3.416
1256,15,32,0.692,0.000,0.1614,3.416
1257,0,18,0.532,0.000,0.0147,23.342
1257,1,19,0.993,207.106,0.0147,3.564
1257,2,20,1.032,158.919,0.0140,19.785
1257,3,21,1.050,99.900,0.0140,15.083
1257,4,22,0.659,34.075,0.0132,9.468
1257,5,23,0.515,0.000,0.0126,3.199
1257,6,24,0.700,0.000,0.0122,3.446
1257,7,25,0.877,0.000,0.1609,3.416
1257,8,26,0.724,0.000,0.1603,3.417
1257,9,27,0.321,0.000,0.1609,3.417
1257,10,28,0.617,0.000,0.1609,3.417
1257,11,29,0.415,0.000,0.1611,3.417
1257,12,30,0.156,0.000,0.1616,3.416
1257,13,31,1.764,0.000,0.1606,3.416
1257,14,32,0.474,0.000,0.1614,3.416
1257,15,33,3.731,0.000,0.1597,3.416
1258,0,19,1.428,207.106,0.0147,3.564
1258,1,20,0.872,158.919,0.0140,19.785
1258,2,21,0.562,99.900,0.0140,15.083
1258,3,22,1.123,34.075,0.0132,9.468
1258,4,23,1.479,0.000,0.0126,3.199
1258,5,24,1.732,0.000,0.0122,3.446
1258,6,25,1.051,0.000,0.1609,3.416
1258,7,26,0.727,0.000,0.1603,3.417
1258,8,27,1.328,0.000,0.1609,3.417
1258,9,28,0.997,0.000,0.1609,3.417
1258,10,29,0.597,0.000,0.1611,3.417
1258,11,30,0.684,0.000,0.1616,3.416
1258,12,31,0.415,0.000,0.1606,3.416
1258,13,32,1.561,0.000,0.1614,3.416
1258,14,33,1.776,0.000,0.1597,3.416
1258,15,34,1.656,1000.000,0.1605,3.416
1259,0,20,0.746,158.919,0.0140,19.785
1259,1,21,0.765,99.900,0.0140,15.083
1259,2,22,0.749,34.075,0.0132,9.468
1259,3,23,1.235,0.000,0.0126,3.199
1259,4,24,1.307,0.000,0.0122,3.446
1259,5,25,0.650,0.000,0.1609,3.416
1259,6,26,0.378,0.000,0.1603,3.417
1259,7,27,1.148,0.000,0.1609,3.417
1259,8,28,0.858,0.000,0.1609,3.417
1259,9,29,2.478,0.000,0.1611,3.417
1259,10,30,0.656,0.000,0.1616,3.416
1259,11,31,1.015,0.000,0.1606,3.416
1259,12,32,2.352,0.000,0.1614,3.416
1259,13,33,0.909,0.000,0.1597,3.416
1259,14,34,4.843,1000.000,0.1605,3.416
1259,15,35,1.757,0.000,0.1603,15.265
1260,0,21,0.110,99.900,0.0140,15.083
1260,1,22,1.029,34.075,0.0132,9.468
1260,2,23,0.597,0.000,0.0126,3.199
1260,3,24,0.634,0.000,0.0122,3.446
1260,4,25,0.293,0.000,0.1609,3.416
1260,5,26,0.427,0.000,0.1603,3.417
1260,6,27,0.309,0.000,0.1609,3.417
1260,7,28,0.829,0.000,0.1609,3.417
1260,8,29,0.150,0.000,0.1611,3.417
1260,9,30,0.238,0.000,0.1616,3.416
1260,10,31,0.559,0.000,0.1606,3.416
1260,11,32,0.444,0.000,0.1614,3.416
1260,12,33,0.272,0.000,0.1597,3.416
1260,13,34,0.210,1000.000,0.1605,3.416
1260,14,35,0.395,0.000,0.1603,15.265
1260,15,36,0.443,1028.273,1.1126,2.146
1261,0,22,0.094,34.075,0.0132,9.468
1261,1,23,0.552,0.000,0.0126,3.199
1261,2,24,1.699,0.000,0.0122,3.446
1261,3,25,0.384,0.000,0.1609,3.416
1261,4,26,0.415,0.000,0.1603,3.417
1261,5,27,0.859,0.000,0.1609,3.417
1261,6,28,0.449,0.000,0.1609,3.417
1261,7,29,0.718,0.000,0.1611,3.417
1261,8,30,0.135,0.000,0.1616,3.416
1261,9,31,0.254,0.000,0.1606,3.416
1261,10,32,0.726,0.000,0.1614,3.416
1261,11,33,0.760,0.000,0.1597,3.416
1261,12,34,1.912,1000.000,0.1605,3.416
1261,13,35,1.812,0.000,0.1603,15.265
1261,14,36,1.470,1028.273,1.1126,2.146
1261,15,37,0.498,0.000,0.7203,122.614
1262,0,23,2.527,0.000,0.0126,3.199
1262,1,24,0.468,0.000,0.0122,3.446
1262,2,25,0.469,0.000,0.1609,3.416
1262,3,26,0.306,0.000,0.1603,3.417
1262,4,27,0.432,0.000,0.1609,3.417
1262,5,28,0.743,0.000,0.1609,3.417
1262,6,29,1.605,0.000,0.1611,3.417
1262,7,30,0.671,0.000,0.1616,3.416
1262,8,31,0.715,0.000,0.1606,3.416
1262,9,32,0.896,0.000,0.1614,3.416
1262,10,33,1.005,0.000,0.1597,3.416
1262,11,34,1.007,1000.000,0.1605,3.416
1262,12,35,1.386,0.000,0.1603,15.265
1262,13,36,0.602,1028.273,1.1126,2.146
1262,14,37,0.829,0.000,0.7203,122.614
1262,15,38,0.901,0.000,4.4719,50.505
1263,0,24,1.594,0.000,0.0122,3.446
1263,1,25,1.188,0.000,0.1609,3.416
1263,2,26,1.113,0.000,0.1603,3.417
1263,3,27,1.115,0.000,0.1609,3.417
1263,4,28,1.104,0.000,0.1609,3.417
1263,5,29,0.954,0.000,0.1611,3.417
1263,6,30,0.629,0.000,0.1616,3.416
1263,7,31,0.475,0.000,0.1606,3.416
1263,8,32,1.379,0.000,0.1614,3.416
1263,9,33,0.484,0.000,0.1597,3.416
1263,10,34,2.016,1000.000,0.1605,3.416
1263,11,35,3.297,0.000,0.1603,15.265
1263,12,36,0.649,1028.273,1.1126,2.146
1263,13,37,1.504,0.000,0.7203,122.614
1263,14,38,1.771,0.000,4.4719,50.505
1263,15,39,0.998,0.000,2.4718,23.150
1264,0,25,0.594,0.000,0.1609,3.416
1264,1,26,0.717,0.000,0.1603,3.417
1264,2,27,0.288,0.000,0.1609,3.417
1264,3,28,2.119,0.000,0.1609,3.417
1264,4,29,0.397,0.000,0.1611,3.417
1264,5,30,0.855,0.000,0.1616,3.416
1264,6,31,0.806,0.000,0.1606,3.416
1264,7,32,1.138,0.000,0.1614,3.416
1264,8,33,0.826,0.000,0.1597,3.416
1264,9,34,1.243,1000.000,0.1605,3.416
1264,10,35,1.778,0.000,0.1603,15.265
1264,11,36,0.662,1028.273,1.1126,2.146
1264,12,37,0.431,0.000,0.7203,122.614
1264,13,38,0.557,0.000,4.4719,50.505
1264,14,39,0.615,0.000,2.4718,23.150
1264,15,40,1.005,0.000,0.6338,15.335
1265,0,26,0.439,0.000,0.1603,3.417
1265,1,27,0.410,0.000,0.1609,3.417
1265,2,28,0.457,0.000,0.1609,3.417
1265,3,29,0.314,0.000,0.1611,3.417
1265,4,30,0.116,0.000,0.1616,3.416
1265,5,31,0.653,0.000,0.1606,3.416
1265,6,32,0.829,0.000,0.1614,3.416
1265,7,33,0.257,0.000,0.1597,3.416
1265,8,34,1.017,1000.000,0.1605,3.416
1265,9,35,0.910,0.000,0.1603,15.265
1265,10,36,1.194,1028.273,1.1126,2.146
1265,11,37,0.453,0.000,0.7203,122.614
1265,12,38,0.468,0.000,4.4719,50.505
1265,13,39,0.552,0.000,2.4718,23.150
1265,14,40,0.655,0.000,0.6338,15.335
1265,15,41,0.363,0.000,0.7024,6.877
1266,0,27,0.316,0.000,0.1609,3.417
1266,1,28,0.246,0.000,0.1609,3.417
1266,2,29,0.257,0.000,0.1611,3.417
1266,3,30,0.592,0.000,0.1616,3.416
1266,4,31,0.506,0.000,0.1606,3.416
1266,5,32,0.366,0.000,0.1614,3.416
1266,6,33,0.862,0.000,0.1597,3.416
1266,7,34,0.683,1000.000,0.1605,3.416
1266,8,35,0.384,0.000,0.1603,15.265
1266,9,36,1.339,1028.273,1.1126,2.146
1266,10,37,0.549,0.000,0.7203,122.614
1266,11,38,0.176,0.000,4.4719,50.505
1266,12,39,0.378,0.000,2.4718,23.150
1266,13,40,0.556,0.000,0.6338,15.335
1266,14,41,0.345,0.000,0.7024,6.877
1266,15,42,0.825,0.000,0.7926,1.331
1267,0,28,1.101,0.000,0.1609,3.417
1267,1,29,1.028,0.000,0.1611,3.417
1267,2,30,1.099,0.000,0.1616,3.416
1267,3,31,0.563,0.000,0.1606,3.416
1267,4,32,0.669,0.000,0.1614,3.416
1267,5,33,0.984,0.000,0.1597,3.416
1267,6,34,1.443,1000.000,0.1605,3.416
1267,7,35,12.433,0.000,0.1603,15.265
1267,8,36,3.003,1028.273,1.1126,2.146
1267,9,37,9.880,0.000,0.7203,122.614
1267,10,38,2.245,0.000,4.4719,50.505
1267,11,39,0.925,0.000,2.4718,23.150
1267,12,40,0.307,0.000,0.6338,15.335
1267,13,41,0.606,0.000,0.7024,6.877
1267,14,42,5.453,0.000,0.7926,1.331
1267,15,43,0.733,0.000,0.1156,1.328
1268,0,29,0.277,0.000,0.1611,3.417
1268,1,30,0.606,0.000,0.1616,3.416
1268,2,31,0.658,0.000,0.1606,3.416
1268,3,32,0.907,0.000,0.1614,3.416
1268,4,33,0.633,0.000,0.1597,3.416
1268,5,34,0.741,1000.000,0.1605,3.416
1268,6,35,0.529,0.000,0.1603,15.265
1268,7,36,1.226,1028.273,1.1126,2.146
1268,8,37,0.692,0.000,0.7203,122.614
1268,9,38,1.156,0.000,4.4719,50.505
1268,10,39,0.564,0.000,2.4718,23.150
1268,11,40,0.303,0.000,0.6338,15.335
1268,12,41,0.300,0.000,0.7024,6.877
1268,13,42,0.673,0.000,0.7926,1.331
1268,14,43,0.444,0.000,0.1156,1.328
1268,15,44,0.957,0.000,0.1138,1.328
1269,0,30,1.308,0.000,0.1616,3.416
1269,1,31,1.744,0.000,0.1606,3.416
1269,2,32,3.678,0.000,0.1614,3.416
1269,3,33,1.523,0.000,0.1597,3.416
1269,4,34,3.696,1000.000,0.1605,3.416
1269,5,35,13.256,0.000,0.1603,15.265
1269,6,36,3.350,1028.273,1.1126,2.146
1269,7,37,9.562,0.000,0.7203,122.614
1269,8,38,2.786,0.000,4.4719,50.505
1269,9,39,0.618,0.000,2.4718,23.150
1269,10,40,1.241,0.000,0.6338,15.335
1269,11,41,1.082,0.000,0.7024,6.877
1269,12,42,0.687,0.000,0.7926,1.331
1269,13,43,1.100,0.000,0.1156,1.328
1269,14,44,3.386,0.000,0.1138,1.328
1269,15,45,4.751,0.000,0.1137,1.328
1270,0,31,0.369,0.000,0.1606,3.416
1270,1,32,0.438,0.000,0.1614,3.416
1270,2,33,0.598,0.000,0.1597,3.416
1270,3,34,0.863,1000.000,0.1605,3.416
1270,4,35,98.521,0.000,0.1603,15.265
1270,5,36,0.835,1028.273,1.1126,2.146
1270,6,37,95.368,0.000,0.7203,122.614
1270,7,38,0.838,0.000,4.4719,50.505
1270,8,39,0.636,0.000,2.4718,23.150
1270,9,40,0.466,0.000,0.6338,15.335
1270,10,41,0.351,0.000,0.7024,6.877
1270,11,42,0.380,0.000,0.7926,1.331
1270,12,43,0.608,0.000,0.1156,1.328
1270,13,44,1.003,0.000,0.1138,1.328
1270,14,45,0.278,0.000,0.1137,1.328
1270,15,46,0.577,0.000,0.1141,1.328
1271,0,32,0.409,0.000,0.1614,3.416
1271,1,33,1.262,0.000,0.1597,3.416
1271,2,34,0.853,1000.000,0.1605,3.416
1271,3,35,1.973,0.000,0.1603,15.265
1271,4,36,1.490,1028.273,1.1126,2.146
1271,5,37,4.515,0.000,0.7203,122.614
1271,6,38,3.511,0.000,4.4719,50.505
1271,7,39,1.481,0.000,2.4718,23.150
1271,8,40,1.152,0.000,0.6338,15.335
1271,9,41,1.005,0.000,0.7024,6.877
1271,10,42,0.512,0.000,0.7926,1.331
1271,11,43,1.260,0.000,0.1156,1.328
1271,12,44,0.295,0.000,0.1138,1.328
1271,13,45,0.683,0.000,0.1137,1.328
1271,14,46,3.303,0.000,0.1141,1.328
1271,15,47,0.537,0.000,0.1133,1.329
1272,0,33,1.627,0.000,0.1597,3.416
1272,1,34,1.879,1000.000,0.1605,3.416
1272,2,35,0.656,0.000,0.1603,15.265
1272,3,36,2.268,1028.273,1.1126,2.146
1272,4,37,0.467,0.000,0.7203,122.614
1272,5,38,0.832,0.000,4.4719,50.505
1272,6,39,1.182,0.000,2.4718,23.150
1272,7,40,0.837,0.000,0.6338,15.335
1272,8,41,0.349,0.000,0.7024,6.877
1272,9,42,0.658,0.000,0.7926,1.331
1272,10,43,0.575,0.000,0.1156,1.328
1272,11,44,0.663,0.000,0.1138,1.328
1272,12,45,0.429,0.000,0.1137,1.328
1272,13,46,0.573,0.000,0.1141,1.328
1272,14,47,0.525,0.000,0.1133,1.329
1272,15,48,0.659,0.000,0.1125,1.327
1273,0,34,0.862,1000.000,0.1605,3.416
1273,1,35,99.860,0.000,0.1603,15.265
1273,2,36,0.593,1028.273,1.1126,2.146
1273,3,37,103.586,0.000,0.7203,122.614
1273,4,38,0.636,0.000,4.4719,50.505
1273,5,39,0.353,0.000,2.4718,23.150
1273,6,40,0.632,0.000,0.6338,15.335
1273,7,41,0.563,0.000,0.7024,6.877
1273,8,42,0.270,0.000,0.7926,1.331
1273,9,43,0.230,0.000,0.1156,1.328
1273,10,44,0.404,0.000,0.1138,1.328
1273,11,45,0.263,0.000,0.1137,1.328
1273,12,46,0.271,0.000,0.1141,1.328
1273,13,47,0.673,0.000,0.1133,1.329
1273,14,48,0.347,0.000,0.1125,1.327
1273,15,49,0.608,0.000,0.1128,1.328
1274,0,35,1.693,0.000,0.1603,15.265
1274,1,36,5.120,1028.273,1.1126,2.146
1274,2,37,1.972,0.000,0.7203,122.614
1274,3,38,0.781,0.000,4.4719,50.505
1274,4,39,1.362,0.000,2.4718,23.150
1274,5,40,0.655,0.000,0.6338,15.335
1274,6,41,1.103,0.000,0.7024,6.877
1274,7,42,1.211,0.000,0.7926,1.331
1274,8,43,0.944,0.000,0.1156,1.328
1274,9,44,1.312,0.000,0.1138,1.328
1274,10,45,1.108,0.000,0.1137,1.328
1274,11,46,1.020,0.000,0.1141,1.328
1274,12,47,1.217,0.000,0.1133,1.329
1274,13,48,0.942,0.000,0.1125,1.327
1274,14,49,1.010,0.000,0.1128,1.328
1274,15,50,1.533,0.000,0.1121,1.328
1275,0,36,1.587,1028.273,1.1126,2.146
1275,1,37,1.749,0.000,0.7203,122.614
1275,2,38,1.066,0.000,4.4719,50.505
1275,3,39,0.548,0.000,2.4718,23.150
1275,4,40,0.489,0.000,0.6338,15.335
1275,5,41,0.408,0.000,0.7024,6.877
1275,6,42,0.478,0.000,0.7926,1.331
1275,7,43,0.628,0.000,0.1156,1.328
1275,8,44,0.591,0.000,0.1138,1.328
1275,9,45,0.634,0.000,0.1137,1.328
1275,10,46,0.627,0.000,0.1141,1.328
1275,11,47,0.721,0.000,0.1133,1.329
1275,12,48,0.451,0.000,0.1125,1.327
1275,13,49,0.552,0.000,0.1128,1.328
1275,14,50,0.628,0.000,0.1121,1.328
1275,15,51,1.100,0.000,0.1115,1.327
1276,0,37,3.754,0.000,0.7203,122.614
1276,1,38,1.715,0.000,4.4719,50.505
1276,2,39,0.507,0.000,2.4718,23.150
1276,3,40,0.770,0.000,0.6338,15.335
1276,4,41,0.629,0.000,0.7024,6.877
1276,5,42,0.503,0.000,0.7926,1.331
1276,6,43,1.065,0.000,0.1156,1.328
1276,7,44,0.105,0.000,0.1138,1.328
1276,8,45,0.598,0.000,0.1137,1.328
1276,9,46,0.784,0.000,0.1141,1.328
1276,10,47,0.243,0.000,0.1133,1.329
1276,11,48,0.655,0.000,0.1125,1.327
1276,12,49,0.156,0.000,0.1128,1.328
1276,13,50,2.908,0.000,0.1121,1.328
1276,14,51,3.209,0.000,0.1115,1.327
1276,15,52,13.527,258.820,0.1111,1.328
1277,0,38,2.384,0.000,4.4719,50.505
1277,1,39,2.403,0.000,2.4718,23.150
1277,2,40,2.867,0.000,0.6338,15.335
1277,3,41,0.950,0.000,0.7024,6.877
1277,4,42,1.308,0.000,0.7926,1.331
1277,5,43,1.752,0.000,0.1156,1.328
1277,6,44,2.122,0.000,0.1138,1.328
1277,7,45,2.123,0.000,0.1137,1.328
1277,8,46,1.555,0.000,0.1141,1.328
1277,9,47,1.602,0.000,0.1133,1.329
1277,10,48,2.419,0.000,0.1125,1.327
1277,11,49,1.248,0.000,0.1128,1.328
1277,12,50,4.128,0.000,0.1121,1.328
1277,13,51,5.049,0.000,0.1115,1.327
1277,14,52,13.393,258.820,0.1111,1.328
1277,15,53,8.045,0.000,0.1113,25.800
1278,0,39,2.504,0.000,2.4718,23.150
1278,1,40,0.893,0.000,0.6338,15.335
1278,2,41,0.826,0.000,0.7024,6.877
1278,3,42,0.512,0.000,0.7926,1.331
1278,4,43,1.071,0.000,0.1156,1.328
1278,5,44,0.869,0.000,0.1138,1.328
1278,6,45,0.758,0.000,0.1137,1.328
1278,7,46,0.612,0.000,0.1141,1.328
1278,8,47,1.122,0.000,0.1133,1.329
1278,9,48,1.705,0.000,0.1125,1.327
1278,10,49,0.897,0.000,0.1128,1.328
1278,11,50,1.956,0.000,0.1121,1.328
1278,12,51,0.339,0.000,0.1115,1.327
1278,13,52,1.570,258.820,0.1111,1.328
1278,14,53,2.253,0.000,0.1113,25.800
1278,15,54,6.989,241.181,0.1105,4.974
1279,0,40,0.441,0.000,0.6338,15.335
1279,1,41,0.728,0.000,0.7024,6.877
1279,2,42,0.341,0.000,0.7926,1.331
1279,3,43,0.335,0.000,0.1156,1.328
1279,4,44,0.181,0.000,0.1138,1.328
1279,5,45,0.538,0.000,0.1137,1.328
1279,6,46,0.456,0.000,0.1141,1.328
1279,7,47,0.926,0.000,0.1133,1.329
1279,8,48,0.827,0.000,0.1125,1.327
1279,9,49,0.206,0.000,0.1128,1.328
1279,10,50,1.164,0.000,0.1121,1.328
1279,11,51,0.615,0.000,0.1115,1.327
1279,12,52,9.491,258.820,0.1111,1.328
1279,13,53,1.718,0.000,0.1113,25.800
1279,14,54,7.900,241.181,0.1105,4.974
1279,15,55,1.738,0.000,0.1163,23.252
1280,0,41,1.381,0.000,0.7024,6.877
1280,1,42,2.003,0.000,0.7926,1.331
1280,2,43,0.777,0.000,0.1156,1.328
1280,3,44,0.893,0.000,0.1138,1.328
1280,4,45,1.635,0.000,0.1137,1.328
1280,5,46,0.908,0.000,0.1141,1.328
1280,6,47,0.307,0.000,0.1133,1.329
1280,7,48,0.468,0.000,0.1125,1.327
1280,8,49,1.855,0.000,0.1128,1.328
1280,9,50,0.982,0.000,0.1121,1.328
1280,10,51,0.878,0.000,0.1115,1.327
1280,11,52,2.127,258.820,0.1111,1.328
1280,12,53,1.361,0.000,0.1113,25.800
1280,13,54,1.423,241.181,0.1105,4.974
1280,14,55,2.458,0.000,0.1163,23.252
1280,15,56,1.935,207.107,0.1159,5.171
1281,0,42,0.986,0.000,0.7926,1.331
1281,1,43,0.598,0.000,0.1156,1.328
1281,2,44,0.558,0.000,0.1138,1.328
1281,3,45,0.593,0.000,0.1137,1.328
1281,4,46,0.447,0.000,0.1141,1.328
1281,5,47,0.625,0.000,0.1133,1.329
1281,6,48,0.397,0.000,0.1125,1.327
1281,7,49,0.315,0.000,0.1128,1.328
1281,8,50,0.882,0.000,0.1121,1.328
1281,9,51,0.620,0.000,0.1115,1.327
1281,10,52,0.221,258.820,0.1111,1.328
1281,11,53,0.937,0.000,0.1113,25.800
1281,12,54,0.627,241.181,0.1105,4.974
1281,13,55,0.745,0.000,0.1163,23.252
1281,14,56,1.225,207.107,0.1159,5.171
1281,15,57,0.658,0.000,0.1233,19.537
1282,0,43,1.133,0.000,0.1156,1.328
1282,1,44,0.097,0.000,0.1138,1.328
1282,2,45,1.384,0.000,0.1137,1.328
1282,3,46,0.712,0.000,0.1141,1.328
1282,4,47,0.536,0.000,0.1133,1.329
1282,5,48,0.599,0.000,0.1125,1.327
1282,6,49,0.889,0.000,0.1128,1.328
1282,7,50,0.742,0.000,0.1121,1.328
1282,8,51,0.854,0.000,0.1115,1.327
1282,9,52,0.979,258.820,0.1111,1.328
1282,10,53,1.379,0.000,0.1113,25.800
1282,11,54,1.222,241.181,0.1105,4.974
1282,12,55,1.265,0.000,0.1163,23.252
1282,13,56,1.057,207.107,0.1159,5.171
1282,14,57,0.971,0.000,0.1233,19.537
1282,15,58,1.476,158.918,0.1223,4.214
1283,0,44,0.414,0.000,0.1138,1.328
1283,1,45,0.320,0.000,0.1137,1.328
1283,2,46,1.000,0.000,0.1141,1.328
1283,3,47,0.165,0.000,0.1133,1.329
1283,4,48,0.333,0.000,0.1125,1.327
1283,5,49,0.570,0.000,0.1128,1.328
1283,6,50,0.262,0.000,0.1121,1.328
1283,7,51,1.162,0.000,0.1115,1.327
1283,8,52,0.661,258.820,0.1111,1.328
1283,9,53,2.169,0.000,0.1113,25.800
1283,10,54,1.831,241.181,0.1105,4.974
1283,11,55,2.605,0.000,0.1163,23.252
1283,12,56,2.043,207.107,0.1159,5.171
1283,13,57,2.691,0.000,0.1233,19.537
1283,14,58,2.671,158.918,0.1223,4.214
1283,15,59,0.378,99.901,0.1294,14.843
1284,0,45,3.551,0.000,0.1137,1.328
1284,1,46,4.533,0.000,0.1141,1.328
1284,2,47,0.702,0.000,0.1133,1.329
1284,3,48,1.395,0.000,0.1125,1.327
1284,4,49,0.638,0.000,0.1128,1.328
1284,5,50,0.408,0.000,0.1121,1.328
1284,6,51,1.624,0.000,0.1115,1.327
1284,7,52,15.729,258.820,0.1111,1.328
1284,8,53,0.973,0.000,0.1113,25.800
1284,9,54,14.959,241.181,0.1105,4.974
1284,10,55,1.048,0.000,0.1163,23.252
1284,11,56,12.940,207.107,0.1159,5.171
1284,12,57,1.101,0.000,0.1233,19.537
1284,13,58,10.689,158.918,0.1223,4.214
1284,14,59,5.919,99.901,0.1294,14.843
1284,15,60,1.244,34.074,0.1288,9.362
1285,0,46,0.685,0.000,0.1141,1.328
1285,1,47,0.453,0.000,0.1133,1.329
1285,2,48,0.791,0.000,0.1125,1.327
1285,3,49,0.834,0.000,0.1128,1.328
1285,4,50,0.509,0.000,0.1121,1.328
1285,5,51,0.869,0.000,0.1115,1.327
1285,6,52,3.296,258.820,0.1111,1.328
1285,7,53,2.981,0.000,0.1113,25.800
1285,8,54,3.799,241.181,0.1105,4.974
1285,9,55,3.552,0.000,0.1163,23.252
1285,10,56,4.230,207.107,0.1159,5.171
1285,11,57,3.958,0.000,0.1233,19.537
1285,12,58,2.357,158.918,0.1223,4.214
1285,13,59,2.631,99.901,0.1294,14.843
1285,14,60,1.647,34.074,0.1288,9.362
1285,15,61,0.722,0.000,0.1337,3.393
1286,0,47,0.807,0.000,0.1133,1.329
1286,1,48,0.905,0.000,0.1125,1.327
1286,2,49,0.675,0.000,0.1128,1.328
1286,3,50,1.601,0.000,0.1121,1.328
1286,4,51,0.829,0.000,0.1115,1.327
1286,5,52,3.199,258.820,0.1111,1.328
1286,6,53,1.157,0.000,0.1113,25.800
1286,7,54,2.209,241.181,0.1105,4.974
1286,8,55,1.870,0.000,0.1163,23.252
1286,9,56,3.103,207.107,0.1159,5.171
1286,10,57,0.225,0.000,0.1233,19.537
1286,11,58,1.314,158.918,0.1223,4.214
1286,12,59,1.001,99.901,0.1294,14.843
1286,13,60,1.637,34.074,0.1288,9.362
1286,14,61,0.227,0.000,0.1337,3.393
1286,15,62,0.920,0.000,0.1366,1.308
1287,0,48,0.684,0.000,0.1125,1.327
1287,1,49,1.499,0.000,0.1128,1.328
1287,2,50,1.481,0.000,0.1121,1.328
1287,3,51,4.657,0.000,0.1115,1.327
1287,4,52,8.923,258.820,0.1111,1.328
1287,5,53,6.124,0.000,0.1113,25.800
1287,6,54,8.232,241.181,0.1105,4.974
1287,7,55,5.382,0.000,0.1163,23.252
1287,8,56,9.365,207.107,0.1159,5.171
1287,9,57,4.116,0.000,0.1233,19.537
1287,10,58,8.418,158.918,0.1223,4.214
1287,11,59,6.562,99.901,0.1294,14.843
1287,12,60,2.884,34.074,0.1288,9.362
1287,13,61,0.309,0.000,0.1337,3.393
1287,14,62,0.879,0.000,0.1366,1.308
1287,15,63,0.501,0.000,0.2036,1.267
1288,0,49,0.829,0.000,0.1128,1.328
1288,1,50,0.240,0.000,0.1121,1.328
1288,2,51,2.305,0.000,0.1115,1.327
1288,3,52,19.481,258.820,0.1111,1.328
1288,4,53,5.503,0.000,0.1113,25.800
1288,5,54,18.156,241.181,0.1105,4.974
1288,6,55,5.238,0.000,0.1163,23.252
1288,7,56,16.822,207.107,0.1159,5.171
1288,8,57,2.604,0.000,0.1233,19.537
1288,9,58,12.329,158.918,0.1223,4.214
1288,10,59,5.848,99.901,0.1294,14.843
1288,11,60,2.324,34.074,0.1288,9.362
1288,12,61,0.734,0.000,0.1337,3.393
1288,13,62,0.427,0.000,0.1366,1.308
1288,14,63,0.191,0.000,0.2036,1.267
1288,15,64,0.316,0.000,0.2007,1.259
1289,0,50,0.853,0.000,0.1121,1.328
1289,1,51,2.265,0.000,0.1115,1.327
1289,2,52,13.197,258.820,0.1111,1.328
1289,3,53,4.235,0.000,0.1113,25.800
1289,4,54,12.575,241.181,0.1105,4.974
1289,5,55,5.379,0.000,0.1163,23.252
1289,6,56,10.814,207.107,0.1159,5.171
1289,7,57,3.452,0.000,0.1233,19.537
1289,8,58,8.524,158.918,0.1223,4.214
1289,9,59,2.482,99.901,0.1294,14.843
1289,10,60,2.876,34.074,0.1288,9.362
1289,11,61,0.597,0.000,0.1337,3.393
1289,12,62,1.549,0.000,0.1366,1.308
1289,13,63,0.823,0.000,0.2036,1.267
1289,14,64,1.860,0.000,0.2007,1.259
1289,15,65,0.403,0.000,0.2089,1.256
1290,0,51,1.268,0.000,0.1115,1.327
1290,1,52,1.303,258.820,0.1111,1.328
1290,2,53,2.727,0.000,0.1113,25.800
1290,3,54,2.434,241.181,0.1105,4.974
1290,4,55,2.896,0.000,0.1163,23.252
1290,5,56,3.493,207.107,0.1159,5.171
1290,6,57,1.296,0.000,0.1233,19.537
1290,7,58,4.295,158.918,0.1223,4.214
1290,8,59,1.533,99.901,0.1294,14.843
1290,9,60,1.706,34.074,0.1288,9.362
1290,10,61,0.619,0.000,0.1337,3.393
1290,11,62,0.965,0.000,0.1366,1.308
1290,12,63,0.772,0.000,0.2036,1.267
1290,13,64,0.787,0.000,0.2007,1.259
1290,14,65,0.438,0.000,0.2089,1.256
1290,15,66,1.379,0.000,0.2123,1.255
1291,0,52,14.465,258.820,0.1111,1.328
1291,1,53,7.567,0.000,0.1113,25.800
1291,2,54,14.409,241.181,0.1105,4.974
1291,3,55,7.084,0.000,0.1163,23.252
1291,4,56,12.445,207.107,0.1159,5.171
1291,5,57,6.687,0.000,0.1233,19.537
1291,6,58,7.772,158.918,0.1223,4.214
1291,7,59,4.605,99.901,0.1294,14.843
1291,8,60,1.227,34.074,0.1288,9.362
1291,9,61,0.482,0.000,0.1337,3.393
1291,10,62,0.604,0.000,0.1366,1.308
1291,11,63,0.322,0.000,0.2036,1.267
1291,12,64,0.630,0.000,0.2007,1.259
1291,13,65,0.763,0.000,0.2089,1.256
1291,14,66,1.023,0.000,0.2123,1.255
1291,15,67,0.438,0.000,0.2156,1.236
1292,0,53,5.289,0.000,0.1113,25.800
1292,1,54,10.347,241.181,0.1105,4.974
1292,2,55,6.083,0.000,0.1163,23.252
1292,3,56,9.181,207.107,0.1159,5.171
1292,4,57,5.204,0.000,0.1233,19.537
1292,5,58,6.805,158.918,0.1223,4.214
1292,6,59,1.056,99.901,0.1294,14.843
1292,7,60,1.001,34.074,0.1288,9.362
1292,8,61,1.234,0.000,0.1337,3.393
1292,9,62,0.313,0.000,0.1366,1.308
1292,10,63,0.226,0.000,0.2036,1.267
1292,11,64,1.129,0.000,0.2007,1.259
1292,12,65,0.812,0.000,0.2089,1.256
1292,13,66,1.026,0.000,0.2123,1.255
1292,14,67,0.532,0.000,0.2156,1.236
1292,15,68,0.294,0.000,0.2615,1.254
1293,0,54,5.663,241.181,0.1105,4.974
1293,1,55,9.723,0.000,0.1163,23.252
1293,2,56,4.602,207.107,0.1159,5.171
1293,3,57,7.730,0.000,0.1233,19.537
1293,4,58,3.501,158.918,0.1223,4.214
1293,5,59,4.516,99.901,0.1294,14.843
1293,6,60,2.933,34.074,0.1288,9.362
1293,7,61,0.654,0.000,0.1337,3.393
1293,8,62,0.976,0.000,0.1366,1.308
1293,9,63,0.480,0.000,0.2036,1.267
1293,10,64,0.701,0.000,0.2007,1.259
1293,11,65,0.608,0.000,0.2089,1.256
1293,12,66,0.431,0.000,0.2123,1.255
1293,13,67,0.458,0.000,0.2156,1.236
1293,14,68,0.301,0.000,0.2615,1.254
1293,15,69,0.972,0.000,0.2179,1.283
1294,0,55,1.696,0.000,0.1163,23.252
1294,1,56,2.204,207.107,0.1159,5.171
1294,2,57,1.171,0.000,0.1233,19.537
1294,3,58,2.513,158.918,0.1223,4.214
1294,4,59,2.367,99.901,0.1294,14.843
1294,5,60,1.480,34.074,0.1288,9.362
1294,6,61,0.758,0.000,0.1337,3.393
1294,7,62,0.312,0.000,0.1366,1.308
1294,8,63,0.375,0.000,0.2036,1.267
1294,9,64,0.394,0.000,0.2007,1.259
1294,10,65,0.578,0.000,0.2089,1.256
1294,11,66,0.396,0.000,0.2123,1.255
1294,12,67,0.321,0.000,0.2156,1.236
1294,13,68,0.125,0.000,0.2615,1.254
1294,14,69,0.472,0.000,0.2179,1.283
1294,15,70,0.841,0.000,0.1578,1.254
1295,0,56,1.445,207.107,0.1159,5.171
1295,1,57,0.833,0.000,0.1233,19.537
1295,2,58,1.753,158.918,0.1223,4.214
1295,3,59,1.300,99.901,0.1294,14.843
1295,4,60,0.771,34.074,0.1288,9.362
1295,5,61,0.432,0.000,0.1337,3.393
1295,6,62,0.249,0.000,0.1366,1.308
1295,7,63,0.212,0.000,0.2036,1.267
1295,8,64,0.748,0.000,0.2007,1.259
1295,9,65,0.160,0.000,0.2089,1.256
1295,10,66,0.297,0.000,0.2123,1.255
1295,11,67,0.266,0.000,0.2156,1.236
1295,12,68,0.569,0.000,0.2615,1.254
1295,13,69,0.385,0.000,0.2179,1.283
1295,14,70,0.236,0.000,0.1578,1.254
1295,15,71,0.468,0.000,0.2296,1.252
1296,0,57,1.415,0.000,0.1233,19.537
1296,1,58,15.520,158.918,0.1223,4.214
1296,2,59,9.079,99.901,0.1294,14.843
1296,3,60,3.560,34.074,0.1288,9.362
1296,4,61,0.386,0.000,0.1337,3.393
1296,5,62,0.569,0.000,0.1366,1.308
1296,6,63,0.244,0.000,0.2036,1.267
1296,7,64,0.437,0.000,0.2007,1.259
1296,8,65,1.057,0.000,0.2089,1.256
1296,9,66,0.198,0.000,0.2123,1.255
1296,10,67,1.356,0.000,0.2156,1.236
1296,11,68,0.294,0.000,0.2615,1.254
1296,12,69,0.299,0.000,0.2179,1.283
1296,13,70,0.557,0.000,0.1578,1.254
1296,14,71,0.459,0.000,0.2296,1.252
1296,15,72,0.423,0.000,0.2300,1.251
1297,0,58,1.777,158.918,0.1223,4.214
1297,1,59,4.812,99.901,0.1294,14.843
1297,2,60,1.914,34.074,0.1288,9.362
1297,3,61,0.408,0.000,0.1337,3.393
1297,4,62,0.903,0.000,0.1366,1.308
1297,5,63,0.552,0.000,0.2036,1.267
1297,6,64,0.527,0.000,0.2007,1.259
1297,7,65,0.112,0.000,0.2089,1.256
1297,8,66,0.401,0.000,0.2123,1.255
1297,9,67,0.270,0.000,0.2156,1.236
1297,10,68,0.125,0.000,0.2615,1.254
1297,11,69,0.504,0.000,0.2179,1.283
1297,12,70,0.123,0.000,0.1578,1.254
1297,13,71,0.729,0.000,0.2296,1.252
1297,14,72,0.381,0.000,0.2300,1.251
1297,15,73,0.664,0.000,0.2336,1.255
1298,0,59,9.243,99.901,0.1294,14.843
1298,1,60,4.212,34.074,0.1288,9.362
1298,2,61,0.581,0.000,0.1337,3.393
1298,3,62,0.835,0.000,0.1366,1.308
1298,4,63,1.432,0.000,0.2036,1.267
1298,5,64,0.774,0.000,0.2007,1.259
1298,6,65,1.629,0.000,0.2089,1.256
1298,7,66,0.745,0.000,0.2123,1.255
1298,8,67,0.894,0.000,0.2156,1.236
1298,9,68,0.706,0.000,0.2615,1.254
1298,10,69,0.343,0.000,0.2179,1.283
1298,11,70,0.534,0.000,0.1578,1.254
1298,12,71,0.524,0.000,0.2296,1.252
1298,13,72,0.771,0.000,0.2300,1.251
1298,14,73,0.292,0.000,0.2336,1.255
1298,15,74,2.987,0.000,0.2297,1.251
1299,0,60,1.777,34.074,0.1288,9.362
1299,1,61,0.372,0.000,0.1337,3.393
1299,2,62,0.481,0.000,0.1366,1.308
1299,3,63,0.515,0.000,0.2036,1.267
1299,4,64,0.421,0.000,0.2007,1.259
1299,5,65,0.351,0.000,0.2089,1.256
1299,6,66,0.350,0.000,0.2123,1.255
1299,7,67,0.573,0.000,0.2156,1.236
1299,8,68,0.262,0.000,0.2615,1.254
1299,9,69,0.290,0.000,0.2179,1.283
1299,10,70,0.385,0.000,0.1578,1.254
1299,11,71,0.549,0.000,0.2296,1.252
1299,12,72,0.539,0.000,0.2300,1.251
1299,13,73,0.729,0.000,0.2336,1.255
1299,14,74,0.433,0.000,0.2297,1.251
1299,15,75,0.273,0.000,0.2416,1.246
1300,0,61,0.550,0.000,0.1337,3.393
1300,1,62,0.350,0.000,0.1366,1.308
1300,2,63,0.822,0.000,0.2036,1.267
1300,3,64,0.256,0.000,0.2007,1.259
1300,4,65,0.852,0.000,0.2089,1.256
1300,5,66,0.709,0.000,0.2123,1.255
1300,6,67,0.625,0.000,0.2156,1.236
1300,7,68,0.706,0.000,0.2615,1.254
1300,8,69,0.411,0.000,0.2179,1.283
1300,9,70,0.523,0.000,0.1578,1.254
1300,10,71,0.729,0.000,0.2296,1.252
1300,11,72,0.559,0.000,0.2300,1.251
1300,12,73,0.634,0.000,0.2336,1.255
1300,13,74,0.489,0.000,0.2297,1.251
1300,14,75,2.410,0.000,0.2416,1.246
1300,15,76,0.794,0.000,0.2525,1.250
1301,0,62,0.808,0.000,0.1366,1.308
1301,1,63,1.961,0.000,0.2036,1.267
1301,2,64,0.300,0.000,0.2007,1.259
1301,3,65,0.706,0.000,0.2089,1.256
1301,4,66,0.725,0.000,0.2123,1.255
1301,5,67,0.497,0.000,0.2156,1.236
1301,6,68,0.797,0.000,0.2615,1.254
1301,7,69,0.515,0.000,0.2179,1.283
1301,8,70,0.748,0.000,0.1578,1.254
1301,9,71,0.894,0.000,0.2296,1.252
1301,10,72,0.420,0.000,0.2300,1.251
1301,11,73,0.708,0.000,0.2336,1.255
1301,12,74,0.297,0.000,0.2297,1.251
1301,13,75,1.308,0.000,0.2416,1.246
1301,14,76,0.280,0.000,0.2525,1.250
1302,0,63,0.548,0.000,0.2036,1.267
1302,1,64,0.441,0.000,0.2007,1.259
1302,2,65,0.437,0.000,0.2089,1.256
1302,3,66,0.407,0.000,0.2123,1.255
1302,4,67,0.489,0.000,0.2156,1.236
1302,5,68,0.515,0.000,0.2615,1.254
1302,6,69,0.295,0.000,0.2179,1.283
1302,7,70,0.479,0.000,0.1578,1.254
1302,8,71,1.092,0.000,0.2296,1.252
1302,9,72,0.321,0.000,0.2300,1.251
1302,10,73,0.712,0.000,0.2336,1.255
1302,11,74,0.572,0.000,0.2297,1.251
1302,12,75,0.771,0.000,0.2416,1.246
1302,13,76,1.048,0.000,0.2525,1.250
1303,0,64,2.538,0.000,0.2007,1.259
1303,1,65,2.599,0.000,0.2089,1.256
1303,2,66,2.321,0.000,0.2123,1.255
1303,3,67,1.446,0.000,0.2156,1.236
1303,4,68,1.792,0.000,0.2615,1.254
1303,5,69,1.795,0.000,0.2179,1.283
1303,6,70,1.348,0.000,0.1578,1.254
1303,7,71,1.804,0.000,0.2296,1.252
1303,8,72,2.435,0.000,0.2300,1.251
1303,9,73,1.289,0.000,0.2336,1.255
1303,10,74,0.808,0.000,0.2297,1.251
1303,11,75,0.211,0.000,0.2416,1.246
1303,12,76,1.451,0.000,0.2525,1.250
1304,0,65,0.217,0.000,0.2089,1.256
1304,1,66,0.711,0.000,0.2123,1.255
1304,2,67,0.722,0.000,0.2156,1.236
1304,3,68,0.615,0.000,0.2615,1.254
1304,4,69,1.810,0.000,0.2179,1.283
1304,5,70,0.990,0.000,0.1578,1.254
1304,6,71,1.058,0.000,0.2296,1.252
1304,7,72,1.636,0.000,0.2300,1.251
1304,8,73,0.802,0.000,0.2336,1.255
1304,9,74,0.450,0.000,0.2297,1.251
1304,10,75,1.257,0.000,0.2416,1.246
1304,11,76,1.072,0.000,0.2525,1.250
1305,0,66,0.685,0.000,0.2123,1.255
1305,1,67,0.913,0.000,0.2156,1.236
1305,2,68,1.122,0.000,0.2615,1.254
1305,3,69,0.540,0.000,0.2179,1.283
1305,4,70,0.991,0.000,0.1578,1.254
1305,5,71,1.222,0.000,0.2296,1.252
1305,6,72,1.555,0.000,0.2300,1.251
1305,7,73,1.039,0.000,0.2336,1.255
1305,8,74,2.023,0.000,0.2297,1.251
1305,9,75,2.365,0.000,0.2416,1.246
1305,10,76,2.280,0.000,0.2525,1.250
1306,0,67,1.330,0.000,0.2156,1.236
1306,1,68,0.876,0.000,0.2615,1.254
1306,2,69,0.781,0.000,0.2179,1.283
1306,3,70,1.320,0.000,0.1578,1.254
1306,4,71,1.363,0.000,0.2296,1.252
1306,5,72,0.736,0.000,0.2300,1.251
1306,6,73,0.784,0.000,0.2336,1.255
1306,7,74,0.556,0.000,0.2297,1.251
1306,8,75,1.079,0.000,0.2416,1.246
1306,9,76,0.894,0.000,0.2525,1.250
1307,0,68,2.177,0.000,0.2615,1.254
1307,1,69,3.493,0.000,0.2179,1.283
1307,2,70,2.120,0.000,0.1578,1.254
1307,3,71,0.985,0.000,0.2296,1.252
1307,4,72,1.882,0.000,0.2300,1.251
1307,5,73,1.187,0.000,0.2336,1.255
1307,6,74,2.082,0.000,0.2297,1.251
1307,7,75,1.655,0.000,0.2416,1.246
1307,8,76,2.161,0.000,0.2525,1.250
1308,0,69,1.308,0.000,0.2179,1.283
1308,1,70,0.712,0.000,0.1578,1.254
1308,2,71,0.743,0.000,0.2296,1.252
1308,3,72,2.746,0.000,0.2300,1.251
1308,4,73,0.894,0.000,0.2336,1.255
1308,5,74,0.939,0.000,0.2297,1.251
1308,6,75,0.977,0.000,0.2416,1.246
1308,7,76,1.713,0.000,0.2525,1.250
1309,0,70,1.102,0.000,0.1578,1.254
1309,1,71,2.206,0.000,0.2296,1.252
1309,2,72,1.038,0.000,0.2300,1.251
1309,3,73,1.256,0.000,0.2336,1.255
1309,4,74,0.768,0.000,0.2297,1.251
1309,5,75,0.701,0.000,0.2416,1.246
1309,6,76,2.018,0.000,0.2525,1.250
1310,0,71,2.461,0.000,0.2296,1.252
1310,1,72,0.822,0.000,0.2300,1.251
1310,2,73,1.142,0.000,0.2336,1.255
1310,3,74,1.154,0.000,0.2297,1.251
1310,4,75,2.940,0.000,0.2416,1.246
1310,5,76,2.758,0.000,0.2525,1.250
1311,0,72,2.732,0.000,0.2300,1.251
1311,1,73,2.020,0.000,0.2336,1.255
1311,2,74,1.711,0.000,0.2297,1.251
1311,3,75,1.584,0.000,0.2416,1.246
1311,4,76,2.324,0.000,0.2525,1.250
1312,0,73,2.117,0.000,0.2336,1.255
1312,1,74,3.072,0.000,0.2297,1.251
1312,2,75,1.655,0.000,0.2416,1.246
1312,3,76,3.220,0.000,0.2525,1.250
1313,0,74,2.527,0.000,0.2297,1.251
1313,1,75,1.368,0.000,0.2416,1.246
1313,2,76,2.525,0.000,0.2525,1.250
1314,0,75,2.405,0.000,0.2416,1.246
1314,1,76,1.893,0.000,0.2525,1.250
1315,0,76,1.977,0.000,0.2525,1.250
1317,0,0,6.477,406.693,4.9404,40.669
1317,1,1,7.909,1012.963,3.8098,101.296
1317,2,2,7.824,3.233,0.2071,0.323
1317,3,3,1.442,0.003,0.0304,0.000
1317,4,4,0.614,0.003,0.0304,0.000
1317,5,5,0.695,0.001,0.0304,0.000
1317,6,6,0.476,0.002,0.0304,0.000
1317,7,7,1.061,0.003,0.0304,0.000
1317,8,8,1.297,0.001,0.0304,0.000
1317,9,9,0.971,0.002,0.0304,0.000
1317,10,10,0.823,0.003,0.0304,0.000
1317,11,11,0.810,3426.069,0.0304,0.000
1317,12,12,1.900,0.000,0.0304,342.607
1317,13,13,1.514,0.000,0.0304,162.445
1317,14,14,1.179,0.000,5.7688,19.537
1317,15,15,1.190,258.819,2.9802,0.119
1318,0,1,4.816,1012.963,3.8098,101.296
1318,1,2,1.775,3.233,0.2071,0.323
1318,2,3,1.089,0.003,0.0304,0.000
1318,3,4,0.930,0.003,0.0304,0.000
1318,4,5,1.296,0.001,0.0304,0.000
1318,5,6,1.161,0.002,0.0304,0.000
1318,6,7,0.960,0.003,0.0304,0.000
1318,7,8,1.150,0.001,0.0304,0.000
1318,8,9,1.072,0.002,0.0304,0.000
1318,9,10,1.112,0.003,0.0304,0.000
1318,10,11,1.427,3426.069,0.0304,0.000
1318,11,12,0.600,0.000,0.0304,342.607
1318,12,13,1.820,0.000,0.0304,162.445
1318,13,14,1.053,0.000,5.7688,19.537
1318,14,15,0.491,258.819,2.9802,0.119
1318,15,16,0.656,0.000,0.0154,25.740
1319,0,2,0.487,3.233,0.2071,0.323
1319,1,3,0.726,0.003,0.0304,0.000
1319,2,4,1.248,0.003,0.0304,0.000
1319,3,5,1.786,0.001,0.0304,0.000
1319,4,6,1.117,0.002,0.0304,0.000
1319,5,7,0.926,0.003,0.0304,0.000
1319,6,8,1.358,0.001,0.0304,0.000
1319,7,9,1.435,0.002,0.0304,0.000
1319,8,10,0.895,0.003,0.0304,0.000
1319,9,11,1.179,3426.069,0.0304,0.000
1319,10,12,0.183,0.000,0.0304,342.607
1319,11,13,0.581,0.000,0.0304,162.445
1319,12,14,0.476,0.000,5.7688,19.537
1319,13,15,0.922,258.819,2.9802,0.119
1319,14,16,1.303,0.000,0.0154,25.740
1319,15,17,0.154,241.182,0.0153,2.778
1320,0,3,0.725,0.003,0.0304,0.000
1320,1,4,0.597,0.003,0.0304,0.000
1320,2,5,0.867,0.001,0.0304,0.000
1320,3,6,0.698,0.002,0.0304,0.000
1320,4,7,1.510,0.003,0.0304,0.000
1320,5,8,0.601,0.001,0.0304,0.000
1320,6,9,1.400,0.002,0.0304,0.000
1320,7,10,0.750,0.003,0.0304,0.000
1320,8,11,0.933,3426.069,0.0304,0.000
1320,9,12,0.535,0.000,0.0304,342.607
1320,10,13,0.533,0.000,0.0304,162.445
1320,11,14,0.293,0.000,5.7688,19.537
1320,12,15,0.208,258.819,2.9802,0.119
1320,13,16,0.060,0.000,0.0154,25.740
1320,14,17,0.447,241.182,0.0153,2.778
1320,15,18,0.946,0.000,0.0147,23.342
1321,0,4,0.440,0.003,0.0304,0.000
1321,1,5,0.302,0.001,0.0304,0.000
1321,2,6,0.739,0.002,0.0304,0.000
1321,3,7,1.693,0.003,0.0304,0.000
1321,4,8,0.717,0.001,0.0304,0.000
1321,5,9,1.006,0.002,0.0304,0.000
1321,6,10,1.278,0.003,0.0304,0.000
1321,7,11,0.872,3426.069,0.0304,0.000
1321,8,12,1.866,0.000,0.0304,342.607
1321,9,13,0.231,0.000,0.0304,162.445
1321,10,14,0.369,0.000,5.7688,19.537
1321,11,15,0.554,258.819,2.9802,0.119
1321,12,16,1.305,0.000,0.0154,25.740
1321,13,17,0.678,241.182,0.0153,2.778
1321,14,18,0.537,0.000,0.0147,23.342
1321,15,19,0.557,207.106,0.0147,3.564
1322,0,5,0.650,0.001,0.0304,0.000
1322,1,6,0.796,0.002,0.0304,0.000
1322,2,7,0.749,0.003,0.0304,0.000
1322,3,8,0.406,0.001,0.0304,0.000
1322,4,9,0.233,0.002,0.0304,0.000
1322,5,10,0.687,0.003,0.0304,0.000
1322,6,11,1.049,3426.069,0.0304,0.000
1322,7,12,0.630,0.000,0.0304,342.607
1322,8,13,0.518,0.000,0.0304,162.445
1322,9,14,0.817,0.000,5.7688,19.537
1322,10,15,0.188,258.819,2.9802,0.119
1322,11,16,0.337,0.000,0.0154,25.740
1322,12,17,0.624,241.182,0.0153,2.778
1322,13,18,0.718,0.000,0.0147,23.342
1322,14,19,0.450,207.106,0.0147,3.564
1322,15,20,0.480,158.919,0.0140,19.785
1323,0,6,1.003,0.002,0.0304,0.000
1323,1,7,0.461,0.003,0.0304,0.000
1323,2,8,1.756,0.001,0.0304,0.000
1323,3,9,2.618,0.002,0.0304,0.000
1323,4,10,0.322,0.003,0.0304,0.000
1323,5,11,2.109,3426.069,0.0304,0.000
1323,6,12,0.416,0.000,0.0304,342.607
1323,7,13,0.941,0.000,0.0304,162.445
1323,8,14,0.986,0.000,5.7688,19.537
1323,9,15,1.013,258.819,2.9802,0.119
1323,10,16,0.876,0.000,0.0154,25.740
1323,11,17,0.726,241.182,0.0153,2.778
1323,12,18,0.816,0.000,0.0147,23.342
1323,13,19,0.536,207.106,0.0147,3.564
1323,14,20,0.314,158.919,0.0140,19.785
1323,15,21,0.448,99.900,0.0140,15.083
1324,0,7,0.393,0.003,0.0304,0.000
1324,1,8,0.294,0.001,0.0304,0.000
1324,2,9,0.989,0.002,0.0304,0.000
1324,3,10,1.015,0.003,0.0304,0.000
1324,4,11,0.529,3426.069,0.0304,0.000
1324,5,12,0.813,0.000,0.0304,342.607
1324,6,13,0.873,0.000,0.0304,162.445
1324,7,14,0.548,0.000,5.7688,19.537
1324,8,15,0.790,258.819,2.9802,0.119
1324,9,16,0.562,0.000,0.0154,25.740
1324,10,17,0.118,241.182,0.0153,2.778
1324,11,18,0.158,0.000,0.0147,23.342
1324,12,19,0.752,207.106,0.0147,3.564
1324,13,20,0.569,158.919,0.0140,19.785
1324,14,21,2.007,99.900,0.0140,15.083
1324,15,22,0.436,34.075,0.0132,9.468
1325,0,8,0.430,0.001,0.0304,0.000
1325,1,9,0.994,0.002,0.0304,0.000
1325,2,10,0.923,0.003,0.0304,0.000
1325,3,11,0.526,3426.069,0.0304,0.000
1325,4,12,1.490,0.000,0.0304,342.607
1325,5,13,0.733,0.000,0.0304,162.445
1325,6,14,1.434,0.000,5.7688,19.537
1325,7,15,1.093,258.819,2.9802,0.119
1325,8,16,0.527,0.000,0.0154,25.740
1325,9,17,0.503,241.182,0.0153,2.778
1325,10,18,0.981,0.000,0.0147,23.342
1325,11,19,0.577,207.106,0.0147,3.564
1325,12,20,2.774,158.919,0.0140,19.785
1325,13,21,1.093,99.900,0.0140,15.083
1325,14,22,1.199,34.075,0.0132,9.468
1325,15,23,0.917,0.000,0.0126,3.199
1326,0,9,0.825,0.002,0.0304,0.000
1326,1,10,0.600,0.003,0.0304,0.000
1326,2,11,1.212,3426.069,0.0304,0.000
1326,3,12,0.529,0.000,0.0304,342.607
1326,4,13,0.647,0.000,0.0304,162.445
1326,5,14,0.542,0.000,5.7688,19.537
1326,6,15,0.490,258.819,2.9802,0.119
1326,7,16,0.210,0.000,0.0154,25.740
1326,8,17,0.291,241.182,0.0153,2.778
1326,9,18,0.710,0.000,0.0147,23.342
1326,10,19,0.895,207.106,0.0147,3.564
1326,11,20,0.389,158.919,0.0140,19.785
1326,12,21,0.635,99.900,0.0140,15.083
1326,13,22,0.476,34.075,0.0132,9.468
1326,14,23,0.459,0.000,0.0126,3.199
1326,15,24,0.283,0.000,0.0122,3.437
1327,0,10,2.627,0.003,0.0304,0.000
1327,1,11,342.361,3426.069,0.0304,0.000
1327,2,12,0.812,0.000,0.0304,342.607
1327,3,13,1.360,0.000,0.0304,162.445
1327,4,14,0.830,0.000,5.7688,19.537
1327,5,15,25.890,258.819,2.9802,0.119
1327,6,16,0.403,0.000,0.0154,25.740
1327,7,17,23.713,241.182,0.0153,2.778
1327,8,18,0.287,0.000,0.0147,23.342
1327,9,19,20.413,207.106,0.0147,3.564
1327,10,20,16.063,158.919,0.0140,19.785
1327,11,21,9.460,99.900,0.0140,15.083
1327,12,22,3.482,34.075,0.0132,9.468
1327,13,23,1.484,0.000,0.0126,3.199
1327,14,24,1.560,0.000,0.0122,3.437
1327,15,25,1.979,0.000,0.1567,3.406
1328,0,11,3.155,3426.069,0.0304,0.000
1328,1,12,338.434,0.000,0.0304,342.607
1328,2,13,0.996,0.000,0.0304,162.445
1328,3,14,1.128,0.000,5.7688,19.537
1328,4,15,0.961,258.819,2.9802,0.119
1328,5,16,25.505,0.000,0.0154,25.740
1328,6,17,1.032,241.182,0.0153,2.778
1328,7,18,24.459,0.000,0.0147,23.342
1328,8,19,0.294,207.106,0.0147,3.564
1328,9,20,21.018,158.919,0.0140,19.785
1328,10,21,15.894,99.900,0.0140,15.083
1328,11,22,9.883,34.075,0.0132,9.468
1328,12,23,3.356,0.000,0.0126,3.199
1328,13,24,0.206,0.000,0.0122,3.437
1328,14,25,0.822,0.000,0.1567,3.406
1328,15,26,2.483,0.000,0.1519,3.407
1329,0,12,1.741,0.000,0.0304,342.607
1329,1,13,1.454,0.000,0.0304,162.445
1329,2,14,0.507,0.000,5.7688,19.537
1329,3,15,0.786,258.819,2.9802,0.119
1329,4,16,0.179,0.000,0.0154,25.740
1329,5,17,0.950,241.182,0.0153,2.778
1329,6,18,0.836,0.000,0.0147,23.342
1329,7,19,1.231,207.106,0.0147,3.564
1329,8,20,0.829,158.919,0.0140,19.785
1329,9,21,0.650,99.900,0.0140,15.083
1329,10,22,1.399,34.075,0.0132,9.468
1329,11,23,0.576,0.000,0.0126,3.199
1329,12,24,1.139,0.000,0.0122,3.437
1329,13,25,0.434,0.000,0.1567,3.406
1329,14,26,0.755,0.000,0.1519,3.407
1329,15,27,3.254,0.000,0.1517,3.407
1330,0,13,0.089,0.000,0.0304,162.445
1330,1,14,0.466,0.000,5.7688,19.537
1330,2,15,0.303,258.819,2.9802,0.119
1330,3,16,26.004,0.000,0.0154,25.740
1330,4,17,0.281,241.182,0.0153,2.778
1330,5,18,23.756,0.000,0.0147,23.342
1330,6,19,0.612,207.106,0.0147,3.564
1330,7,20,20.153,158.919,0.0140,19.785
1330,8,21,15.502,99.900,0.0140,15.083
1330,9,22,9.671,34.075,0.0132,9.468
1330,10,23,3.829,0.000,0.0126,3.199
1330,11,24,0.203,0.000,0.0122,3.437
1330,12,25,0.499,0.000,0.1567,3.406
1330,13,26,0.456,0.000,0.1519,3.407
1330,14,27,0.609,0.000,0.1517,3.407
1330,15,28,1.015,0.000,0.1517,3.407
1331,0,14,0.682,0.000,5.7688,19.537
1331,1,15,0.373,258.819,2.9802,0.119
1331,2,16,0.170,0.000,0.0154,25.740
1331,3,17,0.730,241.182,0.0153,2.778
1331,4,18,1.258,0.000,0.0147,23.342
1331,5,19,1.542,207.106,0.0147,3.564
1331,6,20,0.634,158.919,0.0140,19.785
1331,7,21,0.724,99.900,0.0140,15.083
1331,8,22,0.629,34.075,0.0132,9.468
1331,9,23,0.988,0.000,0.0126,3.199
1331,10,24,0.253,0.000,0.0122,3.437
1331,11,25,1.025,0.000,0.1567,3.406
1331,12,26,1.278,0.000,0.1519,3.407
1331,13,27,1.231,0.000,0.1517,3.407
1331,14,28,1.366,0.000,0.1517,3.407
1331,15,29,0.948,0.000,0.1514,3.407
1332,0,15,0.357,258.819,2.9802,0.119
1332,1,16,0.495,0.000,0.0154,25.740
1332,2,17,0.794,241.182,0.0153,2.778
1332,3,18,0.194,0.000,0.0147,23.342
1332,4,19,1.129,207.106,0.0147,3.564
1332,5,20,0.479,158.919,0.0140,19.785
1332,6,21,0.817,99.900,0.0140,15.083
1332,7,22,0.352,34.075,0.0132,9.468
1332,8,23,0.202,0.000,0.0126,3.199
1332,9,24,0.591,0.000,0.0122,3.437
1332,10,25,0.592,0.000,0.1567,3.406
1332,11,26,0.778,0.000,0.1519,3.407
1332,12,27,0.363,0.000,0.1517,3.407
1332,13,28,0.714,0.000,0.1517,3.407
1332,14,29,0.363,0.000,0.1514,3.407
1332,15,30,0.835,0.000,0.1515,3.406
1333,0,16,0.470,0.000,0.0154,25.740
1333,1,17,0.386,241.182,0.0153,2.778
1333,2,18,0.391,0.000,0.0147,23.342
1333,3,19,0.570,207.106,0.0147,3.564
1333,4,20,0.490,158.919,0.0140,19.785
1333,5,21,0.671,99.900,0.0140,15.083
1333,6,22,0.342,34.075,0.0132,9.468
1333,7,23,0.210,0.000,0.0126,3.199
1333,8,24,1.145,0.000,0.0122,3.437
1333,9,25,0.410,0.000,0.1567,3.406
1333,10,26,0.628,0.000,0.1519,3.407
1333,11,27,0.937,0.000,0.1517,3.407
1333,12,28,0.831,0.000,0.1517,3.407
1333,13,29,1.151,0.000,0.1514,3.407
1333,14,30,0.502,0.000,0.1515,3.406
1333,15,31,0.683,0.000,0.1516,3.407
1334,0,17,0.512,241.182,0.0153,2.778
1334,1,18,0.181,0.000,0.0147,23.342
1334,2,19,0.270,207.106,0.0147,3.564
1334,3,20,0.189,158.919,0.0140,19.785
1334,4,21,0.128,99.900,0.0140,15.083
1334,5,22,0.474,34.075,0.0132,9.468
1334,6,23,0.432,0.000,0.0126,3.199
1334,7,24,0.326,0.000,0.0122,3.437
1334,8,25,0.288,0.000,0.1567,3.406
1334,9,26,0.555,0.000,0.1519,3.407
1334,10,27,0.426,0.000,0.1517,3.407
1334,11,28,0.570,0.000,0.1517,3.407
1334,12,29,0.331,0.000,0.1514,3.407
1334,13,30,0.502,0.000,0.1515,3.406
1334,14,31,0.354,0.000,0.1516,3.407
1334,15,32,0.600,0.000,0.1513,3.406
1335,0,18,0.827,0.000,0.0147,23.342
1335,1,19,0.905,207.106,0.0147,3.564
1335,2,20,0.543,158.919,0.0140,19.785
1335,3,21,0.703,99.900,0.0140,15.083
1335,4,22,0.435,34.075,0.0132,9.468
1335,5,23,0.544,0.000,0.0126,3.199
1335,6,24,0.689,0.000,0.0122,3.437
1335,7,25,0.545,0.000,0.1567,3.406
1335,8,26,0.970,0.000,0.1519,3.407
1335,9,27,0.359,0.000,0.1517,3.407
1335,10,28,0.713,0.000,0.1517,3.407
1335,11,29,0.306,0.000,0.1514,3.407
1335,12,30,0.203,0.000,0.1515,3.406
1335,13,31,0.743,0.000,0.1516,3.407
1335,14,32,0.321,0.000,0.1513,3.406
1335,15,33,1.080,0.000,0.1512,3.407
1336,0,19,0.519,207.106,0.0147,3.564
1336,1,20,0.569,158.919,0.0140,19.785
1336,2,21,0.388,99.900,0.0140,15.083
1336,3,22,0.566,34.075,0.0132,9.468
1336,4,23,0.221,0.000,0.0126,3.199
1336,5,24,0.418,0.000,0.0122,3.437
1336,6,25,0.598,0.000,0.1567,3.406
1336,7,26,0.357,0.000,0.1519,3.407
1336,8,27,0.459,0.000,0.1517,3.407
1336,9,28,0.221,0.000,0.1517,3.407
1336,10,29,0.484,0.000,0.1514,3.407
1336,11,30,0.578,0.000,0.1515,3.406
1336,12,31,0.447,0.000,0.1516,3.407
1336,13,32,0.198,0.000,0.1513,3.406
1336,14,33,0.396,0.000,0.1512,3.407
1336,15,34,1.040,1000.000,0.1512,3.405
1337,0,20,0.903,158.919,0.0140,19.785
1337,1,21,0.518,99.900,0.0140,15.083
1337,2,22,1.956,34.075,0.0132,9.468
1337,3,23,0.300,0.000,0.0126,3.199
1337,4,24,0.529,0.000,0.0122,3.437
1337,5,25,1.064,0.000,0.1567,3.406
1337,6,26,0.561,0.000,0.1519,3.407
1337,7,27,1.378,0.000,0.1517,3.407
1337,8,28,0.460,0.000,0.1517,3.407
1337,9,29,0.703,0.000,0.1514,3.407
1337,10,30,0.604,0.000,0.1515,3.406
1337,11,31,0.458,0.000,0.1516,3.407
1337,12,32,1.338,0.000,0.1513,3.406
1337,13,33,0.555,0.000,0.1512,3.407
1337,14,34,2.460,1000.000,0.1512,3.405
1337,15,35,0.652,0.000,0.1508,14.189
1338,0,21,1.894,99.900,0.0140,15.083
1338,1,22,0.783,34.075,0.0132,9.468
1338,2,23,0.847,0.000,0.0126,3.199
1338,3,24,1.346,0.000,0.0122,3.437
1338,4,25,1.306,0.000,0.1567,3.406
1338,5,26,0.587,0.000,0.1519,3.407
1338,6,27,0.630,0.000,0.1517,3.407
1338,7,28,0.934,0.000,0.1517,3.407
1338,8,29,0.350,0.000,0.1514,3.407
1338,9,30,0.714,0.000,0.1515,3.406
1338,10,31,1.295,0.000,0.1516,3.407
1338,11,32,0.498,0.000,0.1513,3.406
1338,12,33,0.945,0.000,0.1512,3.407
1338,13,34,1.379,1000.000,0.1512,3.405
1338,14,35,1.057,0.000,0.1508,14.189
1338,15,36,4.443,1028.258,1.1156,1.434
1339,0,22,3.516,34.075,0.0132,9.468
1339,1,23,0.526,0.000,0.0126,3.199
1339,2,24,0.492,0.000,0.0122,3.437
1339,3,25,0.500,0.000,0.1567,3.406
1339,4,26,0.639,0.000,0.1519,3.407
1339,5,27,0.468,0.000,0.1517,3.407
1339,6,28,0.738,0.000,0.1517,3.407
1339,7,29,0.146,0.000,0.1514,3.407
1339,8,30,0.373,0.000,0.1515,3.406
1339,9,31,0.396,0.000,0.1516,3.407
1339,10,32,0.622,0.000,0.1513,3.406
1339,11,33,0.840,0.000,0.1512,3.407
1339,12,34,0.905,1000.000,0.1512,3.405
1339,13,35,0.889,0.000,0.1508,14.189
1339,14,36,2.453,1028.258,1.1156,1.434
1339,15,37,0.703,0.000,0.2056,122.834
1340,0,23,1.098,0.000,0.0126,3.199
1340,1,24,2.603,0.000,0.0122,3.437
1340,2,25,0.711,0.000,0.1567,3.406
1340,3,26,0.469,0.000,0.1519,3.407
1340,4,27,0.360,0.000,0.1517,3.407
1340,5,28,0.904,0.000,0.1517,3.407
1340,6,29,0.466,0.000,0.1514,3.407
1340,7,30,0.261,0.000,0.1515,3.406
1340,8,31,0.451,0.000,0.1516,3.407
1340,9,32,0.876,0.000,0.1513,3.406
1340,10,33,0.480,0.000,0.1512,3.407
1340,11,34,0.521,1000.000,0.1512,3.405
1340,12,35,0.737,0.000,0.1508,14.189
1340,13,36,0.912,1028.258,1.1156,1.434
1340,14,37,1.003,0.000,0.2056,122.834
1340,15,38,0.531,0.000,4.4430,46.323
1341,0,24,0.336,0.000,0.0122,3.437
1341,1,25,0.969,0.000,0.1567,3.406
1341,2,26,1.043,0.000,0.1519,3.407
1341,3,27,0.758,0.000,0.1517,3.407
1341,4,28,2.146,0.000,0.1517,3.407
1341,5,29,0.554,0.000,0.1514,3.407
1341,6,30,0.312,0.000,0.1515,3.406
1341,7,31,0.929,0.000,0.1516,3.407
1341,8,32,0.292,0.000,0.1513,3.406
1341,9,33,0.587,0.000,0.1512,3.407
1341,10,34,0.980,1000.000,0.1512,3.405
1341,11,35,0.890,0.000,0.1508,14.189
1341,12,36,1.284,1028.258,1.1156,1.434
1341,13,37,2.202,0.000,0.2056,122.834
1341,14,38,0.843,0.000,4.4430,46.323
1341,15,39,0.732,0.000,2.5923,13.204
1342,0,25,1.444,0.000,0.1567,3.406
1342,1,26,0.785,0.000,0.1519,3.407
1342,2,27,0.734,0.000,0.1517,3.407
1342,3,28,1.534,0.000,0.1517,3.407
1342,4,29,1.169,0.000,0.1514,3.407
1342,5,30,1.184,0.000,0.1515,3.406
1342,6,31,1.319,0.000,0.1516,3.407
1342,7,32,1.408,0.000,0.1513,3.406
1342,8,33,2.038,0.000,0.1512,3.407
1342,9,34,0.611,1000.000,0.1512,3.405
1342,10,35,0.631,0.000,0.1508,14.189
1342,11,36,1.178,1028.258,1.1156,1.434
1342,12,37,1.045,0.000,0.2056,122.834
1342,13,38,1.344,0.000,4.4430,46.323
1342,14,39,0.350,0.000,2.5923,13.204
1342,15,40,2.241,0.000,1.0516,1.312
1343,0,26,0.582,0.000,0.1519,3.407
1343,1,27,0.468,0.000,0.1517,3.407
1343,2,28,0.192,0.000,0.1517,3.407
1343,3,29,0.994,0.000,0.1514,3.407
1343,4,30,0.982,0.000,0.1515,3.406
1343,5,31,0.695,0.000,0.1516,3.407
1343,6,32,0.611,0.000,0.1513,3.406
1343,7,33,0.789,0.000,0.1512,3.407
1343,8,34,2.003,1000.000,0.1512,3.405
1343,9,35,0.903,0.000,0.1508,14.189
1343,10,36,2.524,1028.258,1.1156,1.434
1343,11,37,1.062,0.000,0.2056,122.834
1343,12,38,0.549,0.000,4.4430,46.323
1343,13,39,0.510,0.000,2.5923,13.204
1343,14,40,0.483,0.000,1.0516,1.312
1343,15,41,0.414,0.000,0.2119,1.095
1344,0,27,0.724,0.000,0.1517,3.407
1344,1,28,0.869,0.000,0.1517,3.407
1344,2,29,0.846,0.000,0.1514,3.407
1344,3,30,0.674,0.000,0.1515,3.406
1344,4,31,0.416,0.000,0.1516,3.407
1344,5,32,0.208,0.000,0.1513,3.406
1344,6,33,1.129,0.000,0.1512,3.407
1344,7,34,0.872,1000.000,0.1512,3.405
1344,8,35,0.573,0.000,0.1508,14.189
1344,9,36,0.737,1028.258,1.1156,1.434
1344,10,37,0.755,0.000,0.2056,122.834
1344,11,38,0.307,0.000,4.4430,46.323
1344,12,39,0.422,0.000,2.5923,13.204
1344,13,40,0.725,0.000,1.0516,1.312
1344,14,41,0.726,0.000,0.2119,1.095
1344,15,42,0.729,0.000,0.0674,1.094
1345,0,28,0.312,0.000,0.1517,3.407
1345,1,29,0.244,0.000,0.1514,3.407
1345,2,30,0.276,0.000,0.1515,3.406
1345,3,31,0.301,0.000,0.1516,3.407
1345,4,32,0.532,0.000,0.1513,3.406
1345,5,33,0.395,0.000,0.1512,3.407
1345,6,34,1.154,1000.000,0.1512,3.405
1345,7,35,0.723,0.000,0.1508,14.189
1345,8,36,0.925,1028.258,1.1156,1.434
1345,9,37,0.665,0.000,0.2056,122.834
1345,10,38,0.657,0.000,4.4430,46.323
1345,11,39,0.653,0.000,2.5923,13.204
1345,12,40,0.628,0.000,1.0516,1.312
1345,13,41,0.485,0.000,0.2119,1.095
1345,14,42,0.634,0.000,0.0674,1.094
1345,15,43,1.182,0.000,0.0675,1.094
1346,0,29,0.763,0.000,0.1514,3.407
1346,1,30,0.452,0.000,0.1515,3.406
1346,2,31,0.855,0.000,0.1516,3.407
1346,3,32,0.981,0.000,0.1513,3.406
1346,4,33,0.547,0.000,0.1512,3.407
1346,5,34,1.967,1000.000,0.1512,3.405
1346,6,35,0.393,0.000,0.1508,14.189
1346,7,36,1.167,1028.258,1.1156,1.434
1346,8,37,0.882,0.000,0.2056,122.834
1346,9,38,1.006,0.000,4.4430,46.323
1346,10,39,0.585,0.000,2.5923,13.204
1346,11,40,0.916,0.000,1.0516,1.312
1346,12,41,0.599,0.000,0.2119,1.095
1346,13,42,0.309,0.000,0.0674,1.094
1346,14,43,0.527,0.000,0.0675,1.094
1346,15,44,0.838,0.000,0.0665,1.094
1347,0,30,1.607,0.000,0.1515,3.406
1347,1,31,0.991,0.000,0.1516,3.407
1347,2,32,1.495,0.000,0.1513,3.406
1347,3,33,1.831,0.000,0.1512,3.407
1347,4,34,1.649,1000.000,0.1512,3.405
1347,5,35,99.473,0.000,0.1508,14.189
1347,6,36,1.439,1028.258,1.1156,1.434
1347,7,37,95.618,0.000,0.2056,122.834
1347,8,38,0.754,0.000,4.4430,46.323
1347,9,39,0.598,0.000,2.5923,13.204
1347,10,40,0.318,0.000,1.0516,1.312
1347,11,41,0.431,0.000,0.2119,1.095
1347,12,42,0.394,0.000,0.0674,1.094
1347,13,43,0.252,0.000,0.0675,1.094
1347,14,44,0.587,0.000,0.0665,1.094
1347,15,45,0.512,0.000,0.0667,1.094
1348,0,31,1.406,0.000,0.1516,3.407
1348,1,32,1.449,0.000,0.1513,3.406
1348,2,33,1.237,0.000,0.1512,3.407
1348,3,34,1.401,1000.000,0.1512,3.405
1348,4,35,36.486,0.000,0.1508,14.189
1348,5,36,2.669,1028.258,1.1156,1.434
1348,6,37,36.021,0.000,0.2056,122.834
1348,7,38,1.880,0.000,4.4430,46.323
1348,8,39,0.813,0.000,2.5923,13.204
1348,9,40,0.496,0.000,1.0516,1.312
1348,10,41,0.495,0.000,0.2119,1.095
1348,11,42,1.506,0.000,0.0674,1.094
1348,12,43,0.647,0.000,0.0675,1.094
1348,13,44,1.363,0.000,0.0665,1.094
1348,14,45,0.901,0.000,0.0667,1.094
1348,15,46,0.973,0.000,0.0665,1.094
1349,0,32,0.114,0.000,0.1513,3.406
1349,1,33,0.488,0.000,0.1512,3.407
1349,2,34,1.027,1000.000,0.1512,3.405
1349,3,35,1.058,0.000,0.1508,14.189
1349,4,36,1.017,1028.258,1.1156,1.434
1349,5,37,0.663,0.000,0.2056,122.834
1349,6,38,0.382,0.000,4.4430,46.323
1349,7,39,0.557,0.000,2.5923,13.204
1349,8,40,0.459,0.000,1.0516,1.312
1349,9,41,0.393,0.000,0.2119,1.095
1349,10,42,0.319,0.000,0.0674,1.094
1349,11,43,0.482,0.000,0.0675,1.094
1349,12,44,0.709,0.000,0.0665,1.094
1349,13,45,1.076,0.000,0.0667,1.094
1349,14,46,0.898,0.000,0.0665,1.094
1349,15,47,1.067,0.000,0.0667,1.094
1350,0,33,2.453,0.000,0.1512,3.407
1350,1,34,1.278,1000.000,0.1512,3.405
1350,2,35,99.923,0.000,0.1508,14.189
1350,3,36,0.525,1028.258,1.1156,1.434
1350,4,37,97.356,0.000,0.2056,122.834
1350,5,38,0.735,0.000,4.4430,46.323
1350,6,39,0.998,0.000,2.5923,13.204
1350,7,40,1.116,0.000,1.0516,1.312
1350,8,41,0.260,0.000,0.2119,1.095
1350,9,42,0.608,0.000,0.0674,1.094
1350,10,43,0.866,0.000,0.0675,1.094
1350,11,44,0.176,0.000,0.0665,1.094
1350,12,45,0.566,0.000,0.0667,1.094
1350,13,46,1.010,0.000,0.0665,1.094
1350,14,47,4.391,0.000,0.0667,1.094
1350,15,48,0.336,0.000,0.0671,1.094
1351,0,34,2.688,1000.000,0.1512,3.405
1351,1,35,96.814,0.000,0.1508,14.189
1351,2,36,1.374,1028.258,1.1156,1.434
1351,3,37,95.853,0.000,0.2056,122.834
1351,4,38,1.973,0.000,4.4430,46.323
1351,5,39,1.545,0.000,2.5923,13.204
1351,6,40,1.244,0.000,1.0516,1.312
1351,7,41,2.247,0.000,0.2119,1.095
1351,8,42,0.835,0.000,0.0674,1.094
1351,9,43,0.369,0.000,0.0675,1.094
1351,10,44,1.631,0.000,0.0665,1.094
1351,11,45,1.423,0.000,0.0667,1.094
1351,12,46,0.837,0.000,0.0665,1.094
1351,13,47,0.830,0.000,0.0667,1.094
1351,14,48,1.318,0.000,0.0671,1.094
1351,15,49,0.204,0.000,0.0662,1.093
1352,0,35,1.454,0.000,0.1508,14.189
1352,1,36,1.066,1028.258,1.1156,1.434
1352,2,37,0.960,0.000,0.2056,122.834
1352,3,38,0.650,0.000,4.4430,46.323
1352,4,39,0.400,0.000,2.5923,13.204
1352,5,40,0.603,0.000,1.0516,1.312
1352,6,41,0.772,0.000,0.2119,1.095
1352,7,42,0.290,0.000,0.0674,1.094
1352,8,43,0.500,0.000,0.0675,1.094
1352,9,44,0.940,0.000,0.0665,1.094
1352,10,45,0.831,0.000,0.0667,1.094
1352,11,46,0.924,0.000,0.0665,1.094
1352,12,47,0.665,0.000,0.0667,1.094
1352,13,48,0.223,0.000,0.0671,1.094
1352,14,49,0.403,0.000,0.0662,1.093
1352,15,50,0.368,258.820,0.0658,1.094
1353,0,36,1.710,1028.258,1.1156,1.434
1353,1,37,1.438,0.000,0.2056,122.834
1353,2,38,0.793,0.000,4.4430,46.323
1353,3,39,0.592,0.000,2.5923,13.204
1353,4,40,0.344,0.000,1.0516,1.312
1353,5,41,0.694,0.000,0.2119,1.095
1353,6,42,0.177,0.000,0.0674,1.094
1353,7,43,0.422,0.000,0.0675,1.094
1353,8,44,0.362,0.000,0.0665,1.094
1353,9,45,0.759,0.000,0.0667,1.094
1353,10,46,0.762,0.000,0.0665,1.094
1353,11,47,0.544,0.000,0.0667,1.094
1353,12,48,0.722,0.000,0.0671,1.094
1353,13,49,0.787,0.000,0.0662,1.093
1353,14,50,4.808,258.820,0.0658,1.094
1353,15,51,17.814,0.000,0.0661,25.769
1354,0,37,0.466,0.000,0.2056,122.834
1354,1,38,0.553,0.000,4.4430,46.323
1354,2,39,1.028,0.000,2.5923,13.204
1354,3,40,0.386,0.000,1.0516,1.312
1354,4,41,0.230,0.000,0.2119,1.095
1354,5,42,0.828,0.000,0.0674,1.094
1354,6,43,0.098,0.000,0.0675,1.094
1354,7,44,0.205,0.000,0.0665,1.094
1354,8,45,0.226,0.000,0.0667,1.094
1354,9,46,0.421,0.000,0.0665,1.094
1354,10,47,0.554,0.000,0.0667,1.094
1354,11,48,0.847,0.000,0.0671,1.094
1354,12,49,1.148,0.000,0.0662,1.093
1354,13,50,0.496,258.820,0.0658,1.094
1354,14,51,21.650,0.000,0.0661,25.769
1354,15,52,3.220,241.181,0.0658,4.498
1355,0,38,0.994,0.000,4.4430,46.323
1355,1,39,1.666,0.000,2.5923,13.204
1355,2,40,0.885,0.000,1.0516,1.312
1355,3,41,0.645,0.000,0.2119,1.095
1355,4,42,0.282,0.000,0.0674,1.094
1355,5,43,1.109,0.000,0.0675,1.094
1355,6,44,0.570,0.000,0.0665,1.094
1355,7,45,0.389,0.000,0.0667,1.094
1355,8,46,0.886,0.000,0.0665,1.094
1355,9,47,0.818,0.000,0.0667,1.094
1355,10,48,0.981,0.000,0.0671,1.094
1355,11,49,0.756,0.000,0.0662,1.093
1355,12,50,1.321,258.820,0.0658,1.094
1355,13,51,24.392,0.000,0.0661,25.769
1355,14,52,2.451,241.181,0.0658,4.498
1355,15,53,22.359,0.000,0.0694,23.165
1356,0,39,2.142,0.000,2.5923,13.204
1356,1,40,0.610,0.000,1.0516,1.312
1356,2,41,0.758,0.000,0.2119,1.095
1356,3,42,0.684,0.000,0.0674,1.094
1356,4,43,0.593,0.000,0.0675,1.094
1356,5,44,0.463,0.000,0.0665,1.094
1356,6,45,0.345,0.000,0.0667,1.094
1356,7,46,0.321,0.000,0.0665,1.094
1356,8,47,0.235,0.000,0.0667,1.094
1356,9,48,1.092,0.000,0.0671,1.094
1356,10,49,1.352,0.000,0.0662,1.093
1356,11,50,1.685,258.820,0.0658,1.094
1356,12,51,24.541,0.000,0.0661,25.769
1356,13,52,2.446,241.181,0.0658,4.498
1356,14,53,20.657,0.000,0.0694,23.165
1356,15,54,2.609,207.107,0.0691,4.846
1357,0,40,2.360,0.000,1.0516,1.312
1357,1,41,0.383,0.000,0.2119,1.095
1357,2,42,1.163,0.000,0.0674,1.094
1357,3,43,0.489,0.000,0.0675,1.094
1357,4,44,0.247,0.000,0.0665,1.094
1357,5,45,0.529,0.000,0.0667,1.094
1357,6,46,0.120,0.000,0.0665,1.094
1357,7,47,0.578,0.000,0.0667,1.094
1357,8,48,0.724,0.000,0.0671,1.094
1357,9,49,0.380,0.000,0.0662,1.093
1357,10,50,1.509,258.820,0.0658,1.094
1357,11,51,1.302,0.000,0.0661,25.769
1357,12,52,1.763,241.181,0.0658,4.498
1357,13,53,1.544,0.000,0.0694,23.165
1357,14,54,2.362,207.107,0.0691,4.846
1357,15,55,0.705,0.000,0.0745,19.466
1358,0,41,1.328,0.000,0.2119,1.095
1358,1,42,2.075,0.000,0.0674,1.094
1358,2,43,0.711,0.000,0.0675,1.094
1358,3,44,0.271,0.000,0.0665,1.094
1358,4,45,0.556,0.000,0.0667,1.094
1358,5,46,0.655,0.000,0.0665,1.094
1358,6,47,0.577,0.000,0.0667,1.094
1358,7,48,0.839,0.000,0.0671,1.094
1358,8,49,0.772,0.000,0.0662,1.093
1358,9,50,1.769,258.820,0.0658,1.094
1358,10,51,1.896,0.000,0.0661,25.769
1358,11,52,2.271,241.181,0.0658,4.498
1358,12,53,1.695,0.000,0.0694,23.165
1358,13,54,3.499,207.107,0.0691,4.846
1358,14,55,1.306,0.000,0.0745,19.466
1358,15,56,1.478,158.918,0.0732,3.963
1359,0,42,1.971,0.000,0.0674,1.094
1359,1,43,0.815,0.000,0.0675,1.094
1359,2,44,1.119,0.000,0.0665,1.094
1359,3,45,0.822,0.000,0.0667,1.094
1359,4,46,0.733,0.000,0.0665,1.094
1359,5,47,0.616,0.000,0.0667,1.094
1359,6,48,1.345,0.000,0.0671,1.094
1359,7,49,0.346,0.000,0.0662,1.093
1359,8,50,0.670,258.820,0.0658,1.094
1359,9,51,0.415,0.000,0.0661,25.769
1359,10,52,0.834,241.181,0.0658,4.498
1359,11,53,0.925,0.000,0.0694,23.165
1359,12,54,1.221,207.107,0.0691,4.846
1359,13,55,1.438,0.000,0.0745,19.466
1359,14,56,7.116,158.918,0.0732,3.963
1359,15,57,1.909,99.901,0.0786,14.788
1360,0,43,0.795,0.000,0.0675,1.094
1360,1,44,0.415,0.000,0.0665,1.094
1360,2,45,0.344,0.000,0.0667,1.094
1360,3,46,0.441,0.000,0.0665,1.094
1360,4,47,0.737,0.000,0.0667,1.094
1360,5,48,0.901,0.000,0.0671,1.094
1360,6,49,1.272,0.000,0.0662,1.093
1360,7,50,0.976,258.820,0.0658,1.094
1360,8,51,0.692,0.000,0.0661,25.769
1360,9,52,0.692,241.181,0.0658,4.498
1360,10,53,0.581,0.000,0.0694,23.165
1360,11,54,0.492,207.107,0.0691,4.846
1360,12,55,0.406,0.000,0.0745,19.466
1360,13,56,0.733,158.918,0.0732,3.963
1360,14,57,1.053,99.901,0.0786,14.788
1360,15,58,0.763,34.074,0.0779,9.312
1361,0,44,0.148,0.000,0.0665,1.094
1361,1,45,0.777,0.000,0.0667,1.094
1361,2,46,0.417,0.000,0.0665,1.094
1361,3,47,0.346,0.000,0.0667,1.094
1361,4,48,0.330,0.000,0.0671,1.094
1361,5,49,0.484,0.000,0.0662,1.093
1361,6,50,3.630,258.820,0.0658,1.094
1361,7,51,2.064,0.000,0.0661,25.769
1361,8,52,3.176,241.181,0.0658,4.498
1361,9,53,3.063,0.000,0.0694,23.165
1361,10,54,4.063,207.107,0.0691,4.846
1361,11,55,2.087,0.000,0.0745,19.466
1361,12,56,3.608,158.918,0.0732,3.963
1361,13,57,2.198,99.901,0.0786,14.788
1361,14,58,0.359,34.074,0.0779,9.312
1361,15,59,0.546,0.000,0.0812,3.639
1362,0,45,0.498,0.000,0.0667,1.094
1362,1,46,1.615,0.000,0.0665,1.094
1362,2,47,0.952,0.000,0.0667,1.094
1362,3,48,1.185,0.000,0.0671,1.094
1362,4,49,0.399,0.000,0.0662,1.093
1362,5,50,2.648,258.820,0.0658,1.094
1362,6,51,0.793,0.000,0.0661,25.769
1362,7,52,1.701,241.181,0.0658,4.498
1362,8,53,1.374,0.000,0.0694,23.165
1362,9,54,2.139,207.107,0.0691,4.846
1362,10,55,1.653,0.000,0.0745,19.466
1362,11,56,0.662,158.918,0.0732,3.963
1362,12,57,0.479,99.901,0.0786,14.788
1362,13,58,0.566,34.074,0.0779,9.312
1362,14,59,1.511,0.000,0.0812,3.639
1362,15,60,0.457,0.000,0.1366,1.917
1363,0,46,0.595,0.000,0.0665,1.094
1363,1,47,0.695,0.000,0.0667,1.094
1363,2,48,1.068,0.000,0.0671,1.094
1363,3,49,4.152,0.000,0.0662,1.093
1363,4,50,14.890,258.820,0.0658,1.094
1363,5,51,8.659,0.000,0.0661,25.769
1363,6,52,14.383,241.181,0.0658,4.498
1363,7,53,8.377,0.000,0.0694,23.165
1363,8,54,12.610,207.107,0.0691,4.846
1363,9,55,6.333,0.000,0.0745,19.466
1363,10,56,8.026,158.918,0.0732,3.963
1363,11,57,3.868,99.901,0.0786,14.788
1363,12,58,1.491,34.074,0.0779,9.312
1363,13,59,0.785,0.000,0.0812,3.639
1363,14,60,0.412,0.000,0.1366,1.917
1363,15,61,0.314,0.000,0.2911,1.920
1364,0,47,1.154,0.000,0.0667,1.094
1364,1,48,0.711,0.000,0.0671,1.094
1364,2,49,1.282,0.000,0.0662,1.093
1364,3,50,11.860,258.820,0.0658,1.094
1364,4,51,13.026,0.000,0.0661,25.769
1364,5,52,14.477,241.181,0.0658,4.498
1364,6,53,12.667,0.000,0.0694,23.165
1364,7,54,11.840,207.107,0.0691,4.846
1364,8,55,9.055,0.000,0.0745,19.466
1364,9,56,9.455,158.918,0.0732,3.963
1364,10,57,0.143,99.901,0.0786,14.788
1364,11,58,0.616,34.074,0.0779,9.312
1364,12,59,1.402,0.000,0.0812,3.639
1364,13,60,0.340,0.000,0.1366,1.917
1364,14,61,0.440,0.000,0.2911,1.920
1364,15,62,3.498,0.000,0.3055,1.921
1365,0,48,1.916,0.000,0.0671,1.094
1365,1,49,0.924,0.000,0.0662,1.093
1365,2,50,1.993,258.820,0.0658,1.094
1365,3,51,1.046,0.000,0.0661,25.769
1365,4,52,3.002,241.181,0.0658,4.498
1365,5,53,2.161,0.000,0.0694,23.165
1365,6,54,4.107,207.107,0.0691,4.846
1365,7,55,3.645,0.000,0.0745,19.466
1365,8,56,1.801,158.918,0.0732,3.963
1365,9,57,2.317,99.901,0.0786,14.788
1365,10,58,2.252,34.074,0.0779,9.312
1365,11,59,0.462,0.000,0.0812,3.639
1365,12,60,0.573,0.000,0.1366,1.917
1365,13,61,0.612,0.000,0.2911,1.920
1365,14,62,0.587,0.000,0.3055,1.921
1365,15,63,0.730,0.000,0.3170,1.921
1366,0,49,1.356,0.000,0.0662,1.093
1366,1,50,3.279,258.820,0.0658,1.094
1366,2,51,3.924,0.000,0.0661,25.769
1366,3,52,3.091,241.181,0.0658,4.498
1366,4,53,1.947,0.000,0.0694,23.165
1366,5,54,5.256,207.107,0.0691,4.846
1366,6,55,0.972,0.000,0.0745,19.466
1366,7,56,1.857,158.918,0.0732,3.963
1366,8,57,1.489,99.901,0.0786,14.788
1366,9,58,0.516,34.074,0.0779,9.312
1366,10,59,1.005,0.000,0.0812,3.639
1366,11,60,0.744,0.000,0.1366,1.917
1366,12,61,1.166,0.000,0.2911,1.920
1366,13,62,0.769,0.000,0.3055,1.921
1366,14,63,0.456,0.000,0.3170,1.921
1366,15,64,0.475,0.000,0.3180,1.922
1367,0,50,13.997,258.820,0.0658,1.094
1367,1,51,0.907,0.000,0.0661,25.769
1367,2,52,14.795,241.181,0.0658,4.498
1367,3,53,1.199,0.000,0.0694,23.165
1367,4,54,11.132,207.107,0.0691,4.846
1367,5,55,1.331,0.000,0.0745,19.466
1367,6,56,10.933,158.918,0.0732,3.963
1367,7,57,5.545,99.901,0.0786,14.788
1367,8,58,1.517,34.074,0.0779,9.312
1367,9,59,1.671,0.000,0.0812,3.639
1367,10,60,1.142,0.000,0.1366,1.917
1367,11,61,1.163,0.000,0.2911,1.920
1367,12,62,1.382,0.000,0.3055,1.921
1367,13,63,3.904,0.000,0.3170,1.921
1367,14,64,1.012,0.000,0.3180,1.922
1367,15,65,1.244,0.000,0.3196,1.920
1368,0,51,13.008,0.000,0.0661,25.769
1368,1,52,14.773,241.181,0.0658,4.498
1368,2,53,11.291,0.000,0.0694,23.165
1368,3,54,11.576,207.107,0.0691,4.846
1368,4,55,8.384,0.000,0.0745,19.466
1368,5,56,9.457,158.918,0.0732,3.963
1368,6,57,1.372,99.901,0.0786,14.788
1368,7,58,0.619,34.074,0.0779,9.312
1368,8,59,1.101,0.000,0.0812,3.639
1368,9,60,0.407,0.000,0.1366,1.917
1368,10,61,0.673,0.000,0.2911,1.920
1368,11,62,0.574,0.000,0.3055,1.921
1368,12,63,0.192,0.000,0.3170,1.921
1368,13,64,0.766,0.000,0.3180,1.922
1368,14,65,0.590,0.000,0.3196,1.920
1368,15,66,1.783,0.000,0.3285,1.918
1369,0,52,3.506,241.181,0.0658,4.498
1369,1,53,3.814,0.000,0.0694,23.165
1369,2,54,2.725,207.107,0.0691,4.846
1369,3,55,2.919,0.000,0.0745,19.466
1369,4,56,1.795,158.918,0.0732,3.963
1369,5,57,1.533,99.901,0.0786,14.788
1369,6,58,0.756,34.074,0.0779,9.312
1369,7,59,0.340,0.000,0.0812,3.639
1369,8,60,0.309,0.000,0.1366,1.917
1369,9,61,0.448,0.000,0.2911,1.920
1369,10,62,0.768,0.000,0.3055,1.921
1369,11,63,0.737,0.000,0.3170,1.921
1369,12,64,0.524,0.000,0.3180,1.922
1369,13,65,1.096,0.000,0.3196,1.920
1369,14,66,0.178,0.000,0.3285,1.918
1369,15,67,0.575,0.000,0.3306,1.917
1370,0,53,0.300,0.000,0.0694,23.165
1370,1,54,0.544,207.107,0.0691,4.846
1370,2,55,0.926,0.000,0.0745,19.466
1370,3,56,1.271,158.918,0.0732,3.963
1370,4,57,1.159,99.901,0.0786,14.788
1370,5,58,1.266,34.074,0.0779,9.312
1370,6,59,0.429,0.000,0.0812,3.639
1370,7,60,0.687,0.000,0.1366,1.917
1370,8,61,1.260,0.000,0.2911,1.920
1370,9,62,0.785,0.000,0.3055,1.921
1370,10,63,1.612,0.000,0.3170,1.921
1370,11,64,0.751,0.000,0.3180,1.922
1370,12,65,1.260,0.000,0.3196,1.920
1370,13,66,0.910,0.000,0.3285,1.918
1370,14,67,0.832,0.000,0.3306,1.917
1370,15,68,0.687,0.000,0.3346,1.916
1371,0,54,5.529,207.107,0.0691,4.846
1371,1,55,7.099,0.000,0.0745,19.466
1371,2,56,7.586,158.918,0.0732,3.963
1371,3,57,7.282,99.901,0.0786,14.788
1371,4,58,4.490,34.074,0.0779,9.312
1371,5,59,1.789,0.000,0.0812,3.639
1371,6,60,1.549,0.000,0.1366,1.917
1371,7,61,1.184,0.000,0.2911,1.920
1371,8,62,0.652,0.000,0.3055,1.921
1371,9,63,0.283,0.000,0.3170,1.921
1371,10,64,0.604,0.000,0.3180,1.922
1371,11,65,0.756,0.000,0.3196,1.920
1371,12,66,0.403,0.000,0.3285,1.918
1371,13,67,0.530,0.000,0.3306,1.917
1371,14,68,1.696,0.000,0.3346,1.916
1371,15,69,0.724,0.000,0.3396,1.915
1372,0,55,2.159,0.000,0.0745,19.466
1372,1,56,4.696,158.918,0.0732,3.963
1372,2,57,2.475,99.901,0.0786,14.788
1372,3,58,1.428,34.074,0.0779,9.312
1372,4,59,0.406,0.000,0.0812,3.639
1372,5,60,1.254,0.000,0.1366,1.917
1372,6,61,0.673,0.000,0.2911,1.920
1372,7,62,0.750,0.000,0.3055,1.921
1372,8,63,0.489,0.000,0.3170,1.921
1372,9,64,0.451,0.000,0.3180,1.922
1372,10,65,0.584,0.000,0.3196,1.920
1372,11,66,0.142,0.000,0.3285,1.918
1372,12,67,1.022,0.000,0.3306,1.917
1372,13,68,0.234,0.000,0.3346,1.916
1372,14,69,1.022,0.000,0.3396,1.915
1372,15,70,2.421,0.000,0.3418,1.915
1373,0,56,1.933,158.918,0.0732,3.963
1373,1,57,7.157,99.901,0.0786,14.788
1373,2,58,3.911,34.074,0.0779,9.312
1373,3,59,1.203,0.000,0.0812,3.639
1373,4,60,0.744,0.000,0.1366,1.917
1373,5,61,0.635,0.000,0.2911,1.920
1373,6,62,0.353,0.000,0.3055,1.921
1373,7,63,0.939,0.000,0.3170,1.921
1373,8,64,0.445,0.000,0.3180,1.922
1373,9,65,0.343,0.000,0.3196,1.920
1373,10,66,0.210,0.000,0.3285,1.918
1373,11,67,0.391,0.000,0.3306,1.917
1373,12,68,0.499,0.000,0.3346,1.916
1373,13,69,0.749,0.000,0.3396,1.915
1373,14,70,0.598,0.000,0.3418,1.915
1373,15,71,1.200,0.000,0.3447,1.917
1374,0,57,4.984,99.901,0.0786,14.788
1374,1,58,1.899,34.074,0.0779,9.312
1374,2,59,1.110,0.000,0.0812,3.639
1374,3,60,0.490,0.000,0.1366,1.917
1374,4,61,0.548,0.000,0.2911,1.920
1374,5,62,0.283,0.000,0.3055,1.921
1374,6,63,1.156,0.000,0.3170,1.921
1374,7,64,0.685,0.000,0.3180,1.922
1374,8,65,0.310,0.000,0.3196,1.920
1374,9,66,1.463,0.000,0.3285,1.918
1374,10,67,0.658,0.000,0.3306,1.917
1374,11,68,0.747,0.000,0.3346,1.916
1374,12,69,0.385,0.000,0.3396,1.915
1374,13,70,0.875,0.000,0.3418,1.915
1374,14,71,1.839,0.000,0.3447,1.917
1374,15,72,0.661,0.000,0.3399,1.917
1375,0,58,2.227,34.074,0.0779,9.312
1375,1,59,0.624,0.000,0.0812,3.639
1375,2,60,0.434,0.000,0.1366,1.917
1375,3,61,0.378,0.000,0.2911,1.920
1375,4,62,0.322,0.000,0.3055,1.921
1375,5,63,0.472,0.000,0.3170,1.921
1375,6,64,0.109,0.000,0.3180,1.922
1375,7,65,0.470,0.000,0.3196,1.920
1375,8,66,0.550,0.000,0.3285,1.918
1375,9,67,1.076,0.000,0.3306,1.917
1375,10,68,0.643,0.000,0.3346,1.916
1375,11,69,1.023,0.000,0.3396,1.915
1375,12,70,0.549,0.000,0.3418,1.915
1375,13,71,0.559,0.000,0.3447,1.917
1375,14,72,2.879,0.000,0.3399,1.917
1375,15,73,1.166,0.000,0.3472,1.911
1376,0,59,0.615,0.000,0.0812,3.639
1376,1,60,0.341,0.000,0.1366,1.917
1376,2,61,0.616,0.000,0.2911,1.920
1376,3,62,0.475,0.000,0.3055,1.921
1376,4,63,1.068,0.000,0.3170,1.921
1376,5,64,0.851,0.000,0.3180,1.922
1376,6,65,0.403,0.000,0.3196,1.920
1376,7,66,0.636,0.000,0.3285,1.918
1376,8,67,0.509,0.000,0.3306,1.917
1376,9,68,0.395,0.000,0.3346,1.916
1376,10,69,0.870,0.000,0.3396,1.915
1376,11,70,0.321,0.000,0.3418,1.915
1376,12,71,0.616,0.000,0.3447,1.917
1376,13,72,0.358,0.000,0.3399,1.917
1376,14,73,0.675,0.000,0.3472,1.911
1376,15,74,0.171,0.000,0.3566,1.911
1377,0,60,4.389,0.000,0.1366,1.917
1377,1,61,2.506,0.000,0.2911,1.920
1377,2,62,1.649,0.000,0.3055,1.921
1377,3,63,2.285,0.000,0.3170,1.921
1377,4,64,5.438,0.000,0.3180,1.922
1377,5,65,3.955,0.000,0.3196,1.920
1377,6,66,1.309,0.000,0.3285,1.918
1377,7,67,1.293,0.000,0.3306,1.917
1377,8,68,4.182,0.000,0.3346,1.916
1377,9,69,2.244,0.000,0.3396,1.915
1377,10,70,0.611,0.000,0.3418,1.915
1377,11,71,0.493,0.000,0.3447,1.917
1377,12,72,2.093,0.000,0.3399,1.917
1377,13,73,0.850,0.000,0.3472,1.911
1377,14,74,2.290,0.000,0.3566,1.911
1378,0,61,0.710,0.000,0.2911,1.920
1378,1,62,0.550,0.000,0.3055,1.921
1378,2,63,0.337,0.000,0.3170,1.921
1378,3,64,0.903,0.000,0.3180,1.922
1378,4,65,0.218,0.000,0.3196,1.920
1378,5,66,0.345,0.000,0.3285,1.918
1378,6,67,0.359,0.000,0.3306,1.917
1378,7,68,0.390,0.000,0.3346,1.916
1378,8,69,0.437,0.000,0.3396,1.915
1378,9,70,0.732,0.000,0.3418,1.915
1378,10,71,0.696,0.000,0.3447,1.917
1378,11,72,0.461,0.000,0.3399,1.917
1378,12,73,0.389,0.000,0.3472,1.911
1378,13,74,0.796,0.000,0.3566,1.911
1379,0,62,3.121,0.000,0.3055,1.921
1379,1,63,1.167,0.000,0.3170,1.921
1379,2,64,0.538,0.000,0.3180,1.922
1379,3,65,0.579,0.000,0.3196,1.920
1379,4,66,0.471,0.000,0.3285,1.918
1379,5,67,0.113,0.000,0.3306,1.917
1379,6,68,0.203,0.000,0.3346,1.916
1379,7,69,0.211,0.000,0.3396,1.915
1379,8,70,0.510,0.000,0.3418,1.915
1379,9,71,0.561,0.000,0.3447,1.917
1379,10,72,0.215,0.000,0.3399,1.917
1379,11,73,0.885,0.000,0.3472,1.911
1379,12,74,1.289,0.000,0.3566,1.911
1380,0,63,0.658,0.000,0.3170,1.921
1380,1,64,0.797,0.000,0.3180,1.922
1380,2,65,1.605,0.000,0.3196,1.920
1380,3,66,0.303,0.000,0.3285,1.918
1380,4,67,0.542,0.000,0.3306,1.917
1380,5,68,0.375,0.000,0.3346,1.916
1380,6,69,0.737,0.000,0.3396,1.915
1380,7,70,1.236,0.000,0.3418,1.915
1380,8,71,0.718,0.000,0.3447,1.917
1380,9,72,1.329,0.000,0.3399,1.917
1380,10,73,0.806,0.000,0.3472,1.911
1380,11,74,0.813,0.000,0.3566,1.911
1381,0,64,2.454,0.000,0.3180,1.922
1381,1,65,2.023,0.000,0.3196,1.920
1381,2,66,0.721,0.000,0.3285,1.918
1381,3,67,0.785,0.000,0.3306,1.917
1381,4,68,0.613,0.000,0.3346,1.916
1381,5,69,2.058,0.000,0.3396,1.915
1381,6,70,1.688,0.000,0.3418,1.915
1381,7,71,0.517,0.000,0.3447,1.917
1381,8,72,1.060,0.000,0.3399,1.917
1381,9,73,0.602,0.000,0.3472,1.911
1381,10,74,1.498,0.000,0.3566,1.911
1382,0,65,1.647,0.000,0.3196,1.920
1382,1,66,1.544,0.000,0.3285,1.918
1382,2,67,1.188,0.000,0.3306,1.917
1382,3,68,1.339,0.000,0.3346,1.916
1382,4,69,1.116,0.000,0.3396,1.915
1382,5,70,0.963,0.000,0.3418,1.915
1382,6,71,1.013,0.000,0.3447,1.917
1382,7,72,1.504,0.000,0.3399,1.917
1382,8,73,1.267,0.000,0.3472,1.911
1382,9,74,1.657,0.000,0.3566,1.911
1383,0,66,3.306,0.000,0.3285,1.918
1383,1,67,2.043,0.000,0.3306,1.917
1383,2,68,1.147,0.000,0.3346,1.916
1383,3,69,1.791,0.000,0.3396,1.915
1383,4,70,1.058,0.000,0.3418,1.915
1383,5,71,1.006,0.000,0.3447,1.917
1383,6,72,1.013,0.000,0.3399,1.917
1383,7,73,1.687,0.000,0.3472,1.911
1383,8,74,2.020,0.000,0.3566,1.911
1384,0,67,1.796,0.000,0.3306,1.917
1384,1,68,1.849,0.000,0.3346,1.916
1384,2,69,1.257,0.000,0.3396,1.915
1384,3,70,1.248,0.000,0.3418,1.915
1384,4,71,1.138,0.000,0.3447,1.917
1384,5,72,0.962,0.000,0.3399,1.917
1384,6,73,1.409,0.000,0.3472,1.911
1384,7,74,0.916,0.000,0.3566,1.911
1385,0,68,1.792,0.000,0.3346,1.916
1385,1,69,2.035,0.000,0.3396,1.915
1385,2,70,0.735,0.000,0.3418,1.915
1385,3,71,1.440,0.000,0.3447,1.917
1385,4,72,1.278,0.000,0.3399,1.917
1385,5,73,0.871,0.000,0.3472,1.911
1385,6,74,4.531,0.000,0.3566,1.911
1386,0,69,2.850,0.000,0.3396,1.915
1386,1,70,2.463,0.000,0.3418,1.915
1386,2,71,1.287,0.000,0.3447,1.917
1386,3,72,2.382,0.000,0.3399,1.917
1386,4,73,2.281,0.000,0.3472,1.911
1386,5,74,2.463,0.000,0.3566,1.911
1387,0,70,3.349,0.000,0.3418,1.915
1387,1,71,1.515,0.000,0.3447,1.917
1387,2,72,2.831,0.000,0.3399,1.917
1387,3,73,3.068,0.000,0.3472,1.911
1387,4,74,2.579,0.000,0.3566,1.911
1388,0,71,3.361,0.000,0.3447,1.917
1388,1,72,2.511,0.000,0.3399,1.917
1388,2,73,2.779,0.000,0.3472,1.911
1388,3,74,3.428,0.000,0.3566,1.911
1389,0,72,1.378,0.000,0.3399,1.917
1389,1,73,2.317,0.000,0.3472,1.911
1389,2,74,2.189,0.000,0.3566,1.911
1390,0,73,1.389,0.000,0.3472,1.911
1390,1,74,2.303,0.000,0.3566,1.911
1391,0,74,1.994,0.000,0.3566,1.911
1393,0,0,5.230,361.042,5.1033,36.104
1393,1,1,13.628,1164.739,3.9368,116.474
1393,2,2,4.797,92.465,2.1676,9.246
1393,3,3,1.698,0.000,0.0304,0.000
1393,4,4,1.183,0.001,0.0304,0.000
1393,5,5,1.487,0.002,0.0304,0.000
1393,6,6,1.038,0.003,0.0304,0.000
1393,7,7,1.374,0.001,0.0304,0.000
1393,8,8,2.234,0.002,0.0304,0.000
1393,9,9,1.289,0.003,0.0304,0.000
1393,10,10,1.895,0.001,0.0304,0.000
1393,11,11,2.854,3426.071,0.0304,0.000
1393,12,12,2.170,0.000,0.0304,342.607
1393,13,13,1.498,0.000,0.0304,162.445
1393,14,14,0.763,0.000,5.7688,19.541
1393,15,15,1.279,258.819,2.9806,0.119
1394,0,1,0.799,1164.739,3.9368,116.474
1394,1,2,0.510,92.465,2.1676,9.246
1394,2,3,1.637,0.000,0.0304,0.000
1394,3,4,0.699,0.001,0.0304,0.000
1394,4,5,0.291,0.002,0.0304,0.000
1394,5,6,1.222,0.003,0.0304,0.000
1394,6,7,0.932,0.001,0.0304,0.000
1394,7,8,1.221,0.002,0.0304,0.000
1394,8,9,0.651,0.003,0.0304,0.000
1394,9,10,1.355,0.001,0.0304,0.000
1394,10,11,0.821,3426.071,0.0304,0.000
1394,11,12,0.574,0.000,0.0304,342.607
1394,12,13,0.696,0.000,0.0304,162.445
1394,13,14,0.636,0.000,5.7688,19.541
1394,14,15,0.512,258.819,2.9806,0.119
1394,15,16,0.936,0.000,0.0154,25.740
1395,0,2,0.613,92.465,2.1676,9.246
1395,1,3,1.128,0.000,0.0304,0.000
1395,2,4,0.178,0.001,0.0304,0.000
1395,3,5,0.527,0.002,0.0304,0.000
1395,4,6,0.299,0.003,0.0304,0.000
1395,5,7,0.906,0.001,0.0304,0.000
1395,6,8,1.113,0.002,0.0304,0.000
1395,7,9,0.487,0.003,0.0304,0.000
1395,8,10,1.286,0.001,0.0304,0.000
1395,9,11,0.945,3426.071,0.0304,0.000
1395,10,12,0.658,0.000,0.0304,342.607
1395,11,13,0.998,0.000,0.0304,162.445
1395,12,14,1.025,0.000,5.7688,19.541
1395,13,15,0.881,258.819,2.9806,0.119
1395,14,16,0.816,0.000,0.0154,25.740
1395,15,17,0.923,241.182,0.0153,2.778
1396,0,3,0.622,0.000,0.0304,0.000
1396,1,4,0.164,0.001,0.0304,0.000
1396,2,5,0.152,0.002,0.0304,0.000
1396,3,6,0.465,0.003,0.0304,0.000
1396,4,7,1.045,0.001,0.0304,0.000
1396,5,8,0.346,0.002,0.0304,0.000
1396,6,9,0.554,0.003,0.0304,0.000
1396,7,10,1.084,0.001,0.0304,0.000
1396,8,11,0.561,3426.071,0.0304,0.000
1396,9,12,0.612,0.000,0.0304,342.607
1396,10,13,0.523,0.000,0.0304,162.445
1396,11,14,0.408,0.000,5.7688,19.541
1396,12,15,0.107,258.819,2.9806,0.119
1396,13,16,0.176,0.000,0.0154,25.740
1396,14,17,0.714,241.182,0.0153,2.778
1396,15,18,0.188,0.000,0.0147,23.342
1397,0,4,0.987,0.001,0.0304,0.000
1397,1,5,5.288,0.002,0.0304,0.000
1397,2,6,1.374,0.003,0.0304,0.000
1397,3,7,1.220,0.001,0.0304,0.000
1397,4,8,1.022,0.002,0.0304,0.000
1397,5,9,0.767,0.003,0.0304,0.000
1397,6,10,1.572,0.001,0.0304,0.000
1397,7,11,2.276,3426.071,0.0304,0.000
1397,8,12,1.228,0.000,0.0304,342.607
1397,9,13,1.748,0.000,0.0304,162.445
1397,10,14,0.720,0.000,5.7688,19.541
1397,11,15,0.951,258.819,2.9806,0.119
1397,12,16,1.045,0.000,0.0154,25.740
1397,13,17,0.675,241.182,0.0153,2.778
1397,14,18,0.676,0.000,0.0147,23.342
1397,15,19,0.836,207.106,0.0147,3.564
1398,0,5,0.804,0.002,0.0304,0.000
1398,1,6,1.208,0.003,0.0304,0.000
1398,2,7,1.345,0.001,0.0304,0.000
1398,3,8,1.032,0.002,0.0304,0.000
1398,4,9,0.907,0.003,0.0304,0.000
1398,5,10,1.260,0.001,0.0304,0.000
1398,6,11,2.901,3426.071,0.0304,0.000
1398,7,12,1.172,0.000,0.0304,342.607
1398,8,13,1.262,0.000,0.0304,162.445
1398,9,14,1.125,0.000,5.7688,19.541
1398,10,15,0.852,258.819,2.9806,0.119
1398,11,16,1.314,0.000,0.0154,25.740
1398,12,17,0.240,241.182,0.0153,2.778
1398,13,18,1.368,0.000,0.0147,23.342
1398,14,19,0.304,207.106,0.0147,3.564
1398,15,20,4.202,158.919,0.0140,19.785
1399,0,6,0.251,0.003,0.0304,0.000
1399,1,7,0.763,0.001,0.0304,0.000
1399,2,8,1.221,0.002,0.0304,0.000
1399,3,9,0.422,0.003,0.0304,0.000
1399,4,10,338.996,0.001,0.0304,0.000
1399,5,11,340.969,3426.071,0.0304,0.000
1399,6,12,1.000,0.000,0.0304,342.607
1399,7,13,1.019,0.000,0.0304,162.445
1399,8,14,25.956,0.000,5.7688,19.541
1399,9,15,26.338,258.819,2.9806,0.119
1399,10,16,22.750,0.000,0.0154,25.740
1399,11,17,23.983,241.182,0.0153,2.778
1399,12,18,19.907,0.000,0.0147,23.342
1399,13,19,35.276,207.106,0.0147,3.564
1399,14,20,23.995,158.919,0.0140,19.785
1399,15,21,12.440,99.900,0.0140,15.083
1400,0,7,0.355,0.001,0.0304,0.000
1400,1,8,1.049,0.002,0.0304,0.000
1400,2,9,0.913,0.003,0.0304,0.000
1400,3,10,0.685,0.001,0.0304,0.000
1400,4,11,0.320,3426.071,0.0304,0.000
1400,5,12,0.838,0.000,0.0304,342.607
1400,6,13,0.849,0.000,0.0304,162.445
1400,7,14,0.954,0.000,5.7688,19.541
1400,8,15,0.270,258.819,2.9806,0.119
1400,9,16,0.289,0.000,0.0154,25.740
1400,10,17,0.637,241.182,0.0153,2.778
1400,11,18,0.601,0.000,0.0147,23.342
1400,12,19,0.707,207.106,0.0147,3.564
1400,13,20,0.568,158.919,0.0140,19.785
1400,14,21,0.577,99.900,0.0140,15.083
1400,15,22,1.616,34.075,0.0132,9.468
1401,0,8,0.821,0.002,0.0304,0.000
1401,1,9,1.541,0.003,0.0304,0.000
1401,2,10,2.650,0.001,0.0304,0.000
1401,3,11,341.520,3426.071,0.0304,0.000
1401,4,12,0.716,0.000,0.0304,342.607
1401,5,13,0.500,0.000,0.0304,162.445
1401,6,14,0.513,0.000,5.7688,19.541
1401,7,15,26.214,258.819,2.9806,0.119
1401,8,16,0.503,0.000,0.0154,25.740
1401,9,17,23.611,241.182,0.0153,2.778
1401,10,18,0.269,0.000,0.0147,23.342
1401,11,19,20.640,207.106,0.0147,3.564
1401,12,20,15.909,158.919,0.0140,19.785
1401,13,21,10.149,99.900,0.0140,15.083
1401,14,22,2.718,34.075,0.0132,9.468
1401,15,23,0.465,0.000,0.0126,3.199
1402,0,9,2.290,0.003,0.0304,0.000
1402,1,10,1.066,0.001,0.0304,0.000
1402,2,11,1.543,3426.071,0.0304,0.000
1402,3,12,343.180,0.000,0.0304,342.607
1402,4,13,2.056,0.000,0.0304,162.445
1402,5,14,1.826,0.000,5.7688,19.541
1402,6,15,0.783,258.819,2.9806,0.119
1402,7,16,26.593,0.000,0.0154,25.740
1402,8,17,0.341,241.182,0.0153,2.778
1402,9,18,24.290,0.000,0.0147,23.342
1402,10,19,0.494,207.106,0.0147,3.564
1402,11,20,20.651,158.919,0.0140,19.785
1402,12,21,16.409,99.900,0.0140,15.083
1402,13,22,10.287,34.075,0.0132,9.468
1402,14,23,5.752,0.000,0.0126,3.199
1402,15,24,2.035,0.000,0.0122,3.363
1403,0,10,1.257,0.001,0.0304,0.000
1403,1,11,341.641,3426.071,0.0304,0.000
1403,2,12,1.000,0.000,0.0304,342.607
1403,3,13,0.659,0.000,0.0304,162.445
1403,4,14,0.491,0.000,5.7688,19.541
1403,5,15,25.991,258.819,2.9806,0.119
1403,6,16,0.270,0.000,0.0154,25.740
1403,7,17,24.074,241.182,0.0153,2.778
1403,8,18,0.325,0.000,0.0147,23.342
1403,9,19,20.954,207.106,0.0147,3.564
1403,10,20,15.896,158.919,0.0140,19.785
1403,11,21,10.256,99.900,0.0140,15.083
1403,12,22,3.657,34.075,0.0132,9.468
1403,13,23,0.766,0.000,0.0126,3.199
1403,14,24,0.721,0.000,0.0122,3.363
1403,15,25,0.929,0.000,0.1207,3.331
1404,0,11,1.536,3426.071,0.0304,0.000
1404,1,12,336.585,0.000,0.0304,342.607
1404,2,13,1.148,0.000,0.0304,162.445
1404,3,14,0.900,0.000,5.7688,19.541
1404,4,15,1.445,258.819,2.9806,0.119
1404,5,16,25.954,0.000,0.0154,25.740
1404,6,17,1.943,241.182,0.0153,2.778
1404,7,18,24.668,0.000,0.0147,23.342
1404,8,19,0.968,207.106,0.0147,3.564
1404,9,20,20.558,158.919,0.0140,19.785
1404,10,21,16.772,99.900,0.0140,15.083
1404,11,22,10.659,34.075,0.0132,9.468
1404,12,23,3.908,0.000,0.0126,3.199
1404,13,24,0.395,0.000,0.0122,3.363
1404,14,25,2.379,0.000,0.1207,3.331
1404,15,26,0.809,0.000,0.1203,3.331
1405,0,12,0.849,0.000,0.0304,342.607
1405,1,13,1.850,0.000,0.0304,162.445
1405,2,14,0.266,0.000,5.7688,19.541
1405,3,15,0.926,258.819,2.9806,0.119
1405,4,16,1.182,0.000,0.0154,25.740
1405,5,17,0.922,241.182,0.0153,2.778
1405,6,18,0.401,0.000,0.0147,23.342
1405,7,19,0.401,207.106,0.0147,3.564
1405,8,20,0.739,158.919,0.0140,19.785
1405,9,21,0.859,99.900,0.0140,15.083
1405,10,22,1.221,34.075,0.0132,9.468
1405,11,23,0.628,0.000,0.0126,3.199
1405,12,24,0.975,0.000,0.0122,3.363
1405,13,25,0.466,0.000,0.1207,3.331
1405,14,26,0.415,0.000,0.1203,3.331
1405,15,27,1.800,0.000,0.1202,3.331
1406,0,13,0.579,0.000,0.0304,162.445
1406,1,14,0.607,0.000,5.7688,19.541
1406,2,15,0.525,258.819,2.9806,0.119
1406,3,16,26.433,0.000,0.0154,25.740
1406,4,17,1.325,241.182,0.0153,2.778
1406,5,18,24.502,0.000,0.0147,23.342
1406,6,19,0.961,207.106,0.0147,3.564
1406,7,20,20.821,158.919,0.0140,19.785
1406,8,21,15.852,99.900,0.0140,15.083
1406,9,22,9.758,34.075,0.0132,9.468
1406,10,23,3.417,0.000,0.0126,3.199
1406,11,24,0.492,0.000,0.0122,3.363
1406,12,25,0.494,0.000,0.1207,3.331
1406,13,26,1.237,0.000,0.1203,3.331
1406,14,27,0.421,0.000,0.1202,3.331
1406,15,28,0.776,0.000,0.1202,3.331
1407,0,14,0.588,0.000,5.7688,19.541
1407,1,15,0.287,258.819,2.9806,0.119
1407,2,16,1.189,0.000,0.0154,25.740
1407,3,17,0.192,241.182,0.0153,2.778
1407,4,18,0.562,0.000,0.0147,23.342
1407,5,19,0.773,207.106,0.0147,3.564
1407,6,20,0.689,158.919,0.0140,19.785
1407,7,21,0.421,99.900,0.0140,15.083
1407,8,22,0.292,34.075,0.0132,9.468
1407,9,23,0.297,0.000,0.0126,3.199
1407,10,24,0.583,0.000,0.0122,3.363
1407,11,25,0.558,0.000,0.1207,3.331
1407,12,26,0.720,0.000,0.1203,3.331
1407,13,27,0.549,0.000,0.1202,3.331
1407,14,28,0.713,0.000,0.1202,3.331
1407,15,29,0.601,0.000,0.1213,3.331
1408,0,15,2.436,258.819,2.9806,0.119
1408,1,16,3.663,0.000,0.0154,25.740
1408,2,17,2.157,241.182,0.0153,2.778
1408,3,18,0.740,0.000,0.0147,23.342
1408,4,19,0.922,207.106,0.0147,3.564
1408,5,20,1.185,158.919,0.0140,19.785
1408,6,21,1.308,99.900,0.0140,15.083
1408,7,22,1.202,34.075,0.0132,9.468
1408,8,23,0.870,0.000,0.0126,3.199
1408,9,24,1.056,0.000,0.0122,3.363
1408,10,25,1.471,0.000,0.1207,3.331
1408,11,26,0.275,0.000,0.1203,3.331
1408,12,27,0.812,0.000,0.1202,3.331
1408,13,28,0.920,0.000,0.1202,3.331
1408,14,29,0.639,0.000,0.1213,3.331
1408,15,30,0.500,0.000,0.1209,3.331
1409,0,16,7.885,0.000,0.0154,25.740
1409,1,17,1.481,241.182,0.0153,2.778
1409,2,18,1.275,0.000,0.0147,23.342
1409,3,19,0.610,207.106,0.0147,3.564
1409,4,20,1.642,158.919,0.0140,19.785
1409,5,21,2.790,99.900,0.0140,15.083
1409,6,22,0.686,34.075,0.0132,9.468
1409,7,23,1.320,0.000,0.0126,3.199
1409,8,24,0.506,0.000,0.0122,3.363
1409,9,25,2.361,0.000,0.1207,3.331
1409,10,26,0.906,0.000,0.1203,3.331
1409,11,27,1.046,0.000,0.1202,3.331
1409,12,28,1.474,0.000,0.1202,3.331
1409,13,29,0.701,0.000,0.1213,3.331
1409,14,30,2.563,0.000,0.1209,3.331
1409,15,31,0.616,0.000,0.1205,3.331
1410,0,17,0.636,241.182,0.0153,2.778
1410,1,18,1.418,0.000,0.0147,23.342
1410,2,19,0.783,207.106,0.0147,3.564
1410,3,20,0.875,158.919,0.0140,19.785
1410,4,21,1.205,99.900,0.0140,15.083
1410,5,22,0.685,34.075,0.0132,9.468
1410,6,23,2.530,0.000,0.0126,3.199
1410,7,24,1.025,0.000,0.0122,3.363
1410,8,25,1.418,0.000,0.1207,3.331
1410,9,26,0.892,0.000,0.1203,3.331
1410,10,27,0.693,0.000,0.1202,3.331
1410,11,28,1.473,0.000,0.1202,3.331
1410,12,29,0.682,0.000,0.1213,3.331
1410,13,30,1.488,0.000,0.1209,3.331
1410,14,31,1.646,0.000,0.1205,3.331
1410,15,32,6.512,0.000,0.1208,3.331
1411,0,18,0.301,0.000,0.0147,23.342
1411,1,19,20.405,207.106,0.0147,3.564
1411,2,20,15.719,158.919,0.0140,19.785
1411,3,21,10.175,99.900,0.0140,15.083
1411,4,22,3.226,34.075,0.0132,9.468
1411,5,23,0.582,0.000,0.0126,3.199
1411,6,24,0.312,0.000,0.0122,3.363
1411,7,25,0.384,0.000,0.1207,3.331
1411,8,26,0.365,0.000,0.1203,3.331
1411,9,27,0.513,0.000,0.1202,3.331
1411,10,28,0.364,0.000,0.1202,3.331
1411,11,29,0.734,0.000,0.1213,3.331
1411,12,30,0.476,0.000,0.1209,3.331
1411,13,31,0.520,0.000,0.1205,3.331
1411,14,32,0.459,0.000,0.1208,3.331
1411,15,33,0.344,0.000,0.1214,3.331
1412,0,19,0.222,207.106,0.0147,3.564
1412,1,20,1.587,158.919,0.0140,19.785
1412,2,21,0.766,99.900,0.0140,15.083
1412,3,22,1.149,34.075,0.0132,9.468
1412,4,23,0.925,0.000,0.0126,3.199
1412,5,24,0.579,0.000,0.0122,3.363
1412,6,25,1.305,0.000,0.1207,3.331
1412,7,26,0.595,0.000,0.1203,3.331
1412,8,27,0.388,0.000,0.1202,3.331
1412,9,28,0.466,0.000,0.1202,3.331
1412,10,29,1.445,0.000,0.1213,3.331
1412,11,30,1.042,0.000,0.1209,3.331
1412,12,31,1.619,0.000,0.1205,3.331
1412,13,32,0.435,0.000,0.1208,3.331
1412,14,33,0.462,0.000,0.1214,3.331
1412,15,34,1.115,1000.000,0.1199,3.331
1413,0,20,15.729,158.919,0.0140,19.785
1413,1,21,9.309,99.900,0.0140,15.083
1413,2,22,3.369,34.075,0.0132,9.468
1413,3,23,0.407,0.000,0.0126,3.199
1413,4,24,0.270,0.000,0.0122,3.363
1413,5,25,1.023,0.000,0.1207,3.331
1413,6,26,0.122,0.000,0.1203,3.331
1413,7,27,0.544,0.000,0.1202,3.331
1413,8,28,0.434,0.000,0.1202,3.331
1413,9,29,0.350,0.000,0.1213,3.331
1413,10,30,0.506,0.000,0.1209,3.331
1413,11,31,0.639,0.000,0.1205,3.331
1413,12,32,0.303,0.000,0.1208,3.331
1413,13,33,0.538,0.000,0.1214,3.331
1413,14,34,100.763,1000.000,0.1199,3.331
1413,15,35,1.247,0.000,0.1206,12.177
1414,0,21,0.515,99.900,0.0140,15.083
1414,1,22,0.207,34.075,0.0132,9.468
1414,2,23,0.828,0.000,0.0126,3.199
1414,3,24,0.823,0.000,0.0122,3.363
1414,4,25,0.317,0.000,0.1207,3.331
1414,5,26,0.270,0.000,0.1203,3.331
1414,6,27,0.250,0.000,0.1202,3.331
1414,7,28,0.122,0.000,0.1202,3.331
1414,8,29,0.554,0.000,0.1213,3.331
1414,9,30,0.140,0.000,0.1209,3.331
1414,10,31,0.600,0.000,0.1205,3.331
1414,11,32,0.864,0.000,0.1208,3.331
1414,12,33,0.137,0.000,0.1214,3.331
1414,13,34,0.178,1000.000,0.1199,3.331
1414,14,35,0.811,0.000,0.1206,12.177
1414,15,36,0.912,1028.264,1.3440,1.157
1415,0,22,0.413,34.075,0.0132,9.468
1415,1,23,0.691,0.000,0.0126,3.199
1415,2,24,0.270,0.000,0.0122,3.363
1415,3,25,0.583,0.000,0.1207,3.331
1415,4,26,0.372,0.000,0.1203,3.331
1415,5,27,0.395,0.000,0.1202,3.331
1415,6,28,0.173,0.000,0.1202,3.331
1415,7,29,0.474,0.000,0.1213,3.331
1415,8,30,1.125,0.000,0.1209,3.331
1415,9,31,0.401,0.000,0.1205,3.331
1415,10,32,0.729,0.000,0.1208,3.331
1415,11,33,0.278,0.000,0.1214,3.331
1415,12,34,0.465,1000.000,0.1199,3.331
1415,13,35,1.035,0.000,0.1206,12.177
1415,14,36,0.455,1028.264,1.3440,1.157
1415,15,37,0.346,0.000,0.0949,123.371
1416,0,23,0.795,0.000,0.0126,3.199
1416,1,24,0.767,0.000,0.0122,3.363
1416,2,25,0.681,0.000,0.1207,3.331
1416,3,26,0.679,0.000,0.1203,3.331
1416,4,27,0.850,0.000,0.1202,3.331
1416,5,28,1.532,0.000,0.1202,3.331
1416,6,29,0.385,0.000,0.1213,3.331
1416,7,30,0.457,0.000,0.1209,3.331
1416,8,31,0.673,0.000,0.1205,3.331
1416,9,32,0.518,0.000,0.1208,3.331
1416,10,33,0.935,0.000,0.1214,3.331
1416,11,34,0.388,1000.000,0.1199,3.331
1416,12,35,0.941,0.000,0.1206,12.177
1416,13,36,1.849,1028.264,1.3440,1.157
1416,14,37,0.550,0.000,0.0949,123.371
1416,15,38,1.642,0.000,4.4499,46.985
1417,0,24,0.918,0.000,0.0122,3.363
1417,1,25,0.837,0.000,0.1207,3.331
1417,2,26,0.377,0.000,0.1203,3.331
1417,3,27,0.413,0.000,0.1202,3.331
1417,4,28,0.466,0.000,0.1202,3.331
1417,5,29,0.630,0.000,0.1213,3.331
1417,6,30,0.820,0.000,0.1209,3.331
1417,7,31,0.381,0.000,0.1205,3.331
1417,8,32,0.475,0.000,0.1208,3.331
1417,9,33,0.463,0.000,0.1214,3.331
1417,10,34,0.204,1000.000,0.1199,3.331
1417,11,35,0.492,0.000,0.1206,12.177
1417,12,36,1.574,1028.264,1.3440,1.157
1417,13,37,0.346,0.000,0.0949,123.371
1417,14,38,0.954,0.000,4.4499,46.985
1417,15,39,1.203,0.000,2.5757,14.327
1418,0,25,0.797,0.000,0.1207,3.331
1418,1,26,0.451,0.000,0.1203,3.331
1418,2,27,0.365,0.000,0.1202,3.331
1418,3,28,0.357,0.000,0.1202,3.331
1418,4,29,0.320,0.000,0.1213,3.331
1418,5,30,0.790,0.000,0.1209,3.331
1418,6,31,0.659,0.000,0.1205,3.331
1418,7,32,1.108,0.000,0.1208,3.331
1418,8,33,1.320,0.000,0.1214,3.331
1418,9,34,0.693,1000.000,0.1199,3.331
1418,10,35,1.577,0.000,0.1206,12.177
1418,11,36,0.782,1028.264,1.3440,1.157
1418,12,37,2.220,0.000,0.0949,123.371
1418,13,38,1.383,0.000,4.4499,46.985
1418,14,39,1.090,0.000,2.5757,14.327
1418,15,40,1.262,0.000,1.0082,1.942
1419,0,26,0.738,0.000,0.1203,3.331
1419,1,27,2.738,0.000,0.1202,3.331
1419,2,28,0.992,0.000,0.1202,3.331
1419,3,29,1.010,0.000,0.1213,3.331
1419,4,30,0.539,0.000,0.1209,3.331
1419,5,31,0.521,0.000,0.1205,3.331
1419,6,32,1.982,0.000,0.1208,3.331
1419,7,33,1.053,0.000,0.1214,3.331
1419,8,34,1.855,1000.000,0.1199,3.331
1419,9,35,1.633,0.000,0.1206,12.177
1419,10,36,1.064,1028.264,1.3440,1.157
1419,11,37,1.304,0.000,0.0949,123.371
1419,12,38,1.288,0.000,4.4499,46.985
1419,13,39,1.022,0.000,2.5757,14.327
1419,14,40,0.300,0.000,1.0082,1.942
1419,15,41,0.272,0.000,0.7322,1.123
1420,0,27,2.335,0.000,0.1202,3.331
1420,1,28,0.591,0.000,0.1202,3.331
1420,2,29,0.970,0.000,0.1213,3.331
1420,3,30,0.570,0.000,0.1209,3.331
1420,4,31,0.327,0.000,0.1205,3.331
1420,5,32,0.780,0.000,0.1208,3.331
1420,6,33,1.359,0.000,0.1214,3.331
1420,7,34,0.934,1000.000,0.1199,3.331
1420,8,35,1.199,0.000,0.1206,12.177
1420,9,36,1.330,1028.264,1.3440,1.157
1420,10,37,0.639,0.000,0.0949,123.371
1420,11,38,0.740,0.000,4.4499,46.985
1420,12,39,0.649,0.000,2.5757,14.327
1420,13,40,0.412,0.000,1.0082,1.942
1420,14,41,0.570,0.000,0.7322,1.123
1420,15,42,0.488,0.000,0.0881,1.123
1421,0,28,0.179,0.000,0.1202,3.331
1421,1,29,0.368,0.000,0.1213,3.331
1421,2,30,0.286,0.000,0.1209,3.331
1421,3,31,0.588,0.000,0.1205,3.331
1421,4,32,0.615,0.000,0.1208,3.331
1421,5,33,0.250,0.000,0.1214,3.331
1421,6,34,99.699,1000.000,0.1199,3.331
1421,7,35,0.667,0.000,0.1206,12.177
1421,8,36,101.537,1028.264,1.3440,1.157
1421,9,37,1.471,0.000,0.0949,123.371
1421,10,38,0.620,0.000,4.4499,46.985
1421,11,39,0.648,0.000,2.5757,14.327
1421,12,40,0.461,0.000,1.0082,1.942
1421,13,41,0.577,0.000,0.7322,1.123
1421,14,42,1.597,0.000,0.0881,1.123
1421,15,43,0.626,0.000,0.0875,1.123
1422,0,29,1.031,0.000,0.1213,3.331
1422,1,30,1.056,0.000,0.1209,3.331
1422,2,31,0.991,0.000,0.1205,3.331
1422,3,32,0.248,0.000,0.1208,3.331
1422,4,33,2.462,0.000,0.1214,3.331
1422,5,34,99.826,1000.000,0.1199,3.331
1422,6,35,5.155,0.000,0.1206,12.177
1422,7,36,101.215,1028.264,1.3440,1.157
1422,8,37,2.265,0.000,0.0949,123.371
1422,9,38,1.798,0.000,4.4499,46.985
1422,10,39,4.639,0.000,2.5757,14.327
1422,11,40,1.679,0.000,1.0082,1.942
1422,12,41,1.601,0.000,0.7322,1.123
1422,13,42,1.406,0.000,0.0881,1.123
1422,14,43,4.798,0.000,0.0875,1.123
1422,15,44,1.991,0.000,0.0881,1.123
1423,0,30,6.087,0.000,0.1209,3.331
1423,1,31,1.848,0.000,0.1205,3.331
1423,2,32,1.836,0.000,0.1208,3.331
1423,3,33,99.546,0.000,0.1214,3.331
1423,4,34,100.340,1000.000,0.1199,3.331
1423,5,35,101.575,0.000,0.1206,12.177
1423,6,36,102.143,1028.264,1.3440,1.157
1423,7,37,0.579,0.000,0.0949,123.371
1423,8,38,0.713,0.000,4.4499,46.985
1423,9,39,0.374,0.000,2.5757,14.327
1423,10,40,0.548,0.000,1.0082,1.942
1423,11,41,1.629,0.000,0.7322,1.123
1423,12,42,0.599,0.000,0.0881,1.123
1423,13,43,1.049,0.000,0.0875,1.123
1423,14,44,0.914,0.000,0.0881,1.123
1423,15,45,0.934,0.000,0.0878,1.123
1424,0,31,1.528,0.000,0.1205,3.331
1424,1,32,1.704,0.000,0.1208,3.331
1424,2,33,1.522,0.000,0.1214,3.331
1424,3,34,100.233,1000.000,0.1199,3.331
1424,4,35,1.174,0.000,0.1206,12.177
1424,5,36,102.457,1028.264,1.3440,1.157
1424,6,37,1.416,0.000,0.0949,123.371
1424,7,38,0.460,0.000,4.4499,46.985
1424,8,39,0.427,0.000,2.5757,14.327
1424,9,40,0.625,0.000,1.0082,1.942
1424,10,41,0.589,0.000,0.7322,1.123
1424,11,42,1.329,0.000,0.0881,1.123
1424,12,43,0.938,0.000,0.0875,1.123
1424,13,44,0.641,0.000,0.0881,1.123
1424,14,45,0.462,0.000,0.0878,1.123
1424,15,46,1.227,0.000,0.0879,1.123
1425,0,32,2.131,0.000,0.1208,3.331
1425,1,33,98.202,0.000,0.1214,3.331
1425,2,34,98.995,1000.000,0.1199,3.331
1425,3,35,101.024,0.000,0.1206,12.177
1425,4,36,102.638,1028.264,1.3440,1.157
1425,5,37,0.792,0.000,0.0949,123.371
1425,6,38,1.896,0.000,4.4499,46.985
1425,7,39,1.095,0.000,2.5757,14.327
1425,8,40,1.026,0.000,1.0082,1.942
1425,9,41,1.155,0.000,0.7322,1.123
1425,10,42,1.409,0.000,0.0881,1.123
1425,11,43,0.750,0.000,0.0875,1.123
1425,12,44,0.679,0.000,0.0881,1.123
1425,13,45,1.319,0.000,0.0878,1.123
1425,14,46,1.039,0.000,0.0879,1.123
1425,15,47,1.655,0.000,0.0870,1.123
1426,0,33,1.433,0.000,0.1214,3.331
1426,1,34,100.224,1000.000,0.1199,3.331
1426,2,35,0.795,0.000,0.1206,12.177
1426,3,36,101.698,1028.264,1.3440,1.157
1426,4,37,0.526,0.000,0.0949,123.371
1426,5,38,0.540,0.000,4.4499,46.985
1426,6,39,1.050,0.000,2.5757,14.327
1426,7,40,0.474,0.000,1.0082,1.942
1426,8,41,0.388,0.000,0.7322,1.123
1426,9,42,0.508,0.000,0.0881,1.123
1426,10,43,0.959,0.000,0.0875,1.123
1426,11,44,0.607,0.000,0.0881,1.123
1426,12,45,0.581,0.000,0.0878,1.123
1426,13,46,0.455,0.000,0.0879,1.123
1426,14,47,0.684,0.000,0.0870,1.123
1426,15,48,4.434,0.000,0.0875,1.123
1427,0,34,99.098,1000.000,0.1199,3.331
1427,1,35,1.185,0.000,0.1206,12.177
1427,2,36,103.544,1028.264,1.3440,1.157
1427,3,37,0.343,0.000,0.0949,123.371
1427,4,38,0.873,0.000,4.4499,46.985
1427,5,39,1.236,0.000,2.5757,14.327
1427,6,40,1.831,0.000,1.0082,1.942
1427,7,41,1.635,0.000,0.7322,1.123
1427,8,42,1.738,0.000,0.0881,1.123
1427,9,43,1.615,0.000,0.0875,1.123
1427,10,44,1.216,0.000,0.0881,1.123
1427,11,45,0.553,0.000,0.0878,1.123
1427,12,46,0.745,0.000,0.0879,1.123
1427,13,47,0.829,0.000,0.0870,1.123
1427,14,48,2.315,0.000,0.0875,1.123
1427,15,49,3.036,0.000,0.0874,1.122
1428,0,35,0.434,0.000,0.1206,12.177
1428,1,36,1.468,1028.264,1.3440,1.157
1428,2,37,0.623,0.000,0.0949,123.371
1428,3,38,0.695,0.000,4.4499,46.985
1428,4,39,1.090,0.000,2.5757,14.327
1428,5,40,0.745,0.000,1.0082,1.942
1428,6,41,1.157,0.000,0.7322,1.123
1428,7,42,1.097,0.000,0.0881,1.123
1428,8,43,1.076,0.000,0.0875,1.123
1428,9,44,1.367,0.000,0.0881,1.123
1428,10,45,1.392,0.000,0.0878,1.123
1428,11,46,0.815,0.000,0.0879,1.123
1428,12,47,0.935,0.000,0.0870,1.123
1428,13,48,0.482,0.000,0.0875,1.123
1428,14,49,1.886,0.000,0.0874,1.122
1428,15,50,3.235,258.820,0.0871,1.123
1429,0,36,2.258,1028.264,1.3440,1.157
1429,1,37,0.177,0.000,0.0949,123.371
1429,2,38,0.703,0.000,4.4499,46.985
1429,3,39,0.467,0.000,2.5757,14.327
1429,4,40,0.806,0.000,1.0082,1.942
1429,5,41,0.382,0.000,0.7322,1.123
1429,6,42,2.311,0.000,0.0881,1.123
1429,7,43,0.519,0.000,0.0875,1.123
1429,8,44,1.138,0.000,0.0881,1.123
1429,9,45,1.003,0.000,0.0878,1.123
1429,10,46,0.757,0.000,0.0879,1.123
1429,11,47,0.683,0.000,0.0870,1.123
1429,12,48,1.469,0.000,0.0875,1.123
1429,13,49,2.365,0.000,0.0874,1.122
1429,14,50,10.899,258.820,0.0871,1.123
1429,15,51,10.108,0.000,0.0870,25.770
1430,0,37,0.794,0.000,0.0949,123.371
1430,1,38,1.083,0.000,4.4499,46.985
1430,2,39,0.748,0.000,2.5757,14.327
1430,3,40,0.595,0.000,1.0082,1.942
1430,4,41,1.023,0.000,0.7322,1.123
1430,5,42,0.516,0.000,0.0881,1.123
1430,6,43,1.204,0.000,0.0875,1.123
1430,7,44,0.500,0.000,0.0881,1.123
1430,8,45,0.440,0.000,0.0878,1.123
1430,9,46,0.705,0.000,0.0879,1.123
1430,10,47,0.939,0.000,0.0870,1.123
1430,11,48,1.324,0.000,0.0875,1.123
1430,12,49,0.644,0.000,0.0874,1.122
1430,13,50,1.817,258.820,0.0871,1.123
1430,14,51,5.644,0.000,0.0870,25.770
1430,15,52,9.279,241.181,0.0688,4.554
1431,0,38,0.895,0.000,4.4499,46.985
1431,1,39,0.203,0.000,2.5757,14.327
1431,2,40,0.643,0.000,1.0082,1.942
1431,3,41,0.877,0.000,0.7322,1.123
1431,4,42,0.497,0.000,0.0881,1.123
1431,5,43,0.172,0.000,0.0875,1.123
1431,6,44,0.482,0.000,0.0881,1.123
1431,7,45,0.239,0.000,0.0878,1.123
1431,8,46,0.532,0.000,0.0879,1.123
1431,9,47,1.017,0.000,0.0870,1.123
1431,10,48,0.492,0.000,0.0875,1.123
1431,11,49,0.512,0.000,0.0874,1.122
1431,12,50,1.392,258.820,0.0871,1.123
1431,13,51,0.875,0.000,0.0870,25.770
1431,14,52,1.269,241.181,0.0688,4.554
1431,15,53,1.513,0.000,0.0727,23.178
1432,0,39,0.803,0.000,2.5757,14.327
1432,1,40,0.754,0.000,1.0082,1.942
1432,2,41,0.515,0.000,0.7322,1.123
1432,3,42,0.256,0.000,0.0881,1.123
1432,4,43,0.450,0.000,0.0875,1.123
1432,5,44,0.261,0.000,0.0881,1.123
1432,6,45,0.330,0.000,0.0878,1.123
1432,7,46,0.188,0.000,0.0879,1.123
1432,8,47,0.326,0.000,0.0870,1.123
1432,9,48,0.178,0.000,0.0875,1.123
1432,10,49,0.314,0.000,0.0874,1.122
1432,11,50,0.537,258.820,0.0871,1.123
1432,12,51,1.871,0.000,0.0870,25.770
1432,13,52,0.823,241.181,0.0688,4.554
1432,14,53,1.209,0.000,0.0727,23.178
1432,15,54,0.713,207.107,0.0722,4.886
1433,0,40,0.956,0.000,1.0082,1.942
1433,1,41,1.581,0.000,0.7322,1.123
1433,2,42,0.621,0.000,0.0881,1.123
1433,3,43,0.802,0.000,0.0875,1.123
1433,4,44,0.529,0.000,0.0881,1.123
1433,5,45,0.834,0.000,0.0878,1.123
1433,6,46,0.764,0.000,0.0879,1.123
1433,7,47,0.719,0.000,0.0870,1.123
1433,8,48,0.941,0.000,0.0875,1.123
1433,9,49,1.044,0.000,0.0874,1.122
1433,10,50,2.434,258.820,0.0871,1.123
1433,11,51,1.026,0.000,0.0870,25.770
1433,12,52,0.862,241.181,0.0688,4.554
1433,13,53,1.032,0.000,0.0727,23.178
1433,14,54,1.326,207.107,0.0722,4.886
1433,15,55,1.735,0.000,0.0958,19.480
1434,0,41,0.516,0.000,0.7322,1.123
1434,1,42,0.958,0.000,0.0881,1.123
1434,2,43,0.265,0.000,0.0875,1.123
1434,3,44,0.655,0.000,0.0881,1.123
1434,4,45,0.175,0.000,0.0878,1.123
1434,5,46,0.532,0.000,0.0879,1.123
1434,6,47,0.746,0.000,0.0870,1.123
1434,7,48,0.322,0.000,0.0875,1.123
1434,8,49,1.226,0.000,0.0874,1.122
1434,9,50,1.528,258.820,0.0871,1.123
1434,10,51,3.312,0.000,0.0870,25.770
1434,11,52,1.443,241.181,0.0688,4.554
1434,12,53,1.614,0.000,0.0727,23.178
1434,13,54,1.429,207.107,0.0722,4.886
1434,14,55,1.726,0.000,0.0958,19.480
1434,15,56,0.922,158.918,0.0955,3.995
1435,0,42,0.910,0.000,0.0881,1.123
1435,1,43,0.969,0.000,0.0875,1.123
1435,2,44,1.243,0.000,0.0881,1.123
1435,3,45,0.775,0.000,0.0878,1.123
1435,4,46,0.728,0.000,0.0879,1.123
1435,5,47,0.849,0.000,0.0870,1.123
1435,6,48,0.986,0.000,0.0875,1.123
1435,7,49,0.433,0.000,0.0874,1.122
1435,8,50,0.372,258.820,0.0871,1.123
1435,9,51,0.938,0.000,0.0870,25.770
1435,10,52,0.674,241.181,0.0688,4.554
1435,11,53,0.944,0.000,0.0727,23.178
1435,12,54,1.302,207.107,0.0722,4.886
1435,13,55,0.941,0.000,0.0958,19.480
1435,14,56,0.489,158.918,0.0955,3.995
1435,15,57,1.535,99.901,0.1091,14.801
1436,0,43,1.468,0.000,0.0875,1.123
1436,1,44,0.435,0.000,0.0881,1.123
1436,2,45,0.368,0.000,0.0878,1.123
1436,3,46,1.046,0.000,0.0879,1.123
1436,4,47,0.913,0.000,0.0870,1.123
1436,5,48,0.650,0.000,0.0875,1.123
1436,6,49,0.321,0.000,0.0874,1.122
1436,7,50,0.979,258.820,0.0871,1.123
1436,8,51,0.455,0.000,0.0870,25.770
1436,9,52,0.862,241.181,0.0688,4.554
1436,10,53,0.542,0.000,0.0727,23.178
1436,11,54,0.348,207.107,0.0722,4.886
1436,12,55,0.252,0.000,0.0958,19.480
1436,13,56,0.766,158.918,0.0955,3.995
1436,14,57,0.793,99.901,0.1091,14.801
1436,15,58,0.948,34.074,0.1085,9.321
1437,0,44,0.792,0.000,0.0881,1.123
1437,1,45,0.378,0.000,0.0878,1.123
1437,2,46,1.040,0.000,0.0879,1.123
1437,3,47,1.203,0.000,0.0870,1.123
1437,4,48,2.077,0.000,0.0875,1.123
1437,5,49,0.692,0.000,0.0874,1.122
1437,6,50,18.670,258.820,0.0871,1.123
1437,7,51,2.054,0.000,0.0870,25.770
1437,8,52,19.891,241.181,0.0688,4.554
1437,9,53,2.366,0.000,0.0727,23.178
1437,10,54,16.932,207.107,0.0722,4.886
1437,11,55,2.470,0.000,0.0958,19.480
1437,12,56,13.372,158.918,0.0955,3.995
1437,13,57,7.685,99.901,0.1091,14.801
1437,14,58,3.474,34.074,0.1085,9.321
1437,15,59,0.753,0.000,0.0848,3.689
1438,0,45,1.919,0.000,0.0878,1.123
1438,1,46,1.151,0.000,0.0879,1.123
1438,2,47,0.813,0.000,0.0870,1.123
1438,3,48,0.313,0.000,0.0875,1.123
1438,4,49,1.614,0.000,0.0874,1.122
1438,5,50,0.711,258.820,0.0871,1.123
1438,6,51,0.911,0.000,0.0870,25.770
1438,7,52,0.836,241.181,0.0688,4.554
1438,8,53,1.062,0.000,0.0727,23.178
1438,9,54,1.588,207.107,0.0722,4.886
1438,10,55,1.719,0.000,0.0958,19.480
1438,11,56,1.692,158.918,0.0955,3.995
1438,12,57,0.916,99.901,0.1091,14.801
1438,13,58,0.877,34.074,0.1085,9.321
1438,14,59,0.473,0.000,0.0848,3.689
1438,15,60,0.582,0.000,0.1262,1.746
1439,0,46,0.786,0.000,0.0879,1.123
1439,1,47,0.541,0.000,0.0870,1.123
1439,2,48,2.269,0.000,0.0875,1.123
1439,3,49,9.630,0.000,0.0874,1.122
1439,4,50,11.357,258.820,0.0871,1.123
1439,5,51,11.779,0.000,0.0870,25.770
1439,6,52,11.202,241.181,0.0688,4.554
1439,7,53,10.798,0.000,0.0727,23.178
1439,8,54,11.343,207.107,0.0722,4.886
1439,9,55,8.409,0.000,0.0958,19.480
1439,10,56,13.047,158.918,0.0955,3.995
1439,11,57,8.321,99.901,0.1091,14.801
1439,12,58,2.465,34.074,0.1085,9.321
1439,13,59,0.407,0.000,0.0848,3.689
1439,14,60,2.489,0.000,0.1262,1.746
1439,15,61,1.501,0.000,0.0993,1.747
1440,0,47,0.595,0.000,0.0870,1.123
1440,1,48,1.100,0.000,0.0875,1.123
1440,2,49,2.638,0.000,0.0874,1.122
1440,3,50,0.489,258.820,0.0871,1.123
1440,4,51,6.981,0.000,0.0870,25.770
1440,5,52,1.207,241.181,0.0688,4.554
1440,6,53,9.858,0.000,0.0727,23.178
1440,7,54,1.996,207.107,0.0722,4.886
1440,8,55,5.775,0.000,0.0958,19.480
1440,9,56,1.982,158.918,0.0955,3.995
1440,10,57,4.667,99.901,0.1091,14.801
1440,11,58,2.946,34.074,0.1085,9.321
1440,12,59,1.606,0.000,0.0848,3.689
1440,13,60,0.898,0.000,0.1262,1.746
1440,14,61,0.735,0.000,0.0993,1.747
1440,15,62,2.159,0.000,0.1020,1.746
1441,0,48,1.416,0.000,0.0875,1.123
1441,1,49,0.450,0.000,0.0874,1.122
1441,2,50,6.149,258.820,0.0871,1.123
1441,3,51,3.419,0.000,0.0870,25.770
1441,4,52,6.560,241.181,0.0688,4.554
1441,5,53,1.509,0.000,0.0727,23.178
1441,6,54,5.628,207.107,0.0722,4.886
1441,7,55,2.755,0.000,0.0958,19.480
1441,8,56,4.189,158.918,0.0955,3.995
1441,9,57,3.253,99.901,0.1091,14.801
1441,10,58,2.569,34.074,0.1085,9.321
1441,11,59,0.914,0.000,0.0848,3.689
1441,12,60,0.393,0.000,0.1262,1.746
1441,13,61,0.952,0.000,0.0993,1.747
1441,14,62,0.866,0.000,0.1020,1.746
1441,15,63,0.949,0.000,0.1023,1.748
1442,0,49,1.140,0.000,0.0874,1.122
1442,1,50,2.513,258.820,0.0871,1.123
1442,2,51,10.266,0.000,0.0870,25.770
1442,3,52,3.719,241.181,0.0688,4.554
1442,4,53,9.837,0.000,0.0727,23.178
1442,5,54,4.203,207.107,0.0722,4.886
1442,6,55,7.532,0.000,0.0958,19.480
1442,7,56,3.279,158.918,0.0955,3.995
1442,8,57,7.324,99.901,0.1091,14.801
1442,9,58,5.995,34.074,0.1085,9.321
1442,10,59,1.464,0.000,0.0848,3.689
1442,11,60,0.928,0.000,0.1262,1.746
1442,12,61,0.379,0.000,0.0993,1.747
1442,13,62,0.313,0.000,0.1020,1.746
1442,14,63,0.822,0.000,0.1023,1.748
1442,15,64,0.704,0.000,0.1037,1.748
1443,0,50,9.322,258.820,0.0871,1.123
1443,1,51,4.458,0.000,0.0870,25.770
1443,2,52,6.491,241.181,0.0688,4.554
1443,3,53,3.981,0.000,0.0727,23.178
1443,4,54,4.619,207.107,0.0722,4.886
1443,5,55,3.275,0.000,0.0958,19.480
1443,6,56,5.230,158.918,0.0955,3.995
1443,7,57,5.108,99.901,0.1091,14.801
1443,8,58,2.515,34.074,0.1085,9.321
1443,9,59,0.269,0.000,0.0848,3.689
1443,10,60,0.411,0.000,0.1262,1.746
1443,11,61,0.403,0.000,0.0993,1.747
1443,12,62,0.241,0.000,0.1020,1.746
1443,13,63,0.741,0.000,0.1023,1.748
1443,14,64,0.518,0.000,0.1037,1.748
1443,15,65,0.349,0.000,0.1025,1.747
1444,0,51,21.009,0.000,0.0870,25.770
1444,1,52,3.231,241.181,0.0688,4.554
1444,2,53,19.365,0.000,0.0727,23.178
1444,3,54,2.703,207.107,0.0722,4.886
1444,4,55,16.766,0.000,0.0958,19.480
1444,5,56,1.863,158.918,0.0955,3.995
1444,6,57,12.728,99.901,0.1091,14.801
1444,7,58,6.588,34.074,0.1085,9.321
1444,8,59,1.777,0.000,0.0848,3.689
1444,9,60,0.389,0.000,0.1262,1.746
1444,10,61,0.472,0.000,0.0993,1.747
1444,11,62,0.519,0.000,0.1020,1.746
1444,12,63,0.353,0.000,0.1023,1.748
1444,13,64,1.317,0.000,0.1037,1.748
1444,14,65,1.077,0.000,0.1025,1.747
1444,15,66,5.873,0.000,0.1041,1.748
1445,0,52,2.675,241.181,0.0688,4.554
1445,1,53,5.591,0.000,0.0727,23.178
1445,2,54,2.614,207.107,0.0722,4.886
1445,3,55,3.470,0.000,0.0958,19.480
1445,4,56,0.841,158.918,0.0955,3.995
1445,5,57,2.828,99.901,0.1091,14.801
1445,6,58,0.774,34.074,0.1085,9.321
1445,7,59,0.774,0.000,0.0848,3.689
1445,8,60,0.694,0.000,0.1262,1.746
1445,9,61,0.477,0.000,0.0993,1.747
1445,10,62,0.770,0.000,0.1020,1.746
1445,11,63,0.690,0.000,0.1023,1.748
1445,12,64,0.922,0.000,0.1037,1.748
1445,13,65,0.511,0.000,0.1025,1.747
1445,14,66,0.424,0.000,0.1041,1.748
1445,15,67,0.462,0.000,0.1063,1.748
1446,0,53,0.721,0.000,0.0727,23.178
1446,1,54,0.745,207.107,0.0722,4.886
1446,2,55,0.677,0.000,0.0958,19.480
1446,3,56,0.252,158.918,0.0955,3.995
1446,4,57,0.383,99.901,0.1091,14.801
1446,5,58,0.492,34.074,0.1085,9.321
1446,6,59,0.652,0.000,0.0848,3.689
1446,7,60,0.578,0.000,0.1262,1.746
1446,8,61,0.401,0.000,0.0993,1.747
1446,9,62,0.960,0.000,0.1020,1.746
1446,10,63,0.576,0.000,0.1023,1.748
1446,11,64,0.381,0.000,0.1037,1.748
1446,12,65,0.235,0.000,0.1025,1.747
1446,13,66,0.245,0.000,0.1041,1.748
1446,14,67,0.601,0.000,0.1063,1.748
1446,15,68,0.332,0.000,0.1058,1.749
1447,0,54,1.530,207.107,0.0722,4.886
1447,1,55,1.445,0.000,0.0958,19.480
1447,2,56,1.288,158.918,0.0955,3.995
1447,3,57,1.556,99.901,0.1091,14.801
1447,4,58,1.265,34.074,0.1085,9.321
1447,5,59,0.394,0.000,0.0848,3.689
1447,6,60,0.372,0.000,0.1262,1.746
1447,7,61,0.410,0.000,0.0993,1.747
1447,8,62,0.395,0.000,0.1020,1.746
1447,9,63,0.975,0.000,0.1023,1.748
1447,10,64,0.485,0.000,0.1037,1.748
1447,11,65,1.364,0.000,0.1025,1.747
1447,12,66,0.687,0.000,0.1041,1.748
1447,13,67,0.393,0.000,0.1063,1.748
1447,14,68,0.450,0.000,0.1058,1.749
1447,15,69,0.471,0.000,0.1032,1.749
1448,0,55,0.896,0.000,0.0958,19.480
1448,1,56,0.533,158.918,0.0955,3.995
1448,2,57,0.945,99.901,0.1091,14.801
1448,3,58,0.756,34.074,0.1085,9.321
1448,4,59,0.423,0.000,0.0848,3.689
1448,5,60,0.422,0.000,0.1262,1.746
1448,6,61,0.569,0.000,0.0993,1.747
1448,7,62,1.026,0.000,0.1020,1.746
1448,8,63,0.410,0.000,0.1023,1.748
1448,9,64,0.434,0.000,0.1037,1.748
1448,10,65,0.495,0.000,0.1025,1.747
1448,11,66,0.397,0.000,0.1041,1.748
1448,12,67,0.510,0.000,0.1063,1.748
1448,13,68,0.350,0.000,0.1058,1.749
1448,14,69,0.630,0.000,0.1032,1.749
1448,15,70,0.202,0.000,0.1090,1.749
1449,0,56,2.324,158.918,0.0955,3.995
1449,1,57,7.786,99.901,0.1091,14.801
1449,2,58,1.720,34.074,0.1085,9.321
1449,3,59,0.494,0.000,0.0848,3.689
1449,4,60,1.350,0.000,0.1262,1.746
1449,5,61,0.247,0.000,0.0993,1.747
1449,6,62,0.527,0.000,0.1020,1.746
1449,7,63,0.359,0.000,0.1023,1.748
1449,8,64,0.354,0.000,0.1037,1.748
1449,9,65,0.279,0.000,0.1025,1.747
1449,10,66,0.435,0.000,0.1041,1.748
1449,11,67,0.185,0.000,0.1063,1.748
1449,12,68,0.398,0.000,0.1058,1.749
1449,13,69,0.803,0.000,0.1032,1.749
1449,14,70,0.811,0.000,0.1090,1.749
1449,15,71,0.153,0.000,0.1081,1.749
1450,0,57,1.079,99.901,0.1091,14.801
1450,1,58,0.875,34.074,0.1085,9.321
1450,2,59,0.504,0.000,0.0848,3.689
1450,3,60,0.717,0.000,0.1262,1.746
1450,4,61,0.389,0.000,0.0993,1.747
1450,5,62,0.029,0.000,0.1020,1.746
1450,6,63,0.340,0.000,0.1023,1.748
1450,7,64,0.350,0.000,0.1037,1.748
1450,8,65,0.359,0.000,0.1025,1.747
1450,9,66,0.622,0.000,0.1041,1.748
1450,10,67,0.335,0.000,0.1063,1.748
1450,11,68,0.674,0.000,0.1058,1.749
1450,12,69,1.064,0.000,0.1032,1.749
1450,13,70,0.246,0.000,0.1090,1.749
1450,14,71,0.097,0.000,0.1081,1.749
1450,15,72,0.358,0.000,0.1087,1.750
1451,0,58,3.909,34.074,0.1085,9.321
1451,1,59,0.625,0.000,0.0848,3.689
1451,2,60,0.434,0.000,0.1262,1.746
1451,3,61,0.830,0.000,0.0993,1.747
1451,4,62,0.581,0.000,0.1020,1.746
1451,5,63,0.184,0.000,0.1023,1.748
1451,6,64,0.740,0.000,0.1037,1.748
1451,7,65,0.598,0.000,0.1025,1.747
1451,8,66,0.620,0.000,0.1041,1.748
1451,9,67,0.490,0.000,0.1063,1.748
1451,10,68,0.732,0.000,0.1058,1.749
1451,11,69,1.158,0.000,0.1032,1.749
1451,12,70,0.259,0.000,0.1090,1.749
1451,13,71,0.873,0.000,0.1081,1.749
1451,14,72,1.272,0.000,0.1087,1.750
1451,15,73,1.569,0.000,0.1090,1.751
1452,0,59,3.853,0.000,0.0848,3.689
1452,1,60,0.578,0.000,0.1262,1.746
1452,2,61,0.789,0.000,0.0993,1.747
1452,3,62,0.817,0.000,0.1020,1.746
1452,4,63,0.558,0.000,0.1023,1.748
1452,5,64,0.781,0.000,0.1037,1.748
1452,6,65,0.737,0.000,0.1025,1.747
1452,7,66,0.510,0.000,0.1041,1.748
1452,8,67,0.939,0.000,0.1063,1.748
1452,9,68,0.956,0.000,0.1058,1.749
1452,10,69,1.123,0.000,0.1032,1.749
1452,11,70,0.201,0.000,0.1090,1.749
1452,12,71,0.383,0.000,0.1081,1.749
1452,13,72,0.431,0.000,0.1087,1.750
1452,14,73,1.045,0.000,0.1090,1.751
1452,15,74,0.601,0.000,0.1058,1.740
1453,0,60,1.530,0.000,0.1262,1.746
1453,1,61,3.028,0.000,0.0993,1.747
1453,2,62,1.556,0.000,0.1020,1.746
1453,3,63,0.413,0.000,0.1023,1.748
1453,4,64,0.508,0.000,0.1037,1.748
1453,5,65,3.824,0.000,0.1025,1.747
1453,6,66,1.416,0.000,0.1041,1.748
1453,7,67,2.077,0.000,0.1063,1.748
1453,8,68,2.300,0.000,0.1058,1.749
1453,9,69,1.538,0.000,0.1032,1.749
1453,10,70,1.383,0.000,0.1090,1.749
1453,11,71,1.187,0.000,0.1081,1.749
1453,12,72,1.229,0.000,0.1087,1.750
1453,13,73,1.396,0.000,0.1090,1.751
1453,14,74,1.194,0.000,0.1058,1.740
1454,0,61,2.567,0.000,0.0993,1.747
1454,1,62,1.001,0.000,0.1020,1.746
1454,2,63,1.426,0.000,0.1023,1.748
1454,3,64,1.218,0.000,0.1037,1.748
1454,4,65,1.255,0.000,0.1025,1.747
1454,5,66,1.241,0.000,0.1041,1.748
1454,6,67,1.418,0.000,0.1063,1.748
1454,7,68,0.972,0.000,0.1058,1.749
1454,8,69,1.146,0.000,0.1032,1.749
1454,9,70,0.412,0.000,0.1090,1.749
1454,10,71,0.364,0.000,0.1081,1.749
1454,11,72,0.752,0.000,0.1087,1.750
1454,12,73,0.421,0.000,0.1090,1.751
1454,13,74,2.094,0.000,0.1058,1.740
1455,0,62,0.995,0.000,0.1020,1.746
1455,1,63,0.427,0.000,0.1023,1.748
1455,2,64,0.891,0.000,0.1037,1.748
1455,3,65,0.360,0.000,0.1025,1.747
1455,4,66,1.270,0.000,0.1041,1.748
1455,5,67,0.834,0.000,0.1063,1.748
1455,6,68,0.972,0.000,0.1058,1.749
1455,7,69,0.524,0.000,0.1032,1.749
1455,8,70,0.603,0.000,0.1090,1.749
1455,9,71,0.412,0.000,0.1081,1.749
1455,10,72,0.637,0.000,0.1087,1.750
1455,11,73,1.496,0.000,0.1090,1.751
1455,12,74,1.182,0.000,0.1058,1.740
1456,0,63,0.752,0.000,0.1023,1.748
1456,1,64,1.040,0.000,0.1037,1.748
1456,2,65,1.114,0.000,0.1025,1.747
1456,3,66,1.267,0.000,0.1041,1.748
1456,4,67,0.844,0.000,0.1063,1.748
1456,5,68,1.119,0.000,0.1058,1.749
1456,6,69,1.275,0.000,0.1032,1.749
1456,7,70,1.383,0.000,0.1090,1.749
1456,8,71,0.972,0.000,0.1081,1.749
1456,9,72,0.798,0.000,0.1087,1.750
1456,10,73,0.886,0.000,0.1090,1.751
1456,11,74,0.931,0.000,0.1058,1.740
1457,0,64,1.595,0.000,0.1037,1.748
1457,1,65,2.237,0.000,0.1025,1.747
1457,2,66,0.842,0.000,0.1041,1.748
1457,3,67,1.469,0.000,0.1063,1.748
1457,4,68,1.085,0.000,0.1058,1.749
1457,5,69,1.259,0.000,0.1032,1.749
1457,6,70,0.422,0.000,0.1090,1.749
1457,7,71,0.910,0.000,0.1081,1.749
1457,8,72,1.523,0.000,0.1087,1.750
1457,9,73,0.777,0.000,0.1090,1.751
1457,10,74,1.281,0.000,0.1058,1.740
1458,0,65,0.988,0.000,0.1025,1.747
1458,1,66,1.252,0.000,0.1041,1.748
1458,2,67,0.429,0.000,0.1063,1.748
1458,3,68,0.227,0.000,0.1058,1.749
1458,4,69,1.702,0.000,0.1032,1.749
1458,5,70,0.779,0.000,0.1090,1.749
1458,6,71,0.723,0.000,0.1081,1.749
1458,7,72,1.767,0.000,0.1087,1.750
1458,8,73,1.760,0.000,0.1090,1.751
1458,9,74,1.794,0.000,0.1058,1.740
1459,0,66,1.714,0.000,0.1041,1.748
1459,1,67,1.514,0.000,0.1063,1.748
1459,2,68,0.908,0.000,0.1058,1.749
1459,3,69,1.021,0.000,0.1032,1.749
1459,4,70,1.175,0.000,0.1090,1.749
1459,5,71,1.066,0.000,0.1081,1.749
1459,6,72,1.539,0.000,0.1087,1.750
1459,7,73,2.236,0.000,0.1090,1.751
1459,8,74,3.011,0.000,0.1058,1.740
1460,0,67,1.821,0.000,0.1063,1.748
1460,1,68,1.381,0.000,0.1058,1.749
1460,2,69,2.828,0.000,0.1032,1.749
1460,3,70,2.790,0.000,0.1090,1.749
1460,4,71,1.257,0.000,0.1081,1.749
1460,5,72,1.330,0.000,0.1087,1.750
1460,6,73,1.343,0.000,0.1090,1.751
1460,7,74,0.934,0.000,0.1058,1.740
1461,0,68,2.538,0.000,0.1058,1.749
1461,1,69,1.138,0.000,0.1032,1.749
1461,2,70,1.773,0.000,0.1090,1.749
1461,3,71,1.684,0.000,0.1081,1.749
1461,4,72,3.128,0.000,0.1087,1.750
1461,5,73,1.699,0.000,0.1090,1.751
1461,6,74,2.509,0.000,0.1058,1.740
1462,0,69,2.384,0.000,0.1032,1.749
1462,1,70,1.973,0.000,0.1090,1.749
1462,2,71,1.501,0.000,0.1081,1.749
1462,3,72,1.511,0.000,0.1087,1.750
1462,4,73,2.714,0.000,0.1090,1.751
1462,5,74,2.251,0.000,0.1058,1.740
1463,0,70,2.970,0.000,0.1090,1.749
1463,1,71,1.857,0.000,0.1081,1.749
1463,2,72,2.175,0.000,0.1087,1.750
1463,3,73,3.019,0.000,0.1090,1.751
1463,4,74,2.833,0.000,0.1058,1.740
1464,0,71,1.704,0.000,0.1081,1.749
1464,1,72,1.433,0.000,0.1087,1.750
1464,2,73,2.305,0.000,0.1090,1.751
1464,3,74,1.949,0.000,0.1058,1.740
1465,0,72,1.901,0.000,0.1087,1.750
1465,1,73,3.106,0.000,0.1090,1.751
1465,2,74,4.556,0.000,0.1058,1.740
1466,0,73,1.192,0.000,0.1090,1.751
1466,1,74,1.193,0.000,0.1058,1.740
1467,0,74,2.115,0.000,0.1058,1.740
1469,0,0,5.873,354.901,5.1027,35.490
1469,1,1,5.586,1172.772,3.8226,117.277
1469,2,2,6.214,49.025,1.4245,4.902
1469,3,3,2.202,0.003,0.0304,0.000
1469,4,4,0.719,0.001,0.0304,0.000
1469,5,5,0.841,0.002,0.0304,0.000
1469,6,6,1.535,0.003,0.0304,0.000
1469,7,7,1.212,0.001,0.0304,0.000
1469,8,8,0.951,0.002,0.0304,0.000
1469,9,9,0.481,0.003,0.0304,0.000
1469,10,10,1.671,0.001,0.0304,0.000
1469,11,11,2.208,3426.073,0.0304,0.000
1469,12,12,0.999,0.000,0.0304,342.607
1469,13,13,1.778,0.000,0.0304,162.445
1469,14,14,1.079,0.000,5.7688,19.521
1469,15,15,1.971,258.819,2.9775,0.117
1470,0,1,4.199,1172.772,3.8226,117.277
1470,1,2,3.044,49.025,1.4245,4.902
1470,2,3,1.938,0.003,0.0304,0.000
1470,3,4,2.463,0.001,0.0304,0.000
1470,4,5,0.903,0.002,0.0304,0.000
1470,5,6,1.148,0.003,0.0304,0.000
1470,6,7,0.835,0.001,0.0304,0.000
1470,7,8,1.030,0.002,0.0304,0.000
1470,8,9,1.247,0.003,0.0304,0.000
1470,9,10,1.837,0.001,0.0304,0.000
1470,10,11,1.621,3426.073,0.0304,0.000
1470,11,12,1.508,0.000,0.0304,342.607
1470,12,13,0.127,0.000,0.0304,162.445
1470,13,14,1.024,0.000,5.7688,19.521
1470,14,15,0.872,258.819,2.9775,0.117
1470,15,16,1.236,0.000,0.0154,25.741
1471,0,2,2.318,49.025,1.4245,4.902
1471,1,3,0.922,0.003,0.0304,0.000
1471,2,4,1.696,0.001,0.0304,0.000
1471,3,5,0.745,0.002,0.0304,0.000
1471,4,6,0.843,0.003,0.0304,0.000
1471,5,7,0.760,0.001,0.0304,0.000
1471,6,8,0.540,0.002,0.0304,0.000
1471,7,9,0.895,0.003,0.0304,0.000
1471,8,10,0.826,0.001,0.0304,0.000
1471,9,11,0.945,3426.073,0.0304,0.000
1471,10,12,0.657,0.000,0.0304,342.607
1471,11,13,0.924,0.000,0.0304,162.445
1471,12,14,0.942,0.000,5.7688,19.521
1471,13,15,1.170,258.819,2.9775,0.117
1471,14,16,0.518,0.000,0.0154,25.741
1471,15,17,0.530,241.182,0.0153,2.779
1472,0,3,0.756,0.003,0.0304,0.000
1472,1,4,1.325,0.001,0.0304,0.000
1472,2,5,0.520,0.002,0.0304,0.000
1472,3,6,1.047,0.003,0.0304,0.000
1472,4,7,0.718,0.001,0.0304,0.000
1472,5,8,0.677,0.002,0.0304,0.000
1472,6,9,1.530,0.003,0.0304,0.000
1472,7,10,1.072,0.001,0.0304,0.000
1472,8,11,0.645,3426.073,0.0304,0.000
1472,9,12,1.088,0.000,0.0304,342.607
1472,10,13,0.045,0.000,0.0304,162.445
1472,11,14,0.709,0.000,5.7688,19.521
1472,12,15,0.803,258.819,2.9775,0.117
1472,13,16,0.826,0.000,0.0154,25.741
1472,14,17,1.054,241.182,0.0153,2.779
1472,15,18,2.829,0.000,0.0147,23.344
1473,0,4,0.495,0.001,0.0304,0.000
1473,1,5,0.472,0.002,0.0304,0.000
1473,2,6,0.424,0.003,0.0304,0.000
1473,3,7,0.758,0.001,0.0304,0.000
1473,4,8,0.470,0.002,0.0304,0.000
1473,5,9,0.393,0.003,0.0304,0.000
1473,6,10,0.651,0.001,0.0304,0.000
1473,7,11,1.567,3426.073,0.0304,0.000
1473,8,12,0.566,0.000,0.0304,342.607
1473,9,13,1.174,0.000,0.0304,162.445
1473,10,14,1.064,0.000,5.7688,19.521
1473,11,15,0.864,258.819,2.9775,0.117
1473,12,16,0.548,0.000,0.0154,25.741
1473,13,17,1.454,241.182,0.0153,2.779
1473,14,18,0.648,0.000,0.0147,23.344
1473,15,19,0.652,207.106,0.0147,3.566
1474,0,5,1.182,0.002,0.0304,0.000
1474,1,6,0.632,0.003,0.0304,0.000
1474,2,7,1.138,0.001,0.0304,0.000
1474,3,8,0.380,0.002,0.0304,0.000
1474,4,9,0.169,0.003,0.0304,0.000
1474,5,10,0.917,0.001,0.0304,0.000
1474,6,11,1.032,3426.073,0.0304,0.000
1474,7,12,0.676,0.000,0.0304,342.607
1474,8,13,0.433,0.000,0.0304,162.445
1474,9,14,0.875,0.000,5.7688,19.521
1474,10,15,0.656,258.819,2.9775,0.117
1474,11,16,0.201,0.000,0.0154,25.741
1474,12,17,0.397,241.182,0.0153,2.779
1474,13,18,1.126,0.000,0.0147,23.344
1474,14,19,0.557,207.106,0.0147,3.566
1474,15,20,0.208,158.919,0.0140,19.787
1475,0,6,2.147,0.003,0.0304,0.000
1475,1,7,0.803,0.001,0.0304,0.000
1475,2,8,1.474,0.002,0.0304,0.000
1475,3,9,1.108,0.003,0.0304,0.000
1475,4,10,1.085,0.001,0.0304,0.000
1475,5,11,342.088,3426.073,0.0304,0.000
1475,6,12,2.481,0.000,0.0304,342.607
1475,7,13,0.975,0.000,0.0304,162.445
1475,8,14,0.801,0.000,5.7688,19.521
1475,9,15,26.127,258.819,2.9775,0.117
1475,10,16,0.765,0.000,0.0154,25.741
1475,11,17,23.767,241.182,0.0153,2.779
1475,12,18,0.686,0.000,0.0147,23.344
1475,13,19,22.110,207.106,0.0147,3.566
1475,14,20,15.738,158.919,0.0140,19.787
1475,15,21,9.892,99.900,0.0140,15.085
1476,0,7,0.783,0.001,0.0304,0.000
1476,1,8,0.574,0.002,0.0304,0.000
1476,2,9,2.994,0.003,0.0304,0.000
1476,3,10,3.813,0.001,0.0304,0.000
1476,4,11,20.334,3426.073,0.0304,0.000
1476,5,12,4.832,0.000,0.0304,342.607
1476,6,13,3.864,0.000,0.0304,162.445
1476,7,14,3.212,0.000,5.7688,19.521
1476,8,15,3.083,258.819,2.9775,0.117
1476,9,16,1.352,0.000,0.0154,25.741
1476,10,17,1.772,241.182,0.0153,2.779
1476,11,18,3.505,0.000,0.0147,23.344
1476,12,19,2.447,207.106,0.0147,3.566
1476,13,20,2.205,158.919,0.0140,19.787
1476,14,21,1.714,99.900,0.0140,15.085
1476,15,22,1.903,34.075,0.0132,9.468
1477,0,8,1.055,0.002,0.0304,0.000
1477,1,9,0.922,0.003,0.0304,0.000
1477,2,10,0.658,0.001,0.0304,0.000
1477,3,11,1.495,3426.073,0.0304,0.000
1477,4,12,1.173,0.000,0.0304,342.607
1477,5,13,0.243,0.000,0.0304,162.445
1477,6,14,0.711,0.000,5.7688,19.521
1477,7,15,0.670,258.819,2.9775,0.117
1477,8,16,1.380,0.000,0.0154,25.741
1477,9,17,0.316,241.182,0.0153,2.779
1477,10,18,0.542,0.000,0.0147,23.344
1477,11,19,0.654,207.106,0.0147,3.566
1477,12,20,0.483,158.919,0.0140,19.787
1477,13,21,0.265,99.900,0.0140,15.085
1477,14,22,0.632,34.075,0.0132,9.468
1477,15,23,0.556,0.000,0.0126,3.199
1478,0,9,0.443,0.003,0.0304,0.000
1478,1,10,1.048,0.001,0.0304,0.000
1478,2,11,1.933,3426.073,0.0304,0.000
1478,3,12,4.411,0.000,0.0304,342.607
1478,4,13,1.536,0.000,0.0304,162.445
1478,5,14,1.323,0.000,5.7688,19.521
1478,6,15,0.575,258.819,2.9775,0.117
1478,7,16,0.862,0.000,0.0154,25.741
1478,8,17,0.468,241.182,0.0153,2.779
1478,9,18,0.606,0.000,0.0147,23.344
1478,10,19,0.763,207.106,0.0147,3.566
1478,11,20,1.427,158.919,0.0140,19.787
1478,12,21,0.344,99.900,0.0140,15.085
1478,13,22,1.277,34.075,0.0132,9.468
1478,14,23,1.630,0.000,0.0126,3.199
1478,15,24,1.880,0.000,0.0122,3.365
1479,0,10,2.526,0.001,0.0304,0.000
1479,1,11,3.373,3426.073,0.0304,0.000
1479,2,12,1.549,0.000,0.0304,342.607
1479,3,13,1.289,0.000,0.0304,162.445
1479,4,14,2.010,0.000,5.7688,19.521
1479,5,15,1.181,258.819,2.9775,0.117
1479,6,16,0.896,0.000,0.0154,25.741
1479,7,17,0.303,241.182,0.0153,2.779
1479,8,18,1.459,0.000,0.0147,23.344
1479,9,19,0.613,207.106,0.0147,3.566
1479,10,20,1.468,158.919,0.0140,19.787
1479,11,21,1.350,99.900,0.0140,15.085
1479,12,22,1.115,34.075,0.0132,9.468
1479,13,23,2.058,0.000,0.0126,3.199
1479,14,24,2.785,0.000,0.0122,3.365
1479,15,25,1.248,0.000,0.1152,3.332
1480,0,11,3.261,3426.073,0.0304,0.000
1480,1,12,338.024,0.000,0.0304,342.607
1480,2,13,2.601,0.000,0.0304,162.445
1480,3,14,1.139,0.000,5.7688,19.521
1480,4,15,1.946,258.819,2.9775,0.117
1480,5,16,24.800,0.000,0.0154,25.741
1480,6,17,0.896,241.182,0.0153,2.779
1480,7,18,24.241,0.000,0.0147,23.344
1480,8,19,2.382,207.106,0.0147,3.566
1480,9,20,19.853,158.919,0.0140,19.787
1480,10,21,16.715,99.900,0.0140,15.085
1480,11,22,10.325,34.075,0.0132,9.468
1480,12,23,3.189,0.000,0.0126,3.199
1480,13,24,0.690,0.000,0.0122,3.365
1480,14,25,1.796,0.000,0.1152,3.332
1480,15,26,3.764,0.000,0.1136,3.333
1481,0,12,339.404,0.000,0.0304,342.607
1481,1,13,1.344,0.000,0.0304,162.445
1481,2,14,0.428,0.000,5.7688,19.521
1481,3,15,1.059,258.819,2.9775,0.117
1481,4,16,24.769,0.000,0.0154,25.741
1481,5,17,0.963,241.182,0.0153,2.779
1481,6,18,23.836,0.000,0.0147,23.344
1481,7,19,0.728,207.106,0.0147,3.566
1481,8,20,21.224,158.919,0.0140,19.787
1481,9,21,16.094,99.900,0.0140,15.085
1481,10,22,10.095,34.075,0.0132,9.468
1481,11,23,3.841,0.000,0.0126,3.199
1481,12,24,0.725,0.000,0.0122,3.365
1481,13,25,0.927,0.000,0.1152,3.332
1481,14,26,1.831,0.000,0.1136,3.333
1481,15,27,0.670,0.000,0.1136,3.333
1482,0,13,342.901,0.000,0.0304,162.445
1482,1,14,0.794,0.000,5.7688,19.521
1482,2,15,0.296,258.819,2.9775,0.117
1482,3,16,26.553,0.000,0.0154,25.741
1482,4,17,26.004,241.182,0.0153,2.779
1482,5,18,24.231,0.000,0.0147,23.344
1482,6,19,24.514,207.106,0.0147,3.566
1482,7,20,21.059,158.919,0.0140,19.787
1482,8,21,36.511,99.900,0.0140,15.085
1482,9,22,26.125,34.075,0.0132,9.468
1482,10,23,13.464,0.000,0.0126,3.199
1482,11,24,3.296,0.000,0.0122,3.365
1482,12,25,1.105,0.000,0.1152,3.332
1482,13,26,0.463,0.000,0.1136,3.333
1482,14,27,0.807,0.000,0.1136,3.333
1482,15,28,0.559,0.000,0.1132,3.332
1483,0,14,0.530,0.000,5.7688,19.521
1483,1,15,1.028,258.819,2.9775,0.117
1483,2,16,0.607,0.000,0.0154,25.741
1483,3,17,0.139,241.182,0.0153,2.779
1483,4,18,0.465,0.000,0.0147,23.344
1483,5,19,0.110,207.106,0.0147,3.566
1483,6,20,0.840,158.919,0.0140,19.787
1483,7,21,0.354,99.900,0.0140,15.085
1483,8,22,0.595,34.075,0.0132,9.468
1483,9,23,0.549,0.000,0.0126,3.199
1483,10,24,0.427,0.000,0.0122,3.365
1483,11,25,0.486,0.000,0.1152,3.332
1483,12,26,0.515,0.000,0.1136,3.333
1483,13,27,0.426,0.000,0.1136,3.333
1483,14,28,0.276,0.000,0.1132,3.332
1483,15,29,0.485,0.000,0.1132,3.332
1484,0,15,0.690,258.819,2.9775,0.117
1484,1,16,0.226,0.000,0.0154,25.741
1484,2,17,0.301,241.182,0.0153,2.779
1484,3,18,0.490,0.000,0.0147,23.344
1484,4,19,0.799,207.106,0.0147,3.566
1484,5,20,0.507,158.919,0.0140,19.787
1484,6,21,0.138,99.900,0.0140,15.085
1484,7,22,0.425,34.075,0.0132,9.468
1484,8,23,0.885,0.000,0.0126,3.199
1484,9,24,0.798,0.000,0.0122,3.365
1484,10,25,0.378,0.000,0.1152,3.332
1484,11,26,0.401,0.000,0.1136,3.333
1484,12,27,0.483,0.000,0.1136,3.333
1484,13,28,0.325,0.000,0.1132,3.332
1484,14,29,0.750,0.000,0.1132,3.332
1484,15,30,0.312,0.000,0.1130,3.332
1485,0,16,1.154,0.000,0.0154,25.741
1485,1,17,1.183,241.182,0.0153,2.779
1485,2,18,0.689,0.000,0.0147,23.344
1485,3,19,0.928,207.106,0.0147,3.566
1485,4,20,0.701,158.919,0.0140,19.787
1485,5,21,0.537,99.900,0.0140,15.085
1485,6,22,0.457,34.075,0.0132,9.468
1485,7,23,0.806,0.000,0.0126,3.199
1485,8,24,0.414,0.000,0.0122,3.365
1485,9,25,0.200,0.000,0.1152,3.332
1485,10,26,0.894,0.000,0.1136,3.333
1485,11,27,0.438,0.000,0.1136,3.333
1485,12,28,0.432,0.000,0.1132,3.332
1485,13,29,0.412,0.000,0.1132,3.332
1485,14,30,1.487,0.000,0.1130,3.332
1485,15,31,0.429,0.000,0.1137,3.332
1486,0,17,0.357,241.182,0.0153,2.779
1486,1,18,0.363,0.000,0.0147,23.344
1486,2,19,0.712,207.106,0.0147,3.566
1486,3,20,0.886,158.919,0.0140,19.787
1486,4,21,0.458,99.900,0.0140,15.085
1486,5,22,0.421,34.075,0.0132,9.468
1486,6,23,1.047,0.000,0.0126,3.199
1486,7,24,0.339,0.000,0.0122,3.365
1486,8,25,0.735,0.000,0.1152,3.332
1486,9,26,0.240,0.000,0.1136,3.333
1486,10,27,0.436,0.000,0.1136,3.333
1486,11,28,0.478,0.000,0.1132,3.332
1486,12,29,0.364,0.000,0.1132,3.332
1486,13,30,0.649,0.000,0.1130,3.332
1486,14,31,0.329,0.000,0.1137,3.332
1486,15,32,0.584,0.000,0.1131,3.332
1487,0,18,1.046,0.000,0.0147,23.344
1487,1,19,0.658,207.106,0.0147,3.566
1487,2,20,0.655,158.919,0.0140,19.787
1487,3,21,0.690,99.900,0.0140,15.085
1487,4,22,0.649,34.075,0.0132,9.468
1487,5,23,0.477,0.000,0.0126,3.199
1487,6,24,0.715,0.000,0.0122,3.365
1487,7,25,0.184,0.000,0.1152,3.332
1487,8,26,0.204,0.000,0.1136,3.333
1487,9,27,0.641,0.000,0.1136,3.333
1487,10,28,0.308,0.000,0.1132,3.332
1487,11,29,0.387,0.000,0.1132,3.332
1487,12,30,0.335,0.000,0.1130,3.332
1487,13,31,0.107,0.000,0.1137,3.332
1487,14,32,1.174,0.000,0.1131,3.332
1487,15,33,0.332,0.000,0.1136,3.332
1488,0,19,0.852,207.106,0.0147,3.566
1488,1,20,1.026,158.919,0.0140,19.787
1488,2,21,0.864,99.900,0.0140,15.085
1488,3,22,0.316,34.075,0.0132,9.468
1488,4,23,0.724,0.000,0.0126,3.199
1488,5,24,1.557,0.000,0.0122,3.365
1488,6,25,0.594,0.000,0.1152,3.332
1488,7,26,0.266,0.000,0.1136,3.333
1488,8,27,0.738,0.000,0.1136,3.333
1488,9,28,0.523,0.000,0.1132,3.332
1488,10,29,1.820,0.000,0.1132,3.332
1488,11,30,1.084,0.000,0.1130,3.332
1488,12,31,0.481,0.000,0.1137,3.332
1488,13,32,0.988,0.000,0.1131,3.332
1488,14,33,5.013,0.000,0.1136,3.332
1488,15,34,2.310,1000.000,0.1129,3.332
1489,0,20,1.032,158.919,0.0140,19.787
1489,1,21,0.334,99.900,0.0140,15.085
1489,2,22,0.910,34.075,0.0132,9.468
1489,3,23,0.737,0.000,0.0126,3.199
1489,4,24,0.347,0.000,0.0122,3.365
1489,5,25,0.821,0.000,0.1152,3.332
1489,6,26,0.118,0.000,0.1136,3.333
1489,7,27,0.461,0.000,0.1136,3.333
1489,8,28,0.502,0.000,0.1132,3.332
1489,9,29,0.562,0.000,0.1132,3.332
1489,10,30,0.575,0.000,0.1130,3.332
1489,11,31,1.006,0.000,0.1137,3.332
1489,12,32,0.557,0.000,0.1131,3.332
1489,13,33,0.572,0.000,0.1136,3.332
1489,14,34,0.962,1000.000,0.1129,3.332
1489,15,35,1.682,0.000,0.1132,12.118
1490,0,21,0.361,99.900,0.0140,15.085
1490,1,22,0.583,34.075,0.0132,9.468
1490,2,23,0.281,0.000,0.0126,3.199
1490,3,24,0.648,0.000,0.0122,3.365
1490,4,25,0.287,0.000,0.1152,3.332
1490,5,26,0.450,0.000,0.1136,3.333
1490,6,27,0.702,0.000,0.1136,3.333
1490,7,28,0.690,0.000,0.1132,3.332
1490,8,29,0.199,0.000,0.1132,3.332
1490,9,30,0.430,0.000,0.1130,3.332
1490,10,31,0.755,0.000,0.1137,3.332
1490,11,32,0.556,0.000,0.1131,3.332
1490,12,33,0.376,0.000,0.1136,3.332
1490,13,34,0.591,1000.000,0.1129,3.332
1490,14,35,0.449,0.000,0.1132,12.118
1490,15,36,0.484,1028.265,1.3620,1.154
1491,0,22,1.124,34.075,0.0132,9.468
1491,1,23,1.039,0.000,0.0126,3.199
1491,2,24,0.221,0.000,0.0122,3.365
1491,3,25,0.965,0.000,0.1152,3.332
1491,4,26,1.198,0.000,0.1136,3.333
1491,5,27,0.572,0.000,0.1136,3.333
1491,6,28,0.652,0.000,0.1132,3.332
1491,7,29,0.330,0.000,0.1132,3.332
1491,8,30,1.035,0.000,0.1130,3.332
1491,9,31,1.192,0.000,0.1137,3.332
1491,10,32,1.685,0.000,0.1131,3.332
1491,11,33,1.338,0.000,0.1136,3.332
1491,12,34,1.633,1000.000,0.1129,3.332
1491,13,35,1.327,0.000,0.1132,12.118
1491,14,36,2.950,1028.265,1.3620,1.154
1491,15,37,1.192,0.000,0.1008,123.331
1492,0,23,3.906,0.000,0.0126,3.199
1492,1,24,1.286,0.000,0.0122,3.365
1492,2,25,0.645,0.000,0.1152,3.332
1492,3,26,1.238,0.000,0.1136,3.333
1492,4,27,0.329,0.000,0.1136,3.333
1492,5,28,0.324,0.000,0.1132,3.332
1492,6,29,0.500,0.000,0.1132,3.332
1492,7,30,0.535,0.000,0.1130,3.332
1492,8,31,0.468,0.000,0.1137,3.332
1492,9,32,0.486,0.000,0.1131,3.332
1492,10,33,0.295,0.000,0.1136,3.332
1492,11,34,0.536,1000.000,0.1129,3.332
1492,12,35,0.847,0.000,0.1132,12.118
1492,13,36,0.206,1028.265,1.3620,1.154
1492,14,37,1.436,0.000,0.1008,123.331
1492,15,38,1.292,0.000,4.4499,47.021
1493,0,24,0.134,0.000,0.0122,3.365
1493,1,25,0.471,0.000,0.1152,3.332
1493,2,26,0.850,0.000,0.1136,3.333
1493,3,27,0.449,0.000,0.1136,3.333
1493,4,28,0.550,0.000,0.1132,3.332
1493,5,29,0.342,0.000,0.1132,3.332
1493,6,30,1.497,0.000,0.1130,3.332
1493,7,31,0.201,0.000,0.1137,3.332
1493,8,32,0.292,0.000,0.1131,3.332
1493,9,33,0.231,0.000,0.1136,3.332
1493,10,34,0.494,1000.000,0.1129,3.332
1493,11,35,0.477,0.000,0.1132,12.118
1493,12,36,1.283,1028.265,1.3620,1.154
1493,13,37,0.134,0.000,0.1008,123.331
1493,14,38,0.265,0.000,4.4499,47.021
1493,15,39,0.681,0.000,2.5710,14.447
1494,0,25,0.303,0.000,0.1152,3.332
1494,1,26,0.404,0.000,0.1136,3.333
1494,2,27,0.462,0.000,0.1136,3.333
1494,3,28,1.134,0.000,0.1132,3.332
1494,4,29,0.797,0.000,0.1132,3.332
1494,5,30,0.291,0.000,0.1130,3.332
1494,6,31,0.687,0.000,0.1137,3.332
1494,7,32,1.168,0.000,0.1131,3.332
1494,8,33,0.751,0.000,0.1136,3.332
1494,9,34,0.836,1000.000,0.1129,3.332
1494,10,35,0.620,0.000,0.1132,12.118
1494,11,36,0.321,1028.265,1.3620,1.154
1494,12,37,0.672,0.000,0.1008,123.331
1494,13,38,0.850,0.000,4.4499,47.021
1494,14,39,0.422,0.000,2.5710,14.447
1494,15,40,0.458,0.000,0.9925,2.074
1495,0,26,0.475,0.000,0.1136,3.333
1495,1,27,0.639,0.000,0.1136,3.333
1495,2,28,0.273,0.000,0.1132,3.332
1495,3,29,0.364,0.000,0.1132,3.332
1495,4,30,0.845,0.000,0.1130,3.332
1495,5,31,0.681,0.000,0.1137,3.332
1495,6,32,0.354,0.000,0.1131,3.332
1495,7,33,0.385,0.000,0.1136,3.332
1495,8,34,0.233,1000.000,0.1129,3.332
1495,9,35,0.709,0.000,0.1132,12.118
1495,10,36,0.976,1028.265,1.3620,1.154
1495,11,37,0.483,0.000,0.1008,123.331
1495,12,38,0.561,0.000,4.4499,47.021
1495,13,39,0.348,0.000,2.5710,14.447
1495,14,40,0.229,0.000,0.9925,2.074
1495,15,41,1.094,0.000,0.8270,1.127
1496,0,27,1.485,0.000,0.1136,3.333
1496,1,28,1.618,0.000,0.1132,3.332
1496,2,29,0.538,0.000,0.1132,3.332
1496,3,30,0.737,0.000,0.1130,3.332
1496,4,31,0.717,0.000,0.1137,3.332
1496,5,32,0.403,0.000,0.1131,3.332
1496,6,33,1.005,0.000,0.1136,3.332
1496,7,34,0.527,1000.000,0.1129,3.332
1496,8,35,0.226,0.000,0.1132,12.118
1496,9,36,0.799,1028.265,1.3620,1.154
1496,10,37,0.524,0.000,0.1008,123.331
1496,11,38,0.701,0.000,4.4499,47.021
1496,12,39,0.267,0.000,2.5710,14.447
1496,13,40,0.865,0.000,0.9925,2.074
1496,14,41,7.040,0.000,0.8270,1.127
1496,15,42,0.350,0.000,0.0671,1.128
1497,0,28,0.648,0.000,0.1132,3.332
1497,1,29,0.498,0.000,0.1132,3.332
1497,2,30,0.536,0.000,0.1130,3.332
1497,3,31,0.484,0.000,0.1137,3.332
1497,4,32,1.028,0.000,0.1131,3.332
1497,5,33,0.847,0.000,0.1136,3.332
1497,6,34,0.164,1000.000,0.1129,3.332
1497,7,35,0.790,0.000,0.1132,12.118
1497,8,36,1.073,1028.265,1.3620,1.154
1497,9,37,0.541,0.000,0.1008,123.331
1497,10,38,0.915,0.000,4.4499,47.021
1497,11,39,0.494,0.000,2.5710,14.447
1497,12,40,0.475,0.000,0.9925,2.074
1497,13,41,0.513,0.000,0.8270,1.127
1497,14,42,0.439,0.000,0.0671,1.128
1497,15,43,3.851,0.000,0.0660,1.127
1498,0,29,0.443,0.000,0.1132,3.332
1498,1,30,1.345,0.000,0.1130,3.332
1498,2,31,1.118,0.000,0.1137,3.332
1498,3,32,1.149,0.000,0.1131,3.332
1498,4,33,0.818,0.000,0.1136,3.332
1498,5,34,1.452,1000.000,0.1129,3.332
1498,6,35,1.059,0.000,0.1132,12.118
1498,7,36,2.474,1028.265,1.3620,1.154
1498,8,37,0.778,0.000,0.1008,123.331
1498,9,38,1.061,0.000,4.4499,47.021
1498,10,39,0.428,0.000,2.5710,14.447
1498,11,40,1.587,0.000,0.9925,2.074
1498,12,41,0.419,0.000,0.8270,1.127
1498,13,42,0.242,0.000,0.0671,1.128
1498,14,43,1.423,0.000,0.0660,1.127
1498,15,44,0.538,0.000,0.0661,1.127
1499,0,30,2.076,0.000,0.1130,3.332
1499,1,31,3.401,0.000,0.1137,3.332
1499,2,32,1.166,0.000,0.1131,3.332
1499,3,33,0.999,0.000,0.1136,3.332
1499,4,34,1.412,1000.000,0.1129,3.332
1499,5,35,0.553,0.000,0.1132,12.118
1499,6,36,0.864,1028.265,1.3620,1.154
1499,7,37,0.962,0.000,0.1008,123.331
1499,8,38,1.906,0.000,4.4499,47.021
1499,9,39,0.446,0.000,2.5710,14.447
1499,10,40,2.432,0.000,0.9925,2.074
1499,11,41,0.539,0.000,0.8270,1.127
1499,12,42,0.921,0.000,0.0671,1.128
1499,13,43,0.962,0.000,0.0660,1.127
1499,14,44,0.304,0.000,0.0661,1.127
1499,15,45,1.071,0.000,0.0661,1.127
1500,0,31,0.665,0.000,0.1137,3.332
1500,1,32,0.167,0.000,0.1131,3.332
1500,2,33,0.376,0.000,0.1136,3.332
1500,3,34,99.903,1000.000,0.1129,3.332
1500,4,35,0.657,0.000,0.1132,12.118
1500,5,36,102.233,1028.265,1.3620,1.154
1500,6,37,0.872,0.000,0.1008,123.331
1500,7,38,0.516,0.000,4.4499,47.021
1500,8,39,0.417,0.000,2.5710,14.447
1500,9,40,0.386,0.000,0.9925,2.074
1500,10,41,0.699,0.000,0.8270,1.127
1500,11,42,0.347,0.000,0.0671,1.128
1500,12,43,0.899,0.000,0.0660,1.127
1500,13,44,0.188,0.000,0.0661,1.127
1500,14,45,0.541,0.000,0.0661,1.127
1500,15,46,1.719,0.000,0.0656,1.127
1501,0,32,1.160,0.000,0.1131,3.332
1501,1,33,0.344,0.000,0.1136,3.332
1501,2,34,99.364,1000.000,0.1129,3.332
1501,3,35,0.872,0.000,0.1132,12.118
1501,4,36,101.662,1028.265,1.3620,1.154
1501,5,37,0.591,0.000,0.1008,123.331
1501,6,38,1.080,0.000,4.4499,47.021
1501,7,39,0.588,0.000,2.5710,14.447
1501,8,40,0.465,0.000,0.9925,2.074
1501,9,41,2.849,0.000,0.8270,1.127
1501,10,42,0.526,0.000,0.0671,1.128
1501,11,43,1.032,0.000,0.0660,1.127
1501,12,44,0.635,0.000,0.0661,1.127
1501,13,45,0.534,0.000,0.0661,1.127
1501,14,46,0.665,0.000,0.0656,1.127
1501,15,47,0.566,0.000,0.0659,1.127
1502,0,33,0.842,0.000,0.1136,3.332
1502,1,34,1.306,1000.000,0.1129,3.332
1502,2,35,0.606,0.000,0.1132,12.118
1502,3,36,1.502,1028.265,1.3620,1.154
1502,4,37,1.356,0.000,0.1008,123.331
1502,5,38,0.333,0.000,4.4499,47.021
1502,6,39,0.496,0.000,2.5710,14.447
1502,7,40,0.920,0.000,0.9925,2.074
1502,8,41,0.510,0.000,0.8270,1.127
1502,9,42,0.594,0.000,0.0671,1.128
1502,10,43,0.377,0.000,0.0660,1.127
1502,11,44,0.603,0.000,0.0661,1.127
1502,12,45,0.286,0.000,0.0661,1.127
1502,13,46,0.366,0.000,0.0656,1.127
1502,14,47,0.417,0.000,0.0659,1.127
1502,15,48,0.652,0.000,0.0654,1.127
1503,0,34,98.281,1000.000,0.1129,3.332
1503,1,35,4.190,0.000,0.1132,12.118
1503,2,36,102.430,1028.265,1.3620,1.154
1503,3,37,0.760,0.000,0.1008,123.331
1503,4,38,0.815,0.000,4.4499,47.021
1503,5,39,0.775,0.000,2.5710,14.447
1503,6,40,0.914,0.000,0.9925,2.074
1503,7,41,0.442,0.000,0.8270,1.127
1503,8,42,0.769,0.000,0.0671,1.128
1503,9,43,0.254,0.000,0.0660,1.127
1503,10,44,0.526,0.000,0.0661,1.127
1503,11,45,1.747,0.000,0.0661,1.127
1503,12,46,0.655,0.000,0.0656,1.127
1503,13,47,0.602,0.000,0.0659,1.127
1503,14,48,1.752,0.000,0.0654,1.127
1503,15,49,1.717,0.000,0.0651,1.127
1504,0,35,0.659,0.000,0.1132,12.118
1504,1,36,1.597,1028.265,1.3620,1.154
1504,2,37,0.903,0.000,0.1008,123.331
1504,3,38,0.316,0.000,4.4499,47.021
1504,4,39,0.882,0.000,2.5710,14.447
1504,5,40,1.087,0.000,0.9925,2.074
1504,6,41,1.273,0.000,0.8270,1.127
1504,7,42,0.945,0.000,0.0671,1.128
1504,8,43,0.753,0.000,0.0660,1.127
1504,9,44,0.630,0.000,0.0661,1.127
1504,10,45,1.231,0.000,0.0661,1.127
1504,11,46,0.326,0.000,0.0656,1.127
1504,12,47,0.425,0.000,0.0659,1.127
1504,13,48,0.542,0.000,0.0654,1.127
1504,14,49,1.523,0.000,0.0651,1.127
1504,15,50,2.535,258.820,0.0658,1.127
1505,0,36,1.993,1028.265,1.3620,1.154
1505,1,37,0.774,0.000,0.1008,123.331
1505,2,38,1.385,0.000,4.4499,47.021
1505,3,39,0.942,0.000,2.5710,14.447
1505,4,40,0.306,0.000,0.9925,2.074
1505,5,41,0.888,0.000,0.8270,1.127
1505,6,42,1.283,0.000,0.0671,1.128
1505,7,43,1.287,0.000,0.0660,1.127
1505,8,44,1.021,0.000,0.0661,1.127
1505,9,45,0.416,0.000,0.0661,1.127
1505,10,46,0.573,0.000,0.0656,1.127
1505,11,47,0.475,0.000,0.0659,1.127
1505,12,48,1.055,0.000,0.0654,1.127
1505,13,49,1.623,0.000,0.0651,1.127
1505,14,50,2.431,258.820,0.0658,1.127
1505,15,51,13.271,0.000,0.0646,25.774
1506,0,37,1.314,0.000,0.1008,123.331
1506,1,38,1.161,0.000,4.4499,47.021
1506,2,39,0.499,0.000,2.5710,14.447
1506,3,40,0.831,0.000,0.9925,2.074
1506,4,41,0.209,0.000,0.8270,1.127
1506,5,42,0.704,0.000,0.0671,1.128
1506,6,43,0.784,0.000,0.0660,1.127
1506,7,44,0.578,0.000,0.0661,1.127
1506,8,45,0.380,0.000,0.0661,1.127
1506,9,46,0.186,0.000,0.0656,1.127
1506,10,47,0.519,0.000,0.0659,1.127
1506,11,48,0.926,0.000,0.0654,1.127
1506,12,49,1.222,0.000,0.0651,1.127
1506,13,50,2.575,258.820,0.0658,1.127
1506,14,51,8.582,0.000,0.0646,25.774
1506,15,52,3.350,241.181,0.0646,4.565
1507,0,38,1.423,0.000,4.4499,47.021
1507,1,39,3.167,0.000,2.5710,14.447
1507,2,40,1.206,0.000,0.9925,2.074
1507,3,41,0.590,0.000,0.8270,1.127
1507,4,42,1.690,0.000,0.0671,1.128
1507,5,43,1.512,0.000,0.0660,1.127
1507,6,44,0.945,0.000,0.0661,1.127
1507,7,45,0.394,0.000,0.0661,1.127
1507,8,46,0.763,0.000,0.0656,1.127
1507,9,47,0.824,0.000,0.0659,1.127
1507,10,48,0.642,0.000,0.0654,1.127
1507,11,49,0.961,0.000,0.0651,1.127
1507,12,50,1.028,258.820,0.0658,1.127
1507,13,51,1.705,0.000,0.0646,25.774
1507,14,52,1.344,241.181,0.0646,4.565
1507,15,53,2.232,0.000,0.0678,23.183
1508,0,39,4.362,0.000,2.5710,14.447
1508,1,40,1.743,0.000,0.9925,2.074
1508,2,41,0.704,0.000,0.8270,1.127
1508,3,42,0.929,0.000,0.0671,1.128
1508,4,43,0.885,0.000,0.0660,1.127
1508,5,44,0.601,0.000,0.0661,1.127
1508,6,45,0.471,0.000,0.0661,1.127
1508,7,46,0.108,0.000,0.0656,1.127
1508,8,47,0.476,0.000,0.0659,1.127
1508,9,48,1.318,0.000,0.0654,1.127
1508,10,49,2.126,0.000,0.0651,1.127
1508,11,50,3.917,258.820,0.0658,1.127
1508,12,51,1.646,0.000,0.0646,25.774
1508,13,52,2.435,241.181,0.0646,4.565
1508,14,53,2.089,0.000,0.0678,23.183
1508,15,54,2.172,207.107,0.0679,4.891
1509,0,40,0.739,0.000,0.9925,2.074
1509,1,41,0.533,0.000,0.8270,1.127
1509,2,42,0.667,0.000,0.0671,1.128
1509,3,43,0.406,0.000,0.0660,1.127
1509,4,44,0.650,0.000,0.0661,1.127
1509,5,45,0.543,0.000,0.0661,1.127
1509,6,46,0.460,0.000,0.0656,1.127
1509,7,47,0.992,0.000,0.0659,1.127
1509,8,48,0.377,0.000,0.0654,1.127
1509,9,49,1.316,0.000,0.0651,1.127
1509,10,50,2.748,258.820,0.0658,1.127
1509,11,51,0.648,0.000,0.0646,25.774
1509,12,52,1.795,241.181,0.0646,4.565
1509,13,53,1.407,0.000,0.0678,23.183
1509,14,54,1.613,207.107,0.0679,4.891
1509,15,55,0.502,0.000,0.0730,19.484
1510,0,41,0.466,0.000,0.8270,1.127
1510,1,42,0.638,0.000,0.0671,1.128
1510,2,43,0.777,0.000,0.0660,1.127
1510,3,44,0.753,0.000,0.0661,1.127
1510,4,45,0.575,0.000,0.0661,1.127
1510,5,46,0.726,0.000,0.0656,1.127
1510,6,47,0.292,0.000,0.0659,1.127
1510,7,48,1.031,0.000,0.0654,1.127
1510,8,49,0.361,0.000,0.0651,1.127
1510,9,50,1.018,258.820,0.0658,1.127
1510,10,51,2.677,0.000,0.0646,25.774
1510,11,52,0.329,241.181,0.0646,4.565
1510,12,53,1.255,0.000,0.0678,23.183
1510,13,54,1.011,207.107,0.0679,4.891
1510,14,55,0.908,0.000,0.0730,19.484
1510,15,56,1.001,158.918,0.0718,3.997
1511,0,42,0.506,0.000,0.0671,1.128
1511,1,43,0.306,0.000,0.0660,1.127
1511,2,44,0.051,0.000,0.0661,1.127
1511,3,45,0.684,0.000,0.0661,1.127
1511,4,46,0.386,0.000,0.0656,1.127
1511,5,47,0.712,0.000,0.0659,1.127
1511,6,48,0.210,0.000,0.0654,1.127
1511,7,49,0.438,0.000,0.0651,1.127
1511,8,50,0.779,258.820,0.0658,1.127
1511,9,51,1.312,0.000,0.0646,25.774
1511,10,52,0.794,241.181,0.0646,4.565
1511,11,53,0.750,0.000,0.0678,23.183
1511,12,54,1.377,207.107,0.0679,4.891
1511,13,55,0.572,0.000,0.0730,19.484
1511,14,56,0.465,158.918,0.0718,3.997
1511,15,57,2.098,99.901,0.0763,14.802
1512,0,43,1.142,0.000,0.0660,1.127
1512,1,44,0.397,0.000,0.0661,1.127
1512,2,45,0.423,0.000,0.0661,1.127
1512,3,46,0.640,0.000,0.0656,1.127
1512,4,47,0.936,0.000,0.0659,1.127
1512,5,48,0.665,0.000,0.0654,1.127
1512,6,49,1.055,0.000,0.0651,1.127
1512,7,50,1.459,258.820,0.0658,1.127
1512,8,51,1.252,0.000,0.0646,25.774
1512,9,52,1.808,241.181,0.0646,4.565
1512,10,53,0.716,0.000,0.0678,23.183
1512,11,54,1.542,207.107,0.0679,4.891
1512,12,55,0.477,0.000,0.0730,19.484
1512,13,56,1.028,158.918,0.0718,3.997
1512,14,57,3.229,99.901,0.0763,14.802
1512,15,58,0.854,34.074,0.0765,9.323
1513,0,44,0.457,0.000,0.0661,1.127
1513,1,45,0.358,0.000,0.0661,1.127
1513,2,46,1.164,0.000,0.0656,1.127
1513,3,47,1.060,0.000,0.0659,1.127
1513,4,48,0.272,0.000,0.0654,1.127
1513,5,49,0.603,0.000,0.0651,1.127
1513,6,50,0.419,258.820,0.0658,1.127
1513,7,51,0.944,0.000,0.0646,25.774
1513,8,52,1.324,241.181,0.0646,4.565
1513,9,53,0.973,0.000,0.0678,23.183
1513,10,54,0.589,207.107,0.0679,4.891
1513,11,55,0.396,0.000,0.0730,19.484
1513,12,56,1.085,158.918,0.0718,3.997
1513,13,57,0.519,99.901,0.0763,14.802
1513,14,58,0.262,34.074,0.0765,9.323
1513,15,59,0.842,0.000,0.0796,3.778
1514,0,45,0.377,0.000,0.0661,1.127
1514,1,46,0.618,0.000,0.0656,1.127
1514,2,47,0.387,0.000,0.0659,1.127
1514,3,48,0.620,0.000,0.0654,1.127
1514,4,49,0.841,0.000,0.0651,1.127
1514,5,50,1.753,258.820,0.0658,1.127
1514,6,51,2.054,0.000,0.0646,25.774
1514,7,52,2.020,241.181,0.0646,4.565
1514,8,53,1.308,0.000,0.0678,23.183
1514,9,54,1.519,207.107,0.0679,4.891
1514,10,55,0.689,0.000,0.0730,19.484
1514,11,56,2.436,158.918,0.0718,3.997
1514,12,57,0.838,99.901,0.0763,14.802
1514,13,58,0.711,34.074,0.0765,9.323
1514,14,59,2.062,0.000,0.0796,3.778
1514,15,60,0.496,0.000,0.1210,2.058
1515,0,46,0.908,0.000,0.0656,1.127
1515,1,47,1.009,0.000,0.0659,1.127
1515,2,48,0.539,0.000,0.0654,1.127
1515,3,49,1.018,0.000,0.0651,1.127
1515,4,50,5.187,258.820,0.0658,1.127
1515,5,51,12.922,0.000,0.0646,25.774
1515,6,52,7.574,241.181,0.0646,4.565
1515,7,53,12.014,0.000,0.0678,23.183
1515,8,54,6.140,207.107,0.0679,4.891
1515,9,55,9.202,0.000,0.0730,19.484
1515,10,56,4.345,158.918,0.0718,3.997
1515,11,57,3.435,99.901,0.0763,14.802
1515,12,58,1.930,34.074,0.0765,9.323
1515,13,59,0.894,0.000,0.0796,3.778
1515,14,60,0.568,0.000,0.1210,2.058
1515,15,61,0.575,0.000,0.2430,2.062
1516,0,47,4.288,0.000,0.0659,1.127
1516,1,48,1.373,0.000,0.0654,1.127
1516,2,49,1.048,0.000,0.0651,1.127
1516,3,50,4.820,258.820,0.0658,1.127
1516,4,51,11.879,0.000,0.0646,25.774
1516,5,52,9.494,241.181,0.0646,4.565
1516,6,53,10.104,0.000,0.0678,23.183
1516,7,54,8.737,207.107,0.0679,4.891
1516,8,55,8.383,0.000,0.0730,19.484
1516,9,56,7.634,158.918,0.0718,3.997
1516,10,57,7.975,99.901,0.0763,14.802
1516,11,58,7.646,34.074,0.0765,9.323
1516,12,59,3.457,0.000,0.0796,3.778
1516,13,60,1.195,0.000,0.1210,2.058
1516,14,61,0.624,0.000,0.2430,2.062
1516,15,62,4.787,0.000,0.2180,2.057
1517,0,48,0.903,0.000,0.0654,1.127
1517,1,49,0.491,0.000,0.0651,1.127
1517,2,50,0.369,258.820,0.0658,1.127
1517,3,51,7.444,0.000,0.0646,25.774
1517,4,52,0.538,241.181,0.0646,4.565
1517,5,53,8.429,0.000,0.0678,23.183
1517,6,54,1.288,207.107,0.0679,4.891
1517,7,55,4.833,0.000,0.0730,19.484
1517,8,56,0.973,158.918,0.0718,3.997
1517,9,57,4.640,99.901,0.0763,14.802
1517,10,58,4.196,34.074,0.0765,9.323
1517,11,59,0.676,0.000,0.0796,3.778
1517,12,60,1.663,0.000,0.1210,2.058
1517,13,61,0.434,0.000,0.2430,2.062
1517,14,62,0.526,0.000,0.2180,2.057
1517,15,63,0.592,0.000,0.2542,2.042
1518,0,49,0.383,0.000,0.0651,1.127
1518,1,50,1.650,258.820,0.0658,1.127
1518,2,51,19.321,0.000,0.0646,25.774
1518,3,52,2.467,241.181,0.0646,4.565
1518,4,53,16.408,0.000,0.0678,23.183
1518,5,54,1.387,207.107,0.0679,4.891
1518,6,55,12.883,0.000,0.0730,19.484
1518,7,56,3.445,158.918,0.0718,3.997
1518,8,57,12.015,99.901,0.0763,14.802
1518,9,58,7.777,34.074,0.0765,9.323
1518,10,59,0.682,0.000,0.0796,3.778
1518,11,60,1.240,0.000,0.1210,2.058
1518,12,61,0.883,0.000,0.2430,2.062
1518,13,62,1.040,0.000,0.2180,2.057
1518,14,63,0.754,0.000,0.2542,2.042
1518,15,64,0.680,0.000,0.2689,2.045
1519,0,50,0.670,258.820,0.0658,1.127
1519,1,51,0.537,0.000,0.0646,25.774
1519,2,52,3.154,241.181,0.0646,4.565
1519,3,53,0.430,0.000,0.0678,23.183
1519,4,54,1.692,207.107,0.0679,4.891
1519,5,55,1.145,0.000,0.0730,19.484
1519,6,56,0.997,158.918,0.0718,3.997
1519,7,57,0.429,99.901,0.0763,14.802
1519,8,58,0.391,34.074,0.0765,9.323
1519,9,59,0.493,0.000,0.0796,3.778
1519,10,60,0.931,0.000,0.1210,2.058
1519,11,61,0.487,0.000,0.2430,2.062
1519,12,62,0.523,0.000,0.2180,2.057
1519,13,63,0.594,0.000,0.2542,2.042
1519,14,64,1.681,0.000,0.2689,2.045
1519,15,65,2.319,0.000,0.2697,2.046
1520,0,51,20.541,0.000,0.0646,25.774
1520,1,52,8.814,241.181,0.0646,4.565
1520,2,53,18.014,0.000,0.0678,23.183
1520,3,54,6.266,207.107,0.0679,4.891
1520,4,55,14.158,0.000,0.0730,19.484
1520,5,56,6.245,158.918,0.0718,3.997
1520,6,57,9.034,99.901,0.0763,14.802
1520,7,58,4.811,34.074,0.0765,9.323
1520,8,59,1.241,0.000,0.0796,3.778
1520,9,60,0.829,0.000,0.1210,2.058
1520,10,61,0.237,0.000,0.2430,2.062
1520,11,62,0.252,0.000,0.2180,2.057
1520,12,63,0.394,0.000,0.2542,2.042
1520,13,64,0.538,0.000,0.2689,2.045
1520,14,65,0.695,0.000,0.2697,2.046
1520,15,66,0.293,0.000,0.2708,2.051
1521,0,52,3.403,241.181,0.0646,4.565
1521,1,53,20.228,0.000,0.0678,23.183
1521,2,54,2.654,207.107,0.0679,4.891
1521,3,55,17.318,0.000,0.0730,19.484
1521,4,56,2.306,158.918,0.0718,3.997
1521,5,57,12.167,99.901,0.0763,14.802
1521,6,58,7.487,34.074,0.0765,9.323
1521,7,59,1.460,0.000,0.0796,3.778
1521,8,60,1.182,0.000,0.1210,2.058
1521,9,61,0.605,0.000,0.2430,2.062
1521,10,62,0.532,0.000,0.2180,2.057
1521,11,63,0.767,0.000,0.2542,2.042
1521,12,64,0.282,0.000,0.2689,2.045
1521,13,65,0.746,0.000,0.2697,2.046
1521,14,66,0.556,0.000,0.2708,2.051
1521,15,67,0.919,0.000,0.2866,2.055
1522,0,53,1.626,0.000,0.0678,23.183
1522,1,54,1.661,207.107,0.0679,4.891
1522,2,55,1.391,0.000,0.0730,19.484
1522,3,56,1.154,158.918,0.0718,3.997
1522,4,57,0.459,99.901,0.0763,14.802
1522,5,58,1.210,34.074,0.0765,9.323
1522,6,59,0.569,0.000,0.0796,3.778
1522,7,60,0.478,0.000,0.1210,2.058
1522,8,61,0.567,0.000,0.2430,2.062
1522,9,62,0.600,0.000,0.2180,2.057
1522,10,63,0.526,0.000,0.2542,2.042
1522,11,64,0.306,0.000,0.2689,2.045
1522,12,65,0.418,0.000,0.2697,2.046
1522,13,66,0.364,0.000,0.2708,2.051
1522,14,67,0.538,0.000,0.2866,2.055
1522,15,68,1.523,0.000,0.2735,2.055
1523,0,54,1.566,207.107,0.0679,4.891
1523,1,55,1.565,0.000,0.0730,19.484
1523,2,56,0.429,158.918,0.0718,3.997
1523,3,57,1.679,99.901,0.0763,14.802
1523,4,58,1.214,34.074,0.0765,9.323
1523,5,59,0.393,0.000,0.0796,3.778
1523,6,60,3.021,0.000,0.1210,2.058
1523,7,61,0.760,0.000,0.2430,2.062
1523,8,62,0.894,0.000,0.2180,2.057
1523,9,63,0.692,0.000,0.2542,2.042
1523,10,64,0.147,0.000,0.2689,2.045
1523,11,65,0.412,0.000,0.2697,2.046
1523,12,66,0.711,0.000,0.2708,2.051
1523,13,67,0.873,0.000,0.2866,2.055
1523,14,68,1.686,0.000,0.2735,2.055
1523,15,69,1.855,0.000,0.2835,2.057
1524,0,55,2.195,0.000,0.0730,19.484
1524,1,56,8.094,158.918,0.0718,3.997
1524,2,57,4.984,99.901,0.0763,14.802
1524,3,58,2.029,34.074,0.0765,9.323
1524,4,59,1.517,0.000,0.0796,3.778
1524,5,60,0.816,0.000,0.1210,2.058
1524,6,61,1.348,0.000,0.2430,2.062
1524,7,62,0.213,0.000,0.2180,2.057
1524,8,63,0.555,0.000,0.2542,2.042
1524,9,64,0.738,0.000,0.2689,2.045
1524,10,65,1.376,0.000,0.2697,2.046
1524,11,66,1.416,0.000,0.2708,2.051
1524,12,67,0.236,0.000,0.2866,2.055
1524,13,68,1.940,0.000,0.2735,2.055
1524,14,69,1.567,0.000,0.2835,2.057
1524,15,70,0.841,0.000,0.2646,2.058
1525,0,56,2.317,158.918,0.0718,3.997
1525,1,57,1.056,99.901,0.0763,14.802
1525,2,58,1.358,34.074,0.0765,9.323
1525,3,59,1.413,0.000,0.0796,3.778
1525,4,60,0.329,0.000,0.1210,2.058
1525,5,61,0.829,0.000,0.2430,2.062
1525,6,62,0.313,0.000,0.2180,2.057
1525,7,63,1.379,0.000,0.2542,2.042
1525,8,64,0.518,0.000,0.2689,2.045
1525,9,65,0.517,0.000,0.2697,2.046
1525,10,66,0.563,0.000,0.2708,2.051
1525,11,67,0.573,0.000,0.2866,2.055
1525,12,68,0.502,0.000,0.2735,2.055
1525,13,69,0.277,0.000,0.2835,2.057
1525,14,70,0.886,0.000,0.2646,2.058
1525,15,71,0.573,0.000,0.2728,2.055
1526,0,57,5.242,99.901,0.0763,14.802
1526,1,58,0.839,34.074,0.0765,9.323
1526,2,59,1.217,0.000,0.0796,3.778
1526,3,60,0.399,0.000,0.1210,2.058
1526,4,61,0.423,0.000,0.2430,2.062
1526,5,62,0.722,0.000,0.2180,2.057
1526,6,63,0.458,0.000,0.2542,2.042
1526,7,64,0.697,0.000,0.2689,2.045
1526,8,65,0.853,0.000,0.2697,2.046
1526,9,66,1.218,0.000,0.2708,2.051
1526,10,67,0.920,0.000,0.2866,2.055
1526,11,68,0.507,0.000,0.2735,2.055
1526,12,69,0.345,0.000,0.2835,2.057
1526,13,70,0.468,0.000,0.2646,2.058
1526,14,71,0.653,0.000,0.2728,2.055
1526,15,72,0.631,0.000,0.2804,2.056
1527,0,58,4.013,34.074,0.0765,9.323
1527,1,59,2.132,0.000,0.0796,3.778
1527,2,60,0.550,0.000,0.1210,2.058
1527,3,61,0.729,0.000,0.2430,2.062
1527,4,62,0.445,0.000,0.2180,2.057
1527,5,63,0.627,0.000,0.2542,2.042
1527,6,64,0.588,0.000,0.2689,2.045
1527,7,65,0.354,0.000,0.2697,2.046
1527,8,66,0.282,0.000,0.2708,2.051
1527,9,67,0.069,0.000,0.2866,2.055
1527,10,68,0.357,0.000,0.2735,2.055
1527,11,69,1.245,0.000,0.2835,2.057
1527,12,70,0.490,0.000,0.2646,2.058
1527,13,71,0.631,0.000,0.2728,2.055
1527,14,72,0.371,0.000,0.2804,2.056
1527,15,73,0.418,0.000,0.2802,2.060
1528,0,59,1.703,0.000,0.0796,3.778
1528,1,60,0.685,0.000,0.1210,2.058
1528,2,61,3.141,0.000,0.2430,2.062
1528,3,62,1.395,0.000,0.2180,2.057
1528,4,63,2.296,0.000,0.2542,2.042
1528,5,64,0.497,0.000,0.2689,2.045
1528,6,65,1.268,0.000,0.2697,2.046
1528,7,66,0.994,0.000,0.2708,2.051
1528,8,67,1.269,0.000,0.2866,2.055
1528,9,68,2.335,0.000,0.2735,2.055
1528,10,69,3.194,0.000,0.2835,2.057
1528,11,70,1.323,0.000,0.2646,2.058
1528,12,71,1.237,0.000,0.2728,2.055
1528,13,72,1.088,0.000,0.2804,2.056
1528,14,73,1.702,0.000,0.2802,2.060
1528,15,74,7.207,0.000,0.2776,2.056
1529,0,60,0.578,0.000,0.1210,2.058
1529,1,61,0.995,0.000,0.2430,2.062
1529,2,62,0.722,0.000,0.2180,2.057
1529,3,63,0.394,0.000,0.2542,2.042
1529,4,64,0.629,0.000,0.2689,2.045
1529,5,65,1.245,0.000,0.2697,2.046
1529,6,66,1.213,0.000,0.2708,2.051
1529,7,67,0.814,0.000,0.2866,2.055
1529,8,68,0.778,0.000,0.2735,2.055
1529,9,69,1.586,0.000,0.2835,2.057
1529,10,70,0.715,0.000,0.2646,2.058
1529,11,71,0.850,0.000,0.2728,2.055
1529,12,72,0.840,0.000,0.2804,2.056
1529,13,73,0.661,0.000,0.2802,2.060
1529,14,74,1.059,0.000,0.2776,2.056
1530,0,61,1.026,0.000,0.2430,2.062
1530,1,62,0.574,0.000,0.2180,2.057
1530,2,63,0.572,0.000,0.2542,2.042
1530,3,64,0.149,0.000,0.2689,2.045
1530,4,65,0.638,0.000,0.2697,2.046
1530,5,66,0.480,0.000,0.2708,2.051
1530,6,67,0.956,0.000,0.2866,2.055
1530,7,68,0.417,0.000,0.2735,2.055
1530,8,69,0.455,0.000,0.2835,2.057
1530,9,70,0.294,0.000,0.2646,2.058
1530,10,71,0.557,0.000,0.2728,2.055
1530,11,72,0.653,0.000,0.2804,2.056
1530,12,73,0.617,0.000,0.2802,2.060
1530,13,74,0.723,0.000,0.2776,2.056
1531,0,62,0.709,0.000,0.2180,2.057
1531,1,63,0.829,0.000,0.2542,2.042
1531,2,64,0.211,0.000,0.2689,2.045
1531,3,65,0.619,0.000,0.2697,2.046
1531,4,66,0.419,0.000,0.2708,2.051
1531,5,67,0.506,0.000,0.2866,2.055
1531,6,68,0.882,0.000,0.2735,2.055
1531,7,69,0.527,0.000,0.2835,2.057
1531,8,70,0.580,0.000,0.2646,2.058
1531,9,71,1.348,0.000,0.2728,2.055
1531,10,72,1.063,0.000,0.2804,2.056
1531,11,73,0.817,0.000,0.2802,2.060
1531,12,74,1.348,0.000,0.2776,2.056
1532,0,63,1.301,0.000,0.2542,2.042
1532,1,64,0.638,0.000,0.2689,2.045
1532,2,65,0.419,0.000,0.2697,2.046
1532,3,66,0.531,0.000,0.2708,2.051
1532,4,67,1.090,0.000,0.2866,2.055
1532,5,68,0.700,0.000,0.2735,2.055
1532,6,69,1.061,0.000,0.2835,2.057
1532,7,70,0.954,0.000,0.2646,2.058
1532,8,71,0.719,0.000,0.2728,2.055
1532,9,72,0.305,0.000,0.2804,2.056
1532,10,73,0.792,0.000,0.2802,2.060
1532,11,74,1.086,0.000,0.2776,2.056
1533,0,64,0.760,0.000,0.2689,2.045
1533,1,65,1.266,0.000,0.2697,2.046
1533,2,66,1.113,0.000,0.2708,2.051
1533,3,67,1.544,0.000,0.2866,2.055
1533,4,68,1.077,0.000,0.2735,2.055
1533,5,69,0.455,0.000,0.2835,2.057
1533,6,70,0.830,0.000,0.2646,2.058
1533,7,71,0.712,0.000,0.2728,2.055
1533,8,72,0.924,0.000,0.2804,2.056
1533,9,73,1.434,0.000,0.2802,2.060
1533,10,74,0.857,0.000,0.2776,2.056
1534,0,65,0.809,0.000,0.2697,2.046
1534,1,66,0.904,0.000,0.2708,2.051
1534,2,67,1.234,0.000,0.2866,2.055
1534,3,68,0.731,0.000,0.2735,2.055
1534,4,69,1.034,0.000,0.2835,2.057
1534,5,70,1.252,0.000,0.2646,2.058
1534,6,71,1.225,0.000,0.2728,2.055
1534,7,72,0.774,0.000,0.2804,2.056
1534,8,73,1.080,0.000,0.2802,2.060
1534,9,74,0.822,0.000,0.2776,2.056
1535,0,66,1.444,0.000,0.2708,2.051
1535,1,67,1.581,0.000,0.2866,2.055
1535,2,68,1.537,0.000,0.2735,2.055
1535,3,69,0.517,0.000,0.2835,2.057
1535,4,70,1.083,0.000,0.2646,2.058
1535,5,71,0.891,0.000,0.2728,2.055
1535,6,72,1.354,0.000,0.2804,2.056
1535,7,73,0.992,0.000,0.2802,2.060
1535,8,74,1.362,0.000,0.2776,2.056
1536,0,67,2.245,0.000,0.2866,2.055
1536,1,68,1.862,0.000,0.2735,2.055
1536,2,69,2.627,0.000,0.2835,2.057
1536,3,70,1.572,0.000,0.2646,2.058
1536,4,71,1.834,0.000,0.2728,2.055
1536,5,72,1.262,0.000,0.2804,2.056
1536,6,73,1.814,0.000,0.2802,2.060
1536,7,74,1.712,0.000,0.2776,2.056
1537,0,68,5.694,0.000,0.2735,2.055
1537,1,69,3.506,0.000,0.2835,2.057
1537,2,70,2.656,0.000,0.2646,2.058
1537,3,71,1.489,0.000,0.2728,2.055
1537,4,72,2.402,0.000,0.2804,2.056
1537,5,73,2.059,0.000,0.2802,2.060
1537,6,74,4.554,0.000,0.2776,2.056
1538,0,69,2.082,0.000,0.2835,2.057
1538,1,70,2.162,0.000,0.2646,2.058
1538,2,71,2.013,0.000,0.2728,2.055
1538,3,72,1.164,0.000,0.2804,2.056
1538,4,73,2.631,0.000,0.2802,2.060
1538,5,74,1.428,0.000,0.2776,2.056
1539,0,70,4.158,0.000,0.2646,2.058
1539,1,71,2.950,0.000,0.2728,2.055
1539,2,72,4.418,0.000,0.2804,2.056
1539,3,73,2.622,0.000,0.2802,2.060
1539,4,74,1.949,0.000,0.2776,2.056
1540,0,71,2.054,0.000,0.2728,2.055
1540,1,72,2.709,0.000,0.2804,2.056
1540,2,73,2.384,0.000,0.2802,2.060
1540,3,74,2.585,0.000,0.2776,2.056
1541,0,72,2.601,0.000,0.2804,2.056
1541,1,73,2.634,0.000,0.2802,2.060
1541,2,74,3.820,0.000,0.2776,2.056
1542,0,73,1.725,0.000,0.2802,2.060
1542,1,74,3.836,0.000,0.2776,2.056
1543,0,74,7.130,0.000,0.2776,2.056
