sample_idx,t,abs_frame,pos_err_mm,ee_speed_mm_s,joint_vel_norm,control_lag_mm
0,0,0,1.101,1000.000,0.0107,1.806
0,1,1,1.367,32.048,0.0107,3.205
0,2,2,1.369,32.085,2.7134,3.209
0,3,3,2.572,1605.912,0.0139,160.591
0,4,4,2.202,1474.513,6.3744,147.451
0,5,5,1.265,1003.004,4.4897,100.300
0,6,6,0.878,432.487,2.4004,43.249
0,7,7,0.978,0.006,0.0300,0.001
0,8,8,0.939,0.002,0.0304,0.000
0,9,9,1.435,0.002,0.0304,0.000
0,10,10,0.776,0.000,0.0304,0.000
0,11,11,1.334,0.000,0.0304,0.000
0,12,12,1.219,0.000,0.0304,0.000
0,13,13,0.678,0.000,0.0304,0.000
0,14,14,1.591,0.000,0.0304,0.000
0,15,15,1.776,0.000,0.0304,0.000
1,0,1,0.972,32.048,0.0107,3.205
1,1,2,1.215,32.085,2.7134,3.209
1,2,3,0.786,1605.912,0.0139,160.591
1,3,4,1.706,1474.513,6.3744,147.451
1,4,5,0.762,1003.004,4.4897,100.300
1,5,6,3.377,432.487,2.4004,43.249
1,6,7,0.807,0.006,0.0300,0.001
1,7,8,0.623,0.002,0.0304,0.000
1,8,9,0.841,0.002,0.0304,0.000
1,9,10,0.237,0.000,0.0304,0.000
1,10,11,0.313,0.000,0.0304,0.000
1,11,12,0.286,0.000,0.0304,0.000
1,12,13,0.541,0.000,0.0304,0.000
1,13,14,0.843,0.000,0.0304,0.000
1,14,15,0.752,0.000,0.0304,0.000
1,15,16,0.630,3806.016,0.0304,0.000
2,0,2,1.220,32.085,2.7134,3.209
2,1,3,0.775,1605.912,0.0139,160.591
2,2,4,3.259,1474.513,6.3744,147.451
2,3,5,2.986,1003.004,4.4897,100.300
2,4,6,12.631,432.487,2.4004,43.249
2,5,7,0.728,0.006,0.0300,0.001
2,6,8,0.820,0.002,0.0304,0.000
2,7,9,1.089,0.002,0.0304,0.000
2,8,10,0.854,0.000,0.0304,0.000
2,9,11,1.077,0.000,0.0304,0.000
2,10,12,0.701,0.000,0.0304,0.000
2,11,13,1.082,0.000,0.0304,0.000
2,12,14,0.995,0.000,0.0304,0.000
2,13,15,1.796,0.000,0.0304,0.000
2,14,16,0.734,3806.016,0.0304,0.000
2,15,17,0.921,0.000,0.0304,380.602
3,0,3,1.409,1605.912,0.0139,160.591
3,1,4,2.469,1474.513,6.3744,147.451
3,2,5,1.095,1003.004,4.4897,100.300
3,3,6,4.239,432.487,2.4004,43.249
3,4,7,1.041,0.006,0.0300,0.001
3,5,8,0.961,0.002,0.0304,0.000
3,6,9,0.749,0.002,0.0304,0.000
3,7,10,0.637,0.000,0.0304,0.000
3,8,11,0.274,0.000,0.0304,0.000
3,9,12,0.479,0.000,0.0304,0.000
3,10,13,1.135,0.000,0.0304,0.000
3,11,14,0.167,0.000,0.0304,0.000
3,12,15,1.295,0.000,0.0304,0.000
3,13,16,1.078,3806.016,0.0304,0.000
3,14,17,0.230,0.000,0.0304,380.602
3,15,18,0.535,0.000,0.0304,201.316
4,0,4,0.513,1474.513,6.3744,147.451
4,1,5,0.860,1003.004,4.4897,100.300
4,2,6,5.480,432.487,2.4004,43.249
4,3,7,0.730,0.006,0.0300,0.001
4,4,8,0.816,0.002,0.0304,0.000
4,5,9,0.574,0.002,0.0304,0.000
4,6,10,0.171,0.000,0.0304,0.000
4,7,11,0.904,0.000,0.0304,0.000
4,8,12,0.780,0.000,0.0304,0.000
4,9,13,0.352,0.000,0.0304,0.000
4,10,14,1.764,0.000,0.0304,0.000
4,11,15,0.235,0.000,0.0304,0.000
4,12,16,0.761,3806.016,0.0304,0.000
4,13,17,1.298,0.000,0.0304,380.602
4,14,18,0.479,0.000,0.0304,201.316
4,15,19,0.516,0.000,5.7607,76.420
5,0,5,1.635,1003.004,4.4897,100.300
5,1,6,3.565,432.487,2.4004,43.249
5,2,7,0.226,0.006,0.0300,0.001
5,3,8,0.808,0.002,0.0304,0.000
5,4,9,0.673,0.002,0.0304,0.000
5,5,10,0.612,0.000,0.0304,0.000
5,6,11,0.978,0.000,0.0304,0.000
5,7,12,0.433,0.000,0.0304,0.000
5,8,13,0.309,0.000,0.0304,0.000
5,9,14,0.579,0.000,0.0304,0.000
5,10,15,0.588,0.000,0.0304,0.000
5,11,16,0.496,3806.016,0.0304,0.000
5,12,17,1.042,0.000,0.0304,380.602
5,13,18,0.505,0.000,0.0304,201.316
5,14,19,0.779,0.000,5.7607,76.420
5,15,20,1.009,258.819,3.6098,0.965
6,0,6,2.019,432.487,2.4004,43.249
6,1,7,0.736,0.006,0.0300,0.001
6,2,8,1.019,0.002,0.0304,0.000
6,3,9,0.610,0.002,0.0304,0.000
6,4,10,0.939,0.000,0.0304,0.000
6,5,11,0.965,0.000,0.0304,0.000
6,6,12,0.405,0.000,0.0304,0.000
6,7,13,0.423,0.000,0.0304,0.000
6,8,14,0.712,0.000,0.0304,0.000
6,9,15,0.567,0.000,0.0304,0.000
6,10,16,0.373,3806.016,0.0304,0.000
6,11,17,1.572,0.000,0.0304,380.602
6,12,18,1.259,0.000,0.0304,201.316
6,13,19,0.700,0.000,5.7607,76.420
6,14,20,0.741,258.819,3.6098,0.965
6,15,21,0.859,0.000,0.3201,26.388
7,0,7,4.199,0.006,0.0300,0.001
7,1,8,1.165,0.002,0.0304,0.000
7,2,9,0.612,0.002,0.0304,0.000
7,3,10,0.229,0.000,0.0304,0.000
7,4,11,0.208,0.000,0.0304,0.000
7,5,12,0.505,0.000,0.0304,0.000
7,6,13,0.700,0.000,0.0304,0.000
7,7,14,0.335,0.000,0.0304,0.000
7,8,15,0.717,0.000,0.0304,0.000
7,9,16,0.460,3806.016,0.0304,0.000
7,10,17,0.143,0.000,0.0304,380.602
7,11,18,0.432,0.000,0.0304,201.316
7,12,19,0.741,0.000,5.7607,76.420
7,13,20,0.775,258.819,3.6098,0.965
7,14,21,1.018,0.000,0.3201,26.388
7,15,22,0.258,241.181,0.0140,2.599
8,0,8,5.615,0.002,0.0304,0.000
8,1,9,0.951,0.002,0.0304,0.000
8,2,10,1.164,0.000,0.0304,0.000
8,3,11,0.313,0.000,0.0304,0.000
8,4,12,0.473,0.000,0.0304,0.000
8,5,13,1.243,0.000,0.0304,0.000
8,6,14,0.651,0.000,0.0304,0.000
8,7,15,0.554,0.000,0.0304,0.000
8,8,16,0.499,3806.016,0.0304,0.000
8,9,17,0.565,0.000,0.0304,380.602
8,10,18,1.741,0.000,0.0304,201.316
8,11,19,0.716,0.000,5.7607,76.420
8,12,20,0.894,258.819,3.6098,0.965
8,13,21,0.690,0.000,0.3201,26.388
8,14,22,0.587,241.181,0.0140,2.599
8,15,23,0.877,0.000,0.0135,23.893
9,0,9,0.541,0.002,0.0304,0.000
9,1,10,0.482,0.000,0.0304,0.000
9,2,11,0.331,0.000,0.0304,0.000
9,3,12,0.725,0.000,0.0304,0.000
9,4,13,0.446,0.000,0.0304,0.000
9,5,14,0.376,0.000,0.0304,0.000
9,6,15,0.376,0.000,0.0304,0.000
9,7,16,0.540,3806.016,0.0304,0.000
9,8,17,1.131,0.000,0.0304,380.602
9,9,18,0.537,0.000,0.0304,201.316
9,10,19,0.814,0.000,5.7607,76.420
9,11,20,0.567,258.819,3.6098,0.965
9,12,21,0.721,0.000,0.3201,26.388
9,13,22,0.798,241.181,0.0140,2.599
9,14,23,0.448,0.000,0.0135,23.893
9,15,24,0.875,207.107,0.0135,3.322
10,0,10,0.645,0.000,0.0304,0.000
10,1,11,0.607,0.000,0.0304,0.000
10,2,12,0.792,0.000,0.0304,0.000
10,3,13,0.525,0.000,0.0304,0.000
10,4,14,0.533,0.000,0.0304,0.000
10,5,15,0.695,0.000,0.0304,0.000
10,6,16,0.194,3806.016,0.0304,0.000
10,7,17,0.420,0.000,0.0304,380.602
10,8,18,0.470,0.000,0.0304,201.316
10,9,19,0.438,0.000,5.7607,76.420
10,10,20,0.383,258.819,3.6098,0.965
10,11,21,0.576,0.000,0.3201,26.388
10,12,22,0.842,241.181,0.0140,2.599
10,13,23,0.629,0.000,0.0135,23.893
10,14,24,0.433,207.107,0.0135,3.322
10,15,25,0.650,158.919,0.0128,20.200
11,0,11,5.217,0.000,0.0304,0.000
11,1,12,5.451,0.000,0.0304,0.000
11,2,13,4.562,0.000,0.0304,0.000
11,3,14,5.178,0.000,0.0304,0.000
11,4,15,4.643,0.000,0.0304,0.000
11,5,16,5.938,3806.016,0.0304,0.000
11,6,17,1.025,0.000,0.0304,380.602
11,7,18,1.434,0.000,0.0304,201.316
11,8,19,1.246,0.000,5.7607,76.420
11,9,20,2.516,258.819,3.6098,0.965
11,10,21,0.852,0.000,0.3201,26.388
11,11,22,2.281,241.181,0.0140,2.599
11,12,23,1.611,0.000,0.0135,23.893
11,13,24,2.491,207.107,0.0135,3.322
11,14,25,2.117,158.919,0.0128,20.200
11,15,26,3.677,99.900,0.0128,15.354
12,0,12,4.019,0.000,0.0304,0.000
12,1,13,1.438,0.000,0.0304,0.000
12,2,14,1.531,0.000,0.0304,0.000
12,3,15,379.669,0.000,0.0304,0.000
12,4,16,379.873,3806.016,0.0304,0.000
12,5,17,0.753,0.000,0.0304,380.602
12,6,18,0.287,0.000,0.0304,201.316
12,7,19,26.094,0.000,5.7607,76.420
12,8,20,25.902,258.819,3.6098,0.965
12,9,21,24.305,0.000,0.3201,26.388
12,10,22,24.164,241.181,0.0140,2.599
12,11,23,20.232,0.000,0.0135,23.893
12,12,24,37.114,207.107,0.0135,3.322
12,13,25,25.354,158.919,0.0128,20.200
12,14,26,12.745,99.900,0.0128,15.354
12,15,27,2.583,34.075,0.0122,9.606
13,0,13,0.537,0.000,0.0304,0.000
13,1,14,2.676,0.000,0.0304,0.000
13,2,15,0.846,0.000,0.0304,0.000
13,3,16,0.797,3806.016,0.0304,0.000
13,4,17,0.390,0.000,0.0304,380.602
13,5,18,0.307,0.000,0.0304,201.316
13,6,19,0.358,0.000,5.7607,76.420
13,7,20,0.281,258.819,3.6098,0.965
13,8,21,0.341,0.000,0.3201,26.388
13,9,22,0.487,241.181,0.0140,2.599
13,10,23,0.935,0.000,0.0135,23.893
13,11,24,0.616,207.107,0.0135,3.322
13,12,25,0.407,158.919,0.0128,20.200
13,13,26,0.567,99.900,0.0128,15.354
13,14,27,1.190,34.075,0.0122,9.606
13,15,28,0.096,0.000,0.0117,3.239
14,0,14,0.962,0.000,0.0304,0.000
14,1,15,4.911,0.000,0.0304,0.000
14,2,16,375.189,3806.016,0.0304,0.000
14,3,17,2.530,0.000,0.0304,380.602
14,4,18,1.402,0.000,0.0304,201.316
14,5,19,0.599,0.000,5.7607,76.420
14,6,20,25.573,258.819,3.6098,0.965
14,7,21,0.955,0.000,0.3201,26.388
14,8,22,26.450,241.181,0.0140,2.599
14,9,23,1.661,0.000,0.0135,23.893
14,10,24,20.593,207.107,0.0135,3.322
14,11,25,15.380,158.919,0.0128,20.200
14,12,26,9.811,99.900,0.0128,15.354
14,13,27,3.678,34.075,0.0122,9.606
14,14,28,1.385,0.000,0.0117,3.239
14,15,29,2.012,0.000,0.0114,3.159
15,0,15,0.805,0.000,0.0304,0.000
15,1,16,0.854,3806.016,0.0304,0.000
15,2,17,1.287,0.000,0.0304,380.602
15,3,18,1.031,0.000,0.0304,201.316
15,4,19,0.427,0.000,5.7607,76.420
15,5,20,0.978,258.819,3.6098,0.965
15,6,21,0.409,0.000,0.3201,26.388
15,7,22,0.650,241.181,0.0140,2.599
15,8,23,0.914,0.000,0.0135,23.893
15,9,24,0.702,207.107,0.0135,3.322
15,10,25,0.832,158.919,0.0128,20.200
15,11,26,0.160,99.900,0.0128,15.354
15,12,27,0.122,34.075,0.0122,9.606
15,13,28,0.262,0.000,0.0117,3.239
15,14,29,0.425,0.000,0.0114,3.159
15,15,30,0.796,0.000,0.0792,3.161
16,0,16,0.401,3806.016,0.0304,0.000
16,1,17,1.041,0.000,0.0304,380.602
16,2,18,0.437,0.000,0.0304,201.316
16,3,19,0.787,0.000,5.7607,76.420
16,4,20,0.296,258.819,3.6098,0.965
16,5,21,0.268,0.000,0.3201,26.388
16,6,22,0.322,241.181,0.0140,2.599
16,7,23,0.326,0.000,0.0135,23.893
16,8,24,0.324,207.107,0.0135,3.322
16,9,25,0.345,158.919,0.0128,20.200
16,10,26,0.615,99.900,0.0128,15.354
16,11,27,0.312,34.075,0.0122,9.606
16,12,28,0.410,0.000,0.0117,3.239
16,13,29,1.051,0.000,0.0114,3.159
16,14,30,1.967,0.000,0.0792,3.161
16,15,31,0.544,0.000,0.0616,3.370
17,0,17,0.349,0.000,0.0304,380.602
17,1,18,0.387,0.000,0.0304,201.316
17,2,19,0.683,0.000,5.7607,76.420
17,3,20,0.244,258.819,3.6098,0.965
17,4,21,0.343,0.000,0.3201,26.388
17,5,22,0.391,241.181,0.0140,2.599
17,6,23,0.741,0.000,0.0135,23.893
17,7,24,0.513,207.107,0.0135,3.322
17,8,25,0.109,158.919,0.0128,20.200
17,9,26,1.138,99.900,0.0128,15.354
17,10,27,1.227,34.075,0.0122,9.606
17,11,28,0.528,0.000,0.0117,3.239
17,12,29,0.376,0.000,0.0114,3.159
17,13,30,0.752,0.000,0.0792,3.161
17,14,31,1.696,0.000,0.0616,3.370
17,15,32,0.983,0.000,0.0449,3.246
18,0,18,0.566,0.000,0.0304,201.316
18,1,19,0.359,0.000,5.7607,76.420
18,2,20,0.433,258.819,3.6098,0.965
18,3,21,26.442,0.000,0.3201,26.388
18,4,22,0.250,241.181,0.0140,2.599
18,5,23,24.514,0.000,0.0135,23.893
18,6,24,0.335,207.107,0.0135,3.322
18,7,25,21.432,158.919,0.0128,20.200
18,8,26,16.462,99.900,0.0128,15.354
18,9,27,10.740,34.075,0.0122,9.606
18,10,28,3.502,0.000,0.0117,3.239
18,11,29,0.433,0.000,0.0114,3.159
18,12,30,0.307,0.000,0.0792,3.161
18,13,31,0.311,0.000,0.0616,3.370
18,14,32,0.183,0.000,0.0449,3.246
18,15,33,0.134,0.000,0.0128,3.369
19,0,19,0.842,0.000,5.7607,76.420
19,1,20,0.838,258.819,3.6098,0.965
19,2,21,0.781,0.000,0.3201,26.388
19,3,22,0.209,241.181,0.0140,2.599
19,4,23,0.862,0.000,0.0135,23.893
19,5,24,0.605,207.107,0.0135,3.322
19,6,25,0.508,158.919,0.0128,20.200
19,7,26,0.598,99.900,0.0128,15.354
19,8,27,0.914,34.075,0.0122,9.606
19,9,28,0.659,0.000,0.0117,3.239
19,10,29,0.538,0.000,0.0114,3.159
19,11,30,0.777,0.000,0.0792,3.161
19,12,31,0.152,0.000,0.0616,3.370
19,13,32,0.445,0.000,0.0449,3.246
19,14,33,0.541,0.000,0.0128,3.369
19,15,34,0.493,0.000,0.0180,3.247
20,0,20,0.340,258.819,3.6098,0.965
20,1,21,0.568,0.000,0.3201,26.388
20,2,22,0.191,241.181,0.0140,2.599
20,3,23,0.527,0.000,0.0135,23.893
20,4,24,0.325,207.107,0.0135,3.322
20,5,25,0.512,158.919,0.0128,20.200
20,6,26,0.373,99.900,0.0128,15.354
20,7,27,0.386,34.075,0.0122,9.606
20,8,28,0.368,0.000,0.0117,3.239
20,9,29,0.329,0.000,0.0114,3.159
20,10,30,0.198,0.000,0.0792,3.161
20,11,31,0.471,0.000,0.0616,3.370
20,12,32,0.351,0.000,0.0449,3.246
20,13,33,0.161,0.000,0.0128,3.369
20,14,34,0.223,0.000,0.0180,3.247
20,15,35,0.852,0.000,0.0122,3.364
21,0,21,0.493,0.000,0.3201,26.388
21,1,22,0.568,241.181,0.0140,2.599
21,2,23,0.229,0.000,0.0135,23.893
21,3,24,0.394,207.107,0.0135,3.322
21,4,25,0.357,158.919,0.0128,20.200
21,5,26,0.594,99.900,0.0128,15.354
21,6,27,0.600,34.075,0.0122,9.606
21,7,28,0.468,0.000,0.0117,3.239
21,8,29,0.332,0.000,0.0114,3.159
21,9,30,0.422,0.000,0.0792,3.161
21,10,31,1.083,0.000,0.0616,3.370
21,11,32,0.505,0.000,0.0449,3.246
21,12,33,0.294,0.000,0.0128,3.369
21,13,34,0.745,0.000,0.0180,3.247
21,14,35,0.496,0.000,0.0122,3.364
21,15,36,0.284,0.000,0.0186,3.247
22,0,22,1.002,241.181,0.0140,2.599
22,1,23,0.238,0.000,0.0135,23.893
22,2,24,0.149,207.107,0.0135,3.322
22,3,25,0.304,158.919,0.0128,20.200
22,4,26,0.303,99.900,0.0128,15.354
22,5,27,0.406,34.075,0.0122,9.606
22,6,28,0.380,0.000,0.0117,3.239
22,7,29,0.406,0.000,0.0114,3.159
22,8,30,0.266,0.000,0.0792,3.161
22,9,31,0.067,0.000,0.0616,3.370
22,10,32,0.153,0.000,0.0449,3.246
22,11,33,0.459,0.000,0.0128,3.369
22,12,34,0.214,0.000,0.0180,3.247
22,13,35,0.198,0.000,0.0122,3.364
22,14,36,0.292,0.000,0.0186,3.247
22,15,37,0.192,0.000,0.0138,3.384
23,0,23,0.560,0.000,0.0135,23.893
23,1,24,0.190,207.107,0.0135,3.322
23,2,25,0.467,158.919,0.0128,20.200
23,3,26,0.444,99.900,0.0128,15.354
23,4,27,0.024,34.075,0.0122,9.606
23,5,28,0.128,0.000,0.0117,3.239
23,6,29,0.422,0.000,0.0114,3.159
23,7,30,0.154,0.000,0.0792,3.161
23,8,31,0.297,0.000,0.0616,3.370
23,9,32,0.466,0.000,0.0449,3.246
23,10,33,0.441,0.000,0.0128,3.369
23,11,34,0.318,0.000,0.0180,3.247
23,12,35,0.395,0.000,0.0122,3.364
23,13,36,0.283,0.000,0.0186,3.247
23,14,37,0.329,0.000,0.0138,3.384
23,15,38,0.252,0.000,0.0173,3.250
24,0,24,0.301,207.107,0.0135,3.322
24,1,25,0.450,158.919,0.0128,20.200
24,2,26,0.188,99.900,0.0128,15.354
24,3,27,0.511,34.075,0.0122,9.606
24,4,28,0.203,0.000,0.0117,3.239
24,5,29,0.305,0.000,0.0114,3.159
24,6,30,0.231,0.000,0.0792,3.161
24,7,31,0.418,0.000,0.0616,3.370
24,8,32,0.046,0.000,0.0449,3.246
24,9,33,0.156,0.000,0.0128,3.369
24,10,34,0.025,0.000,0.0180,3.247
24,11,35,0.083,0.000,0.0122,3.364
24,12,36,0.213,0.000,0.0186,3.247
24,13,37,0.325,0.000,0.0138,3.384
24,14,38,0.039,0.000,0.0173,3.250
24,15,39,0.982,1000.000,0.0194,3.354
25,0,25,0.511,158.919,0.0128,20.200
25,1,26,1.860,99.900,0.0128,15.354
25,2,27,0.895,34.075,0.0122,9.606
25,3,28,1.489,0.000,0.0117,3.239
25,4,29,0.313,0.000,0.0114,3.159
25,5,30,0.131,0.000,0.0792,3.161
25,6,31,0.205,0.000,0.0616,3.370
25,7,32,1.890,0.000,0.0449,3.246
25,8,33,0.827,0.000,0.0128,3.369
25,9,34,0.051,0.000,0.0180,3.247
25,10,35,0.314,0.000,0.0122,3.364
25,11,36,0.198,0.000,0.0186,3.247
25,12,37,1.027,0.000,0.0138,3.384
25,13,38,0.922,0.000,0.0173,3.250
25,14,39,0.040,1000.000,0.0194,3.354
25,15,40,1.531,0.000,0.0204,4.736
26,0,26,0.042,99.900,0.0128,15.354
26,1,27,0.658,34.075,0.0122,9.606
26,2,28,0.375,0.000,0.0117,3.239
26,3,29,0.363,0.000,0.0114,3.159
26,4,30,0.451,0.000,0.0792,3.161
26,5,31,0.413,0.000,0.0616,3.370
26,6,32,0.150,0.000,0.0449,3.246
26,7,33,0.460,0.000,0.0128,3.369
26,8,34,0.034,0.000,0.0180,3.247
26,9,35,0.428,0.000,0.0122,3.364
26,10,36,0.332,0.000,0.0186,3.247
26,11,37,0.623,0.000,0.0138,3.384
26,12,38,0.503,0.000,0.0173,3.250
26,13,39,1.153,1000.000,0.0194,3.354
26,14,40,0.658,0.000,0.0204,4.736
26,15,41,107.362,1035.567,1.9879,0.634
27,0,27,0.302,34.075,0.0122,9.606
27,1,28,0.477,0.000,0.0117,3.239
27,2,29,0.351,0.000,0.0114,3.159
27,3,30,0.359,0.000,0.0792,3.161
27,4,31,0.157,0.000,0.0616,3.370
27,5,32,0.117,0.000,0.0449,3.246
27,6,33,0.435,0.000,0.0128,3.369
27,7,34,0.289,0.000,0.0180,3.247
27,8,35,0.307,0.000,0.0122,3.364
27,9,36,0.749,0.000,0.0186,3.247
27,10,37,0.454,0.000,0.0138,3.384
27,11,38,0.249,0.000,0.0173,3.250
27,12,39,0.224,1000.000,0.0194,3.354
27,13,40,1.232,0.000,0.0204,4.736
27,14,41,70.451,1035.567,1.9879,0.634
27,15,42,0.702,0.000,0.0171,102.210
28,0,28,0.225,0.000,0.0117,3.239
28,1,29,0.127,0.000,0.0114,3.159
28,2,30,0.175,0.000,0.0792,3.161
28,3,31,0.113,0.000,0.0616,3.370
28,4,32,0.085,0.000,0.0449,3.246
28,5,33,0.149,0.000,0.0128,3.369
28,6,34,0.069,0.000,0.0180,3.247
28,7,35,0.126,0.000,0.0122,3.364
28,8,36,0.328,0.000,0.0186,3.247
28,9,37,0.038,0.000,0.0138,3.384
28,10,38,0.337,0.000,0.0173,3.250
28,11,39,0.706,1000.000,0.0194,3.354
28,12,40,0.446,0.000,0.0204,4.736
28,13,41,63.524,1035.567,1.9879,0.634
28,14,42,0.979,0.000,0.0171,102.210
28,15,43,0.918,0.000,4.4749,20.532
29,0,29,6.034,0.000,0.0114,3.159
29,1,30,0.808,0.000,0.0792,3.161
29,2,31,0.866,0.000,0.0616,3.370
29,3,32,1.068,0.000,0.0449,3.246
29,4,33,1.797,0.000,0.0128,3.369
29,5,34,0.655,0.000,0.0180,3.247
29,6,35,0.885,0.000,0.0122,3.364
29,7,36,1.295,0.000,0.0186,3.247
29,8,37,2.981,0.000,0.0138,3.384
29,9,38,1.571,0.000,0.0173,3.250
29,10,39,1.176,1000.000,0.0194,3.354
29,11,40,1.689,0.000,0.0204,4.736
29,12,41,52.328,1035.567,1.9879,0.634
29,13,42,3.141,0.000,0.0171,102.210
29,14,43,1.208,0.000,4.4749,20.532
29,15,44,1.012,0.000,3.0318,0.626
30,0,30,1.010,0.000,0.0792,3.161
30,1,31,0.207,0.000,0.0616,3.370
30,2,32,0.097,0.000,0.0449,3.246
30,3,33,0.531,0.000,0.0128,3.369
30,4,34,0.394,0.000,0.0180,3.247
30,5,35,0.384,0.000,0.0122,3.364
30,6,36,0.011,0.000,0.0186,3.247
30,7,37,0.561,0.000,0.0138,3.384
30,8,38,0.376,0.000,0.0173,3.250
30,9,39,0.467,1000.000,0.0194,3.354
30,10,40,0.772,0.000,0.0204,4.736
30,11,41,44.449,1035.567,1.9879,0.634
30,12,42,0.781,0.000,0.0171,102.210
30,13,43,0.393,0.000,4.4749,20.532
30,14,44,0.564,0.000,3.0318,0.626
30,15,45,1.626,0.000,0.0190,1.238
31,0,31,0.577,0.000,0.0616,3.370
31,1,32,0.131,0.000,0.0449,3.246
31,2,33,0.110,0.000,0.0128,3.369
31,3,34,0.245,0.000,0.0180,3.247
31,4,35,0.439,0.000,0.0122,3.364
31,5,36,0.187,0.000,0.0186,3.247
31,6,37,0.931,0.000,0.0138,3.384
31,7,38,0.354,0.000,0.0173,3.250
31,8,39,0.327,1000.000,0.0194,3.354
31,9,40,0.959,0.000,0.0204,4.736
31,10,41,23.219,1035.567,1.9879,0.634
31,11,42,0.225,0.000,0.0171,102.210
31,12,43,0.249,0.000,4.4749,20.532
31,13,44,0.438,0.000,3.0318,0.626
31,14,45,0.945,0.000,0.0190,1.238
31,15,46,0.343,0.000,0.0196,0.625
32,0,32,0.219,0.000,0.0449,3.246
32,1,33,0.983,0.000,0.0128,3.369
32,2,34,0.676,0.000,0.0180,3.247
32,3,35,0.564,0.000,0.0122,3.364
32,4,36,0.576,0.000,0.0186,3.247
32,5,37,0.431,0.000,0.0138,3.384
32,6,38,0.838,0.000,0.0173,3.250
32,7,39,0.662,1000.000,0.0194,3.354
32,8,40,1.387,0.000,0.0204,4.736
32,9,41,92.354,1035.567,1.9879,0.634
32,10,42,0.737,0.000,0.0171,102.210
32,11,43,0.704,0.000,4.4749,20.532
32,12,44,0.253,0.000,3.0318,0.626
32,13,45,0.640,0.000,0.0190,1.238
32,14,46,0.382,0.000,0.0196,0.625
32,15,47,0.538,0.000,0.0194,1.237
33,0,33,0.559,0.000,0.0128,3.369
33,1,34,0.569,0.000,0.0180,3.247
33,2,35,0.348,0.000,0.0122,3.364
33,3,36,0.938,0.000,0.0186,3.247
33,4,37,0.503,0.000,0.0138,3.384
33,5,38,0.432,0.000,0.0173,3.250
33,6,39,0.485,1000.000,0.0194,3.354
33,7,40,0.554,0.000,0.0204,4.736
33,8,41,0.285,1035.567,1.9879,0.634
33,9,42,0.924,0.000,0.0171,102.210
33,10,43,0.989,0.000,4.4749,20.532
33,11,44,0.752,0.000,3.0318,0.626
33,12,45,0.312,0.000,0.0190,1.238
33,13,46,0.237,0.000,0.0196,0.625
33,14,47,1.202,0.000,0.0194,1.237
33,15,48,0.600,0.000,0.0194,0.625
34,0,34,0.320,0.000,0.0180,3.247
34,1,35,0.673,0.000,0.0122,3.364
34,2,36,0.298,0.000,0.0186,3.247
34,3,37,0.535,0.000,0.0138,3.384
34,4,38,0.407,0.000,0.0173,3.250
34,5,39,0.378,1000.000,0.0194,3.354
34,6,40,0.823,0.000,0.0204,4.736
34,7,41,0.798,1035.567,1.9879,0.634
34,8,42,1.132,0.000,0.0171,102.210
34,9,43,0.696,0.000,4.4749,20.532
34,10,44,0.565,0.000,3.0318,0.626
34,11,45,0.726,0.000,0.0190,1.238
34,12,46,1.362,0.000,0.0196,0.625
34,13,47,0.307,0.000,0.0194,1.237
34,14,48,1.032,0.000,0.0194,0.625
34,15,49,3.410,0.000,0.0193,1.237
35,0,35,0.698,0.000,0.0122,3.364
35,1,36,1.191,0.000,0.0186,3.247
35,2,37,0.203,0.000,0.0138,3.384
35,3,38,0.381,0.000,0.0173,3.250
35,4,39,0.071,1000.000,0.0194,3.354
35,5,40,1.367,0.000,0.0204,4.736
35,6,41,14.531,1035.567,1.9879,0.634
35,7,42,0.861,0.000,0.0171,102.210
35,8,43,0.700,0.000,4.4749,20.532
35,9,44,0.628,0.000,3.0318,0.626
35,10,45,0.847,0.000,0.0190,1.238
35,11,46,0.375,0.000,0.0196,0.625
35,12,47,0.252,0.000,0.0194,1.237
35,13,48,0.373,0.000,0.0194,0.625
35,14,49,0.414,0.000,0.0193,1.237
35,15,50,0.310,0.000,0.0194,0.625
36,0,36,0.550,0.000,0.0186,3.247
36,1,37,1.339,0.000,0.0138,3.384
36,2,38,0.365,0.000,0.0173,3.250
36,3,39,0.628,1000.000,0.0194,3.354
36,4,40,2.414,0.000,0.0204,4.736
36,5,41,1.797,1035.567,1.9879,0.634
36,6,42,1.503,0.000,0.0171,102.210
36,7,43,1.838,0.000,4.4749,20.532
36,8,44,1.399,0.000,3.0318,0.626
36,9,45,1.491,0.000,0.0190,1.238
36,10,46,1.402,0.000,0.0196,0.625
36,11,47,0.330,0.000,0.0194,1.237
36,12,48,0.813,0.000,0.0194,0.625
36,13,49,0.853,0.000,0.0193,1.237
36,14,50,0.777,0.000,0.0194,0.625
36,15,51,0.405,0.000,0.0192,1.237
37,0,37,1.536,0.000,0.0138,3.384
37,1,38,1.938,0.000,0.0173,3.250
37,2,39,2.472,1000.000,0.0194,3.354
37,3,40,3.427,0.000,0.0204,4.736
37,4,41,2.468,1035.567,1.9879,0.634
37,5,42,1.336,0.000,0.0171,102.210
37,6,43,1.262,0.000,4.4749,20.532
37,7,44,1.079,0.000,3.0318,0.626
37,8,45,0.740,0.000,0.0190,1.238
37,9,46,0.237,0.000,0.0196,0.625
37,10,47,1.107,0.000,0.0194,1.237
37,11,48,1.199,0.000,0.0194,0.625
37,12,49,0.794,0.000,0.0193,1.237
37,13,50,0.446,0.000,0.0194,0.625
37,14,51,0.723,0.000,0.0192,1.237
37,15,52,0.508,0.000,0.0193,0.625
38,0,38,1.910,0.000,0.0173,3.250
38,1,39,1.363,1000.000,0.0194,3.354
38,2,40,95.659,0.000,0.0204,4.736
38,3,41,0.823,1035.567,1.9879,0.634
38,4,42,4.160,0.000,0.0171,102.210
38,5,43,1.035,0.000,4.4749,20.532
38,6,44,0.493,0.000,3.0318,0.626
38,7,45,0.885,0.000,0.0190,1.238
38,8,46,0.944,0.000,0.0196,0.625
38,9,47,0.463,0.000,0.0194,1.237
38,10,48,0.558,0.000,0.0194,0.625
38,11,49,0.587,0.000,0.0193,1.237
38,12,50,0.402,0.000,0.0194,0.625
38,13,51,0.741,0.000,0.0192,1.237
38,14,52,0.337,0.000,0.0193,0.625
38,15,53,0.326,0.000,0.0193,1.237
39,0,39,0.695,1000.000,0.0194,3.354
39,1,40,1.810,0.000,0.0204,4.736
39,2,41,2.121,1035.567,1.9879,0.634
39,3,42,4.037,0.000,0.0171,102.210
39,4,43,2.578,0.000,4.4749,20.532
39,5,44,2.103,0.000,3.0318,0.626
39,6,45,1.592,0.000,0.0190,1.238
39,7,46,1.295,0.000,0.0196,0.625
39,8,47,1.713,0.000,0.0194,1.237
39,9,48,0.508,0.000,0.0194,0.625
39,10,49,0.308,0.000,0.0193,1.237
39,11,50,0.835,0.000,0.0194,0.625
39,12,51,0.948,0.000,0.0192,1.237
39,13,52,0.465,0.000,0.0193,0.625
39,14,53,0.591,0.000,0.0193,1.237
39,15,54,0.519,258.819,0.0194,0.625
40,0,40,1.731,0.000,0.0204,4.736
40,1,41,1.153,1035.567,1.9879,0.634
40,2,42,1.450,0.000,0.0171,102.210
40,3,43,1.856,0.000,4.4749,20.532
40,4,44,1.104,0.000,3.0318,0.626
40,5,45,0.694,0.000,0.0190,1.238
40,6,46,0.699,0.000,0.0196,0.625
40,7,47,0.832,0.000,0.0194,1.237
40,8,48,1.361,0.000,0.0194,0.625
40,9,49,0.843,0.000,0.0193,1.237
40,10,50,1.149,0.000,0.0194,0.625
40,11,51,0.457,0.000,0.0192,1.237
40,12,52,0.696,0.000,0.0193,0.625
40,13,53,1.501,0.000,0.0193,1.237
40,14,54,1.796,258.819,0.0194,0.625
40,15,55,3.885,0.000,0.0192,25.739
41,0,41,6.930,1035.567,1.9879,0.634
41,1,42,2.078,0.000,0.0171,102.210
41,2,43,0.550,0.000,4.4749,20.532
41,3,44,0.782,0.000,3.0318,0.626
41,4,45,1.124,0.000,0.0190,1.238
41,5,46,1.264,0.000,0.0196,0.625
41,6,47,0.372,0.000,0.0194,1.237
41,7,48,0.500,0.000,0.0194,0.625
41,8,49,0.573,0.000,0.0193,1.237
41,9,50,0.677,0.000,0.0194,0.625
41,10,51,0.839,0.000,0.0192,1.237
41,11,52,0.283,0.000,0.0193,0.625
41,12,53,0.488,0.000,0.0193,1.237
41,13,54,0.643,258.819,0.0194,0.625
41,14,55,1.063,0.000,0.0192,25.739
41,15,56,0.565,241.181,0.0193,3.867
42,0,42,0.774,0.000,0.0171,102.210
42,1,43,0.596,0.000,4.4749,20.532
42,2,44,0.457,0.000,3.0318,0.626
42,3,45,1.144,0.000,0.0190,1.238
42,4,46,0.213,0.000,0.0196,0.625
42,5,47,0.567,0.000,0.0194,1.237
42,6,48,0.353,0.000,0.0194,0.625
42,7,49,0.873,0.000,0.0193,1.237
42,8,50,0.566,0.000,0.0194,0.625
42,9,51,0.326,0.000,0.0192,1.237
42,10,52,0.524,0.000,0.0193,0.625
42,11,53,0.660,0.000,0.0193,1.237
42,12,54,0.300,258.819,0.0194,0.625
42,13,55,0.173,0.000,0.0192,25.739
42,14,56,0.697,241.181,0.0193,3.867
42,15,57,0.876,207.107,0.0188,23.210
43,0,43,0.422,0.000,4.4749,20.532
43,1,44,0.516,0.000,3.0318,0.626
43,2,45,0.254,0.000,0.0190,1.238
43,3,46,0.426,0.000,0.0196,0.625
43,4,47,0.332,0.000,0.0194,1.237
43,5,48,0.225,0.000,0.0194,0.625
43,6,49,0.926,0.000,0.0193,1.237
43,7,50,0.621,0.000,0.0194,0.625
43,8,51,0.561,0.000,0.0192,1.237
43,9,52,0.670,0.000,0.0193,0.625
43,10,53,0.589,0.000,0.0193,1.237
43,11,54,0.343,258.819,0.0194,0.625
43,12,55,0.138,0.000,0.0192,25.739
43,13,56,0.438,241.181,0.0193,3.867
43,14,57,2.608,207.107,0.0188,23.210
43,15,58,0.402,158.918,0.0185,19.581
44,0,44,0.841,0.000,3.0318,0.626
44,1,45,1.761,0.000,0.0190,1.238
44,2,46,0.730,0.000,0.0196,0.625
44,3,47,0.880,0.000,0.0194,1.237
44,4,48,0.486,0.000,0.0194,0.625
44,5,49,0.733,0.000,0.0193,1.237
44,6,50,0.616,0.000,0.0194,0.625
44,7,51,0.317,0.000,0.0192,1.237
44,8,52,0.261,0.000,0.0193,0.625
44,9,53,0.798,0.000,0.0193,1.237
44,10,54,0.345,258.819,0.0194,0.625
44,11,55,0.908,0.000,0.0192,25.739
44,12,56,1.086,241.181,0.0193,3.867
44,13,57,0.784,207.107,0.0188,23.210
44,14,58,2.527,158.918,0.0185,19.581
44,15,59,1.956,99.901,0.0180,14.897
45,0,45,0.264,0.000,0.0190,1.238
45,1,46,0.213,0.000,0.0196,0.625
45,2,47,0.249,0.000,0.0194,1.237
45,3,48,0.347,0.000,0.0194,0.625
45,4,49,0.386,0.000,0.0193,1.237
45,5,50,0.451,0.000,0.0194,0.625
45,6,51,0.304,0.000,0.0192,1.237
45,7,52,0.174,0.000,0.0193,0.625
45,8,53,0.457,0.000,0.0193,1.237
45,9,54,0.476,258.819,0.0194,0.625
45,10,55,0.637,0.000,0.0192,25.739
45,11,56,0.560,241.181,0.0193,3.867
45,12,57,0.472,207.107,0.0188,23.210
45,13,58,0.368,158.918,0.0185,19.581
45,14,59,0.673,99.901,0.0180,14.897
45,15,60,0.646,34.075,0.0171,9.362
46,0,46,0.401,0.000,0.0196,0.625
46,1,47,0.410,0.000,0.0194,1.237
46,2,48,0.268,0.000,0.0194,0.625
46,3,49,0.171,0.000,0.0193,1.237
46,4,50,0.316,0.000,0.0194,0.625
46,5,51,0.643,0.000,0.0192,1.237
46,6,52,0.304,0.000,0.0193,0.625
46,7,53,0.699,0.000,0.0193,1.237
46,8,54,0.297,258.819,0.0194,0.625
46,9,55,0.496,0.000,0.0192,25.739
46,10,56,0.428,241.181,0.0193,3.867
46,11,57,0.848,207.107,0.0188,23.210
46,12,58,0.580,158.918,0.0185,19.581
46,13,59,0.606,99.901,0.0180,14.897
46,14,60,0.327,34.075,0.0171,9.362
46,15,61,0.442,0.000,0.0165,3.217
47,0,47,0.160,0.000,0.0194,1.237
47,1,48,0.833,0.000,0.0194,0.625
47,2,49,0.200,0.000,0.0193,1.237
47,3,50,1.952,0.000,0.0194,0.625
47,4,51,0.344,0.000,0.0192,1.237
47,5,52,0.132,0.000,0.0193,0.625
47,6,53,0.595,0.000,0.0193,1.237
47,7,54,0.181,258.819,0.0194,0.625
47,8,55,0.449,0.000,0.0192,25.739
47,9,56,0.449,241.181,0.0193,3.867
47,10,57,0.310,207.107,0.0188,23.210
47,11,58,0.306,158.918,0.0185,19.581
47,12,59,0.300,99.901,0.0180,14.897
47,13,60,0.392,34.075,0.0171,9.362
47,14,61,0.390,0.000,0.0165,3.217
47,15,62,0.364,0.000,0.0158,0.629
48,0,48,1.405,0.000,0.0194,0.625
48,1,49,0.502,0.000,0.0193,1.237
48,2,50,1.172,0.000,0.0194,0.625
48,3,51,1.156,0.000,0.0192,1.237
48,4,52,0.485,0.000,0.0193,0.625
48,5,53,0.406,0.000,0.0193,1.237
48,6,54,1.085,258.819,0.0194,0.625
48,7,55,0.816,0.000,0.0192,25.739
48,8,56,1.104,241.181,0.0193,3.867
48,9,57,0.798,207.107,0.0188,23.210
48,10,58,0.524,158.918,0.0185,19.581
48,11,59,0.258,99.901,0.0180,14.897
48,12,60,0.928,34.075,0.0171,9.362
48,13,61,0.631,0.000,0.0165,3.217
48,14,62,0.903,0.000,0.0158,0.629
48,15,63,2.357,0.000,0.0156,1.247
49,0,49,1.245,0.000,0.0193,1.237
49,1,50,0.255,0.000,0.0194,0.625
49,2,51,0.611,0.000,0.0192,1.237
49,3,52,0.597,0.000,0.0193,0.625
49,4,53,0.137,0.000,0.0193,1.237
49,5,54,1.054,258.819,0.0194,0.625
49,6,55,0.662,0.000,0.0192,25.739
49,7,56,1.196,241.181,0.0193,3.867
49,8,57,0.677,207.107,0.0188,23.210
49,9,58,0.214,158.918,0.0185,19.581
49,10,59,0.407,99.901,0.0180,14.897
49,11,60,0.391,34.075,0.0171,9.362
49,12,61,0.286,0.000,0.0165,3.217
49,13,62,0.326,0.000,0.0158,0.629
49,14,63,0.174,0.000,0.0156,1.247
49,15,64,0.517,0.000,0.0158,0.628
50,0,50,0.956,0.000,0.0194,0.625
50,1,51,0.812,0.000,0.0192,1.237
50,2,52,1.284,0.000,0.0193,0.625
50,3,53,1.149,0.000,0.0193,1.237
50,4,54,1.819,258.819,0.0194,0.625
50,5,55,0.707,0.000,0.0192,25.739
50,6,56,1.704,241.181,0.0193,3.867
50,7,57,1.695,207.107,0.0188,23.210
50,8,58,1.614,158.918,0.0185,19.581
50,9,59,1.799,99.901,0.0180,14.897
50,10,60,1.827,34.075,0.0171,9.362
50,11,61,0.708,0.000,0.0165,3.217
50,12,62,0.683,0.000,0.0158,0.629
50,13,63,1.206,0.000,0.0156,1.247
50,14,64,1.531,0.000,0.0158,0.628
50,15,65,1.029,0.000,0.0156,1.247
51,0,51,3.781,0.000,0.0192,1.237
51,1,52,0.422,0.000,0.0193,0.625
51,2,53,0.744,0.000,0.0193,1.237
51,3,54,0.549,258.819,0.0194,0.625
51,4,55,2.372,0.000,0.0192,25.739
51,5,56,1.345,241.181,0.0193,3.867
51,6,57,1.983,207.107,0.0188,23.210
51,7,58,1.541,158.918,0.0185,19.581
51,8,59,1.193,99.901,0.0180,14.897
51,9,60,0.584,34.075,0.0171,9.362
51,10,61,0.554,0.000,0.0165,3.217
51,11,62,0.405,0.000,0.0158,0.629
51,12,63,0.227,0.000,0.0156,1.247
51,13,64,0.716,0.000,0.0158,0.628
51,14,65,0.973,0.000,0.0156,1.247
51,15,66,0.598,0.000,0.0157,0.630
52,0,52,0.316,0.000,0.0193,0.625
52,1,53,1.263,0.000,0.0193,1.237
52,2,54,0.185,258.819,0.0194,0.625
52,3,55,1.518,0.000,0.0192,25.739
52,4,56,1.678,241.181,0.0193,3.867
52,5,57,1.924,207.107,0.0188,23.210
52,6,58,1.503,158.918,0.0185,19.581
52,7,59,1.236,99.901,0.0180,14.897
52,8,60,1.140,34.075,0.0171,9.362
52,9,61,0.719,0.000,0.0165,3.217
52,10,62,0.676,0.000,0.0158,0.629
52,11,63,0.597,0.000,0.0156,1.247
52,12,64,0.451,0.000,0.0158,0.628
52,13,65,0.295,0.000,0.0156,1.247
52,14,66,0.287,0.000,0.0157,0.630
52,15,67,0.491,0.000,0.0156,1.248
53,0,53,0.399,0.000,0.0193,1.237
53,1,54,0.368,258.819,0.0194,0.625
53,2,55,1.367,0.000,0.0192,25.739
53,3,56,0.812,241.181,0.0193,3.867
53,4,57,1.231,207.107,0.0188,23.210
53,5,58,1.344,158.918,0.0185,19.581
53,6,59,0.866,99.901,0.0180,14.897
53,7,60,0.494,34.075,0.0171,9.362
53,8,61,0.194,0.000,0.0165,3.217
53,9,62,0.246,0.000,0.0158,0.629
53,10,63,0.218,0.000,0.0156,1.247
53,11,64,0.259,0.000,0.0158,0.628
53,12,65,0.436,0.000,0.0156,1.247
53,13,66,0.497,0.000,0.0157,0.630
53,14,67,0.432,0.000,0.0156,1.248
53,15,68,0.231,0.000,0.0157,0.629
54,0,54,7.200,258.819,0.0194,0.625
54,1,55,7.042,0.000,0.0192,25.739
54,2,56,11.889,241.181,0.0193,3.867
54,3,57,10.533,207.107,0.0188,23.210
54,4,58,9.509,158.918,0.0185,19.581
54,5,59,5.729,99.901,0.0180,14.897
54,6,60,1.920,34.075,0.0171,9.362
54,7,61,0.688,0.000,0.0165,3.217
54,8,62,0.463,0.000,0.0158,0.629
54,9,63,0.642,0.000,0.0156,1.247
54,10,64,1.061,0.000,0.0158,0.628
54,11,65,1.208,0.000,0.0156,1.247
54,12,66,0.666,0.000,0.0157,0.630
54,13,67,0.249,0.000,0.0156,1.248
54,14,68,0.405,0.000,0.0157,0.629
54,15,69,0.225,0.000,0.0154,1.247
55,0,55,0.506,0.000,0.0192,25.739
55,1,56,1.183,241.181,0.0193,3.867
55,2,57,1.160,207.107,0.0188,23.210
55,3,58,1.404,158.918,0.0185,19.581
55,4,59,1.655,99.901,0.0180,14.897
55,5,60,0.967,34.075,0.0171,9.362
55,6,61,1.366,0.000,0.0165,3.217
55,7,62,0.510,0.000,0.0158,0.629
55,8,63,0.820,0.000,0.0156,1.247
55,9,64,0.476,0.000,0.0158,0.628
55,10,65,0.978,0.000,0.0156,1.247
55,11,66,0.709,0.000,0.0157,0.630
55,12,67,0.920,0.000,0.0156,1.248
55,13,68,0.670,0.000,0.0157,0.629
55,14,69,0.493,0.000,0.0154,1.247
55,15,70,1.535,0.000,0.0158,0.628
56,0,56,1.041,241.181,0.0193,3.867
56,1,57,0.718,207.107,0.0188,23.210
56,2,58,0.507,158.918,0.0185,19.581
56,3,59,0.504,99.901,0.0180,14.897
56,4,60,0.462,34.075,0.0171,9.362
56,5,61,0.698,0.000,0.0165,3.217
56,6,62,0.460,0.000,0.0158,0.629
56,7,63,0.508,0.000,0.0156,1.247
56,8,64,0.197,0.000,0.0158,0.628
56,9,65,0.259,0.000,0.0156,1.247
56,10,66,0.435,0.000,0.0157,0.630
56,11,67,0.611,0.000,0.0156,1.248
56,12,68,0.263,0.000,0.0157,0.629
56,13,69,0.421,0.000,0.0154,1.247
56,14,70,0.673,0.000,0.0158,0.628
56,15,71,0.190,0.000,0.0156,1.246
57,0,57,0.409,207.107,0.0188,23.210
57,1,58,0.237,158.918,0.0185,19.581
57,2,59,0.705,99.901,0.0180,14.897
57,3,60,0.277,34.075,0.0171,9.362
57,4,61,0.453,0.000,0.0165,3.217
57,5,62,0.348,0.000,0.0158,0.629
57,6,63,0.562,0.000,0.0156,1.247
57,7,64,0.298,0.000,0.0158,0.628
57,8,65,0.336,0.000,0.0156,1.247
57,9,66,0.208,0.000,0.0157,0.630
57,10,67,0.327,0.000,0.0156,1.248
57,11,68,0.568,0.000,0.0157,0.629
57,12,69,0.070,0.000,0.0154,1.247
57,13,70,0.420,0.000,0.0158,0.628
57,14,71,0.163,0.000,0.0156,1.246
57,15,72,1.241,0.000,0.0154,0.628
58,0,58,7.057,158.918,0.0185,19.581
58,1,59,2.465,99.901,0.0180,14.897
58,2,60,1.542,34.075,0.0171,9.362
58,3,61,1.768,0.000,0.0165,3.217
58,4,62,0.859,0.000,0.0158,0.629
58,5,63,0.465,0.000,0.0156,1.247
58,6,64,1.222,0.000,0.0158,0.628
58,7,65,1.926,0.000,0.0156,1.247
58,8,66,0.518,0.000,0.0157,0.630
58,9,67,0.967,0.000,0.0156,1.248
58,10,68,0.808,0.000,0.0157,0.629
58,11,69,2.005,0.000,0.0154,1.247
58,12,70,1.581,0.000,0.0158,0.628
58,13,71,0.715,0.000,0.0156,1.246
58,14,72,0.889,0.000,0.0154,0.628
58,15,73,1.112,0.000,0.0154,1.246
59,0,59,0.656,99.901,0.0180,14.897
59,1,60,1.149,34.075,0.0171,9.362
59,2,61,0.958,0.000,0.0165,3.217
59,3,62,0.316,0.000,0.0158,0.629
59,4,63,0.402,0.000,0.0156,1.247
59,5,64,0.242,0.000,0.0158,0.628
59,6,65,1.260,0.000,0.0156,1.247
59,7,66,1.012,0.000,0.0157,0.630
59,8,67,0.286,0.000,0.0156,1.248
59,9,68,0.344,0.000,0.0157,0.629
59,10,69,0.183,0.000,0.0154,1.247
59,11,70,0.615,0.000,0.0158,0.628
59,12,71,0.346,0.000,0.0156,1.246
59,13,72,1.026,0.000,0.0154,0.628
59,14,73,0.559,0.000,0.0154,1.246
59,15,74,0.629,0.000,0.0157,0.628
60,0,60,0.906,34.075,0.0171,9.362
60,1,61,0.396,0.000,0.0165,3.217
60,2,62,0.430,0.000,0.0158,0.629
60,3,63,0.369,0.000,0.0156,1.247
60,4,64,0.414,0.000,0.0158,0.628
60,5,65,0.298,0.000,0.0156,1.247
60,6,66,0.462,0.000,0.0157,0.630
60,7,67,0.348,0.000,0.0156,1.248
60,8,68,0.145,0.000,0.0157,0.629
60,9,69,0.241,0.000,0.0154,1.247
60,10,70,0.298,0.000,0.0158,0.628
60,11,71,0.448,0.000,0.0156,1.246
60,12,72,0.607,0.000,0.0154,0.628
60,13,73,0.082,0.000,0.0154,1.246
60,14,74,0.207,0.000,0.0157,0.628
60,15,75,0.453,0.000,0.0156,1.246
61,0,61,1.572,0.000,0.0165,3.217
61,1,62,0.973,0.000,0.0158,0.629
61,2,63,0.562,0.000,0.0156,1.247
61,3,64,0.769,0.000,0.0158,0.628
61,4,65,0.173,0.000,0.0156,1.247
61,5,66,0.487,0.000,0.0157,0.630
61,6,67,0.435,0.000,0.0156,1.248
61,7,68,0.721,0.000,0.0157,0.629
61,8,69,0.462,0.000,0.0154,1.247
61,9,70,0.265,0.000,0.0158,0.628
61,10,71,1.425,0.000,0.0156,1.246
61,11,72,0.214,0.000,0.0154,0.628
61,12,73,1.045,0.000,0.0154,1.246
61,13,74,0.468,0.000,0.0157,0.628
61,14,75,0.359,0.000,0.0156,1.246
61,15,76,2.656,0.000,0.0156,0.627
62,0,62,0.586,0.000,0.0158,0.629
62,1,63,0.411,0.000,0.0156,1.247
62,2,64,0.361,0.000,0.0158,0.628
62,3,65,0.235,0.000,0.0156,1.247
62,4,66,0.629,0.000,0.0157,0.630
62,5,67,0.513,0.000,0.0156,1.248
62,6,68,0.725,0.000,0.0157,0.629
62,7,69,0.452,0.000,0.0154,1.247
62,8,70,0.072,0.000,0.0158,0.628
62,9,71,0.368,0.000,0.0156,1.246
62,10,72,0.237,0.000,0.0154,0.628
62,11,73,0.284,0.000,0.0154,1.246
62,12,74,0.470,0.000,0.0157,0.628
62,13,75,0.477,0.000,0.0156,1.246
62,14,76,0.586,0.000,0.0156,0.627
62,15,77,0.901,0.000,0.0156,0.622
63,0,63,1.000,0.000,0.0156,1.247
63,1,64,0.403,0.000,0.0158,0.628
63,2,65,0.385,0.000,0.0156,1.247
63,3,66,0.829,0.000,0.0157,0.630
63,4,67,0.652,0.000,0.0156,1.248
63,5,68,0.434,0.000,0.0157,0.629
63,6,69,0.642,0.000,0.0154,1.247
63,7,70,0.964,0.000,0.0158,0.628
63,8,71,0.337,0.000,0.0156,1.246
63,9,72,0.789,0.000,0.0154,0.628
63,10,73,0.494,0.000,0.0154,1.246
63,11,74,0.279,0.000,0.0157,0.628
63,12,75,0.545,0.000,0.0156,1.246
63,13,76,0.416,0.000,0.0156,0.627
63,14,77,1.101,0.000,0.0156,0.622
63,15,78,0.710,1000.000,0.0109,0.620
64,0,64,0.424,0.000,0.0158,0.628
64,1,65,0.465,0.000,0.0156,1.247
64,2,66,0.446,0.000,0.0157,0.630
64,3,67,0.720,0.000,0.0156,1.248
64,4,68,0.611,0.000,0.0157,0.629
64,5,69,0.680,0.000,0.0154,1.247
64,6,70,0.821,0.000,0.0158,0.628
64,7,71,1.123,0.000,0.0156,1.246
64,8,72,0.481,0.000,0.0154,0.628
64,9,73,0.581,0.000,0.0154,1.246
64,10,74,0.551,0.000,0.0157,0.628
64,11,75,0.271,0.000,0.0156,1.246
64,12,76,0.604,0.000,0.0156,0.627
64,13,77,0.225,0.000,0.0156,0.622
64,14,78,0.600,1000.000,0.0109,0.620
64,15,79,0.592,19.540,0.0109,1.954
65,0,65,0.503,0.000,0.0156,1.247
65,1,66,0.311,0.000,0.0157,0.630
65,2,67,0.225,0.000,0.0156,1.248
65,3,68,0.379,0.000,0.0157,0.629
65,4,69,0.458,0.000,0.0154,1.247
65,5,70,0.375,0.000,0.0158,0.628
65,6,71,0.654,0.000,0.0156,1.246
65,7,72,0.214,0.000,0.0154,0.628
65,8,73,0.281,0.000,0.0154,1.246
65,9,74,0.684,0.000,0.0157,0.628
65,10,75,0.807,0.000,0.0156,1.246
65,11,76,0.480,0.000,0.0156,0.627
65,12,77,0.623,0.000,0.0156,0.622
65,13,78,0.579,1000.000,0.0109,0.620
65,14,79,0.743,19.540,0.0109,1.954
66,0,66,0.310,0.000,0.0157,0.630
66,1,67,0.909,0.000,0.0156,1.248
66,2,68,0.371,0.000,0.0157,0.629
66,3,69,0.248,0.000,0.0154,1.247
66,4,70,0.527,0.000,0.0158,0.628
66,5,71,0.444,0.000,0.0156,1.246
66,6,72,0.468,0.000,0.0154,0.628
66,7,73,0.239,0.000,0.0154,1.246
66,8,74,0.682,0.000,0.0157,0.628
66,9,75,0.516,0.000,0.0156,1.246
66,10,76,0.552,0.000,0.0156,0.627
66,11,77,0.545,0.000,0.0156,0.622
66,12,78,0.775,1000.000,0.0109,0.620
66,13,79,0.299,19.540,0.0109,1.954
67,0,67,0.599,0.000,0.0156,1.248
67,1,68,0.425,0.000,0.0157,0.629
67,2,69,0.960,0.000,0.0154,1.247
67,3,70,0.564,0.000,0.0158,0.628
67,4,71,0.826,0.000,0.0156,1.246
67,5,72,0.619,0.000,0.0154,0.628
67,6,73,0.347,0.000,0.0154,1.246
67,7,74,0.572,0.000,0.0157,0.628
67,8,75,0.670,0.000,0.0156,1.246
67,9,76,0.829,0.000,0.0156,0.627
67,10,77,0.478,0.000,0.0156,0.622
67,11,78,0.554,1000.000,0.0109,0.620
67,12,79,0.347,19.540,0.0109,1.954
68,0,68,0.225,0.000,0.0157,0.629
68,1,69,0.595,0.000,0.0154,1.247
68,2,70,0.154,0.000,0.0158,0.628
68,3,71,0.201,0.000,0.0156,1.246
68,4,72,0.201,0.000,0.0154,0.628
68,5,73,0.613,0.000,0.0154,1.246
68,6,74,0.694,0.000,0.0157,0.628
68,7,75,0.847,0.000,0.0156,1.246
68,8,76,0.381,0.000,0.0156,0.627
68,9,77,0.656,0.000,0.0156,0.622
68,10,78,0.166,1000.000,0.0109,0.620
68,11,79,1.756,19.540,0.0109,1.954
69,0,69,0.431,0.000,0.0154,1.247
69,1,70,0.486,0.000,0.0158,0.628
69,2,71,0.415,0.000,0.0156,1.246
69,3,72,0.418,0.000,0.0154,0.628
69,4,73,0.367,0.000,0.0154,1.246
69,5,74,0.315,0.000,0.0157,0.628
69,6,75,0.581,0.000,0.0156,1.246
69,7,76,0.557,0.000,0.0156,0.627
69,8,77,0.653,0.000,0.0156,0.622
69,9,78,0.460,1000.000,0.0109,0.620
69,10,79,0.707,19.540,0.0109,1.954
70,0,70,1.094,0.000,0.0158,0.628
70,1,71,0.607,0.000,0.0156,1.246
70,2,72,3.319,0.000,0.0154,0.628
70,3,73,1.191,0.000,0.0154,1.246
70,4,74,0.586,0.000,0.0157,0.628
70,5,75,0.533,0.000,0.0156,1.246
70,6,76,0.836,0.000,0.0156,0.627
70,7,77,0.908,0.000,0.0156,0.622
70,8,78,1.097,1000.000,0.0109,0.620
70,9,79,0.686,19.540,0.0109,1.954
71,0,71,0.352,0.000,0.0156,1.246
71,1,72,0.308,0.000,0.0154,0.628
71,2,73,0.295,0.000,0.0154,1.246
71,3,74,0.292,0.000,0.0157,0.628
71,4,75,0.344,0.000,0.0156,1.246
71,5,76,0.186,0.000,0.0156,0.627
71,6,77,0.125,0.000,0.0156,0.622
71,7,78,0.247,1000.000,0.0109,0.620
71,8,79,1.271,19.540,0.0109,1.954
72,0,72,0.118,0.000,0.0154,0.628
72,1,73,0.614,0.000,0.0154,1.246
72,2,74,0.575,0.000,0.0157,0.628
72,3,75,0.226,0.000,0.0156,1.246
72,4,76,0.727,0.000,0.0156,0.627
72,5,77,1.190,0.000,0.0156,0.622
72,6,78,0.735,1000.000,0.0109,0.620
72,7,79,1.255,19.540,0.0109,1.954
73,0,73,2.386,0.000,0.0154,1.246
73,1,74,1.013,0.000,0.0157,0.628
73,2,75,1.139,0.000,0.0156,1.246
73,3,76,1.266,0.000,0.0156,0.627
73,4,77,1.532,0.000,0.0156,0.622
73,5,78,1.399,1000.000,0.0109,0.620
73,6,79,0.791,19.540,0.0109,1.954
74,0,74,0.653,0.000,0.0157,0.628
74,1,75,1.014,0.000,0.0156,1.246
74,2,76,0.551,0.000,0.0156,0.627
74,3,77,0.812,0.000,0.0156,0.622
74,4,78,0.674,1000.000,0.0109,0.620
74,5,79,0.455,19.540,0.0109,1.954
75,0,75,1.745,0.000,0.0156,1.246
75,1,76,1.759,0.000,0.0156,0.627
75,2,77,1.059,0.000,0.0156,0.622
75,3,78,2.061,1000.000,0.0109,0.620
75,4,79,5.561,19.540,0.0109,1.954
76,0,76,0.695,0.000,0.0156,0.627
76,1,77,0.871,0.000,0.0156,0.622
76,2,78,0.816,1000.000,0.0109,0.620
76,3,79,0.623,19.540,0.0109,1.954
77,0,77,2.109,0.000,0.0156,0.622
77,1,78,3.019,1000.000,0.0109,0.620
77,2,79,0.984,19.540,0.0109,1.954
78,0,78,1.153,1000.000,0.0109,0.620
78,1,79,0.715,19.540,0.0109,1.954
79,0,79,2.149,19.540,0.0109,1.954
81,0,0,99.963,1000.000,0.0105,2.612
81,1,1,2.564,31.315,0.0105,3.132
81,2,2,3.818,31.358,2.7100,3.136
81,3,3,157.499,1592.321,0.0135,159.232
81,4,4,137.126,1502.296,6.3737,150.230
81,5,5,45.809,938.963,4.4869,93.896
81,6,6,50.500,504.866,2.4004,50.487
81,7,7,0.206,0.024,0.0297,0.002
81,8,8,1.129,0.000,0.0304,0.000
81,9,9,0.736,0.000,0.0304,0.000
81,10,10,1.037,0.000,0.0304,0.000
81,11,11,0.332,0.000,0.0304,0.000
81,12,12,1.257,0.000,0.0304,0.000
81,13,13,0.506,0.000,0.0304,0.000
81,14,14,1.242,0.000,0.0304,0.000
81,15,15,0.731,0.000,0.0304,0.000
82,0,1,96.331,31.315,0.0105,3.132
82,1,2,4.701,31.358,2.7100,3.136
82,2,3,3.733,1592.321,0.0135,159.232
82,3,4,150.228,1502.296,6.3737,150.230
82,4,5,128.483,938.963,4.4869,93.896
82,5,6,39.696,504.866,2.4004,50.487
82,6,7,38.740,0.024,0.0297,0.002
82,7,8,1.709,0.000,0.0304,0.000
82,8,9,1.538,0.000,0.0304,0.000
82,9,10,0.682,0.000,0.0304,0.000
82,10,11,1.066,0.000,0.0304,0.000
82,11,12,0.642,0.000,0.0304,0.000
82,12,13,0.776,0.000,0.0304,0.000
82,13,14,0.975,0.000,0.0304,0.000
82,14,15,2.672,0.000,0.0304,0.000
82,15,16,3.874,3806.016,0.0304,0.000
83,0,2,0.505,31.358,2.7100,3.136
83,1,3,0.889,1592.321,0.0135,159.232
83,2,4,0.892,1502.296,6.3737,150.230
83,3,5,1.451,938.963,4.4869,93.896
83,4,6,2.333,504.866,2.4004,50.487
83,5,7,1.357,0.024,0.0297,0.002
83,6,8,1.989,0.000,0.0304,0.000
83,7,9,1.658,0.000,0.0304,0.000
83,8,10,1.860,0.000,0.0304,0.000
83,9,11,0.676,0.000,0.0304,0.000
83,10,12,1.859,0.000,0.0304,0.000
83,11,13,0.847,0.000,0.0304,0.000
83,12,14,1.291,0.000,0.0304,0.000
83,13,15,0.687,0.000,0.0304,0.000
83,14,16,0.387,3806.016,0.0304,0.000
83,15,17,1.662,0.000,0.0304,380.602
84,0,3,1.266,1592.321,0.0135,159.232
84,1,4,1.019,1502.296,6.3737,150.230
84,2,5,1.379,938.963,4.4869,93.896
84,3,6,2.193,504.866,2.4004,50.487
84,4,7,0.291,0.024,0.0297,0.002
84,5,8,0.451,0.000,0.0304,0.000
84,6,9,0.942,0.000,0.0304,0.000
84,7,10,0.583,0.000,0.0304,0.000
84,8,11,0.736,0.000,0.0304,0.000
84,9,12,0.745,0.000,0.0304,0.000
84,10,13,0.781,0.000,0.0304,0.000
84,11,14,1.365,0.000,0.0304,0.000
84,12,15,0.482,0.000,0.0304,0.000
84,13,16,1.275,3806.016,0.0304,0.000
84,14,17,1.520,0.000,0.0304,380.602
84,15,18,0.171,0.000,0.0304,201.316
85,0,4,1.859,1502.296,6.3737,150.230
85,1,5,1.236,938.963,4.4869,93.896
85,2,6,3.508,504.866,2.4004,50.487
85,3,7,0.373,0.024,0.0297,0.002
85,4,8,0.408,0.000,0.0304,0.000
85,5,9,0.534,0.000,0.0304,0.000
85,6,10,1.057,0.000,0.0304,0.000
85,7,11,0.661,0.000,0.0304,0.000
85,8,12,0.554,0.000,0.0304,0.000
85,9,13,1.016,0.000,0.0304,0.000
85,10,14,0.618,0.000,0.0304,0.000
85,11,15,0.995,0.000,0.0304,0.000
85,12,16,1.186,3806.016,0.0304,0.000
85,13,17,1.394,0.000,0.0304,380.602
85,14,18,1.677,0.000,0.0304,201.316
85,15,19,1.028,0.000,5.7607,76.420
86,0,5,3.471,938.963,4.4869,93.896
86,1,6,2.429,504.866,2.4004,50.487
86,2,7,1.021,0.024,0.0297,0.002
86,3,8,1.039,0.000,0.0304,0.000
86,4,9,2.091,0.000,0.0304,0.000
86,5,10,0.403,0.000,0.0304,0.000
86,6,11,0.266,0.000,0.0304,0.000
86,7,12,0.911,0.000,0.0304,0.000
86,8,13,1.447,0.000,0.0304,0.000
86,9,14,1.130,0.000,0.0304,0.000
86,10,15,0.330,0.000,0.0304,0.000
86,11,16,1.725,3806.016,0.0304,0.000
86,12,17,0.718,0.000,0.0304,380.602
86,13,18,0.714,0.000,0.0304,201.316
86,14,19,1.291,0.000,5.7607,76.420
86,15,20,0.690,258.819,3.6098,0.980
87,0,6,0.943,504.866,2.4004,50.487
87,1,7,1.074,0.024,0.0297,0.002
87,2,8,1.470,0.000,0.0304,0.000
87,3,9,0.923,0.000,0.0304,0.000
87,4,10,1.406,0.000,0.0304,0.000
87,5,11,0.684,0.000,0.0304,0.000
87,6,12,1.144,0.000,0.0304,0.000
87,7,13,0.615,0.000,0.0304,0.000
87,8,14,0.348,0.000,0.0304,0.000
87,9,15,0.742,0.000,0.0304,0.000
87,10,16,0.998,3806.016,0.0304,0.000
87,11,17,1.420,0.000,0.0304,380.602
87,12,18,0.318,0.000,0.0304,201.316
87,13,19,0.154,0.000,5.7607,76.420
87,14,20,0.747,258.819,3.6098,0.980
87,15,21,0.644,0.000,0.3245,26.398
88,0,7,0.737,0.024,0.0297,0.002
88,1,8,0.806,0.000,0.0304,0.000
88,2,9,0.490,0.000,0.0304,0.000
88,3,10,0.522,0.000,0.0304,0.000
88,4,11,0.344,0.000,0.0304,0.000
88,5,12,1.113,0.000,0.0304,0.000
88,6,13,1.318,0.000,0.0304,0.000
88,7,14,0.593,0.000,0.0304,0.000
88,8,15,0.878,0.000,0.0304,0.000
88,9,16,1.014,3806.016,0.0304,0.000
88,10,17,0.765,0.000,0.0304,380.602
88,11,18,0.302,0.000,0.0304,201.316
88,12,19,0.295,0.000,5.7607,76.420
88,13,20,0.382,258.819,3.6098,0.980
88,14,21,0.120,0.000,0.3245,26.398
88,15,22,0.688,241.181,0.0140,2.603
89,0,8,0.987,0.000,0.0304,0.000
89,1,9,0.488,0.000,0.0304,0.000
89,2,10,0.698,0.000,0.0304,0.000
89,3,11,2.531,0.000,0.0304,0.000
89,4,12,0.812,0.000,0.0304,0.000
89,5,13,0.325,0.000,0.0304,0.000
89,6,14,1.506,0.000,0.0304,0.000
89,7,15,1.757,0.000,0.0304,0.000
89,8,16,1.022,3806.016,0.0304,0.000
89,9,17,0.822,0.000,0.0304,380.602
89,10,18,0.776,0.000,0.0304,201.316
89,11,19,0.762,0.000,5.7607,76.420
89,12,20,0.411,258.819,3.6098,0.980
89,13,21,0.473,0.000,0.3245,26.398
89,14,22,0.656,241.181,0.0140,2.603
89,15,23,1.624,0.000,0.0135,23.902
90,0,9,3.975,0.000,0.0304,0.000
90,1,10,0.880,0.000,0.0304,0.000
90,2,11,0.233,0.000,0.0304,0.000
90,3,12,0.313,0.000,0.0304,0.000
90,4,13,0.140,0.000,0.0304,0.000
90,5,14,0.246,0.000,0.0304,0.000
90,6,15,0.349,0.000,0.0304,0.000
90,7,16,0.763,3806.016,0.0304,0.000
90,8,17,0.525,0.000,0.0304,380.602
90,9,18,0.229,0.000,0.0304,201.316
90,10,19,0.209,0.000,5.7607,76.420
90,11,20,0.532,258.819,3.6098,0.980
90,12,21,0.484,0.000,0.3245,26.398
90,13,22,0.930,241.181,0.0140,2.603
90,14,23,0.323,0.000,0.0135,23.902
90,15,24,2.403,207.107,0.0135,3.324
91,0,10,0.328,0.000,0.0304,0.000
91,1,11,0.336,0.000,0.0304,0.000
91,2,12,0.352,0.000,0.0304,0.000
91,3,13,1.002,0.000,0.0304,0.000
91,4,14,1.348,0.000,0.0304,0.000
91,5,15,0.561,0.000,0.0304,0.000
91,6,16,0.600,3806.016,0.0304,0.000
91,7,17,0.452,0.000,0.0304,380.602
91,8,18,0.498,0.000,0.0304,201.316
91,9,19,0.656,0.000,5.7607,76.420
91,10,20,0.208,258.819,3.6098,0.980
91,11,21,0.650,0.000,0.3245,26.398
91,12,22,0.813,241.181,0.0140,2.603
91,13,23,0.350,0.000,0.0135,23.902
91,14,24,0.540,207.107,0.0135,3.324
91,15,25,0.354,158.919,0.0128,20.207
92,0,11,0.191,0.000,0.0304,0.000
92,1,12,0.498,0.000,0.0304,0.000
92,2,13,0.621,0.000,0.0304,0.000
92,3,14,0.557,0.000,0.0304,0.000
92,4,15,0.801,0.000,0.0304,0.000
92,5,16,0.998,3806.016,0.0304,0.000
92,6,17,0.713,0.000,0.0304,380.602
92,7,18,0.578,0.000,0.0304,201.316
92,8,19,0.391,0.000,5.7607,76.420
92,9,20,0.425,258.819,3.6098,0.980
92,10,21,0.161,0.000,0.3245,26.398
92,11,22,0.589,241.181,0.0140,2.603
92,12,23,0.727,0.000,0.0135,23.902
92,13,24,0.398,207.107,0.0135,3.324
92,14,25,0.568,158.919,0.0128,20.207
92,15,26,2.211,99.900,0.0128,15.359
93,0,12,0.854,0.000,0.0304,0.000
93,1,13,0.821,0.000,0.0304,0.000
93,2,14,0.850,0.000,0.0304,0.000
93,3,15,0.970,0.000,0.0304,0.000
93,4,16,1.817,3806.016,0.0304,0.000
93,5,17,0.597,0.000,0.0304,380.602
93,6,18,0.492,0.000,0.0304,201.316
93,7,19,0.658,0.000,5.7607,76.420
93,8,20,0.365,258.819,3.6098,0.980
93,9,21,0.770,0.000,0.3245,26.398
93,10,22,0.648,241.181,0.0140,2.603
93,11,23,0.204,0.000,0.0135,23.902
93,12,24,0.519,207.107,0.0135,3.324
93,13,25,1.909,158.919,0.0128,20.207
93,14,26,1.970,99.900,0.0128,15.359
93,15,27,0.490,34.075,0.0122,9.608
94,0,13,0.266,0.000,0.0304,0.000
94,1,14,0.800,0.000,0.0304,0.000
94,2,15,0.400,0.000,0.0304,0.000
94,3,16,0.683,3806.016,0.0304,0.000
94,4,17,0.195,0.000,0.0304,380.602
94,5,18,0.188,0.000,0.0304,201.316
94,6,19,0.135,0.000,5.7607,76.420
94,7,20,0.327,258.819,3.6098,0.980
94,8,21,0.368,0.000,0.3245,26.398
94,9,22,0.358,241.181,0.0140,2.603
94,10,23,0.377,0.000,0.0135,23.902
94,11,24,0.170,207.107,0.0135,3.324
94,12,25,0.118,158.919,0.0128,20.207
94,13,26,0.392,99.900,0.0128,15.359
94,14,27,0.314,34.075,0.0122,9.608
94,15,28,0.113,0.000,0.0117,3.239
95,0,14,1.214,0.000,0.0304,0.000
95,1,15,0.463,0.000,0.0304,0.000
95,2,16,2.055,3806.016,0.0304,0.000
95,3,17,377.566,0.000,0.0304,380.602
95,4,18,0.832,0.000,0.0304,201.316
95,5,19,0.321,0.000,5.7607,76.420
95,6,20,0.770,258.819,3.6098,0.980
95,7,21,26.028,0.000,0.3245,26.398
95,8,22,0.664,241.181,0.0140,2.603
95,9,23,24.596,0.000,0.0135,23.902
95,10,24,0.242,207.107,0.0135,3.324
95,11,25,20.867,158.919,0.0128,20.207
95,12,26,15.915,99.900,0.0128,15.359
95,13,27,10.089,34.075,0.0122,9.608
95,14,28,3.044,0.000,0.0117,3.239
95,15,29,0.548,0.000,0.0114,3.177
96,0,15,1.491,0.000,0.0304,0.000
96,1,16,2.818,3806.016,0.0304,0.000
96,2,17,7.921,0.000,0.0304,380.602
96,3,18,7.321,0.000,0.0304,201.316
96,4,19,0.997,0.000,5.7607,76.420
96,5,20,0.856,258.819,3.6098,0.980
96,6,21,0.496,0.000,0.3245,26.398
96,7,22,0.071,241.181,0.0140,2.603
96,8,23,0.414,0.000,0.0135,23.902
96,9,24,0.734,207.107,0.0135,3.324
96,10,25,0.178,158.919,0.0128,20.207
96,11,26,0.447,99.900,0.0128,15.359
96,12,27,0.341,34.075,0.0122,9.608
96,13,28,0.763,0.000,0.0117,3.239
96,14,29,0.292,0.000,0.0114,3.177
96,15,30,0.608,0.000,0.0347,3.300
97,0,16,2.078,3806.016,0.0304,0.000
97,1,17,1.170,0.000,0.0304,380.602
97,2,18,0.976,0.000,0.0304,201.316
97,3,19,0.942,0.000,5.7607,76.420
97,4,20,0.020,258.819,3.6098,0.980
97,5,21,0.691,0.000,0.3245,26.398
97,6,22,0.379,241.181,0.0140,2.603
97,7,23,0.665,0.000,0.0135,23.902
97,8,24,0.285,207.107,0.0135,3.324
97,9,25,0.669,158.919,0.0128,20.207
97,10,26,0.492,99.900,0.0128,15.359
97,11,27,1.550,34.075,0.0122,9.608
97,12,28,0.814,0.000,0.0117,3.239
97,13,29,1.449,0.000,0.0114,3.177
97,14,30,1.370,0.000,0.0347,3.300
97,15,31,0.100,0.000,0.0251,3.231
98,0,17,0.505,0.000,0.0304,380.602
98,1,18,0.529,0.000,0.0304,201.316
98,2,19,0.752,0.000,5.7607,76.420
98,3,20,0.243,258.819,3.6098,0.980
98,4,21,0.369,0.000,0.3245,26.398
98,5,22,0.539,241.181,0.0140,2.603
98,6,23,0.332,0.000,0.0135,23.902
98,7,24,0.598,207.107,0.0135,3.324
98,8,25,1.262,158.919,0.0128,20.207
98,9,26,0.626,99.900,0.0128,15.359
98,10,27,0.549,34.075,0.0122,9.608
98,11,28,1.609,0.000,0.0117,3.239
98,12,29,1.638,0.000,0.0114,3.177
98,13,30,0.853,0.000,0.0347,3.300
98,14,31,4.926,0.000,0.0251,3.231
98,15,32,1.097,0.000,0.0249,3.380
99,0,18,0.791,0.000,0.0304,201.316
99,1,19,0.413,0.000,5.7607,76.420
99,2,20,0.728,258.819,3.6098,0.980
99,3,21,0.202,0.000,0.3245,26.398
99,4,22,0.539,241.181,0.0140,2.603
99,5,23,0.336,0.000,0.0135,23.902
99,6,24,0.426,207.107,0.0135,3.324
99,7,25,0.209,158.919,0.0128,20.207
99,8,26,0.255,99.900,0.0128,15.359
99,9,27,0.229,34.075,0.0122,9.608
99,10,28,0.259,0.000,0.0117,3.239
99,11,29,0.492,0.000,0.0114,3.177
99,12,30,0.278,0.000,0.0347,3.300
99,13,31,0.318,0.000,0.0251,3.231
99,14,32,0.004,0.000,0.0249,3.380
99,15,33,0.352,0.000,0.0247,3.231
100,0,19,1.198,0.000,5.7607,76.420
100,1,20,0.101,258.819,3.6098,0.980
100,2,21,0.224,0.000,0.3245,26.398
100,3,22,0.101,241.181,0.0140,2.603
100,4,23,0.237,0.000,0.0135,23.902
100,5,24,0.107,207.107,0.0135,3.324
100,6,25,0.272,158.919,0.0128,20.207
100,7,26,0.193,99.900,0.0128,15.359
100,8,27,0.767,34.075,0.0122,9.608
100,9,28,0.000,0.000,0.0117,3.239
100,10,29,0.372,0.000,0.0114,3.177
100,11,30,0.285,0.000,0.0347,3.300
100,12,31,0.194,0.000,0.0251,3.231
100,13,32,0.199,0.000,0.0249,3.380
100,14,33,0.137,0.000,0.0247,3.231
100,15,34,1.278,0.000,0.0245,3.380
101,0,20,0.679,258.819,3.6098,0.980
101,1,21,0.805,0.000,0.3245,26.398
101,2,22,0.192,241.181,0.0140,2.603
101,3,23,0.366,0.000,0.0135,23.902
101,4,24,0.718,207.107,0.0135,3.324
101,5,25,0.419,158.919,0.0128,20.207
101,6,26,0.191,99.900,0.0128,15.359
101,7,27,0.570,34.075,0.0122,9.608
101,8,28,0.200,0.000,0.0117,3.239
101,9,29,0.325,0.000,0.0114,3.177
101,10,30,0.423,0.000,0.0347,3.300
101,11,31,0.071,0.000,0.0251,3.231
101,12,32,0.721,0.000,0.0249,3.380
101,13,33,0.367,0.000,0.0247,3.231
101,14,34,0.143,0.000,0.0245,3.380
101,15,35,2.069,0.000,0.0249,3.231
102,0,21,0.233,0.000,0.3245,26.398
102,1,22,0.347,241.181,0.0140,2.603
102,2,23,0.528,0.000,0.0135,23.902
102,3,24,0.351,207.107,0.0135,3.324
102,4,25,0.407,158.919,0.0128,20.207
102,5,26,0.166,99.900,0.0128,15.359
102,6,27,0.752,34.075,0.0122,9.608
102,7,28,0.534,0.000,0.0117,3.239
102,8,29,0.300,0.000,0.0114,3.177
102,9,30,0.781,0.000,0.0347,3.300
102,10,31,0.342,0.000,0.0251,3.231
102,11,32,0.089,0.000,0.0249,3.380
102,12,33,0.699,0.000,0.0247,3.231
102,13,34,0.282,0.000,0.0245,3.380
102,14,35,0.214,0.000,0.0249,3.231
102,15,36,0.520,0.000,0.0248,3.379
103,0,22,0.219,241.181,0.0140,2.603
103,1,23,0.571,0.000,0.0135,23.902
103,2,24,0.606,207.107,0.0135,3.324
103,3,25,0.060,158.919,0.0128,20.207
103,4,26,0.174,99.900,0.0128,15.359
103,5,27,0.170,34.075,0.0122,9.608
103,6,28,0.436,0.000,0.0117,3.239
103,7,29,0.228,0.000,0.0114,3.177
103,8,30,0.266,0.000,0.0347,3.300
103,9,31,0.122,0.000,0.0251,3.231
103,10,32,0.116,0.000,0.0249,3.380
103,11,33,0.494,0.000,0.0247,3.231
103,12,34,0.086,0.000,0.0245,3.380
103,13,35,0.261,0.000,0.0249,3.231
103,14,36,0.112,0.000,0.0248,3.379
103,15,37,0.129,0.000,0.0249,3.231
104,0,23,0.690,0.000,0.0135,23.902
104,1,24,3.095,207.107,0.0135,3.324
104,2,25,2.994,158.919,0.0128,20.207
104,3,26,2.143,99.900,0.0128,15.359
104,4,27,0.877,34.075,0.0122,9.608
104,5,28,0.827,0.000,0.0117,3.239
104,6,29,0.493,0.000,0.0114,3.177
104,7,30,0.389,0.000,0.0347,3.300
104,8,31,0.464,0.000,0.0251,3.231
104,9,32,0.402,0.000,0.0249,3.380
104,10,33,0.321,0.000,0.0247,3.231
104,11,34,0.195,0.000,0.0245,3.380
104,12,35,0.269,0.000,0.0249,3.231
104,13,36,0.010,0.000,0.0248,3.379
104,14,37,0.281,0.000,0.0249,3.231
104,15,38,1.078,0.000,0.0250,3.379
105,0,24,1.028,207.107,0.0135,3.324
105,1,25,0.220,158.919,0.0128,20.207
105,2,26,0.329,99.900,0.0128,15.359
105,3,27,0.572,34.075,0.0122,9.608
105,4,28,0.519,0.000,0.0117,3.239
105,5,29,0.704,0.000,0.0114,3.177
105,6,30,0.276,0.000,0.0347,3.300
105,7,31,0.339,0.000,0.0251,3.231
105,8,32,0.625,0.000,0.0249,3.380
105,9,33,0.054,0.000,0.0247,3.231
105,10,34,0.045,0.000,0.0245,3.380
105,11,35,0.176,0.000,0.0249,3.231
105,12,36,0.057,0.000,0.0248,3.379
105,13,37,0.120,0.000,0.0249,3.231
105,14,38,0.403,0.000,0.0250,3.379
105,15,39,0.209,1000.000,0.0250,3.230
106,0,25,0.368,158.919,0.0128,20.207
106,1,26,0.359,99.900,0.0128,15.359
106,2,27,0.223,34.075,0.0122,9.608
106,3,28,0.282,0.000,0.0117,3.239
106,4,29,0.517,0.000,0.0114,3.177
106,5,30,0.246,0.000,0.0347,3.300
106,6,31,0.227,0.000,0.0251,3.231
106,7,32,0.117,0.000,0.0249,3.380
106,8,33,0.052,0.000,0.0247,3.231
106,9,34,0.181,0.000,0.0245,3.380
106,10,35,0.165,0.000,0.0249,3.231
106,11,36,0.209,0.000,0.0248,3.379
106,12,37,0.558,0.000,0.0249,3.231
106,13,38,0.430,0.000,0.0250,3.379
106,14,39,0.432,1000.000,0.0250,3.230
106,15,40,0.631,1035.567,0.0248,3.736
107,0,26,1.287,99.900,0.0128,15.359
107,1,27,0.632,34.075,0.0122,9.608
107,2,28,0.756,0.000,0.0117,3.239
107,3,29,0.322,0.000,0.0114,3.177
107,4,30,1.089,0.000,0.0347,3.300
107,5,31,0.335,0.000,0.0251,3.231
107,6,32,0.806,0.000,0.0249,3.380
107,7,33,1.699,0.000,0.0247,3.231
107,8,34,0.708,0.000,0.0245,3.380
107,9,35,0.242,0.000,0.0249,3.231
107,10,36,0.689,0.000,0.0248,3.379
107,11,37,0.619,0.000,0.0249,3.231
107,12,38,0.531,0.000,0.0250,3.379
107,13,39,1.170,1000.000,0.0250,3.230
107,14,40,0.445,1035.567,0.0248,3.736
107,15,41,54.540,0.000,2.0046,102.734
108,0,27,0.359,34.075,0.0122,9.608
108,1,28,0.812,0.000,0.0117,3.239
108,2,29,0.566,0.000,0.0114,3.177
108,3,30,0.356,0.000,0.0347,3.300
108,4,31,0.458,0.000,0.0251,3.231
108,5,32,0.080,0.000,0.0249,3.380
108,6,33,0.143,0.000,0.0247,3.231
108,7,34,0.504,0.000,0.0245,3.380
108,8,35,0.226,0.000,0.0249,3.231
108,9,36,0.410,0.000,0.0248,3.379
108,10,37,0.172,0.000,0.0249,3.231
108,11,38,0.710,0.000,0.0250,3.379
108,12,39,0.404,1000.000,0.0250,3.230
108,13,40,0.489,1035.567,0.0248,3.736
108,14,41,34.641,0.000,2.0046,102.734
108,15,42,0.880,0.000,4.4636,20.943
109,0,28,0.229,0.000,0.0117,3.239
109,1,29,0.338,0.000,0.0114,3.177
109,2,30,0.265,0.000,0.0347,3.300
109,3,31,0.140,0.000,0.0251,3.231
109,4,32,0.757,0.000,0.0249,3.380
109,5,33,0.074,0.000,0.0247,3.231
109,6,34,0.507,0.000,0.0245,3.380
109,7,35,0.069,0.000,0.0249,3.231
109,8,36,0.519,0.000,0.0248,3.379
109,9,37,0.246,0.000,0.0249,3.231
109,10,38,0.325,0.000,0.0250,3.379
109,11,39,0.362,1000.000,0.0250,3.230
109,12,40,0.845,1035.567,0.0248,3.736
109,13,41,18.138,0.000,2.0046,102.734
109,14,42,0.541,0.000,4.4636,20.943
109,15,43,0.222,0.000,3.0402,0.616
110,0,29,0.338,0.000,0.0114,3.177
110,1,30,0.555,0.000,0.0347,3.300
110,2,31,0.417,0.000,0.0251,3.231
110,3,32,0.596,0.000,0.0249,3.380
110,4,33,0.350,0.000,0.0247,3.231
110,5,34,0.191,0.000,0.0245,3.380
110,6,35,0.470,0.000,0.0249,3.231
110,7,36,0.195,0.000,0.0248,3.379
110,8,37,0.864,0.000,0.0249,3.231
110,9,38,0.737,0.000,0.0250,3.379
110,10,39,0.648,1000.000,0.0250,3.230
110,11,40,0.370,1035.567,0.0248,3.736
110,12,41,16.176,0.000,2.0046,102.734
110,13,42,0.235,0.000,4.4636,20.943
110,14,43,0.474,0.000,3.0402,0.616
110,15,44,0.706,0.000,0.0286,1.219
111,0,30,0.978,0.000,0.0347,3.300
111,1,31,1.416,0.000,0.0251,3.231
111,2,32,0.991,0.000,0.0249,3.380
111,3,33,0.856,0.000,0.0247,3.231
111,4,34,0.896,0.000,0.0245,3.380
111,5,35,0.701,0.000,0.0249,3.231
111,6,36,0.942,0.000,0.0248,3.379
111,7,37,0.613,0.000,0.0249,3.231
111,8,38,0.951,0.000,0.0250,3.379
111,9,39,0.420,1000.000,0.0250,3.230
111,10,40,0.510,1035.567,0.0248,3.736
111,11,41,12.722,0.000,2.0046,102.734
111,12,42,1.326,0.000,4.4636,20.943
111,13,43,1.079,0.000,3.0402,0.616
111,14,44,2.723,0.000,0.0286,1.219
111,15,45,0.302,0.000,0.0292,0.615
112,0,31,0.466,0.000,0.0251,3.231
112,1,32,0.518,0.000,0.0249,3.380
112,2,33,0.621,0.000,0.0247,3.231
112,3,34,0.928,0.000,0.0245,3.380
112,4,35,0.291,0.000,0.0249,3.231
112,5,36,0.271,0.000,0.0248,3.379
112,6,37,0.651,0.000,0.0249,3.231
112,7,38,0.557,0.000,0.0250,3.379
112,8,39,0.125,1000.000,0.0250,3.230
112,9,40,0.748,1035.567,0.0248,3.736
112,10,41,103.857,0.000,2.0046,102.734
112,11,42,0.726,0.000,4.4636,20.943
112,12,43,1.065,0.000,3.0402,0.616
112,13,44,1.140,0.000,0.0286,1.219
112,14,45,0.651,0.000,0.0292,0.615
112,15,46,0.718,0.000,0.0292,1.218
113,0,32,0.624,0.000,0.0249,3.380
113,1,33,0.368,0.000,0.0247,3.231
113,2,34,0.063,0.000,0.0245,3.380
113,3,35,0.550,0.000,0.0249,3.231
113,4,36,0.274,0.000,0.0248,3.379
113,5,37,0.194,0.000,0.0249,3.231
113,6,38,0.562,0.000,0.0250,3.379
113,7,39,0.502,1000.000,0.0250,3.230
113,8,40,0.570,1035.567,0.0248,3.736
113,9,41,37.678,0.000,2.0046,102.734
113,10,42,0.435,0.000,4.4636,20.943
113,11,43,0.298,0.000,3.0402,0.616
113,12,44,0.613,0.000,0.0286,1.219
113,13,45,0.580,0.000,0.0292,0.615
113,14,46,0.323,0.000,0.0292,1.218
113,15,47,0.575,0.000,0.0293,0.615
114,0,33,0.543,0.000,0.0247,3.231
114,1,34,0.785,0.000,0.0245,3.380
114,2,35,1.261,0.000,0.0249,3.231
114,3,36,0.266,0.000,0.0248,3.379
114,4,37,0.475,0.000,0.0249,3.231
114,5,38,0.907,0.000,0.0250,3.379
114,6,39,0.322,1000.000,0.0250,3.230
114,7,40,0.569,1035.567,0.0248,3.736
114,8,41,1.808,0.000,2.0046,102.734
114,9,42,0.582,0.000,4.4636,20.943
114,10,43,0.730,0.000,3.0402,0.616
114,11,44,0.580,0.000,0.0286,1.219
114,12,45,0.432,0.000,0.0292,0.615
114,13,46,0.209,0.000,0.0292,1.218
114,14,47,1.798,0.000,0.0293,0.615
114,15,48,0.324,0.000,0.0291,1.218
115,0,34,2.739,0.000,0.0245,3.380
115,1,35,0.912,0.000,0.0249,3.231
115,2,36,0.695,0.000,0.0248,3.379
115,3,37,0.558,0.000,0.0249,3.231
115,4,38,0.653,0.000,0.0250,3.379
115,5,39,0.449,1000.000,0.0250,3.230
115,6,40,0.627,1035.567,0.0248,3.736
115,7,41,4.250,0.000,2.0046,102.734
115,8,42,0.917,0.000,4.4636,20.943
115,9,43,0.511,0.000,3.0402,0.616
115,10,44,0.255,0.000,0.0286,1.219
115,11,45,1.049,0.000,0.0292,0.615
115,12,46,0.448,0.000,0.0292,1.218
115,13,47,0.395,0.000,0.0293,0.615
115,14,48,0.736,0.000,0.0291,1.218
115,15,49,0.736,0.000,0.0291,0.615
116,0,35,1.207,0.000,0.0249,3.231
116,1,36,0.721,0.000,0.0248,3.379
116,2,37,0.394,0.000,0.0249,3.231
116,3,38,0.051,0.000,0.0250,3.379
116,4,39,0.547,1000.000,0.0250,3.230
116,5,40,0.588,1035.567,0.0248,3.736
116,6,41,0.699,0.000,2.0046,102.734
116,7,42,0.959,0.000,4.4636,20.943
116,8,43,1.275,0.000,3.0402,0.616
116,9,44,1.002,0.000,0.0286,1.219
116,10,45,0.572,0.000,0.0292,0.615
116,11,46,0.258,0.000,0.0292,1.218
116,12,47,0.444,0.000,0.0293,0.615
116,13,48,0.247,0.000,0.0291,1.218
116,14,49,0.548,0.000,0.0291,0.615
116,15,50,0.728,0.000,0.0291,1.218
117,0,36,0.092,0.000,0.0248,3.379
117,1,37,0.445,0.000,0.0249,3.231
117,2,38,0.644,0.000,0.0250,3.379
117,3,39,0.820,1000.000,0.0250,3.230
117,4,40,0.486,1035.567,0.0248,3.736
117,5,41,8.716,0.000,2.0046,102.734
117,6,42,1.703,0.000,4.4636,20.943
117,7,43,0.269,0.000,3.0402,0.616
117,8,44,0.665,0.000,0.0286,1.219
117,9,45,0.854,0.000,0.0292,0.615
117,10,46,0.143,0.000,0.0292,1.218
117,11,47,0.826,0.000,0.0293,0.615
117,12,48,0.519,0.000,0.0291,1.218
117,13,49,0.444,0.000,0.0291,0.615
117,14,50,0.334,0.000,0.0291,1.218
117,15,51,3.166,0.000,0.0293,0.615
118,0,37,0.163,0.000,0.0249,3.231
118,1,38,1.820,0.000,0.0250,3.379
118,2,39,0.170,1000.000,0.0250,3.230
118,3,40,0.310,1035.567,0.0248,3.736
118,4,41,3.749,0.000,2.0046,102.734
118,5,42,0.798,0.000,4.4636,20.943
118,6,43,0.425,0.000,3.0402,0.616
118,7,44,0.282,0.000,0.0286,1.219
118,8,45,0.515,0.000,0.0292,0.615
118,9,46,0.751,0.000,0.0292,1.218
118,10,47,0.461,0.000,0.0293,0.615
118,11,48,0.493,0.000,0.0291,1.218
118,12,49,0.776,0.000,0.0291,0.615
118,13,50,0.373,0.000,0.0291,1.218
118,14,51,0.351,0.000,0.0293,0.615
118,15,52,0.035,0.000,0.0291,1.217
119,0,38,0.193,0.000,0.0250,3.379
119,1,39,0.283,1000.000,0.0250,3.230
119,2,40,0.292,1035.567,0.0248,3.736
119,3,41,10.183,0.000,2.0046,102.734
119,4,42,0.452,0.000,4.4636,20.943
119,5,43,0.702,0.000,3.0402,0.616
119,6,44,0.499,0.000,0.0286,1.219
119,7,45,0.454,0.000,0.0292,0.615
119,8,46,0.252,0.000,0.0292,1.218
119,9,47,0.793,0.000,0.0293,0.615
119,10,48,0.633,0.000,0.0291,1.218
119,11,49,0.795,0.000,0.0291,0.615
119,12,50,0.446,0.000,0.0291,1.218
119,13,51,0.334,0.000,0.0293,0.615
119,14,52,0.617,0.000,0.0291,1.217
119,15,53,0.519,258.819,0.0293,0.615
120,0,39,0.849,1000.000,0.0250,3.230
120,1,40,1.235,1035.567,0.0248,3.736
120,2,41,6.278,0.000,2.0046,102.734
120,3,42,0.731,0.000,4.4636,20.943
120,4,43,0.440,0.000,3.0402,0.616
120,5,44,0.505,0.000,0.0286,1.219
120,6,45,0.637,0.000,0.0292,0.615
120,7,46,0.461,0.000,0.0292,1.218
120,8,47,0.449,0.000,0.0293,0.615
120,9,48,0.178,0.000,0.0291,1.218
120,10,49,0.413,0.000,0.0291,0.615
120,11,50,0.344,0.000,0.0291,1.218
120,12,51,0.982,0.000,0.0293,0.615
120,13,52,0.439,0.000,0.0291,1.217
120,14,53,1.245,258.819,0.0293,0.615
120,15,54,0.714,0.000,0.0293,25.739
121,0,40,2.340,1035.567,0.0248,3.736
121,1,41,0.215,0.000,2.0046,102.734
121,2,42,1.532,0.000,4.4636,20.943
121,3,43,0.456,0.000,3.0402,0.616
121,4,44,0.468,0.000,0.0286,1.219
121,5,45,0.728,0.000,0.0292,0.615
121,6,46,0.688,0.000,0.0292,1.218
121,7,47,0.759,0.000,0.0293,0.615
121,8,48,0.332,0.000,0.0291,1.218
121,9,49,0.381,0.000,0.0291,0.615
121,10,50,0.979,0.000,0.0291,1.218
121,11,51,0.365,0.000,0.0293,0.615
121,12,52,0.395,0.000,0.0291,1.217
121,13,53,1.187,258.819,0.0293,0.615
121,14,54,0.698,0.000,0.0293,25.739
121,15,55,0.701,241.181,0.0292,3.850
122,0,41,25.519,0.000,2.0046,102.734
122,1,42,7.089,0.000,4.4636,20.943
122,2,43,3.660,0.000,3.0402,0.616
122,3,44,3.619,0.000,0.0286,1.219
122,4,45,1.714,0.000,0.0292,0.615
122,5,46,1.552,0.000,0.0292,1.218
122,6,47,1.897,0.000,0.0293,0.615
122,7,48,1.968,0.000,0.0291,1.218
122,8,49,1.708,0.000,0.0291,0.615
122,9,50,0.823,0.000,0.0291,1.218
122,10,51,1.281,0.000,0.0293,0.615
122,11,52,2.363,0.000,0.0291,1.217
122,12,53,0.720,258.819,0.0293,0.615
122,13,54,5.134,0.000,0.0293,25.739
122,14,55,1.806,241.181,0.0292,3.850
122,15,56,5.427,207.107,0.0284,23.208
123,0,42,0.674,0.000,4.4636,20.943
123,1,43,0.582,0.000,3.0402,0.616
123,2,44,0.483,0.000,0.0286,1.219
123,3,45,0.403,0.000,0.0292,0.615
123,4,46,0.369,0.000,0.0292,1.218
123,5,47,0.259,0.000,0.0293,0.615
123,6,48,0.503,0.000,0.0291,1.218
123,7,49,0.278,0.000,0.0291,0.615
123,8,50,0.344,0.000,0.0291,1.218
123,9,51,0.362,0.000,0.0293,0.615
123,10,52,0.901,0.000,0.0291,1.217
123,11,53,0.428,258.819,0.0293,0.615
123,12,54,0.722,0.000,0.0293,25.739
123,13,55,0.912,241.181,0.0292,3.850
123,14,56,0.466,207.107,0.0284,23.208
123,15,57,1.177,158.918,0.0282,19.580
124,0,43,0.931,0.000,3.0402,0.616
124,1,44,0.800,0.000,0.0286,1.219
124,2,45,0.454,0.000,0.0292,0.615
124,3,46,0.698,0.000,0.0292,1.218
124,4,47,0.822,0.000,0.0293,0.615
124,5,48,0.449,0.000,0.0291,1.218
124,6,49,0.090,0.000,0.0291,0.615
124,7,50,0.785,0.000,0.0291,1.218
124,8,51,0.840,0.000,0.0293,0.615
124,9,52,0.160,0.000,0.0291,1.217
124,10,53,0.339,258.819,0.0293,0.615
124,11,54,0.519,0.000,0.0293,25.739
124,12,55,0.292,241.181,0.0292,3.850
124,13,56,0.382,207.107,0.0284,23.208
124,14,57,1.738,158.918,0.0282,19.580
124,15,58,0.089,99.901,0.0271,14.896
125,0,44,0.229,0.000,0.0286,1.219
125,1,45,0.489,0.000,0.0292,0.615
125,2,46,0.134,0.000,0.0292,1.218
125,3,47,0.123,0.000,0.0293,0.615
125,4,48,0.374,0.000,0.0291,1.218
125,5,49,0.078,0.000,0.0291,0.615
125,6,50,0.258,0.000,0.0291,1.218
125,7,51,0.224,0.000,0.0293,0.615
125,8,52,0.418,0.000,0.0291,1.217
125,9,53,0.722,258.819,0.0293,0.615
125,10,54,0.424,0.000,0.0293,25.739
125,11,55,0.418,241.181,0.0292,3.850
125,12,56,0.515,207.107,0.0284,23.208
125,13,57,0.321,158.918,0.0282,19.580
125,14,58,0.181,99.901,0.0271,14.896
125,15,59,0.460,34.075,0.0262,9.361
126,0,45,0.399,0.000,0.0292,0.615
126,1,46,0.216,0.000,0.0292,1.218
126,2,47,1.013,0.000,0.0293,0.615
126,3,48,1.022,0.000,0.0291,1.218
126,4,49,0.933,0.000,0.0291,0.615
126,5,50,0.973,0.000,0.0291,1.218
126,6,51,0.243,0.000,0.0293,0.615
126,7,52,0.314,0.000,0.0291,1.217
126,8,53,0.385,258.819,0.0293,0.615
126,9,54,0.642,0.000,0.0293,25.739
126,10,55,0.545,241.181,0.0292,3.850
126,11,56,0.596,207.107,0.0284,23.208
126,12,57,0.656,158.918,0.0282,19.580
126,13,58,0.141,99.901,0.0271,14.896
126,14,59,2.104,34.075,0.0262,9.361
126,15,60,0.500,0.000,0.0253,3.215
127,0,46,1.149,0.000,0.0292,1.218
127,1,47,1.445,0.000,0.0293,0.615
127,2,48,0.238,0.000,0.0291,1.218
127,3,49,0.221,0.000,0.0291,0.615
127,4,50,0.651,0.000,0.0291,1.218
127,5,51,1.294,0.000,0.0293,0.615
127,6,52,0.668,0.000,0.0291,1.217
127,7,53,0.520,258.819,0.0293,0.615
127,8,54,1.112,0.000,0.0293,25.739
127,9,55,1.042,241.181,0.0292,3.850
127,10,56,1.013,207.107,0.0284,23.208
127,11,57,0.938,158.918,0.0282,19.580
127,12,58,0.975,99.901,0.0271,14.896
127,13,59,0.096,34.075,0.0262,9.361
127,14,60,1.267,0.000,0.0253,3.215
127,15,61,1.982,0.000,0.0248,0.619
128,0,47,0.929,0.000,0.0293,0.615
128,1,48,0.564,0.000,0.0291,1.218
128,2,49,0.549,0.000,0.0291,0.615
128,3,50,0.860,0.000,0.0291,1.218
128,4,51,0.337,0.000,0.0293,0.615
128,5,52,0.377,0.000,0.0291,1.217
128,6,53,0.264,258.819,0.0293,0.615
128,7,54,1.486,0.000,0.0293,25.739
128,8,55,0.362,241.181,0.0292,3.850
128,9,56,0.835,207.107,0.0284,23.208
128,10,57,0.282,158.918,0.0282,19.580
128,11,58,0.451,99.901,0.0271,14.896
128,12,59,1.203,34.075,0.0262,9.361
128,13,60,0.235,0.000,0.0253,3.215
128,14,61,1.368,0.000,0.0248,0.619
128,15,62,1.236,0.000,0.0244,1.227
129,0,48,0.292,0.000,0.0291,1.218
129,1,49,1.193,0.000,0.0291,0.615
129,2,50,1.121,0.000,0.0291,1.218
129,3,51,0.613,0.000,0.0293,0.615
129,4,52,0.916,0.000,0.0291,1.217
129,5,53,1.161,258.819,0.0293,0.615
129,6,54,3.036,0.000,0.0293,25.739
129,7,55,2.042,241.181,0.0292,3.850
129,8,56,1.406,207.107,0.0284,23.208
129,9,57,2.458,158.918,0.0282,19.580
129,10,58,2.277,99.901,0.0271,14.896
129,11,59,0.975,34.075,0.0262,9.361
129,12,60,1.462,0.000,0.0253,3.215
129,13,61,1.521,0.000,0.0248,0.619
129,14,62,1.183,0.000,0.0244,1.227
129,15,63,0.950,0.000,0.0241,0.617
130,0,49,1.056,0.000,0.0291,0.615
130,1,50,0.709,0.000,0.0291,1.218
130,2,51,0.801,0.000,0.0293,0.615
130,3,52,0.752,0.000,0.0291,1.217
130,4,53,1.106,258.819,0.0293,0.615
130,5,54,5.173,0.000,0.0293,25.739
130,6,55,2.408,241.181,0.0292,3.850
130,7,56,3.901,207.107,0.0284,23.208
130,8,57,5.057,158.918,0.0282,19.580
130,9,58,4.108,99.901,0.0271,14.896
130,10,59,1.701,34.075,0.0262,9.361
130,11,60,1.204,0.000,0.0253,3.215
130,12,61,0.386,0.000,0.0248,0.619
130,13,62,0.342,0.000,0.0244,1.227
130,14,63,0.313,0.000,0.0241,0.617
130,15,64,0.606,0.000,0.0242,1.226
131,0,50,0.390,0.000,0.0291,1.218
131,1,51,1.435,0.000,0.0293,0.615
131,2,52,0.496,0.000,0.0291,1.217
131,3,53,0.546,258.819,0.0293,0.615
131,4,54,1.553,0.000,0.0293,25.739
131,5,55,1.592,241.181,0.0292,3.850
131,6,56,2.916,207.107,0.0284,23.208
131,7,57,1.347,158.918,0.0282,19.580
131,8,58,2.123,99.901,0.0271,14.896
131,9,59,0.313,34.075,0.0262,9.361
131,10,60,0.384,0.000,0.0253,3.215
131,11,61,0.648,0.000,0.0248,0.619
131,12,62,0.610,0.000,0.0244,1.227
131,13,63,0.281,0.000,0.0241,0.617
131,14,64,3.722,0.000,0.0242,1.226
131,15,65,1.250,0.000,0.0244,0.618
132,0,51,2.397,0.000,0.0293,0.615
132,1,52,0.564,0.000,0.0291,1.217
132,2,53,0.696,258.819,0.0293,0.615
132,3,54,0.771,0.000,0.0293,25.739
132,4,55,0.418,241.181,0.0292,3.850
132,5,56,1.610,207.107,0.0284,23.208
132,6,57,2.313,158.918,0.0282,19.580
132,7,58,1.590,99.901,0.0271,14.896
132,8,59,0.905,34.075,0.0262,9.361
132,9,60,0.420,0.000,0.0253,3.215
132,10,61,0.344,0.000,0.0248,0.619
132,11,62,0.592,0.000,0.0244,1.227
132,12,63,0.635,0.000,0.0241,0.617
132,13,64,0.570,0.000,0.0242,1.226
132,14,65,0.371,0.000,0.0244,0.618
132,15,66,1.241,0.000,0.0242,1.227
133,0,52,1.095,0.000,0.0291,1.217
133,1,53,1.106,258.819,0.0293,0.615
133,2,54,3.061,0.000,0.0293,25.739
133,3,55,0.646,241.181,0.0292,3.850
133,4,56,2.589,207.107,0.0284,23.208
133,5,57,2.812,158.918,0.0282,19.580
133,6,58,2.061,99.901,0.0271,14.896
133,7,59,1.118,34.075,0.0262,9.361
133,8,60,0.450,0.000,0.0253,3.215
133,9,61,0.604,0.000,0.0248,0.619
133,10,62,0.555,0.000,0.0244,1.227
133,11,63,1.212,0.000,0.0241,0.617
133,12,64,0.502,0.000,0.0242,1.226
133,13,65,0.506,0.000,0.0244,0.618
133,14,66,0.737,0.000,0.0242,1.227
133,15,67,0.760,0.000,0.0243,0.616
134,0,53,2.267,258.819,0.0293,0.615
134,1,54,16.496,0.000,0.0293,25.739
134,2,55,15.981,241.181,0.0292,3.850
134,3,56,14.876,207.107,0.0284,23.208
134,4,57,26.510,158.918,0.0282,19.580
134,5,58,20.739,99.901,0.0271,14.896
134,6,59,13.119,34.075,0.0262,9.361
134,7,60,5.553,0.000,0.0253,3.215
134,8,61,0.838,0.000,0.0248,0.619
134,9,62,1.092,0.000,0.0244,1.227
134,10,63,0.329,0.000,0.0241,0.617
134,11,64,0.508,0.000,0.0242,1.226
134,12,65,0.417,0.000,0.0244,0.618
134,13,66,0.120,0.000,0.0242,1.227
134,14,67,0.349,0.000,0.0243,0.616
134,15,68,0.913,0.000,0.0244,1.225
135,0,54,2.070,0.000,0.0293,25.739
135,1,55,0.655,241.181,0.0292,3.850
135,2,56,0.494,207.107,0.0284,23.208
135,3,57,0.941,158.918,0.0282,19.580
135,4,58,0.961,99.901,0.0271,14.896
135,5,59,0.314,34.075,0.0262,9.361
135,6,60,0.618,0.000,0.0253,3.215
135,7,61,0.697,0.000,0.0248,0.619
135,8,62,0.264,0.000,0.0244,1.227
135,9,63,0.788,0.000,0.0241,0.617
135,10,64,0.341,0.000,0.0242,1.226
135,11,65,0.329,0.000,0.0244,0.618
135,12,66,0.932,0.000,0.0242,1.227
135,13,67,0.747,0.000,0.0243,0.616
135,14,68,3.624,0.000,0.0244,1.225
135,15,69,1.338,0.000,0.0241,0.620
136,0,55,1.085,241.181,0.0292,3.850
136,1,56,0.809,207.107,0.0284,23.208
136,2,57,0.657,158.918,0.0282,19.580
136,3,58,1.537,99.901,0.0271,14.896
136,4,59,0.861,34.075,0.0262,9.361
136,5,60,0.814,0.000,0.0253,3.215
136,6,61,0.213,0.000,0.0248,0.619
136,7,62,0.709,0.000,0.0244,1.227
136,8,63,0.584,0.000,0.0241,0.617
136,9,64,0.627,0.000,0.0242,1.226
136,10,65,0.660,0.000,0.0244,0.618
136,11,66,0.441,0.000,0.0242,1.227
136,12,67,0.962,0.000,0.0243,0.616
136,13,68,0.525,0.000,0.0244,1.225
136,14,69,0.493,0.000,0.0241,0.620
136,15,70,0.429,0.000,0.0243,1.228
137,0,56,0.292,207.107,0.0284,23.208
137,1,57,0.635,158.918,0.0282,19.580
137,2,58,0.811,99.901,0.0271,14.896
137,3,59,0.373,34.075,0.0262,9.361
137,4,60,0.308,0.000,0.0253,3.215
137,5,61,0.206,0.000,0.0248,0.619
137,6,62,0.344,0.000,0.0244,1.227
137,7,63,0.175,0.000,0.0241,0.617
137,8,64,0.375,0.000,0.0242,1.226
137,9,65,0.503,0.000,0.0244,0.618
137,10,66,0.131,0.000,0.0242,1.227
137,11,67,0.324,0.000,0.0243,0.616
137,12,68,0.669,0.000,0.0244,1.225
137,13,69,0.384,0.000,0.0241,0.620
137,14,70,0.637,0.000,0.0243,1.228
137,15,71,0.528,0.000,0.0243,0.618
138,0,57,0.779,158.918,0.0282,19.580
138,1,58,0.517,99.901,0.0271,14.896
138,2,59,0.325,34.075,0.0262,9.361
138,3,60,0.386,0.000,0.0253,3.215
138,4,61,0.391,0.000,0.0248,0.619
138,5,62,0.904,0.000,0.0244,1.227
138,6,63,0.420,0.000,0.0241,0.617
138,7,64,0.331,0.000,0.0242,1.226
138,8,65,0.162,0.000,0.0244,0.618
138,9,66,0.307,0.000,0.0242,1.227
138,10,67,0.864,0.000,0.0243,0.616
138,11,68,0.363,0.000,0.0244,1.225
138,12,69,0.125,0.000,0.0241,0.620
138,13,70,0.512,0.000,0.0243,1.228
138,14,71,0.820,0.000,0.0243,0.618
138,15,72,2.112,0.000,0.0243,1.226
139,0,58,0.458,99.901,0.0271,14.896
139,1,59,0.455,34.075,0.0262,9.361
139,2,60,0.824,0.000,0.0253,3.215
139,3,61,0.958,0.000,0.0248,0.619
139,4,62,0.565,0.000,0.0244,1.227
139,5,63,0.604,0.000,0.0241,0.617
139,6,64,0.432,0.000,0.0242,1.226
139,7,65,0.458,0.000,0.0244,0.618
139,8,66,0.341,0.000,0.0242,1.227
139,9,67,0.336,0.000,0.0243,0.616
139,10,68,0.376,0.000,0.0244,1.225
139,11,69,0.369,0.000,0.0241,0.620
139,12,70,0.412,0.000,0.0243,1.228
139,13,71,0.520,0.000,0.0243,0.618
139,14,72,0.518,0.000,0.0243,1.226
139,15,73,0.241,0.000,0.0241,0.618
140,0,59,0.505,34.075,0.0262,9.361
140,1,60,0.481,0.000,0.0253,3.215
140,2,61,0.459,0.000,0.0248,0.619
140,3,62,0.534,0.000,0.0244,1.227
140,4,63,0.402,0.000,0.0241,0.617
140,5,64,0.524,0.000,0.0242,1.226
140,6,65,0.554,0.000,0.0244,0.618
140,7,66,0.474,0.000,0.0242,1.227
140,8,67,0.785,0.000,0.0243,0.616
140,9,68,0.436,0.000,0.0244,1.225
140,10,69,0.416,0.000,0.0241,0.620
140,11,70,0.255,0.000,0.0243,1.228
140,12,71,0.172,0.000,0.0243,0.618
140,13,72,0.326,0.000,0.0243,1.226
140,14,73,0.325,0.000,0.0241,0.618
140,15,74,0.620,0.000,0.0242,1.226
141,0,60,0.305,0.000,0.0253,3.215
141,1,61,0.266,0.000,0.0248,0.619
141,2,62,0.302,0.000,0.0244,1.227
141,3,63,0.306,0.000,0.0241,0.617
141,4,64,0.287,0.000,0.0242,1.226
141,5,65,0.604,0.000,0.0244,0.618
141,6,66,0.214,0.000,0.0242,1.227
141,7,67,0.463,0.000,0.0243,0.616
141,8,68,0.583,0.000,0.0244,1.225
141,9,69,0.131,0.000,0.0241,0.620
141,10,70,0.177,0.000,0.0243,1.228
141,11,71,0.240,0.000,0.0243,0.618
141,12,72,0.235,0.000,0.0243,1.226
141,13,73,0.178,0.000,0.0241,0.618
141,14,74,0.345,0.000,0.0242,1.226
141,15,75,2.037,0.000,0.0242,0.618
142,0,61,0.452,0.000,0.0248,0.619
142,1,62,0.669,0.000,0.0244,1.227
142,2,63,0.661,0.000,0.0241,0.617
142,3,64,0.302,0.000,0.0242,1.226
142,4,65,0.633,0.000,0.0244,0.618
142,5,66,0.444,0.000,0.0242,1.227
142,6,67,0.806,0.000,0.0243,0.616
142,7,68,0.734,0.000,0.0244,1.225
142,8,69,0.665,0.000,0.0241,0.620
142,9,70,1.211,0.000,0.0243,1.228
142,10,71,0.161,0.000,0.0243,0.618
142,11,72,0.160,0.000,0.0243,1.226
142,12,73,0.642,0.000,0.0241,0.618
142,13,74,0.568,0.000,0.0242,1.226
142,14,75,1.635,0.000,0.0242,0.618
142,15,76,0.548,0.000,0.0238,0.612
143,0,62,0.309,0.000,0.0244,1.227
143,1,63,0.194,0.000,0.0241,0.617
143,2,64,0.417,0.000,0.0242,1.226
143,3,65,0.039,0.000,0.0244,0.618
143,4,66,0.808,0.000,0.0242,1.227
143,5,67,0.136,0.000,0.0243,0.616
143,6,68,0.205,0.000,0.0244,1.225
143,7,69,0.294,0.000,0.0241,0.620
143,8,70,0.305,0.000,0.0243,1.228
143,9,71,0.177,0.000,0.0243,0.618
143,10,72,0.234,0.000,0.0243,1.226
143,11,73,0.890,0.000,0.0241,0.618
143,12,74,0.785,0.000,0.0242,1.226
143,13,75,0.862,0.000,0.0242,0.618
143,14,76,1.302,0.000,0.0238,0.612
143,15,77,0.383,1000.000,0.0110,0.610
144,0,63,0.691,0.000,0.0241,0.617
144,1,64,0.492,0.000,0.0242,1.226
144,2,65,0.237,0.000,0.0244,0.618
144,3,66,0.456,0.000,0.0242,1.227
144,4,67,0.360,0.000,0.0243,0.616
144,5,68,0.449,0.000,0.0244,1.225
144,6,69,0.383,0.000,0.0241,0.620
144,7,70,0.403,0.000,0.0243,1.228
144,8,71,0.393,0.000,0.0243,0.618
144,9,72,0.469,0.000,0.0243,1.226
144,10,73,0.821,0.000,0.0241,0.618
144,11,74,0.903,0.000,0.0242,1.226
144,12,75,0.333,0.000,0.0242,0.618
144,13,76,0.518,0.000,0.0238,0.612
144,14,77,1.498,1000.000,0.0110,0.610
144,15,78,0.606,18.793,0.0110,1.879
145,0,64,0.422,0.000,0.0242,1.226
145,1,65,0.416,0.000,0.0244,0.618
145,2,66,0.242,0.000,0.0242,1.227
145,3,67,0.427,0.000,0.0243,0.616
145,4,68,0.413,0.000,0.0244,1.225
145,5,69,0.640,0.000,0.0241,0.620
145,6,70,0.630,0.000,0.0243,1.228
145,7,71,0.291,0.000,0.0243,0.618
145,8,72,0.698,0.000,0.0243,1.226
145,9,73,0.343,0.000,0.0241,0.618
145,10,74,0.712,0.000,0.0242,1.226
145,11,75,0.151,0.000,0.0242,0.618
145,12,76,0.496,0.000,0.0238,0.612
145,13,77,0.345,1000.000,0.0110,0.610
145,14,78,0.600,18.793,0.0110,1.879
146,0,65,0.371,0.000,0.0244,0.618
146,1,66,0.510,0.000,0.0242,1.227
146,2,67,0.726,0.000,0.0243,0.616
146,3,68,0.629,0.000,0.0244,1.225
146,4,69,0.980,0.000,0.0241,0.620
146,5,70,0.335,0.000,0.0243,1.228
146,6,71,0.476,0.000,0.0243,0.618
146,7,72,0.570,0.000,0.0243,1.226
146,8,73,1.072,0.000,0.0241,0.618
146,9,74,0.618,0.000,0.0242,1.226
146,10,75,0.210,0.000,0.0242,0.618
146,11,76,1.029,0.000,0.0238,0.612
146,12,77,0.723,1000.000,0.0110,0.610
146,13,78,0.866,18.793,0.0110,1.879
147,0,66,0.422,0.000,0.0242,1.227
147,1,67,0.262,0.000,0.0243,0.616
147,2,68,0.207,0.000,0.0244,1.225
147,3,69,0.192,0.000,0.0241,0.620
147,4,70,0.514,0.000,0.0243,1.228
147,5,71,0.603,0.000,0.0243,0.618
147,6,72,0.388,0.000,0.0243,1.226
147,7,73,0.412,0.000,0.0241,0.618
147,8,74,0.229,0.000,0.0242,1.226
147,9,75,0.450,0.000,0.0242,0.618
147,10,76,0.280,0.000,0.0238,0.612
147,11,77,0.473,1000.000,0.0110,0.610
147,12,78,0.913,18.793,0.0110,1.879
148,0,67,1.051,0.000,0.0243,0.616
148,1,68,4.020,0.000,0.0244,1.225
148,2,69,0.176,0.000,0.0241,0.620
148,3,70,0.720,0.000,0.0243,1.228
148,4,71,0.459,0.000,0.0243,0.618
148,5,72,0.788,0.000,0.0243,1.226
148,6,73,0.434,0.000,0.0241,0.618
148,7,74,0.430,0.000,0.0242,1.226
148,8,75,1.673,0.000,0.0242,0.618
148,9,76,0.570,0.000,0.0238,0.612
148,10,77,0.145,1000.000,0.0110,0.610
148,11,78,0.517,18.793,0.0110,1.879
149,0,68,0.311,0.000,0.0244,1.225
149,1,69,0.417,0.000,0.0241,0.620
149,2,70,0.367,0.000,0.0243,1.228
149,3,71,0.310,0.000,0.0243,0.618
149,4,72,0.373,0.000,0.0243,1.226
149,5,73,0.564,0.000,0.0241,0.618
149,6,74,0.513,0.000,0.0242,1.226
149,7,75,0.663,0.000,0.0242,0.618
149,8,76,0.523,0.000,0.0238,0.612
149,9,77,0.487,1000.000,0.0110,0.610
149,10,78,0.767,18.793,0.0110,1.879
150,0,69,0.187,0.000,0.0241,0.620
150,1,70,0.954,0.000,0.0243,1.228
150,2,71,0.358,0.000,0.0243,0.618
150,3,72,0.426,0.000,0.0243,1.226
150,4,73,0.167,0.000,0.0241,0.618
150,5,74,0.340,0.000,0.0242,1.226
150,6,75,0.412,0.000,0.0242,0.618
150,7,76,1.062,0.000,0.0238,0.612
150,8,77,0.594,1000.000,0.0110,0.610
150,9,78,0.716,18.793,0.0110,1.879
151,0,70,0.169,0.000,0.0243,1.228
151,1,71,0.923,0.000,0.0243,0.618
151,2,72,0.435,0.000,0.0243,1.226
151,3,73,0.390,0.000,0.0241,0.618
151,4,74,0.594,0.000,0.0242,1.226
151,5,75,0.670,0.000,0.0242,0.618
151,6,76,0.430,0.000,0.0238,0.612
151,7,77,0.589,1000.000,0.0110,0.610
151,8,78,0.885,18.793,0.0110,1.879
152,0,71,0.858,0.000,0.0243,0.618
152,1,72,0.261,0.000,0.0243,1.226
152,2,73,0.168,0.000,0.0241,0.618
152,3,74,0.161,0.000,0.0242,1.226
152,4,75,0.684,0.000,0.0242,0.618
152,5,76,0.833,0.000,0.0238,0.612
152,6,77,1.048,1000.000,0.0110,0.610
152,7,78,0.341,18.793,0.0110,1.879
153,0,72,1.046,0.000,0.0243,1.226
153,1,73,0.376,0.000,0.0241,0.618
153,2,74,0.508,0.000,0.0242,1.226
153,3,75,0.131,0.000,0.0242,0.618
153,4,76,0.245,0.000,0.0238,0.612
153,5,77,1.195,1000.000,0.0110,0.610
153,6,78,0.409,18.793,0.0110,1.879
154,0,73,0.724,0.000,0.0241,0.618
154,1,74,0.647,0.000,0.0242,1.226
154,2,75,0.294,0.000,0.0242,0.618
154,3,76,0.662,0.000,0.0238,0.612
154,4,77,0.334,1000.000,0.0110,0.610
154,5,78,0.751,18.793,0.0110,1.879
155,0,74,0.871,0.000,0.0242,1.226
155,1,75,0.246,0.000,0.0242,0.618
155,2,76,1.234,0.000,0.0238,0.612
155,3,77,1.156,1000.000,0.0110,0.610
155,4,78,100.626,18.793,0.0110,1.879
156,0,75,0.644,0.000,0.0242,0.618
156,1,76,1.656,0.000,0.0238,0.612
156,2,77,1.533,1000.000,0.0110,0.610
156,3,78,0.638,18.793,0.0110,1.879
157,0,76,1.837,0.000,0.0238,0.612
157,1,77,0.726,1000.000,0.0110,0.610
157,2,78,100.761,18.793,0.0110,1.879
158,0,77,1.273,1000.000,0.0110,0.610
158,1,78,0.851,18.793,0.0110,1.879
159,0,78,1.701,18.793,0.0110,1.879
161,0,0,99.629,1000.000,0.0107,1.261
161,1,1,3.239,32.655,0.0107,3.266
161,2,2,2.247,32.701,2.7131,3.270
161,3,3,154.666,1611.069,0.0140,161.107
161,4,4,133.765,1465.488,6.3747,146.549
161,5,5,40.709,1028.164,4.4906,102.816
161,6,6,40.734,406.447,2.4004,40.645
161,7,7,0.935,0.003,0.0301,0.000
161,8,8,0.551,0.000,0.0304,0.000
161,9,9,0.469,0.000,0.0304,0.000
161,10,10,0.836,0.000,0.0304,0.000
161,11,11,0.665,0.000,0.0304,0.000
161,12,12,0.888,0.000,0.0304,0.000
161,13,13,0.667,0.000,0.0304,0.000
161,14,14,1.129,0.000,0.0304,0.000
161,15,15,0.776,0.000,0.0304,0.000
162,0,1,1.726,32.655,0.0107,3.266
162,1,2,3.686,32.701,2.7131,3.270
162,2,3,1.882,1611.069,0.0140,161.107
162,3,4,2.021,1465.488,6.3747,146.549
162,4,5,1.603,1028.164,4.4906,102.816
162,5,6,5.494,406.447,2.4004,40.645
162,6,7,1.780,0.003,0.0301,0.000
162,7,8,1.124,0.000,0.0304,0.000
162,8,9,2.336,0.000,0.0304,0.000
162,9,10,2.336,0.000,0.0304,0.000
162,10,11,1.258,0.000,0.0304,0.000
162,11,12,1.240,0.000,0.0304,0.000
162,12,13,1.826,0.000,0.0304,0.000
162,13,14,0.992,0.000,0.0304,0.000
162,14,15,3.193,0.000,0.0304,0.000
162,15,16,1.616,3806.016,0.0304,0.000
163,0,2,0.599,32.701,2.7131,3.270
163,1,3,0.675,1611.069,0.0140,161.107
163,2,4,2.857,1465.488,6.3747,146.549
163,3,5,1.311,1028.164,4.4906,102.816
163,4,6,4.530,406.447,2.4004,40.645
163,5,7,1.011,0.003,0.0301,0.000
163,6,8,0.542,0.000,0.0304,0.000
163,7,9,1.062,0.000,0.0304,0.000
163,8,10,0.546,0.000,0.0304,0.000
163,9,11,0.944,0.000,0.0304,0.000
163,10,12,1.274,0.000,0.0304,0.000
163,11,13,1.253,0.000,0.0304,0.000
163,12,14,0.845,0.000,0.0304,0.000
163,13,15,0.551,0.000,0.0304,0.000
163,14,16,0.750,3806.016,0.0304,0.000
163,15,17,2.459,0.000,0.0304,380.602
164,0,3,1.513,1611.069,0.0140,161.107
164,1,4,2.510,1465.488,6.3747,146.549
164,2,5,3.505,1028.164,4.4906,102.816
164,3,6,6.054,406.447,2.4004,40.645
164,4,7,1.269,0.003,0.0301,0.000
164,5,8,1.991,0.000,0.0304,0.000
164,6,9,2.090,0.000,0.0304,0.000
164,7,10,0.974,0.000,0.0304,0.000
164,8,11,1.060,0.000,0.0304,0.000
164,9,12,0.410,0.000,0.0304,0.000
164,10,13,1.064,0.000,0.0304,0.000
164,11,14,0.953,0.000,0.0304,0.000
164,12,15,0.925,0.000,0.0304,0.000
164,13,16,0.366,3806.016,0.0304,0.000
164,14,17,1.275,0.000,0.0304,380.602
164,15,18,1.387,0.000,0.0304,201.316
165,0,4,6.054,1465.488,6.3747,146.549
165,1,5,0.780,1028.164,4.4906,102.816
165,2,6,16.445,406.447,2.4004,40.645
165,3,7,0.809,0.003,0.0301,0.000
165,4,8,0.793,0.000,0.0304,0.000
165,5,9,0.576,0.000,0.0304,0.000
165,6,10,1.219,0.000,0.0304,0.000
165,7,11,1.444,0.000,0.0304,0.000
165,8,12,0.586,0.000,0.0304,0.000
165,9,13,0.965,0.000,0.0304,0.000
165,10,14,0.700,0.000,0.0304,0.000
165,11,15,0.983,0.000,0.0304,0.000
165,12,16,0.610,3806.016,0.0304,0.000
165,13,17,1.378,0.000,0.0304,380.602
165,14,18,0.898,0.000,0.0304,201.316
165,15,19,0.465,0.000,5.7607,76.420
166,0,5,1.827,1028.164,4.4906,102.816
166,1,6,10.099,406.447,2.4004,40.645
166,2,7,1.019,0.003,0.0301,0.000
166,3,8,1.308,0.000,0.0304,0.000
166,4,9,0.877,0.000,0.0304,0.000
166,5,10,1.235,0.000,0.0304,0.000
166,6,11,0.619,0.000,0.0304,0.000
166,7,12,0.671,0.000,0.0304,0.000
166,8,13,1.256,0.000,0.0304,0.000
166,9,14,0.700,0.000,0.0304,0.000
166,10,15,1.142,0.000,0.0304,0.000
166,11,16,1.415,3806.016,0.0304,0.000
166,12,17,0.948,0.000,0.0304,380.602
166,13,18,0.388,0.000,0.0304,201.316
166,14,19,0.296,0.000,5.7607,76.420
166,15,20,0.057,258.819,3.6098,0.967
167,0,6,0.356,406.447,2.4004,40.645
167,1,7,0.116,0.003,0.0301,0.000
167,2,8,1.300,0.000,0.0304,0.000
167,3,9,1.402,0.000,0.0304,0.000
167,4,10,0.455,0.000,0.0304,0.000
167,5,11,0.195,0.000,0.0304,0.000
167,6,12,0.427,0.000,0.0304,0.000
167,7,13,0.472,0.000,0.0304,0.000
167,8,14,0.204,0.000,0.0304,0.000
167,9,15,0.552,0.000,0.0304,0.000
167,10,16,0.390,3806.016,0.0304,0.000
167,11,17,0.337,0.000,0.0304,380.602
167,12,18,0.561,0.000,0.0304,201.316
167,13,19,0.550,0.000,5.7607,76.420
167,14,20,0.205,258.819,3.6098,0.967
167,15,21,0.209,0.000,0.3207,26.389
168,0,7,1.719,0.003,0.0301,0.000
168,1,8,2.490,0.000,0.0304,0.000
168,2,9,0.600,0.000,0.0304,0.000
168,3,10,0.146,0.000,0.0304,0.000
168,4,11,1.773,0.000,0.0304,0.000
168,5,12,0.973,0.000,0.0304,0.000
168,6,13,0.889,0.000,0.0304,0.000
168,7,14,1.012,0.000,0.0304,0.000
168,8,15,0.353,0.000,0.0304,0.000
168,9,16,0.820,3806.016,0.0304,0.000
168,10,17,0.192,0.000,0.0304,380.602
168,11,18,0.875,0.000,0.0304,201.316
168,12,19,0.888,0.000,5.7607,76.420
168,13,20,0.356,258.819,3.6098,0.967
168,14,21,0.288,0.000,0.3207,26.389
168,15,22,0.755,241.181,0.0140,2.603
169,0,8,0.593,0.000,0.0304,0.000
169,1,9,0.908,0.000,0.0304,0.000
169,2,10,0.843,0.000,0.0304,0.000
169,3,11,0.403,0.000,0.0304,0.000
169,4,12,0.460,0.000,0.0304,0.000
169,5,13,0.833,0.000,0.0304,0.000
169,6,14,0.854,0.000,0.0304,0.000
169,7,15,0.577,0.000,0.0304,0.000
169,8,16,1.691,3806.016,0.0304,0.000
169,9,17,1.816,0.000,0.0304,380.602
169,10,18,0.983,0.000,0.0304,201.316
169,11,19,0.794,0.000,5.7607,76.420
169,12,20,0.322,258.819,3.6098,0.967
169,13,21,0.081,0.000,0.3207,26.389
169,14,22,0.486,241.181,0.0140,2.603
169,15,23,0.209,0.000,0.0135,23.895
170,0,9,0.930,0.000,0.0304,0.000
170,1,10,0.572,0.000,0.0304,0.000
170,2,11,0.470,0.000,0.0304,0.000
170,3,12,0.592,0.000,0.0304,0.000
170,4,13,0.240,0.000,0.0304,0.000
170,5,14,0.229,0.000,0.0304,0.000
170,6,15,0.284,0.000,0.0304,0.000
170,7,16,0.653,3806.016,0.0304,0.000
170,8,17,0.612,0.000,0.0304,380.602
170,9,18,0.414,0.000,0.0304,201.316
170,10,19,0.534,0.000,5.7607,76.420
170,11,20,0.900,258.819,3.6098,0.967
170,12,21,0.209,0.000,0.3207,26.389
170,13,22,0.767,241.181,0.0140,2.603
170,14,23,0.142,0.000,0.0135,23.895
170,15,24,0.402,207.107,0.0135,3.326
171,0,10,0.706,0.000,0.0304,0.000
171,1,11,1.101,0.000,0.0304,0.000
171,2,12,0.899,0.000,0.0304,0.000
171,3,13,1.358,0.000,0.0304,0.000
171,4,14,2.262,0.000,0.0304,0.000
171,5,15,2.446,0.000,0.0304,0.000
171,6,16,2.197,3806.016,0.0304,0.000
171,7,17,0.562,0.000,0.0304,380.602
171,8,18,1.205,0.000,0.0304,201.316
171,9,19,0.689,0.000,5.7607,76.420
171,10,20,1.227,258.819,3.6098,0.967
171,11,21,0.741,0.000,0.3207,26.389
171,12,22,1.342,241.181,0.0140,2.603
171,13,23,0.671,0.000,0.0135,23.895
171,14,24,0.930,207.107,0.0135,3.326
171,15,25,1.215,158.919,0.0129,20.203
172,0,11,0.538,0.000,0.0304,0.000
172,1,12,1.132,0.000,0.0304,0.000
172,2,13,0.743,0.000,0.0304,0.000
172,3,14,0.546,0.000,0.0304,0.000
172,4,15,0.739,0.000,0.0304,0.000
172,5,16,380.713,3806.016,0.0304,0.000
172,6,17,0.909,0.000,0.0304,380.602
172,7,18,0.528,0.000,0.0304,201.316
172,8,19,0.861,0.000,5.7607,76.420
172,9,20,25.376,258.819,3.6098,0.967
172,10,21,1.116,0.000,0.3207,26.389
172,11,22,23.798,241.181,0.0140,2.603
172,12,23,0.349,0.000,0.0135,23.895
172,13,24,20.690,207.107,0.0135,3.326
172,14,25,15.862,158.919,0.0129,20.203
172,15,26,10.233,99.900,0.0128,15.356
173,0,12,0.393,0.000,0.0304,0.000
173,1,13,0.997,0.000,0.0304,0.000
173,2,14,1.220,0.000,0.0304,0.000
173,3,15,0.404,0.000,0.0304,0.000
173,4,16,0.798,3806.016,0.0304,0.000
173,5,17,1.717,0.000,0.0304,380.602
173,6,18,0.461,0.000,0.0304,201.316
173,7,19,0.663,0.000,5.7607,76.420
173,8,20,0.629,258.819,3.6098,0.967
173,9,21,0.594,0.000,0.3207,26.389
173,10,22,0.902,241.181,0.0140,2.603
173,11,23,0.858,0.000,0.0135,23.895
173,12,24,0.872,207.107,0.0135,3.326
173,13,25,0.490,158.919,0.0129,20.203
173,14,26,0.787,99.900,0.0128,15.356
173,15,27,0.133,34.075,0.0122,9.607
174,0,13,4.254,0.000,0.0304,0.000
174,1,14,1.533,0.000,0.0304,0.000
174,2,15,0.892,0.000,0.0304,0.000
174,3,16,1.009,3806.016,0.0304,0.000
174,4,17,0.780,0.000,0.0304,380.602
174,5,18,0.429,0.000,0.0304,201.316
174,6,19,0.407,0.000,5.7607,76.420
174,7,20,0.785,258.819,3.6098,0.967
174,8,21,0.460,0.000,0.3207,26.389
174,9,22,0.529,241.181,0.0140,2.603
174,10,23,0.155,0.000,0.0135,23.895
174,11,24,0.131,207.107,0.0135,3.326
174,12,25,0.177,158.919,0.0129,20.203
174,13,26,0.684,99.900,0.0128,15.356
174,14,27,0.437,34.075,0.0122,9.607
174,15,28,0.157,0.000,0.0117,3.239
175,0,14,7.316,0.000,0.0304,0.000
175,1,15,1.044,0.000,0.0304,0.000
175,2,16,2.629,3806.016,0.0304,0.000
175,3,17,1.131,0.000,0.0304,380.602
175,4,18,0.734,0.000,0.0304,201.316
175,5,19,0.411,0.000,5.7607,76.420
175,6,20,0.856,258.819,3.6098,0.967
175,7,21,0.639,0.000,0.3207,26.389
175,8,22,1.211,241.181,0.0140,2.603
175,9,23,1.052,0.000,0.0135,23.895
175,10,24,0.942,207.107,0.0135,3.326
175,11,25,0.861,158.919,0.0129,20.203
175,12,26,0.983,99.900,0.0128,15.356
175,13,27,1.201,34.075,0.0122,9.607
175,14,28,0.679,0.000,0.0117,3.239
175,15,29,0.331,0.000,0.0114,3.263
176,0,15,1.218,0.000,0.0304,0.000
176,1,16,380.504,3806.016,0.0304,0.000
176,2,17,0.547,0.000,0.0304,380.602
176,3,18,0.499,0.000,0.0304,201.316
176,4,19,0.550,0.000,5.7607,76.420
176,5,20,25.916,258.819,3.6098,0.967
176,6,21,0.140,0.000,0.3207,26.389
176,7,22,24.132,241.181,0.0140,2.603
176,8,23,0.213,0.000,0.0135,23.895
176,9,24,20.516,207.107,0.0135,3.326
176,10,25,15.599,158.919,0.0129,20.203
176,11,26,9.628,99.900,0.0128,15.356
176,12,27,3.412,34.075,0.0122,9.607
176,13,28,0.378,0.000,0.0117,3.239
176,14,29,2.187,0.000,0.0114,3.263
176,15,30,0.593,0.000,0.0462,3.410
177,0,16,0.815,3806.016,0.0304,0.000
177,1,17,2.419,0.000,0.0304,380.602
177,2,18,1.909,0.000,0.0304,201.316
177,3,19,0.961,0.000,5.7607,76.420
177,4,20,0.908,258.819,3.6098,0.967
177,5,21,0.583,0.000,0.3207,26.389
177,6,22,0.614,241.181,0.0140,2.603
177,7,23,1.067,0.000,0.0135,23.895
177,8,24,1.588,207.107,0.0135,3.326
177,9,25,1.586,158.919,0.0129,20.203
177,10,26,1.008,99.900,0.0128,15.356
177,11,27,1.346,34.075,0.0122,9.607
177,12,28,0.309,0.000,0.0117,3.239
177,13,29,2.614,0.000,0.0114,3.263
177,14,30,0.920,0.000,0.0462,3.410
177,15,31,1.920,0.000,0.0445,3.241
178,0,17,0.762,0.000,0.0304,380.602
178,1,18,1.525,0.000,0.0304,201.316
178,2,19,1.136,0.000,5.7607,76.420
178,3,20,26.142,258.819,3.6098,0.967
178,4,21,0.837,0.000,0.3207,26.389
178,5,22,23.535,241.181,0.0140,2.603
178,6,23,0.232,0.000,0.0135,23.895
178,7,24,20.991,207.107,0.0135,3.326
178,8,25,16.653,158.919,0.0129,20.203
178,9,26,10.386,99.900,0.0128,15.356
178,10,27,3.411,34.075,0.0122,9.607
178,11,28,0.399,0.000,0.0117,3.239
178,12,29,0.774,0.000,0.0114,3.263
178,13,30,0.101,0.000,0.0462,3.410
178,14,31,0.414,0.000,0.0445,3.241
178,15,32,0.484,0.000,0.0248,3.397
179,0,18,0.327,0.000,0.0304,201.316
179,1,19,0.407,0.000,5.7607,76.420
179,2,20,0.345,258.819,3.6098,0.967
179,3,21,0.380,0.000,0.3207,26.389
179,4,22,0.252,241.181,0.0140,2.603
179,5,23,0.645,0.000,0.0135,23.895
179,6,24,0.310,207.107,0.0135,3.326
179,7,25,0.280,158.919,0.0129,20.203
179,8,26,0.713,99.900,0.0128,15.356
179,9,27,0.379,34.075,0.0122,9.607
179,10,28,0.281,0.000,0.0117,3.239
179,11,29,0.269,0.000,0.0114,3.263
179,12,30,0.506,0.000,0.0462,3.410
179,13,31,0.716,0.000,0.0445,3.241
179,14,32,0.092,0.000,0.0248,3.397
179,15,33,0.842,0.000,0.0145,3.241
180,0,19,0.265,0.000,5.7607,76.420
180,1,20,0.416,258.819,3.6098,0.967
180,2,21,0.171,0.000,0.3207,26.389
180,3,22,0.357,241.181,0.0140,2.603
180,4,23,0.332,0.000,0.0135,23.895
180,5,24,0.987,207.107,0.0135,3.326
180,6,25,0.480,158.919,0.0129,20.203
180,7,26,0.113,99.900,0.0128,15.356
180,8,27,0.766,34.075,0.0122,9.607
180,9,28,0.554,0.000,0.0117,3.239
180,10,29,0.705,0.000,0.0114,3.263
180,11,30,0.429,0.000,0.0462,3.410
180,12,31,0.531,0.000,0.0445,3.241
180,13,32,0.706,0.000,0.0248,3.397
180,14,33,0.328,0.000,0.0145,3.241
180,15,34,0.517,0.000,0.0320,3.399
181,0,20,0.793,258.819,3.6098,0.967
181,1,21,0.336,0.000,0.3207,26.389
181,2,22,0.374,241.181,0.0140,2.603
181,3,23,0.499,0.000,0.0135,23.895
181,4,24,0.633,207.107,0.0135,3.326
181,5,25,0.614,158.919,0.0129,20.203
181,6,26,0.203,99.900,0.0128,15.356
181,7,27,0.389,34.075,0.0122,9.607
181,8,28,0.119,0.000,0.0117,3.239
181,9,29,0.691,0.000,0.0114,3.263
181,10,30,0.349,0.000,0.0462,3.410
181,11,31,1.323,0.000,0.0445,3.241
181,12,32,0.752,0.000,0.0248,3.397
181,13,33,0.210,0.000,0.0145,3.241
181,14,34,0.688,0.000,0.0320,3.399
181,15,35,0.531,0.000,0.0349,3.239
182,0,21,1.021,0.000,0.3207,26.389
182,1,22,0.433,241.181,0.0140,2.603
182,2,23,0.484,0.000,0.0135,23.895
182,3,24,0.604,207.107,0.0135,3.326
182,4,25,0.384,158.919,0.0129,20.203
182,5,26,0.595,99.900,0.0128,15.356
182,6,27,0.547,34.075,0.0122,9.607
182,7,28,0.191,0.000,0.0117,3.239
182,8,29,0.500,0.000,0.0114,3.263
182,9,30,0.127,0.000,0.0462,3.410
182,10,31,0.249,0.000,0.0445,3.241
182,11,32,0.092,0.000,0.0248,3.397
182,12,33,0.454,0.000,0.0145,3.241
182,13,34,0.418,0.000,0.0320,3.399
182,14,35,0.522,0.000,0.0349,3.239
182,15,36,1.141,0.000,0.0256,3.359
183,0,22,3.788,241.181,0.0140,2.603
183,1,23,4.275,0.000,0.0135,23.895
183,2,24,4.675,207.107,0.0135,3.326
183,3,25,3.600,158.919,0.0129,20.203
183,4,26,3.338,99.900,0.0128,15.356
183,5,27,1.725,34.075,0.0122,9.607
183,6,28,0.563,0.000,0.0117,3.239
183,7,29,0.659,0.000,0.0114,3.263
183,8,30,0.314,0.000,0.0462,3.410
183,9,31,0.324,0.000,0.0445,3.241
183,10,32,1.683,0.000,0.0248,3.397
183,11,33,0.622,0.000,0.0145,3.241
183,12,34,0.095,0.000,0.0320,3.399
183,13,35,0.817,0.000,0.0349,3.239
183,14,36,1.227,0.000,0.0256,3.359
183,15,37,0.661,0.000,0.0118,3.258
184,0,23,0.405,0.000,0.0135,23.895
184,1,24,0.177,207.107,0.0135,3.326
184,2,25,0.307,158.919,0.0129,20.203
184,3,26,0.417,99.900,0.0128,15.356
184,4,27,0.309,34.075,0.0122,9.607
184,5,28,0.156,0.000,0.0117,3.239
184,6,29,0.090,0.000,0.0114,3.263
184,7,30,0.247,0.000,0.0462,3.410
184,8,31,0.040,0.000,0.0445,3.241
184,9,32,0.575,0.000,0.0248,3.397
184,10,33,0.206,0.000,0.0145,3.241
184,11,34,0.242,0.000,0.0320,3.399
184,12,35,0.175,0.000,0.0349,3.239
184,13,36,0.795,0.000,0.0256,3.359
184,14,37,0.020,0.000,0.0118,3.258
184,15,38,0.552,0.000,0.0199,3.373
185,0,24,0.800,207.107,0.0135,3.326
185,1,25,1.656,158.919,0.0129,20.203
185,2,26,0.680,99.900,0.0128,15.356
185,3,27,0.543,34.075,0.0122,9.607
185,4,28,0.379,0.000,0.0117,3.239
185,5,29,0.325,0.000,0.0114,3.263
185,6,30,0.270,0.000,0.0462,3.410
185,7,31,0.613,0.000,0.0445,3.241
185,8,32,0.393,0.000,0.0248,3.397
185,9,33,0.518,0.000,0.0145,3.241
185,10,34,0.504,0.000,0.0320,3.399
185,11,35,0.365,0.000,0.0349,3.239
185,12,36,0.235,0.000,0.0256,3.359
185,13,37,2.512,0.000,0.0118,3.258
185,14,38,0.363,0.000,0.0199,3.373
185,15,39,0.641,1000.000,0.0121,3.248
186,0,25,0.259,158.919,0.0129,20.203
186,1,26,0.748,99.900,0.0128,15.356
186,2,27,0.565,34.075,0.0122,9.607
186,3,28,0.431,0.000,0.0117,3.239
186,4,29,0.193,0.000,0.0114,3.263
186,5,30,0.498,0.000,0.0462,3.410
186,6,31,0.380,0.000,0.0445,3.241
186,7,32,0.095,0.000,0.0248,3.397
186,8,33,0.629,0.000,0.0145,3.241
186,9,34,0.468,0.000,0.0320,3.399
186,10,35,0.316,0.000,0.0349,3.239
186,11,36,0.017,0.000,0.0256,3.359
186,12,37,0.228,0.000,0.0118,3.258
186,13,38,0.948,0.000,0.0199,3.373
186,14,39,0.609,1000.000,0.0121,3.248
186,15,40,0.753,1035.567,0.0189,3.850
187,0,26,0.453,99.900,0.0128,15.356
187,1,27,0.954,34.075,0.0122,9.607
187,2,28,0.098,0.000,0.0117,3.239
187,3,29,0.343,0.000,0.0114,3.263
187,4,30,0.262,0.000,0.0462,3.410
187,5,31,0.333,0.000,0.0445,3.241
187,6,32,0.253,0.000,0.0248,3.397
187,7,33,0.215,0.000,0.0145,3.241
187,8,34,0.602,0.000,0.0320,3.399
187,9,35,0.598,0.000,0.0349,3.239
187,10,36,0.723,0.000,0.0256,3.359
187,11,37,0.349,0.000,0.0118,3.258
187,12,38,0.476,0.000,0.0199,3.373
187,13,39,0.990,1000.000,0.0121,3.248
187,14,40,0.187,1035.567,0.0189,3.850
187,15,41,14.434,0.000,1.9903,102.695
188,0,27,0.911,34.075,0.0122,9.607
188,1,28,0.508,0.000,0.0117,3.239
188,2,29,0.550,0.000,0.0114,3.263
188,3,30,0.181,0.000,0.0462,3.410
188,4,31,0.562,0.000,0.0445,3.241
188,5,32,0.437,0.000,0.0248,3.397
188,6,33,0.926,0.000,0.0145,3.241
188,7,34,0.702,0.000,0.0320,3.399
188,8,35,0.238,0.000,0.0349,3.239
188,9,36,0.290,0.000,0.0256,3.359
188,10,37,0.641,0.000,0.0118,3.258
188,11,38,0.940,0.000,0.0199,3.373
188,12,39,0.797,1000.000,0.0121,3.248
188,13,40,0.281,1035.567,0.0189,3.850
188,14,41,9.360,0.000,1.9903,102.695
188,15,42,2.585,0.000,4.4628,21.010
189,0,28,0.680,0.000,0.0117,3.239
189,1,29,0.639,0.000,0.0114,3.263
189,2,30,0.293,0.000,0.0462,3.410
189,3,31,0.304,0.000,0.0445,3.241
189,4,32,0.046,0.000,0.0248,3.397
189,5,33,0.483,0.000,0.0145,3.241
189,6,34,0.257,0.000,0.0320,3.399
189,7,35,0.245,0.000,0.0349,3.239
189,8,36,0.229,0.000,0.0256,3.359
189,9,37,0.416,0.000,0.0118,3.258
189,10,38,0.519,0.000,0.0199,3.373
189,11,39,0.205,1000.000,0.0121,3.248
189,12,40,0.270,1035.567,0.0189,3.850
189,13,41,61.876,0.000,1.9903,102.695
189,14,42,0.508,0.000,4.4628,21.010
189,15,43,0.541,0.000,3.0314,0.623
190,0,29,0.487,0.000,0.0114,3.263
190,1,30,0.530,0.000,0.0462,3.410
190,2,31,0.053,0.000,0.0445,3.241
190,3,32,0.044,0.000,0.0248,3.397
190,4,33,0.444,0.000,0.0145,3.241
190,5,34,0.415,0.000,0.0320,3.399
190,6,35,0.160,0.000,0.0349,3.239
190,7,36,0.229,0.000,0.0256,3.359
190,8,37,0.503,0.000,0.0118,3.258
190,9,38,0.549,0.000,0.0199,3.373
190,10,39,0.019,1000.000,0.0121,3.248
190,11,40,0.123,1035.567,0.0189,3.850
190,12,41,25.912,0.000,1.9903,102.695
190,13,42,0.916,0.000,4.4628,21.010
190,14,43,0.222,0.000,3.0314,0.623
190,15,44,0.621,0.000,0.0217,1.232
191,0,30,2.530,0.000,0.0462,3.410
191,1,31,0.189,0.000,0.0445,3.241
191,2,32,0.416,0.000,0.0248,3.397
191,3,33,0.694,0.000,0.0145,3.241
191,4,34,0.609,0.000,0.0320,3.399
191,5,35,0.531,0.000,0.0349,3.239
191,6,36,0.078,0.000,0.0256,3.359
191,7,37,1.153,0.000,0.0118,3.258
191,8,38,0.619,0.000,0.0199,3.373
191,9,39,0.612,1000.000,0.0121,3.248
191,10,40,1.703,1035.567,0.0189,3.850
191,11,41,10.772,0.000,1.9903,102.695
191,12,42,1.579,0.000,4.4628,21.010
191,13,43,0.396,0.000,3.0314,0.623
191,14,44,0.220,0.000,0.0217,1.232
191,15,45,2.656,0.000,0.0230,0.622
192,0,31,0.384,0.000,0.0445,3.241
192,1,32,0.728,0.000,0.0248,3.397
192,2,33,0.575,0.000,0.0145,3.241
192,3,34,0.161,0.000,0.0320,3.399
192,4,35,0.325,0.000,0.0349,3.239
192,5,36,1.294,0.000,0.0256,3.359
192,6,37,0.403,0.000,0.0118,3.258
192,7,38,1.164,0.000,0.0199,3.373
192,8,39,1.560,1000.000,0.0121,3.248
192,9,40,1.191,1035.567,0.0189,3.850
192,10,41,102.196,0.000,1.9903,102.695
192,11,42,0.981,0.000,4.4628,21.010
192,12,43,0.511,0.000,3.0314,0.623
192,13,44,0.999,0.000,0.0217,1.232
192,14,45,0.727,0.000,0.0230,0.622
192,15,46,1.491,0.000,0.0230,1.231
193,0,32,3.606,0.000,0.0248,3.397
193,1,33,2.970,0.000,0.0145,3.241
193,2,34,1.338,0.000,0.0320,3.399
193,3,35,2.363,0.000,0.0349,3.239
193,4,36,1.757,0.000,0.0256,3.359
193,5,37,2.312,0.000,0.0118,3.258
193,6,38,3.253,0.000,0.0199,3.373
193,7,39,4.240,1000.000,0.0121,3.248
193,8,40,3.725,1035.567,0.0189,3.850
193,9,41,75.066,0.000,1.9903,102.695
193,10,42,1.278,0.000,4.4628,21.010
193,11,43,0.573,0.000,3.0314,0.623
193,12,44,1.868,0.000,0.0217,1.232
193,13,45,0.857,0.000,0.0230,0.622
193,14,46,0.522,0.000,0.0230,1.231
193,15,47,0.444,0.000,0.0227,0.623
194,0,33,0.018,0.000,0.0145,3.241
194,1,34,0.123,0.000,0.0320,3.399
194,2,35,0.753,0.000,0.0349,3.239
194,3,36,0.095,0.000,0.0256,3.359
194,4,37,0.019,0.000,0.0118,3.258
194,5,38,0.956,0.000,0.0199,3.373
194,6,39,0.368,1000.000,0.0121,3.248
194,7,40,1.075,1035.567,0.0189,3.850
194,8,41,1.508,0.000,1.9903,102.695
194,9,42,1.923,0.000,4.4628,21.010
194,10,43,0.393,0.000,3.0314,0.623
194,11,44,0.551,0.000,0.0217,1.232
194,12,45,0.677,0.000,0.0230,0.622
194,13,46,0.705,0.000,0.0230,1.231
194,14,47,0.990,0.000,0.0227,0.623
194,15,48,0.578,0.000,0.0225,1.232
195,0,34,0.325,0.000,0.0320,3.399
195,1,35,0.572,0.000,0.0349,3.239
195,2,36,0.692,0.000,0.0256,3.359
195,3,37,1.025,0.000,0.0118,3.258
195,4,38,97.678,0.000,0.0199,3.373
195,5,39,128.935,1000.000,0.0121,3.248
195,6,40,97.135,1035.567,0.0189,3.850
195,7,41,4.010,0.000,1.9903,102.695
195,8,42,2.937,0.000,4.4628,21.010
195,9,43,0.739,0.000,3.0314,0.623
195,10,44,1.334,0.000,0.0217,1.232
195,11,45,2.090,0.000,0.0230,0.622
195,12,46,0.664,0.000,0.0230,1.231
195,13,47,1.229,0.000,0.0227,0.623
195,14,48,0.872,0.000,0.0225,1.232
195,15,49,0.921,0.000,0.0226,0.622
196,0,35,0.224,0.000,0.0349,3.239
196,1,36,4.013,0.000,0.0256,3.359
196,2,37,0.805,0.000,0.0118,3.258
196,3,38,1.198,0.000,0.0199,3.373
196,4,39,98.907,1000.000,0.0121,3.248
196,5,40,7.785,1035.567,0.0189,3.850
196,6,41,4.663,0.000,1.9903,102.695
196,7,42,1.524,0.000,4.4628,21.010
196,8,43,1.201,0.000,3.0314,0.623
196,9,44,1.708,0.000,0.0217,1.232
196,10,45,1.042,0.000,0.0230,0.622
196,11,46,0.593,0.000,0.0230,1.231
196,12,47,0.887,0.000,0.0227,0.623
196,13,48,0.447,0.000,0.0225,1.232
196,14,49,0.651,0.000,0.0226,0.622
196,15,50,0.820,0.000,0.0225,1.231
197,0,36,2.018,0.000,0.0256,3.359
197,1,37,4.652,0.000,0.0118,3.258
197,2,38,100.491,0.000,0.0199,3.373
197,3,39,103.788,1000.000,0.0121,3.248
197,4,40,103.381,1035.567,0.0189,3.850
197,5,41,0.977,0.000,1.9903,102.695
197,6,42,1.329,0.000,4.4628,21.010
197,7,43,1.359,0.000,3.0314,0.623
197,8,44,0.277,0.000,0.0217,1.232
197,9,45,0.518,0.000,0.0230,0.622
197,10,46,0.937,0.000,0.0230,1.231
197,11,47,0.916,0.000,0.0227,0.623
197,12,48,0.855,0.000,0.0225,1.232
197,13,49,0.816,0.000,0.0226,0.622
197,14,50,1.029,0.000,0.0225,1.231
197,15,51,0.466,0.000,0.0228,0.622
198,0,37,0.664,0.000,0.0118,3.258
198,1,38,0.614,0.000,0.0199,3.373
198,2,39,99.981,1000.000,0.0121,3.248
198,3,40,3.307,1035.567,0.0189,3.850
198,4,41,0.916,0.000,1.9903,102.695
198,5,42,0.598,0.000,4.4628,21.010
198,6,43,0.865,0.000,3.0314,0.623
198,7,44,1.331,0.000,0.0217,1.232
198,8,45,0.447,0.000,0.0230,0.622
198,9,46,0.401,0.000,0.0230,1.231
198,10,47,0.601,0.000,0.0227,0.623
198,11,48,0.563,0.000,0.0225,1.232
198,12,49,0.877,0.000,0.0226,0.622
198,13,50,0.455,0.000,0.0225,1.231
198,14,51,0.482,0.000,0.0228,0.622
198,15,52,2.903,0.000,0.0225,1.231
199,0,38,99.169,0.000,0.0199,3.373
199,1,39,145.941,1000.000,0.0121,3.248
199,2,40,98.789,1035.567,0.0189,3.850
199,3,41,1.580,0.000,1.9903,102.695
199,4,42,1.121,0.000,4.4628,21.010
199,5,43,0.344,0.000,3.0314,0.623
199,6,44,1.383,0.000,0.0217,1.232
199,7,45,1.076,0.000,0.0230,0.622
199,8,46,1.160,0.000,0.0230,1.231
199,9,47,2.112,0.000,0.0227,0.623
199,10,48,0.548,0.000,0.0225,1.232
199,11,49,0.568,0.000,0.0226,0.622
199,12,50,1.287,0.000,0.0225,1.231
199,13,51,0.959,0.000,0.0228,0.622
199,14,52,22.479,0.000,0.0225,1.231
199,15,53,24.436,258.819,0.0228,0.621
200,0,39,90.293,1000.000,0.0121,3.248
200,1,40,2.502,1035.567,0.0189,3.850
200,2,41,1.364,0.000,1.9903,102.695
200,3,42,1.187,0.000,4.4628,21.010
200,4,43,0.710,0.000,3.0314,0.623
200,5,44,0.442,0.000,0.0217,1.232
200,6,45,0.400,0.000,0.0230,0.622
200,7,46,0.450,0.000,0.0230,1.231
200,8,47,0.498,0.000,0.0227,0.623
200,9,48,0.138,0.000,0.0225,1.232
200,10,49,0.959,0.000,0.0226,0.622
200,11,50,0.813,0.000,0.0225,1.231
200,12,51,0.603,0.000,0.0228,0.622
200,13,52,0.448,0.000,0.0225,1.231
200,14,53,2.221,258.819,0.0228,0.621
200,15,54,1.841,0.000,0.0224,25.739
201,0,40,0.560,1035.567,0.0189,3.850
201,1,41,0.696,0.000,1.9903,102.695
201,2,42,0.335,0.000,4.4628,21.010
201,3,43,0.892,0.000,3.0314,0.623
201,4,44,0.810,0.000,0.0217,1.232
201,5,45,0.743,0.000,0.0230,0.622
201,6,46,0.529,0.000,0.0230,1.231
201,7,47,0.479,0.000,0.0227,0.623
201,8,48,0.536,0.000,0.0225,1.232
201,9,49,0.697,0.000,0.0226,0.622
201,10,50,0.501,0.000,0.0225,1.231
201,11,51,0.192,0.000,0.0228,0.622
201,12,52,0.585,0.000,0.0225,1.231
201,13,53,0.837,258.819,0.0228,0.621
201,14,54,1.227,0.000,0.0224,25.739
201,15,55,0.848,241.181,0.0228,3.861
202,0,41,1.136,0.000,1.9903,102.695
202,1,42,0.529,0.000,4.4628,21.010
202,2,43,0.570,0.000,3.0314,0.623
202,3,44,0.197,0.000,0.0217,1.232
202,4,45,0.470,0.000,0.0230,0.622
202,5,46,0.411,0.000,0.0230,1.231
202,6,47,0.530,0.000,0.0227,0.623
202,7,48,0.494,0.000,0.0225,1.232
202,8,49,0.903,0.000,0.0226,0.622
202,9,50,0.500,0.000,0.0225,1.231
202,10,51,0.277,0.000,0.0228,0.622
202,11,52,0.666,0.000,0.0225,1.231
202,12,53,0.331,258.819,0.0228,0.621
202,13,54,0.274,0.000,0.0224,25.739
202,14,55,0.744,241.181,0.0228,3.861
202,15,56,0.580,207.107,0.0223,23.210
203,0,42,0.661,0.000,4.4628,21.010
203,1,43,2.825,0.000,3.0314,0.623
203,2,44,1.073,0.000,0.0217,1.232
203,3,45,0.420,0.000,0.0230,0.622
203,4,46,0.400,0.000,0.0230,1.231
203,5,47,0.384,0.000,0.0227,0.623
203,6,48,0.683,0.000,0.0225,1.232
203,7,49,0.771,0.000,0.0226,0.622
203,8,50,1.106,0.000,0.0225,1.231
203,9,51,0.503,0.000,0.0228,0.622
203,10,52,0.720,0.000,0.0225,1.231
203,11,53,0.832,258.819,0.0228,0.621
203,12,54,0.427,0.000,0.0224,25.739
203,13,55,0.592,241.181,0.0228,3.861
203,14,56,0.417,207.107,0.0223,23.210
203,15,57,1.282,158.918,0.0219,19.582
204,0,43,0.956,0.000,3.0314,0.623
204,1,44,0.283,0.000,0.0217,1.232
204,2,45,0.192,0.000,0.0230,0.622
204,3,46,0.504,0.000,0.0230,1.231
204,4,47,0.301,0.000,0.0227,0.623
204,5,48,0.240,0.000,0.0225,1.232
204,6,49,0.757,0.000,0.0226,0.622
204,7,50,0.626,0.000,0.0225,1.231
204,8,51,0.555,0.000,0.0228,0.622
204,9,52,0.231,0.000,0.0225,1.231
204,10,53,0.278,258.819,0.0228,0.621
204,11,54,0.539,0.000,0.0224,25.739
204,12,55,0.428,241.181,0.0228,3.861
204,13,56,0.580,207.107,0.0223,23.210
204,14,57,0.878,158.918,0.0219,19.582
204,15,58,0.666,99.901,0.0211,14.897
205,0,44,0.410,0.000,0.0217,1.232
205,1,45,1.894,0.000,0.0230,0.622
205,2,46,0.062,0.000,0.0230,1.231
205,3,47,0.462,0.000,0.0227,0.623
205,4,48,0.392,0.000,0.0225,1.232
205,5,49,0.282,0.000,0.0226,0.622
205,6,50,0.593,0.000,0.0225,1.231
205,7,51,0.414,0.000,0.0228,0.622
205,8,52,0.444,0.000,0.0225,1.231
205,9,53,0.799,258.819,0.0228,0.621
205,10,54,0.358,0.000,0.0224,25.739
205,11,55,0.231,241.181,0.0228,3.861
205,12,56,0.337,207.107,0.0223,23.210
205,13,57,0.285,158.918,0.0219,19.582
205,14,58,0.238,99.901,0.0211,14.897
205,15,59,0.600,34.075,0.0200,9.362
206,0,45,1.213,0.000,0.0230,0.622
206,1,46,0.607,0.000,0.0230,1.231
206,2,47,0.853,0.000,0.0227,0.623
206,3,48,1.199,0.000,0.0225,1.232
206,4,49,1.742,0.000,0.0226,0.622
206,5,50,0.472,0.000,0.0225,1.231
206,6,51,1.622,0.000,0.0228,0.622
206,7,52,0.752,0.000,0.0225,1.231
206,8,53,0.722,258.819,0.0228,0.621
206,9,54,1.366,0.000,0.0224,25.739
206,10,55,1.078,241.181,0.0228,3.861
206,11,56,0.973,207.107,0.0223,23.210
206,12,57,1.149,158.918,0.0219,19.582
206,13,58,0.814,99.901,0.0211,14.897
206,14,59,0.332,34.075,0.0200,9.362
206,15,60,0.939,0.000,0.0194,3.217
207,0,46,0.560,0.000,0.0230,1.231
207,1,47,0.611,0.000,0.0227,0.623
207,2,48,0.641,0.000,0.0225,1.232
207,3,49,0.308,0.000,0.0226,0.622
207,4,50,0.420,0.000,0.0225,1.231
207,5,51,0.548,0.000,0.0228,0.622
207,6,52,0.297,0.000,0.0225,1.231
207,7,53,0.447,258.819,0.0228,0.621
207,8,54,0.422,0.000,0.0224,25.739
207,9,55,0.467,241.181,0.0228,3.861
207,10,56,0.347,207.107,0.0223,23.210
207,11,57,0.665,158.918,0.0219,19.582
207,12,58,0.466,99.901,0.0211,14.897
207,13,59,0.247,34.075,0.0200,9.362
207,14,60,1.514,0.000,0.0194,3.217
207,15,61,0.608,0.000,0.0190,0.625
208,0,47,2.068,0.000,0.0227,0.623
208,1,48,1.550,0.000,0.0225,1.232
208,2,49,0.464,0.000,0.0226,0.622
208,3,50,0.498,0.000,0.0225,1.231
208,4,51,0.513,0.000,0.0228,0.622
208,5,52,0.647,0.000,0.0225,1.231
208,6,53,0.514,258.819,0.0228,0.621
208,7,54,0.559,0.000,0.0224,25.739
208,8,55,0.194,241.181,0.0228,3.861
208,9,56,0.288,207.107,0.0223,23.210
208,10,57,0.972,158.918,0.0219,19.582
208,11,58,0.514,99.901,0.0211,14.897
208,12,59,0.734,34.075,0.0200,9.362
208,13,60,0.346,0.000,0.0194,3.217
208,14,61,0.690,0.000,0.0190,0.625
208,15,62,0.581,0.000,0.0190,1.240
209,0,48,1.744,0.000,0.0225,1.232
209,1,49,0.761,0.000,0.0226,0.622
209,2,50,0.752,0.000,0.0225,1.231
209,3,51,0.588,0.000,0.0228,0.622
209,4,52,1.375,0.000,0.0225,1.231
209,5,53,3.363,258.819,0.0228,0.621
209,6,54,3.809,0.000,0.0224,25.739
209,7,55,2.846,241.181,0.0228,3.861
209,8,56,4.460,207.107,0.0223,23.210
209,9,57,4.086,158.918,0.0219,19.582
209,10,58,2.738,99.901,0.0211,14.897
209,11,59,1.460,34.075,0.0200,9.362
209,12,60,0.539,0.000,0.0194,3.217
209,13,61,0.345,0.000,0.0190,0.625
209,14,62,1.165,0.000,0.0190,1.240
209,15,63,2.662,0.000,0.0188,0.625
210,0,49,4.984,0.000,0.0226,0.622
210,1,50,0.349,0.000,0.0225,1.231
210,2,51,0.212,0.000,0.0228,0.622
210,3,52,0.553,0.000,0.0225,1.231
210,4,53,0.712,258.819,0.0228,0.621
210,5,54,0.490,0.000,0.0224,25.739
210,6,55,0.839,241.181,0.0228,3.861
210,7,56,0.684,207.107,0.0223,23.210
210,8,57,0.666,158.918,0.0219,19.582
210,9,58,0.520,99.901,0.0211,14.897
210,10,59,0.360,34.075,0.0200,9.362
210,11,60,0.442,0.000,0.0194,3.217
210,12,61,0.448,0.000,0.0190,0.625
210,13,62,0.374,0.000,0.0190,1.240
210,14,63,0.224,0.000,0.0188,0.625
210,15,64,0.250,0.000,0.0185,1.241
211,0,50,0.193,0.000,0.0225,1.231
211,1,51,0.186,0.000,0.0228,0.622
211,2,52,0.510,0.000,0.0225,1.231
211,3,53,0.425,258.819,0.0228,0.621
211,4,54,1.932,0.000,0.0224,25.739
211,5,55,2.309,241.181,0.0228,3.861
211,6,56,2.276,207.107,0.0223,23.210
211,7,57,3.477,158.918,0.0219,19.582
211,8,58,2.145,99.901,0.0211,14.897
211,9,59,1.353,34.075,0.0200,9.362
211,10,60,0.772,0.000,0.0194,3.217
211,11,61,0.358,0.000,0.0190,0.625
211,12,62,0.269,0.000,0.0190,1.240
211,13,63,0.433,0.000,0.0188,0.625
211,14,64,0.477,0.000,0.0185,1.241
211,15,65,1.408,0.000,0.0189,0.625
212,0,51,0.603,0.000,0.0228,0.622
212,1,52,1.896,0.000,0.0225,1.231
212,2,53,1.940,258.819,0.0228,0.621
212,3,54,5.491,0.000,0.0224,25.739
212,4,55,6.118,241.181,0.0228,3.861
212,5,56,7.471,207.107,0.0223,23.210
212,6,57,7.851,158.918,0.0219,19.582
212,7,58,5.404,99.901,0.0211,14.897
212,8,59,3.472,34.075,0.0200,9.362
212,9,60,1.453,0.000,0.0194,3.217
212,10,61,0.591,0.000,0.0190,0.625
212,11,62,0.762,0.000,0.0190,1.240
212,12,63,0.835,0.000,0.0188,0.625
212,13,64,0.641,0.000,0.0185,1.241
212,14,65,0.355,0.000,0.0189,0.625
212,15,66,0.370,0.000,0.0185,1.239
213,0,52,1.009,0.000,0.0225,1.231
213,1,53,1.983,258.819,0.0228,0.621
213,2,54,3.426,0.000,0.0224,25.739
213,3,55,0.318,241.181,0.0228,3.861
213,4,56,3.166,207.107,0.0223,23.210
213,5,57,2.838,158.918,0.0219,19.582
213,6,58,2.098,99.901,0.0211,14.897
213,7,59,1.344,34.075,0.0200,9.362
213,8,60,0.435,0.000,0.0194,3.217
213,9,61,0.668,0.000,0.0190,0.625
213,10,62,1.067,0.000,0.0190,1.240
213,11,63,0.659,0.000,0.0188,0.625
213,12,64,0.310,0.000,0.0185,1.241
213,13,65,0.371,0.000,0.0189,0.625
213,14,66,0.794,0.000,0.0185,1.239
213,15,67,0.546,0.000,0.0186,0.625
214,0,53,2.643,258.819,0.0228,0.621
214,1,54,3.638,0.000,0.0224,25.739
214,2,55,2.524,241.181,0.0228,3.861
214,3,56,3.260,207.107,0.0223,23.210
214,4,57,2.794,158.918,0.0219,19.582
214,5,58,1.221,99.901,0.0211,14.897
214,6,59,0.604,34.075,0.0200,9.362
214,7,60,0.681,0.000,0.0194,3.217
214,8,61,1.318,0.000,0.0190,0.625
214,9,62,0.530,0.000,0.0190,1.240
214,10,63,0.822,0.000,0.0188,0.625
214,11,64,1.208,0.000,0.0185,1.241
214,12,65,0.186,0.000,0.0189,0.625
214,13,66,0.459,0.000,0.0185,1.239
214,14,67,0.654,0.000,0.0186,0.625
214,15,68,2.007,0.000,0.0187,1.240
215,0,54,0.399,0.000,0.0224,25.739
215,1,55,1.407,241.181,0.0228,3.861
215,2,56,0.818,207.107,0.0223,23.210
215,3,57,0.590,158.918,0.0219,19.582
215,4,58,0.748,99.901,0.0211,14.897
215,5,59,0.486,34.075,0.0200,9.362
215,6,60,0.345,0.000,0.0194,3.217
215,7,61,0.415,0.000,0.0190,0.625
215,8,62,0.706,0.000,0.0190,1.240
215,9,63,0.209,0.000,0.0188,0.625
215,10,64,0.581,0.000,0.0185,1.241
215,11,65,0.190,0.000,0.0189,0.625
215,12,66,0.135,0.000,0.0185,1.239
215,13,67,0.519,0.000,0.0186,0.625
215,14,68,0.277,0.000,0.0187,1.240
215,15,69,0.411,0.000,0.0188,0.625
216,0,55,0.485,241.181,0.0228,3.861
216,1,56,0.788,207.107,0.0223,23.210
216,2,57,0.485,158.918,0.0219,19.582
216,3,58,0.464,99.901,0.0211,14.897
216,4,59,0.455,34.075,0.0200,9.362
216,5,60,0.478,0.000,0.0194,3.217
216,6,61,0.604,0.000,0.0190,0.625
216,7,62,0.421,0.000,0.0190,1.240
216,8,63,0.311,0.000,0.0188,0.625
216,9,64,0.227,0.000,0.0185,1.241
216,10,65,0.559,0.000,0.0189,0.625
216,11,66,0.626,0.000,0.0185,1.239
216,12,67,0.343,0.000,0.0186,0.625
216,13,68,0.331,0.000,0.0187,1.240
216,14,69,0.388,0.000,0.0188,0.625
216,15,70,2.626,0.000,0.0185,1.240
217,0,56,0.357,207.107,0.0223,23.210
217,1,57,0.487,158.918,0.0219,19.582
217,2,58,0.578,99.901,0.0211,14.897
217,3,59,0.489,34.075,0.0200,9.362
217,4,60,0.473,0.000,0.0194,3.217
217,5,61,0.541,0.000,0.0190,0.625
217,6,62,0.716,0.000,0.0190,1.240
217,7,63,0.386,0.000,0.0188,0.625
217,8,64,0.477,0.000,0.0185,1.241
217,9,65,0.435,0.000,0.0189,0.625
217,10,66,0.545,0.000,0.0185,1.239
217,11,67,0.898,0.000,0.0186,0.625
217,12,68,2.497,0.000,0.0187,1.240
217,13,69,0.450,0.000,0.0188,0.625
217,14,70,1.330,0.000,0.0185,1.240
217,15,71,0.625,0.000,0.0189,0.625
218,0,57,0.291,158.918,0.0219,19.582
218,1,58,0.398,99.901,0.0211,14.897
218,2,59,0.409,34.075,0.0200,9.362
218,3,60,0.287,0.000,0.0194,3.217
218,4,61,0.256,0.000,0.0190,0.625
218,5,62,0.344,0.000,0.0190,1.240
218,6,63,0.106,0.000,0.0188,0.625
218,7,64,0.399,0.000,0.0185,1.241
218,8,65,0.675,0.000,0.0189,0.625
218,9,66,0.201,0.000,0.0185,1.239
218,10,67,1.275,0.000,0.0186,0.625
218,11,68,0.372,0.000,0.0187,1.240
218,12,69,0.617,0.000,0.0188,0.625
218,13,70,0.252,0.000,0.0185,1.240
218,14,71,0.220,0.000,0.0189,0.625
218,15,72,0.459,0.000,0.0184,1.240
219,0,58,0.889,99.901,0.0211,14.897
219,1,59,0.337,34.075,0.0200,9.362
219,2,60,0.714,0.000,0.0194,3.217
219,3,61,0.106,0.000,0.0190,0.625
219,4,62,0.181,0.000,0.0190,1.240
219,5,63,0.408,0.000,0.0188,0.625
219,6,64,0.134,0.000,0.0185,1.241
219,7,65,0.371,0.000,0.0189,0.625
219,8,66,0.305,0.000,0.0185,1.239
219,9,67,0.346,0.000,0.0186,0.625
219,10,68,0.290,0.000,0.0187,1.240
219,11,69,0.637,0.000,0.0188,0.625
219,12,70,0.369,0.000,0.0185,1.240
219,13,71,0.302,0.000,0.0189,0.625
219,14,72,0.424,0.000,0.0184,1.240
219,15,73,0.330,0.000,0.0188,0.625
220,0,59,0.187,34.075,0.0200,9.362
220,1,60,0.820,0.000,0.0194,3.217
220,2,61,0.174,0.000,0.0190,0.625
220,3,62,0.630,0.000,0.0190,1.240
220,4,63,0.139,0.000,0.0188,0.625
220,5,64,0.357,0.000,0.0185,1.241
220,6,65,0.391,0.000,0.0189,0.625
220,7,66,0.277,0.000,0.0185,1.239
220,8,67,0.744,0.000,0.0186,0.625
220,9,68,0.384,0.000,0.0187,1.240
220,10,69,0.457,0.000,0.0188,0.625
220,11,70,0.063,0.000,0.0185,1.240
220,12,71,0.461,0.000,0.0189,0.625
220,13,72,0.373,0.000,0.0184,1.240
220,14,73,1.345,0.000,0.0188,0.625
220,15,74,1.332,0.000,0.0189,1.240
221,0,60,0.999,0.000,0.0194,3.217
221,1,61,0.490,0.000,0.0190,0.625
221,2,62,0.494,0.000,0.0190,1.240
221,3,63,0.673,0.000,0.0188,0.625
221,4,64,0.188,0.000,0.0185,1.241
221,5,65,0.148,0.000,0.0189,0.625
221,6,66,0.649,0.000,0.0185,1.239
221,7,67,0.203,0.000,0.0186,0.625
221,8,68,0.575,0.000,0.0187,1.240
221,9,69,0.470,0.000,0.0188,0.625
221,10,70,0.263,0.000,0.0185,1.240
221,11,71,0.381,0.000,0.0189,0.625
221,12,72,0.312,0.000,0.0184,1.240
221,13,73,0.590,0.000,0.0188,0.625
221,14,74,2.248,0.000,0.0189,1.240
221,15,75,0.946,0.000,0.0187,0.626
222,0,61,0.539,0.000,0.0190,0.625
222,1,62,0.604,0.000,0.0190,1.240
222,2,63,0.674,0.000,0.0188,0.625
222,3,64,0.185,0.000,0.0185,1.241
222,4,65,0.196,0.000,0.0189,0.625
222,5,66,0.166,0.000,0.0185,1.239
222,6,67,0.379,0.000,0.0186,0.625
222,7,68,0.330,0.000,0.0187,1.240
222,8,69,0.291,0.000,0.0188,0.625
222,9,70,0.374,0.000,0.0185,1.240
222,10,71,0.406,0.000,0.0189,0.625
222,11,72,0.433,0.000,0.0184,1.240
222,12,73,0.477,0.000,0.0188,0.625
222,13,74,0.475,0.000,0.0189,1.240
222,14,75,0.552,0.000,0.0187,0.626
222,15,76,0.947,0.000,0.0186,0.620
223,0,62,0.619,0.000,0.0190,1.240
223,1,63,1.045,0.000,0.0188,0.625
223,2,64,0.329,0.000,0.0185,1.241
223,3,65,0.235,0.000,0.0189,0.625
223,4,66,0.521,0.000,0.0185,1.239
223,5,67,0.311,0.000,0.0186,0.625
223,6,68,0.165,0.000,0.0187,1.240
223,7,69,0.699,0.000,0.0188,0.625
223,8,70,0.478,0.000,0.0185,1.240
223,9,71,0.536,0.000,0.0189,0.625
223,10,72,0.055,0.000,0.0184,1.240
223,11,73,0.435,0.000,0.0188,0.625
223,12,74,0.247,0.000,0.0189,1.240
223,13,75,0.845,0.000,0.0187,0.626
223,14,76,0.587,0.000,0.0186,0.620
223,15,77,0.872,1000.000,0.0110,0.619
224,0,63,0.439,0.000,0.0188,0.625
224,1,64,0.294,0.000,0.0185,1.241
224,2,65,0.113,0.000,0.0189,0.625
224,3,66,0.391,0.000,0.0185,1.239
224,4,67,0.283,0.000,0.0186,0.625
224,5,68,0.503,0.000,0.0187,1.240
224,6,69,0.364,0.000,0.0188,0.625
224,7,70,0.340,0.000,0.0185,1.240
224,8,71,0.039,0.000,0.0189,0.625
224,9,72,0.143,0.000,0.0184,1.240
224,10,73,0.460,0.000,0.0188,0.625
224,11,74,0.621,0.000,0.0189,1.240
224,12,75,0.255,0.000,0.0187,0.626
224,13,76,0.359,0.000,0.0186,0.620
224,14,77,0.232,1000.000,0.0110,0.619
224,15,78,0.212,19.365,0.0110,1.937
225,0,64,0.424,0.000,0.0185,1.241
225,1,65,2.422,0.000,0.0189,0.625
225,2,66,1.692,0.000,0.0185,1.239
225,3,67,0.794,0.000,0.0186,0.625
225,4,68,1.895,0.000,0.0187,1.240
225,5,69,0.744,0.000,0.0188,0.625
225,6,70,1.416,0.000,0.0185,1.240
225,7,71,1.221,0.000,0.0189,0.625
225,8,72,1.664,0.000,0.0184,1.240
225,9,73,1.574,0.000,0.0188,0.625
225,10,74,1.184,0.000,0.0189,1.240
225,11,75,1.050,0.000,0.0187,0.626
225,12,76,1.979,0.000,0.0186,0.620
225,13,77,1.197,1000.000,0.0110,0.619
225,14,78,2.331,19.365,0.0110,1.937
226,0,65,0.475,0.000,0.0189,0.625
226,1,66,0.268,0.000,0.0185,1.239
226,2,67,0.509,0.000,0.0186,0.625
226,3,68,0.264,0.000,0.0187,1.240
226,4,69,0.355,0.000,0.0188,0.625
226,5,70,0.434,0.000,0.0185,1.240
226,6,71,0.501,0.000,0.0189,0.625
226,7,72,0.467,0.000,0.0184,1.240
226,8,73,0.486,0.000,0.0188,0.625
226,9,74,0.599,0.000,0.0189,1.240
226,10,75,0.214,0.000,0.0187,0.626
226,11,76,0.749,0.000,0.0186,0.620
226,12,77,0.501,1000.000,0.0110,0.619
226,13,78,0.606,19.365,0.0110,1.937
227,0,66,0.547,0.000,0.0185,1.239
227,1,67,0.558,0.000,0.0186,0.625
227,2,68,0.720,0.000,0.0187,1.240
227,3,69,0.277,0.000,0.0188,0.625
227,4,70,0.415,0.000,0.0185,1.240
227,5,71,0.688,0.000,0.0189,0.625
227,6,72,0.589,0.000,0.0184,1.240
227,7,73,0.326,0.000,0.0188,0.625
227,8,74,1.213,0.000,0.0189,1.240
227,9,75,0.401,0.000,0.0187,0.626
227,10,76,0.628,0.000,0.0186,0.620
227,11,77,0.342,1000.000,0.0110,0.619
227,12,78,0.417,19.365,0.0110,1.937
228,0,67,0.344,0.000,0.0186,0.625
228,1,68,0.789,0.000,0.0187,1.240
228,2,69,0.312,0.000,0.0188,0.625
228,3,70,0.176,0.000,0.0185,1.240
228,4,71,0.408,0.000,0.0189,0.625
228,5,72,0.414,0.000,0.0184,1.240
228,6,73,0.220,0.000,0.0188,0.625
228,7,74,0.284,0.000,0.0189,1.240
228,8,75,0.534,0.000,0.0187,0.626
228,9,76,0.292,0.000,0.0186,0.620
228,10,77,0.424,1000.000,0.0110,0.619
228,11,78,1.103,19.365,0.0110,1.937
229,0,68,0.870,0.000,0.0187,1.240
229,1,69,0.632,0.000,0.0188,0.625
229,2,70,0.338,0.000,0.0185,1.240
229,3,71,0.506,0.000,0.0189,0.625
229,4,72,0.807,0.000,0.0184,1.240
229,5,73,0.495,0.000,0.0188,0.625
229,6,74,0.720,0.000,0.0189,1.240
229,7,75,0.381,0.000,0.0187,0.626
229,8,76,0.546,0.000,0.0186,0.620
229,9,77,0.801,1000.000,0.0110,0.619
229,10,78,0.251,19.365,0.0110,1.937
230,0,69,0.242,0.000,0.0188,0.625
230,1,70,0.210,0.000,0.0185,1.240
230,2,71,0.967,0.000,0.0189,0.625
230,3,72,0.307,0.000,0.0184,1.240
230,4,73,0.473,0.000,0.0188,0.625
230,5,74,0.325,0.000,0.0189,1.240
230,6,75,0.396,0.000,0.0187,0.626
230,7,76,0.165,0.000,0.0186,0.620
230,8,77,0.305,1000.000,0.0110,0.619
230,9,78,0.591,19.365,0.0110,1.937
231,0,70,0.774,0.000,0.0185,1.240
231,1,71,0.523,0.000,0.0189,0.625
231,2,72,0.823,0.000,0.0184,1.240
231,3,73,0.876,0.000,0.0188,0.625
231,4,74,0.743,0.000,0.0189,1.240
231,5,75,0.389,0.000,0.0187,0.626
231,6,76,0.457,0.000,0.0186,0.620
231,7,77,0.692,1000.000,0.0110,0.619
231,8,78,0.775,19.365,0.0110,1.937
232,0,71,0.833,0.000,0.0189,0.625
232,1,72,0.698,0.000,0.0184,1.240
232,2,73,1.351,0.000,0.0188,0.625
232,3,74,0.811,0.000,0.0189,1.240
232,4,75,1.570,0.000,0.0187,0.626
232,5,76,1.768,0.000,0.0186,0.620
232,6,77,2.013,1000.000,0.0110,0.619
232,7,78,0.944,19.365,0.0110,1.937
233,0,72,3.002,0.000,0.0184,1.240
233,1,73,0.294,0.000,0.0188,0.625
233,2,74,0.949,0.000,0.0189,1.240
233,3,75,1.289,0.000,0.0187,0.626
233,4,76,0.755,0.000,0.0186,0.620
233,5,77,1.860,1000.000,0.0110,0.619
233,6,78,0.363,19.365,0.0110,1.937
234,0,73,0.835,0.000,0.0188,0.625
234,1,74,1.117,0.000,0.0189,1.240
234,2,75,1.577,0.000,0.0187,0.626
234,3,76,0.807,0.000,0.0186,0.620
234,4,77,1.090,1000.000,0.0110,0.619
234,5,78,0.695,19.365,0.0110,1.937
235,0,74,0.614,0.000,0.0189,1.240
235,1,75,0.566,0.000,0.0187,0.626
235,2,76,0.288,0.000,0.0186,0.620
235,3,77,1.163,1000.000,0.0110,0.619
235,4,78,99.960,19.365,0.0110,1.937
236,0,75,4.843,0.000,0.0187,0.626
236,1,76,1.433,0.000,0.0186,0.620
236,2,77,1.666,1000.000,0.0110,0.619
236,3,78,0.733,19.365,0.0110,1.937
237,0,76,0.525,0.000,0.0186,0.620
237,1,77,0.263,1000.000,0.0110,0.619
237,2,78,101.180,19.365,0.0110,1.937
238,0,77,1.067,1000.000,0.0110,0.619
238,1,78,0.615,19.365,0.0110,1.937
239,0,78,1.162,19.365,0.0110,1.937
241,0,0,1.458,1000.000,0.0105,1.531
241,1,1,1.338,37.753,0.0105,3.775
241,2,2,0.697,37.806,2.7134,3.781
241,3,3,0.825,1597.672,0.0137,159.767
241,4,4,1.383,1490.845,6.3740,149.084
241,5,5,0.683,963.402,4.4880,96.340
241,6,6,1.391,476.378,2.4004,47.638
241,7,7,1.141,0.019,0.0298,0.002
241,8,8,0.862,0.000,0.0304,0.000
241,9,9,0.730,0.000,0.0304,0.000
241,10,10,0.293,0.000,0.0304,0.000
241,11,11,0.463,0.000,0.0304,0.000
241,12,12,0.655,0.000,0.0304,0.000
241,13,13,0.380,0.000,0.0304,0.000
241,14,14,3.883,0.000,0.0304,0.000
241,15,15,1.039,0.000,0.0304,0.000
242,0,1,101.352,37.753,0.0105,3.775
242,1,2,1.101,37.806,2.7134,3.781
242,2,3,4.853,1597.672,0.0137,159.767
242,3,4,156.313,1490.845,6.3740,149.084
242,4,5,136.130,963.402,4.4880,96.340
242,5,6,44.184,476.378,2.4004,47.638
242,6,7,45.683,0.019,0.0298,0.002
242,7,8,2.852,0.000,0.0304,0.000
242,8,9,2.868,0.000,0.0304,0.000
242,9,10,1.658,0.000,0.0304,0.000
242,10,11,2.282,0.000,0.0304,0.000
242,11,12,2.468,0.000,0.0304,0.000
242,12,13,0.875,0.000,0.0304,0.000
242,13,14,1.514,0.000,0.0304,0.000
242,14,15,1.617,0.000,0.0304,0.000
242,15,16,3.119,3806.018,0.0304,0.000
243,0,2,0.990,37.806,2.7134,3.781
243,1,3,1.345,1597.672,0.0137,159.767
243,2,4,0.995,1490.845,6.3740,149.084
243,3,5,1.980,963.402,4.4880,96.340
243,4,6,2.796,476.378,2.4004,47.638
243,5,7,1.823,0.019,0.0298,0.002
243,6,8,1.074,0.000,0.0304,0.000
243,7,9,1.565,0.000,0.0304,0.000
243,8,10,1.644,0.000,0.0304,0.000
243,9,11,1.880,0.000,0.0304,0.000
243,10,12,0.336,0.000,0.0304,0.000
243,11,13,2.710,0.000,0.0304,0.000
243,12,14,1.477,0.000,0.0304,0.000
243,13,15,1.756,0.000,0.0304,0.000
243,14,16,2.413,3806.018,0.0304,0.000
243,15,17,4.018,0.000,0.0304,380.602
244,0,3,1.569,1597.672,0.0137,159.767
244,1,4,3.018,1490.845,6.3740,149.084
244,2,5,1.568,963.402,4.4880,96.340
244,3,6,5.546,476.378,2.4004,47.638
244,4,7,1.334,0.019,0.0298,0.002
244,5,8,0.823,0.000,0.0304,0.000
244,6,9,1.883,0.000,0.0304,0.000
244,7,10,1.444,0.000,0.0304,0.000
244,8,11,1.250,0.000,0.0304,0.000
244,9,12,2.046,0.000,0.0304,0.000
244,10,13,3.204,0.000,0.0304,0.000
244,11,14,4.415,0.000,0.0304,0.000
244,12,15,1.776,0.000,0.0304,0.000
244,13,16,3.472,3806.018,0.0304,0.000
244,14,17,2.824,0.000,0.0304,380.602
244,15,18,1.404,0.000,0.0304,201.317
245,0,4,0.583,1490.845,6.3740,149.084
245,1,5,1.013,963.402,4.4880,96.340
245,2,6,1.465,476.378,2.4004,47.638
245,3,7,1.120,0.019,0.0298,0.002
245,4,8,0.934,0.000,0.0304,0.000
245,5,9,1.220,0.000,0.0304,0.000
245,6,10,0.798,0.000,0.0304,0.000
245,7,11,1.548,0.000,0.0304,0.000
245,8,12,2.115,0.000,0.0304,0.000
245,9,13,0.251,0.000,0.0304,0.000
245,10,14,0.169,0.000,0.0304,0.000
245,11,15,1.108,0.000,0.0304,0.000
245,12,16,0.746,3806.018,0.0304,0.000
245,13,17,5.183,0.000,0.0304,380.602
245,14,18,0.319,0.000,0.0304,201.317
245,15,19,0.207,0.000,5.7607,76.421
246,0,5,0.231,963.402,4.4880,96.340
246,1,6,2.959,476.378,2.4004,47.638
246,2,7,0.533,0.019,0.0298,0.002
246,3,8,0.625,0.000,0.0304,0.000
246,4,9,0.639,0.000,0.0304,0.000
246,5,10,0.425,0.000,0.0304,0.000
246,6,11,0.656,0.000,0.0304,0.000
246,7,12,0.437,0.000,0.0304,0.000
246,8,13,0.667,0.000,0.0304,0.000
246,9,14,0.527,0.000,0.0304,0.000
246,10,15,0.807,0.000,0.0304,0.000
246,11,16,0.379,3806.018,0.0304,0.000
246,12,17,0.196,0.000,0.0304,380.602
246,13,18,1.053,0.000,0.0304,201.317
246,14,19,2.420,0.000,5.7607,76.421
246,15,20,0.730,258.819,3.6098,0.971
247,0,6,2.949,476.378,2.4004,47.638
247,1,7,0.876,0.019,0.0298,0.002
247,2,8,0.647,0.000,0.0304,0.000
247,3,9,0.508,0.000,0.0304,0.000
247,4,10,0.380,0.000,0.0304,0.000
247,5,11,0.714,0.000,0.0304,0.000
247,6,12,0.622,0.000,0.0304,0.000
247,7,13,0.472,0.000,0.0304,0.000
247,8,14,0.347,0.000,0.0304,0.000
247,9,15,0.921,0.000,0.0304,0.000
247,10,16,0.572,3806.018,0.0304,0.000
247,11,17,1.213,0.000,0.0304,380.602
247,12,18,1.334,0.000,0.0304,201.317
247,13,19,0.902,0.000,5.7607,76.421
247,14,20,1.890,258.819,3.6098,0.971
247,15,21,0.517,0.000,0.3218,26.392
248,0,7,1.408,0.019,0.0298,0.002
248,1,8,0.819,0.000,0.0304,0.000
248,2,9,0.888,0.000,0.0304,0.000
248,3,10,0.708,0.000,0.0304,0.000
248,4,11,0.973,0.000,0.0304,0.000
248,5,12,0.939,0.000,0.0304,0.000
248,6,13,0.533,0.000,0.0304,0.000
248,7,14,0.472,0.000,0.0304,0.000
248,8,15,0.711,0.000,0.0304,0.000
248,9,16,0.150,3806.018,0.0304,0.000
248,10,17,0.529,0.000,0.0304,380.602
248,11,18,1.138,0.000,0.0304,201.317
248,12,19,0.615,0.000,5.7607,76.421
248,13,20,1.016,258.819,3.6098,0.971
248,14,21,1.015,0.000,0.3218,26.392
248,15,22,0.478,241.181,0.0140,2.602
249,0,8,0.577,0.000,0.0304,0.000
249,1,9,0.634,0.000,0.0304,0.000
249,2,10,1.268,0.000,0.0304,0.000
249,3,11,0.566,0.000,0.0304,0.000
249,4,12,0.912,0.000,0.0304,0.000
249,5,13,1.555,0.000,0.0304,0.000
249,6,14,0.822,0.000,0.0304,0.000
249,7,15,0.410,0.000,0.0304,0.000
249,8,16,2.267,3806.018,0.0304,0.000
249,9,17,1.971,0.000,0.0304,380.602
249,10,18,0.465,0.000,0.0304,201.317
249,11,19,0.701,0.000,5.7607,76.421
249,12,20,1.261,258.819,3.6098,0.971
249,13,21,0.935,0.000,0.3218,26.392
249,14,22,0.546,241.181,0.0140,2.602
249,15,23,0.843,0.000,0.0135,23.897
250,0,9,2.334,0.000,0.0304,0.000
250,1,10,1.251,0.000,0.0304,0.000
250,2,11,0.477,0.000,0.0304,0.000
250,3,12,0.700,0.000,0.0304,0.000
250,4,13,1.013,0.000,0.0304,0.000
250,5,14,1.045,0.000,0.0304,0.000
250,6,15,1.033,0.000,0.0304,0.000
250,7,16,0.404,3806.018,0.0304,0.000
250,8,17,0.531,0.000,0.0304,380.602
250,9,18,0.409,0.000,0.0304,201.317
250,10,19,0.764,0.000,5.7607,76.421
250,11,20,0.412,258.819,3.6098,0.971
250,12,21,0.850,0.000,0.3218,26.392
250,13,22,0.763,241.181,0.0140,2.602
250,14,23,1.285,0.000,0.0135,23.897
250,15,24,1.483,207.107,0.0135,3.325
251,0,10,1.110,0.000,0.0304,0.000
251,1,11,0.704,0.000,0.0304,0.000
251,2,12,0.775,0.000,0.0304,0.000
251,3,13,0.379,0.000,0.0304,0.000
251,4,14,0.879,0.000,0.0304,0.000
251,5,15,0.601,0.000,0.0304,0.000
251,6,16,1.193,3806.018,0.0304,0.000
251,7,17,0.511,0.000,0.0304,380.602
251,8,18,0.409,0.000,0.0304,201.317
251,9,19,0.556,0.000,5.7607,76.421
251,10,20,0.529,258.819,3.6098,0.971
251,11,21,0.730,0.000,0.3218,26.392
251,12,22,0.091,241.181,0.0140,2.602
251,13,23,0.056,0.000,0.0135,23.897
251,14,24,1.353,207.107,0.0135,3.325
251,15,25,1.443,158.919,0.0128,20.203
252,0,11,0.279,0.000,0.0304,0.000
252,1,12,0.416,0.000,0.0304,0.000
252,2,13,0.800,0.000,0.0304,0.000
252,3,14,1.232,0.000,0.0304,0.000
252,4,15,0.244,0.000,0.0304,0.000
252,5,16,0.751,3806.018,0.0304,0.000
252,6,17,0.986,0.000,0.0304,380.602
252,7,18,0.575,0.000,0.0304,201.317
252,8,19,0.383,0.000,5.7607,76.421
252,9,20,0.350,258.819,3.6098,0.971
252,10,21,0.563,0.000,0.3218,26.392
252,11,22,0.997,241.181,0.0140,2.602
252,12,23,1.187,0.000,0.0135,23.897
252,13,24,0.824,207.107,0.0135,3.325
252,14,25,0.690,158.919,0.0128,20.203
252,15,26,0.726,99.900,0.0128,15.356
253,0,12,2.103,0.000,0.0304,0.000
253,1,13,2.824,0.000,0.0304,0.000
253,2,14,2.841,0.000,0.0304,0.000
253,3,15,2.472,0.000,0.0304,0.000
253,4,16,1.444,3806.018,0.0304,0.000
253,5,17,1.059,0.000,0.0304,380.602
253,6,18,0.357,0.000,0.0304,201.317
253,7,19,1.125,0.000,5.7607,76.421
253,8,20,0.721,258.819,3.6098,0.971
253,9,21,0.764,0.000,0.3218,26.392
253,10,22,1.161,241.181,0.0140,2.602
253,11,23,1.332,0.000,0.0135,23.897
253,12,24,0.909,207.107,0.0135,3.325
253,13,25,1.574,158.919,0.0128,20.203
253,14,26,2.177,99.900,0.0128,15.356
253,15,27,1.091,34.075,0.0122,9.607
254,0,13,0.901,0.000,0.0304,0.000
254,1,14,0.678,0.000,0.0304,0.000
254,2,15,1.183,0.000,0.0304,0.000
254,3,16,0.824,3806.018,0.0304,0.000
254,4,17,0.311,0.000,0.0304,380.602
254,5,18,0.176,0.000,0.0304,201.317
254,6,19,0.270,0.000,5.7607,76.421
254,7,20,0.592,258.819,3.6098,0.971
254,8,21,0.064,0.000,0.3218,26.392
254,9,22,0.127,241.181,0.0140,2.602
254,10,23,0.284,0.000,0.0135,23.897
254,11,24,0.674,207.107,0.0135,3.325
254,12,25,0.433,158.919,0.0128,20.203
254,13,26,0.316,99.900,0.0128,15.356
254,14,27,2.311,34.075,0.0122,9.607
254,15,28,0.412,0.000,0.0117,3.239
255,0,14,3.813,0.000,0.0304,0.000
255,1,15,0.621,0.000,0.0304,0.000
255,2,16,0.448,3806.018,0.0304,0.000
255,3,17,1.300,0.000,0.0304,380.602
255,4,18,1.012,0.000,0.0304,201.317
255,5,19,0.522,0.000,5.7607,76.421
255,6,20,0.493,258.819,3.6098,0.971
255,7,21,0.162,0.000,0.3218,26.392
255,8,22,0.172,241.181,0.0140,2.602
255,9,23,0.971,0.000,0.0135,23.897
255,10,24,0.411,207.107,0.0135,3.325
255,11,25,1.419,158.919,0.0128,20.203
255,12,26,0.225,99.900,0.0128,15.356
255,13,27,0.095,34.075,0.0122,9.607
255,14,28,0.999,0.000,0.0117,3.239
255,15,29,0.785,0.000,0.0114,3.180
256,0,15,1.719,0.000,0.0304,0.000
256,1,16,376.778,3806.018,0.0304,0.000
256,2,17,1.924,0.000,0.0304,380.602
256,3,18,0.544,0.000,0.0304,201.317
256,4,19,0.612,0.000,5.7607,76.421
256,5,20,26.259,258.819,3.6098,0.971
256,6,21,0.783,0.000,0.3218,26.392
256,7,22,23.808,241.181,0.0140,2.602
256,8,23,0.810,0.000,0.0135,23.897
256,9,24,20.411,207.107,0.0135,3.325
256,10,25,14.908,158.919,0.0128,20.203
256,11,26,9.794,99.900,0.0128,15.356
256,12,27,2.533,34.075,0.0122,9.607
256,13,28,1.229,0.000,0.0117,3.239
256,14,29,0.425,0.000,0.0114,3.180
256,15,30,0.070,0.000,0.0552,3.311
257,0,16,1.359,3806.018,0.0304,0.000
257,1,17,0.850,0.000,0.0304,380.602
257,2,18,2.135,0.000,0.0304,201.317
257,3,19,1.679,0.000,5.7607,76.421
257,4,20,1.512,258.819,3.6098,0.971
257,5,21,0.317,0.000,0.3218,26.392
257,6,22,0.828,241.181,0.0140,2.602
257,7,23,0.954,0.000,0.0135,23.897
257,8,24,0.618,207.107,0.0135,3.325
257,9,25,0.968,158.919,0.0128,20.203
257,10,26,1.236,99.900,0.0128,15.356
257,11,27,1.135,34.075,0.0122,9.607
257,12,28,0.739,0.000,0.0117,3.239
257,13,29,0.979,0.000,0.0114,3.180
257,14,30,1.045,0.000,0.0552,3.311
257,15,31,1.018,0.000,0.0152,3.234
258,0,17,0.469,0.000,0.0304,380.602
258,1,18,0.984,0.000,0.0304,201.317
258,2,19,0.571,0.000,5.7607,76.421
258,3,20,25.684,258.819,3.6098,0.971
258,4,21,0.581,0.000,0.3218,26.392
258,5,22,24.134,241.181,0.0140,2.602
258,6,23,0.452,0.000,0.0135,23.897
258,7,24,20.638,207.107,0.0135,3.325
258,8,25,16.338,158.919,0.0128,20.203
258,9,26,10.272,99.900,0.0128,15.356
258,10,27,3.058,34.075,0.0122,9.607
258,11,28,0.649,0.000,0.0117,3.239
258,12,29,0.612,0.000,0.0114,3.180
258,13,30,0.805,0.000,0.0552,3.311
258,14,31,0.515,0.000,0.0152,3.234
258,15,32,0.393,0.000,0.0164,3.392
259,0,18,14.538,0.000,0.0304,201.317
259,1,19,1.151,0.000,5.7607,76.421
259,2,20,1.462,258.819,3.6098,0.971
259,3,21,1.523,0.000,0.3218,26.392
259,4,22,1.709,241.181,0.0140,2.602
259,5,23,1.486,0.000,0.0135,23.897
259,6,24,1.548,207.107,0.0135,3.325
259,7,25,0.398,158.919,0.0128,20.203
259,8,26,0.144,99.900,0.0128,15.356
259,9,27,0.913,34.075,0.0122,9.607
259,10,28,0.601,0.000,0.0117,3.239
259,11,29,0.680,0.000,0.0114,3.180
259,12,30,2.475,0.000,0.0552,3.311
259,13,31,1.178,0.000,0.0152,3.234
259,14,32,1.288,0.000,0.0164,3.392
259,15,33,1.531,0.000,0.0165,3.237
260,0,19,0.340,0.000,5.7607,76.421
260,1,20,0.622,258.819,3.6098,0.971
260,2,21,0.111,0.000,0.3218,26.392
260,3,22,0.183,241.181,0.0140,2.602
260,4,23,0.441,0.000,0.0135,23.897
260,5,24,0.561,207.107,0.0135,3.325
260,6,25,0.458,158.919,0.0128,20.203
260,7,26,0.115,99.900,0.0128,15.356
260,8,27,1.112,34.075,0.0122,9.607
260,9,28,0.184,0.000,0.0117,3.239
260,10,29,0.570,0.000,0.0114,3.180
260,11,30,0.106,0.000,0.0552,3.311
260,12,31,0.600,0.000,0.0152,3.234
260,13,32,0.576,0.000,0.0164,3.392
260,14,33,0.395,0.000,0.0165,3.237
260,15,34,0.818,0.000,0.0148,3.396
261,0,20,0.271,258.819,3.6098,0.971
261,1,21,1.028,0.000,0.3218,26.392
261,2,22,0.512,241.181,0.0140,2.602
261,3,23,0.868,0.000,0.0135,23.897
261,4,24,0.709,207.107,0.0135,3.325
261,5,25,0.783,158.919,0.0128,20.203
261,6,26,0.876,99.900,0.0128,15.356
261,7,27,1.003,34.075,0.0122,9.607
261,8,28,0.538,0.000,0.0117,3.239
261,9,29,0.682,0.000,0.0114,3.180
261,10,30,0.208,0.000,0.0552,3.311
261,11,31,0.185,0.000,0.0152,3.234
261,12,32,0.340,0.000,0.0164,3.392
261,13,33,2.806,0.000,0.0165,3.237
261,14,34,0.408,0.000,0.0148,3.396
261,15,35,0.648,0.000,0.0150,3.237
262,0,21,1.050,0.000,0.3218,26.392
262,1,22,5.064,241.181,0.0140,2.602
262,2,23,2.344,0.000,0.0135,23.897
262,3,24,0.927,207.107,0.0135,3.325
262,4,25,1.807,158.919,0.0128,20.203
262,5,26,1.854,99.900,0.0128,15.356
262,6,27,1.262,34.075,0.0122,9.607
262,7,28,2.453,0.000,0.0117,3.239
262,8,29,1.475,0.000,0.0114,3.180
262,9,30,0.984,0.000,0.0552,3.311
262,10,31,1.628,0.000,0.0152,3.234
262,11,32,2.040,0.000,0.0164,3.392
262,12,33,0.316,0.000,0.0165,3.237
262,13,34,1.187,0.000,0.0148,3.396
262,14,35,2.073,0.000,0.0150,3.237
262,15,36,2.801,0.000,0.0148,3.396
263,0,22,0.729,241.181,0.0140,2.602
263,1,23,1.454,0.000,0.0135,23.897
263,2,24,1.478,207.107,0.0135,3.325
263,3,25,0.770,158.919,0.0128,20.203
263,4,26,0.631,99.900,0.0128,15.356
263,5,27,1.232,34.075,0.0122,9.607
263,6,28,0.402,0.000,0.0117,3.239
263,7,29,0.258,0.000,0.0114,3.180
263,8,30,0.710,0.000,0.0552,3.311
263,9,31,0.264,0.000,0.0152,3.234
263,10,32,0.867,0.000,0.0164,3.392
263,11,33,1.162,0.000,0.0165,3.237
263,12,34,1.061,0.000,0.0148,3.396
263,13,35,1.224,0.000,0.0150,3.237
263,14,36,5.926,0.000,0.0148,3.396
263,15,37,0.877,0.000,0.0147,3.236
264,0,23,0.728,0.000,0.0135,23.897
264,1,24,0.702,207.107,0.0135,3.325
264,2,25,0.471,158.919,0.0128,20.203
264,3,26,0.885,99.900,0.0128,15.356
264,4,27,0.425,34.075,0.0122,9.607
264,5,28,0.286,0.000,0.0117,3.239
264,6,29,0.057,0.000,0.0114,3.180
264,7,30,0.025,0.000,0.0552,3.311
264,8,31,0.383,0.000,0.0152,3.234
264,9,32,0.154,0.000,0.0164,3.392
264,10,33,0.400,0.000,0.0165,3.237
264,11,34,0.464,0.000,0.0148,3.396
264,12,35,0.147,0.000,0.0150,3.237
264,13,36,0.863,0.000,0.0148,3.396
264,14,37,0.620,0.000,0.0147,3.236
264,15,38,0.241,0.000,0.0148,3.396
265,0,24,0.382,207.107,0.0135,3.325
265,1,25,1.586,158.919,0.0128,20.203
265,2,26,0.527,99.900,0.0128,15.356
265,3,27,1.285,34.075,0.0122,9.607
265,4,28,0.235,0.000,0.0117,3.239
265,5,29,0.473,0.000,0.0114,3.180
265,6,30,0.318,0.000,0.0552,3.311
265,7,31,0.376,0.000,0.0152,3.234
265,8,32,0.111,0.000,0.0164,3.392
265,9,33,0.154,0.000,0.0165,3.237
265,10,34,0.185,0.000,0.0148,3.396
265,11,35,0.277,0.000,0.0150,3.237
265,12,36,0.362,0.000,0.0148,3.396
265,13,37,0.208,0.000,0.0147,3.236
265,14,38,0.101,0.000,0.0148,3.396
265,15,39,0.892,1000.000,0.0147,3.237
266,0,25,0.664,158.919,0.0128,20.203
266,1,26,0.733,99.900,0.0128,15.356
266,2,27,0.726,34.075,0.0122,9.607
266,3,28,0.405,0.000,0.0117,3.239
266,4,29,0.720,0.000,0.0114,3.180
266,5,30,0.492,0.000,0.0552,3.311
266,6,31,0.667,0.000,0.0152,3.234
266,7,32,0.702,0.000,0.0164,3.392
266,8,33,0.328,0.000,0.0165,3.237
266,9,34,0.273,0.000,0.0148,3.396
266,10,35,0.876,0.000,0.0150,3.237
266,11,36,0.593,0.000,0.0148,3.396
266,12,37,0.393,0.000,0.0147,3.236
266,13,38,0.313,0.000,0.0148,3.396
266,14,39,2.022,1000.000,0.0147,3.237
266,15,40,2.095,1035.570,0.0148,3.955
267,0,26,0.718,99.900,0.0128,15.356
267,1,27,0.484,34.075,0.0122,9.607
267,2,28,0.557,0.000,0.0117,3.239
267,3,29,0.368,0.000,0.0114,3.180
267,4,30,0.073,0.000,0.0552,3.311
267,5,31,0.366,0.000,0.0152,3.234
267,6,32,0.803,0.000,0.0164,3.392
267,7,33,0.474,0.000,0.0165,3.237
267,8,34,0.325,0.000,0.0148,3.396
267,9,35,0.357,0.000,0.0150,3.237
267,10,36,0.888,0.000,0.0148,3.396
267,11,37,0.809,0.000,0.0147,3.236
267,12,38,0.345,0.000,0.0148,3.396
267,13,39,0.805,1000.000,0.0147,3.237
267,14,40,0.596,1035.570,0.0148,3.955
267,15,41,77.361,0.000,1.9850,102.715
268,0,27,0.316,34.075,0.0122,9.607
268,1,28,0.508,0.000,0.0117,3.239
268,2,29,0.532,0.000,0.0114,3.180
268,3,30,0.591,0.000,0.0552,3.311
268,4,31,0.329,0.000,0.0152,3.234
268,5,32,0.025,0.000,0.0164,3.392
268,6,33,0.152,0.000,0.0165,3.237
268,7,34,0.106,0.000,0.0148,3.396
268,8,35,0.170,0.000,0.0150,3.237
268,9,36,0.121,0.000,0.0148,3.396
268,10,37,0.309,0.000,0.0147,3.236
268,11,38,0.373,0.000,0.0148,3.396
268,12,39,0.426,1000.000,0.0147,3.237
268,13,40,0.190,1035.570,0.0148,3.955
268,14,41,64.267,0.000,1.9850,102.715
268,15,42,0.641,0.000,4.4633,21.118
269,0,28,0.414,0.000,0.0117,3.239
269,1,29,0.533,0.000,0.0114,3.180
269,2,30,0.829,0.000,0.0552,3.311
269,3,31,1.058,0.000,0.0152,3.234
269,4,32,0.700,0.000,0.0164,3.392
269,5,33,0.963,0.000,0.0165,3.237
269,6,34,0.489,0.000,0.0148,3.396
269,7,35,0.009,0.000,0.0150,3.237
269,8,36,0.480,0.000,0.0148,3.396
269,9,37,0.730,0.000,0.0147,3.236
269,10,38,0.647,0.000,0.0148,3.396
269,11,39,0.483,1000.000,0.0147,3.237
269,12,40,1.003,1035.570,0.0148,3.955
269,13,41,100.101,0.000,1.9850,102.715
269,14,42,0.996,0.000,4.4633,21.118
269,15,43,0.456,0.000,3.0290,0.631
270,0,29,0.335,0.000,0.0114,3.180
270,1,30,0.646,0.000,0.0552,3.311
270,2,31,0.735,0.000,0.0152,3.234
270,3,32,0.598,0.000,0.0164,3.392
270,4,33,1.497,0.000,0.0165,3.237
270,5,34,0.175,0.000,0.0148,3.396
270,6,35,0.371,0.000,0.0150,3.237
270,7,36,0.717,0.000,0.0148,3.396
270,8,37,0.693,0.000,0.0147,3.236
270,9,38,0.151,0.000,0.0148,3.396
270,10,39,0.365,1000.000,0.0147,3.237
270,11,40,0.828,1035.570,0.0148,3.955
270,12,41,40.179,0.000,1.9850,102.715
270,13,42,0.558,0.000,4.4633,21.118
270,14,43,0.809,0.000,3.0290,0.631
270,15,44,1.170,0.000,0.0181,1.248
271,0,30,0.977,0.000,0.0552,3.311
271,1,31,0.420,0.000,0.0152,3.234
271,2,32,0.909,0.000,0.0164,3.392
271,3,33,0.205,0.000,0.0165,3.237
271,4,34,0.170,0.000,0.0148,3.396
271,5,35,0.507,0.000,0.0150,3.237
271,6,36,0.258,0.000,0.0148,3.396
271,7,37,0.800,0.000,0.0147,3.236
271,8,38,0.722,0.000,0.0148,3.396
271,9,39,2.215,1000.000,0.0147,3.237
271,10,40,0.031,1035.570,0.0148,3.955
271,11,41,82.950,0.000,1.9850,102.715
271,12,42,2.917,0.000,4.4633,21.118
271,13,43,0.671,0.000,3.0290,0.631
271,14,44,0.754,0.000,0.0181,1.248
271,15,45,0.743,0.000,0.0183,0.630
272,0,31,0.425,0.000,0.0152,3.234
272,1,32,0.324,0.000,0.0164,3.392
272,2,33,0.918,0.000,0.0165,3.237
272,3,34,0.237,0.000,0.0148,3.396
272,4,35,0.660,0.000,0.0150,3.237
272,5,36,0.235,0.000,0.0148,3.396
272,6,37,0.747,0.000,0.0147,3.236
272,7,38,0.823,0.000,0.0148,3.396
272,8,39,1.404,1000.000,0.0147,3.237
272,9,40,0.359,1035.570,0.0148,3.955
272,10,41,21.093,0.000,1.9850,102.715
272,11,42,1.092,0.000,4.4633,21.118
272,12,43,0.941,0.000,3.0290,0.631
272,13,44,0.407,0.000,0.0181,1.248
272,14,45,0.635,0.000,0.0183,0.630
272,15,46,0.437,0.000,0.0182,1.247
273,0,32,0.653,0.000,0.0164,3.392
273,1,33,0.914,0.000,0.0165,3.237
273,2,34,1.080,0.000,0.0148,3.396
273,3,35,0.363,0.000,0.0150,3.237
273,4,36,0.392,0.000,0.0148,3.396
273,5,37,0.899,0.000,0.0147,3.236
273,6,38,1.589,0.000,0.0148,3.396
273,7,39,0.135,1000.000,0.0147,3.237
273,8,40,0.471,1035.570,0.0148,3.955
273,9,41,4.805,0.000,1.9850,102.715
273,10,42,1.379,0.000,4.4633,21.118
273,11,43,0.440,0.000,3.0290,0.631
273,12,44,0.245,0.000,0.0181,1.248
273,13,45,0.642,0.000,0.0183,0.630
273,14,46,0.330,0.000,0.0182,1.247
273,15,47,0.224,0.000,0.0182,0.630
274,0,33,1.108,0.000,0.0165,3.237
274,1,34,2.175,0.000,0.0148,3.396
274,2,35,1.382,0.000,0.0150,3.237
274,3,36,0.857,0.000,0.0148,3.396
274,4,37,1.217,0.000,0.0147,3.236
274,5,38,1.478,0.000,0.0148,3.396
274,6,39,0.978,1000.000,0.0147,3.237
274,7,40,2.287,1035.570,0.0148,3.955
274,8,41,8.258,0.000,1.9850,102.715
274,9,42,0.723,0.000,4.4633,21.118
274,10,43,0.429,0.000,3.0290,0.631
274,11,44,0.514,0.000,0.0181,1.248
274,12,45,0.223,0.000,0.0183,0.630
274,13,46,0.615,0.000,0.0182,1.247
274,14,47,0.866,0.000,0.0182,0.630
274,15,48,0.803,0.000,0.0181,1.248
275,0,34,2.158,0.000,0.0148,3.396
275,1,35,0.563,0.000,0.0150,3.237
275,2,36,1.247,0.000,0.0148,3.396
275,3,37,0.959,0.000,0.0147,3.236
275,4,38,0.151,0.000,0.0148,3.396
275,5,39,0.112,1000.000,0.0147,3.237
275,6,40,1.235,1035.570,0.0148,3.955
275,7,41,1.561,0.000,1.9850,102.715
275,8,42,0.475,0.000,4.4633,21.118
275,9,43,0.174,0.000,3.0290,0.631
275,10,44,0.181,0.000,0.0181,1.248
275,11,45,0.448,0.000,0.0183,0.630
275,12,46,0.130,0.000,0.0182,1.247
275,13,47,0.584,0.000,0.0182,0.630
275,14,48,0.864,0.000,0.0181,1.248
275,15,49,0.548,0.000,0.0182,0.630
276,0,35,0.904,0.000,0.0150,3.237
276,1,36,1.164,0.000,0.0148,3.396
276,2,37,2.026,0.000,0.0147,3.236
276,3,38,2.099,0.000,0.0148,3.396
276,4,39,2.171,1000.000,0.0147,3.237
276,5,40,1.125,1035.570,0.0148,3.955
276,6,41,5.723,0.000,1.9850,102.715
276,7,42,2.100,0.000,4.4633,21.118
276,8,43,0.952,0.000,3.0290,0.631
276,9,44,0.727,0.000,0.0181,1.248
276,10,45,1.312,0.000,0.0183,0.630
276,11,46,2.266,0.000,0.0182,1.247
276,12,47,0.139,0.000,0.0182,0.630
276,13,48,0.539,0.000,0.0181,1.248
276,14,49,7.356,0.000,0.0182,0.630
276,15,50,3.036,0.000,0.0181,1.247
277,0,36,1.430,0.000,0.0148,3.396
277,1,37,1.215,0.000,0.0147,3.236
277,2,38,1.618,0.000,0.0148,3.396
277,3,39,97.924,1000.000,0.0147,3.237
277,4,40,3.416,1035.570,0.0148,3.955
277,5,41,1.979,0.000,1.9850,102.715
277,6,42,1.025,0.000,4.4633,21.118
277,7,43,0.663,0.000,3.0290,0.631
277,8,44,1.614,0.000,0.0181,1.248
277,9,45,0.690,0.000,0.0183,0.630
277,10,46,0.763,0.000,0.0182,1.247
277,11,47,1.058,0.000,0.0182,0.630
277,12,48,1.013,0.000,0.0181,1.248
277,13,49,0.777,0.000,0.0182,0.630
277,14,50,0.478,0.000,0.0181,1.247
277,15,51,0.971,0.000,0.0182,0.629
278,0,37,0.944,0.000,0.0147,3.236
278,1,38,0.598,0.000,0.0148,3.396
278,2,39,2.109,1000.000,0.0147,3.237
278,3,40,2.300,1035.570,0.0148,3.955
278,4,41,21.156,0.000,1.9850,102.715
278,5,42,1.804,0.000,4.4633,21.118
278,6,43,2.017,0.000,3.0290,0.631
278,7,44,1.101,0.000,0.0181,1.248
278,8,45,4.023,0.000,0.0183,0.630
278,9,46,1.564,0.000,0.0182,1.247
278,10,47,1.952,0.000,0.0182,0.630
278,11,48,1.385,0.000,0.0181,1.248
278,12,49,0.646,0.000,0.0182,0.630
278,13,50,0.722,0.000,0.0181,1.247
278,14,51,0.552,0.000,0.0182,0.629
278,15,52,1.011,0.000,0.0180,1.246
279,0,38,100.470,0.000,0.0148,3.396
279,1,39,116.547,1000.000,0.0147,3.237
279,2,40,99.587,1035.570,0.0148,3.955
279,3,41,3.377,0.000,1.9850,102.715
279,4,42,2.273,0.000,4.4633,21.118
279,5,43,0.818,0.000,3.0290,0.631
279,6,44,4.130,0.000,0.0181,1.248
279,7,45,1.165,0.000,0.0183,0.630
279,8,46,1.337,0.000,0.0182,1.247
279,9,47,1.780,0.000,0.0182,0.630
279,10,48,0.990,0.000,0.0181,1.248
279,11,49,1.194,0.000,0.0182,0.630
279,12,50,1.438,0.000,0.0181,1.247
279,13,51,3.048,0.000,0.0182,0.629
279,14,52,8.827,0.000,0.0180,1.246
279,15,53,24.362,258.819,0.0181,0.630
280,0,39,0.173,1000.000,0.0147,3.237
280,1,40,0.648,1035.570,0.0148,3.955
280,2,41,6.620,0.000,1.9850,102.715
280,3,42,0.900,0.000,4.4633,21.118
280,4,43,0.689,0.000,3.0290,0.631
280,5,44,0.947,0.000,0.0181,1.248
280,6,45,1.302,0.000,0.0183,0.630
280,7,46,0.386,0.000,0.0182,1.247
280,8,47,0.666,0.000,0.0182,0.630
280,9,48,0.745,0.000,0.0181,1.248
280,10,49,0.324,0.000,0.0182,0.630
280,11,50,0.280,0.000,0.0181,1.247
280,12,51,0.266,0.000,0.0182,0.629
280,13,52,0.531,0.000,0.0180,1.246
280,14,53,0.870,258.819,0.0181,0.630
280,15,54,2.221,0.000,0.0180,25.739
281,0,40,0.209,1035.570,0.0148,3.955
281,1,41,1.291,0.000,1.9850,102.715
281,2,42,1.482,0.000,4.4633,21.118
281,3,43,0.656,0.000,3.0290,0.631
281,4,44,0.544,0.000,0.0181,1.248
281,5,45,0.191,0.000,0.0183,0.630
281,6,46,0.796,0.000,0.0182,1.247
281,7,47,0.518,0.000,0.0182,0.630
281,8,48,0.577,0.000,0.0181,1.248
281,9,49,1.089,0.000,0.0182,0.630
281,10,50,0.347,0.000,0.0181,1.247
281,11,51,0.937,0.000,0.0182,0.629
281,12,52,0.450,0.000,0.0180,1.246
281,13,53,0.491,258.819,0.0181,0.630
281,14,54,0.845,0.000,0.0180,25.739
281,15,55,0.787,241.181,0.0181,3.877
282,0,41,0.404,0.000,1.9850,102.715
282,1,42,0.519,0.000,4.4633,21.118
282,2,43,0.503,0.000,3.0290,0.631
282,3,44,0.166,0.000,0.0181,1.248
282,4,45,0.383,0.000,0.0183,0.630
282,5,46,0.309,0.000,0.0182,1.247
282,6,47,0.549,0.000,0.0182,0.630
282,7,48,0.432,0.000,0.0181,1.248
282,8,49,0.203,0.000,0.0182,0.630
282,9,50,0.187,0.000,0.0181,1.247
282,10,51,0.378,0.000,0.0182,0.629
282,11,52,0.231,0.000,0.0180,1.246
282,12,53,0.745,258.819,0.0181,0.630
282,13,54,0.813,0.000,0.0180,25.739
282,14,55,0.238,241.181,0.0181,3.877
282,15,56,0.569,207.107,0.0179,23.211
283,0,42,0.953,0.000,4.4633,21.118
283,1,43,0.785,0.000,3.0290,0.631
283,2,44,0.385,0.000,0.0181,1.248
283,3,45,0.524,0.000,0.0183,0.630
283,4,46,0.732,0.000,0.0182,1.247
283,5,47,0.366,0.000,0.0182,0.630
283,6,48,0.367,0.000,0.0181,1.248
283,7,49,0.184,0.000,0.0182,0.630
283,8,50,0.400,0.000,0.0181,1.247
283,9,51,0.578,0.000,0.0182,0.629
283,10,52,0.416,0.000,0.0180,1.246
283,11,53,0.383,258.819,0.0181,0.630
283,12,54,0.504,0.000,0.0180,25.739
283,13,55,0.710,241.181,0.0181,3.877
283,14,56,0.694,207.107,0.0179,23.211
283,15,57,2.133,158.918,0.0175,19.582
284,0,43,0.451,0.000,3.0290,0.631
284,1,44,0.831,0.000,0.0181,1.248
284,2,45,0.470,0.000,0.0183,0.630
284,3,46,0.258,0.000,0.0182,1.247
284,4,47,0.188,0.000,0.0182,0.630
284,5,48,0.400,0.000,0.0181,1.248
284,6,49,0.678,0.000,0.0182,0.630
284,7,50,0.292,0.000,0.0181,1.247
284,8,51,0.791,0.000,0.0182,0.629
284,9,52,0.280,0.000,0.0180,1.246
284,10,53,0.899,258.819,0.0181,0.630
284,11,54,0.925,0.000,0.0180,25.739
284,12,55,0.596,241.181,0.0181,3.877
284,13,56,0.731,207.107,0.0179,23.211
284,14,57,1.235,158.918,0.0175,19.582
284,15,58,0.834,99.901,0.0172,14.897
285,0,44,0.378,0.000,0.0181,1.248
285,1,45,0.782,0.000,0.0183,0.630
285,2,46,0.799,0.000,0.0182,1.247
285,3,47,0.605,0.000,0.0182,0.630
285,4,48,0.271,0.000,0.0181,1.248
285,5,49,0.849,0.000,0.0182,0.630
285,6,50,0.295,0.000,0.0181,1.247
285,7,51,1.042,0.000,0.0182,0.629
285,8,52,0.460,0.000,0.0180,1.246
285,9,53,0.907,258.819,0.0181,0.630
285,10,54,0.665,0.000,0.0180,25.739
285,11,55,0.783,241.181,0.0181,3.877
285,12,56,1.574,207.107,0.0179,23.211
285,13,57,1.599,158.918,0.0175,19.582
285,14,58,0.552,99.901,0.0172,14.897
285,15,59,0.607,34.075,0.0167,9.362
286,0,45,0.404,0.000,0.0183,0.630
286,1,46,0.330,0.000,0.0182,1.247
286,2,47,0.404,0.000,0.0182,0.630
286,3,48,0.197,0.000,0.0181,1.248
286,4,49,0.284,0.000,0.0182,0.630
286,5,50,0.376,0.000,0.0181,1.247
286,6,51,0.362,0.000,0.0182,0.629
286,7,52,0.626,0.000,0.0180,1.246
286,8,53,1.071,258.819,0.0181,0.630
286,9,54,0.591,0.000,0.0180,25.739
286,10,55,1.334,241.181,0.0181,3.877
286,11,56,1.075,207.107,0.0179,23.211
286,12,57,0.874,158.918,0.0175,19.582
286,13,58,0.851,99.901,0.0172,14.897
286,14,59,1.471,34.075,0.0167,9.362
286,15,60,0.474,0.000,0.0163,3.218
287,0,46,0.301,0.000,0.0182,1.247
287,1,47,0.201,0.000,0.0182,0.630
287,2,48,0.505,0.000,0.0181,1.248
287,3,49,0.361,0.000,0.0182,0.630
287,4,50,1.414,0.000,0.0181,1.247
287,5,51,0.350,0.000,0.0182,0.629
287,6,52,0.435,0.000,0.0180,1.246
287,7,53,0.090,258.819,0.0181,0.630
287,8,54,0.556,0.000,0.0180,25.739
287,9,55,1.134,241.181,0.0181,3.877
287,10,56,0.890,207.107,0.0179,23.211
287,11,57,0.717,158.918,0.0175,19.582
287,12,58,0.852,99.901,0.0172,14.897
287,13,59,1.262,34.075,0.0167,9.362
287,14,60,0.559,0.000,0.0163,3.218
287,15,61,2.972,0.000,0.0159,0.633
288,0,47,1.031,0.000,0.0182,0.630
288,1,48,0.397,0.000,0.0181,1.248
288,2,49,0.787,0.000,0.0182,0.630
288,3,50,1.156,0.000,0.0181,1.247
288,4,51,0.757,0.000,0.0182,0.629
288,5,52,0.452,0.000,0.0180,1.246
288,6,53,1.225,258.819,0.0181,0.630
288,7,54,0.450,0.000,0.0180,25.739
288,8,55,1.678,241.181,0.0181,3.877
288,9,56,0.875,207.107,0.0179,23.211
288,10,57,0.831,158.918,0.0175,19.582
288,11,58,1.885,99.901,0.0172,14.897
288,12,59,1.021,34.075,0.0167,9.362
288,13,60,1.056,0.000,0.0163,3.218
288,14,61,3.210,0.000,0.0159,0.633
288,15,62,0.516,0.000,0.0158,1.257
289,0,48,0.562,0.000,0.0181,1.248
289,1,49,0.635,0.000,0.0182,0.630
289,2,50,0.314,0.000,0.0181,1.247
289,3,51,0.433,0.000,0.0182,0.629
289,4,52,0.846,0.000,0.0180,1.246
289,5,53,4.260,258.819,0.0181,0.630
289,6,54,8.685,0.000,0.0180,25.739
289,7,55,4.475,241.181,0.0181,3.877
289,8,56,9.677,207.107,0.0179,23.211
289,9,57,9.927,158.918,0.0175,19.582
289,10,58,7.114,99.901,0.0172,14.897
289,11,59,4.095,34.075,0.0167,9.362
289,12,60,1.543,0.000,0.0163,3.218
289,13,61,0.676,0.000,0.0159,0.633
289,14,62,1.001,0.000,0.0158,1.257
289,15,63,0.433,0.000,0.0159,0.634
290,0,49,0.576,0.000,0.0182,0.630
290,1,50,0.404,0.000,0.0181,1.247
290,2,51,0.936,0.000,0.0182,0.629
290,3,52,0.885,0.000,0.0180,1.246
290,4,53,1.906,258.819,0.0181,0.630
290,5,54,2.731,0.000,0.0180,25.739
290,6,55,2.841,241.181,0.0181,3.877
290,7,56,2.391,207.107,0.0179,23.211
290,8,57,3.389,158.918,0.0175,19.582
290,9,58,2.786,99.901,0.0172,14.897
290,10,59,0.558,34.075,0.0167,9.362
290,11,60,0.481,0.000,0.0163,3.218
290,12,61,0.692,0.000,0.0159,0.633
290,13,62,0.318,0.000,0.0158,1.257
290,14,63,0.372,0.000,0.0159,0.634
290,15,64,0.166,0.000,0.0159,1.257
291,0,50,0.309,0.000,0.0181,1.247
291,1,51,0.279,0.000,0.0182,0.629
291,2,52,0.608,0.000,0.0180,1.246
291,3,53,0.646,258.819,0.0181,0.630
291,4,54,4.357,0.000,0.0180,25.739
291,5,55,4.194,241.181,0.0181,3.877
291,6,56,3.266,207.107,0.0179,23.211
291,7,57,5.798,158.918,0.0175,19.582
291,8,58,3.619,99.901,0.0172,14.897
291,9,59,1.927,34.075,0.0167,9.362
291,10,60,0.735,0.000,0.0163,3.218
291,11,61,0.537,0.000,0.0159,0.633
291,12,62,0.689,0.000,0.0158,1.257
291,13,63,0.790,0.000,0.0159,0.634
291,14,64,0.495,0.000,0.0159,1.257
291,15,65,0.473,0.000,0.0160,0.632
292,0,51,0.837,0.000,0.0182,0.629
292,1,52,0.959,0.000,0.0180,1.246
292,2,53,1.127,258.819,0.0181,0.630
292,3,54,21.788,0.000,0.0180,25.739
292,4,55,17.377,241.181,0.0181,3.877
292,5,56,16.862,207.107,0.0179,23.211
292,6,57,30.228,158.918,0.0175,19.582
292,7,58,22.759,99.901,0.0172,14.897
292,8,59,14.382,34.075,0.0167,9.362
292,9,60,7.018,0.000,0.0163,3.218
292,10,61,1.140,0.000,0.0159,0.633
292,11,62,0.649,0.000,0.0158,1.257
292,12,63,0.426,0.000,0.0159,0.634
292,13,64,0.401,0.000,0.0159,1.257
292,14,65,1.536,0.000,0.0160,0.632
292,15,66,0.967,0.000,0.0157,1.255
293,0,52,1.099,0.000,0.0180,1.246
293,1,53,1.641,258.819,0.0181,0.630
293,2,54,2.428,0.000,0.0180,25.739
293,3,55,0.937,241.181,0.0181,3.877
293,4,56,2.912,207.107,0.0179,23.211
293,5,57,3.317,158.918,0.0175,19.582
293,6,58,2.086,99.901,0.0172,14.897
293,7,59,1.282,34.075,0.0167,9.362
293,8,60,0.650,0.000,0.0163,3.218
293,9,61,0.472,0.000,0.0159,0.633
293,10,62,0.697,0.000,0.0158,1.257
293,11,63,0.488,0.000,0.0159,0.634
293,12,64,0.751,0.000,0.0159,1.257
293,13,65,0.845,0.000,0.0160,0.632
293,14,66,1.321,0.000,0.0157,1.255
293,15,67,1.384,0.000,0.0159,0.634
294,0,53,1.027,258.819,0.0181,0.630
294,1,54,2.128,0.000,0.0180,25.739
294,2,55,1.399,241.181,0.0181,3.877
294,3,56,1.298,207.107,0.0179,23.211
294,4,57,2.184,158.918,0.0175,19.582
294,5,58,1.095,99.901,0.0172,14.897
294,6,59,0.312,34.075,0.0167,9.362
294,7,60,0.223,0.000,0.0163,3.218
294,8,61,0.595,0.000,0.0159,0.633
294,9,62,0.410,0.000,0.0158,1.257
294,10,63,0.721,0.000,0.0159,0.634
294,11,64,0.748,0.000,0.0159,1.257
294,12,65,0.852,0.000,0.0160,0.632
294,13,66,0.306,0.000,0.0157,1.255
294,14,67,3.299,0.000,0.0159,0.634
294,15,68,0.682,0.000,0.0156,1.257
295,0,54,2.471,0.000,0.0180,25.739
295,1,55,1.652,241.181,0.0181,3.877
295,2,56,1.493,207.107,0.0179,23.211
295,3,57,2.470,158.918,0.0175,19.582
295,4,58,1.962,99.901,0.0172,14.897
295,5,59,1.130,34.075,0.0167,9.362
295,6,60,1.131,0.000,0.0163,3.218
295,7,61,0.965,0.000,0.0159,0.633
295,8,62,1.327,0.000,0.0158,1.257
295,9,63,0.294,0.000,0.0159,0.634
295,10,64,0.866,0.000,0.0159,1.257
295,11,65,1.242,0.000,0.0160,0.632
295,12,66,0.863,0.000,0.0157,1.255
295,13,67,0.286,0.000,0.0159,0.634
295,14,68,0.856,0.000,0.0156,1.257
295,15,69,0.789,0.000,0.0159,0.633
296,0,55,0.509,241.181,0.0181,3.877
296,1,56,1.136,207.107,0.0179,23.211
296,2,57,0.931,158.918,0.0175,19.582
296,3,58,0.814,99.901,0.0172,14.897
296,4,59,0.620,34.075,0.0167,9.362
296,5,60,0.263,0.000,0.0163,3.218
296,6,61,0.473,0.000,0.0159,0.633
296,7,62,0.156,0.000,0.0158,1.257
296,8,63,0.189,0.000,0.0159,0.634
296,9,64,0.218,0.000,0.0159,1.257
296,10,65,0.380,0.000,0.0160,0.632
296,11,66,0.203,0.000,0.0157,1.255
296,12,67,0.089,0.000,0.0159,0.634
296,13,68,0.417,0.000,0.0156,1.257
296,14,69,0.276,0.000,0.0159,0.633
296,15,70,0.303,0.000,0.0158,1.256
297,0,56,0.401,207.107,0.0179,23.211
297,1,57,0.529,158.918,0.0175,19.582
297,2,58,0.446,99.901,0.0172,14.897
297,3,59,0.381,34.075,0.0167,9.362
297,4,60,0.384,0.000,0.0163,3.218
297,5,61,0.401,0.000,0.0159,0.633
297,6,62,0.369,0.000,0.0158,1.257
297,7,63,0.108,0.000,0.0159,0.634
297,8,64,0.570,0.000,0.0159,1.257
297,9,65,0.303,0.000,0.0160,0.632
297,10,66,0.218,0.000,0.0157,1.255
297,11,67,0.376,0.000,0.0159,0.634
297,12,68,0.234,0.000,0.0156,1.257
297,13,69,0.170,0.000,0.0159,0.633
297,14,70,0.361,0.000,0.0158,1.256
297,15,71,0.617,0.000,0.0158,0.633
298,0,57,1.593,158.918,0.0175,19.582
298,1,58,1.106,99.901,0.0172,14.897
298,2,59,0.560,34.075,0.0167,9.362
298,3,60,0.586,0.000,0.0163,3.218
298,4,61,0.653,0.000,0.0159,0.633
298,5,62,0.707,0.000,0.0158,1.257
298,6,63,0.528,0.000,0.0159,0.634
298,7,64,0.644,0.000,0.0159,1.257
298,8,65,0.099,0.000,0.0160,0.632
298,9,66,0.331,0.000,0.0157,1.255
298,10,67,0.754,0.000,0.0159,0.634
298,11,68,0.348,0.000,0.0156,1.257
298,12,69,0.643,0.000,0.0159,0.633
298,13,70,0.498,0.000,0.0158,1.256
298,14,71,1.067,0.000,0.0158,0.633
298,15,72,3.248,0.000,0.0158,1.256
299,0,58,1.669,99.901,0.0172,14.897
299,1,59,0.882,34.075,0.0167,9.362
299,2,60,0.554,0.000,0.0163,3.218
299,3,61,0.469,0.000,0.0159,0.633
299,4,62,0.450,0.000,0.0158,1.257
299,5,63,0.251,0.000,0.0159,0.634
299,6,64,0.032,0.000,0.0159,1.257
299,7,65,0.826,0.000,0.0160,0.632
299,8,66,0.603,0.000,0.0157,1.255
299,9,67,0.165,0.000,0.0159,0.634
299,10,68,0.602,0.000,0.0156,1.257
299,11,69,0.667,0.000,0.0159,0.633
299,12,70,0.899,0.000,0.0158,1.256
299,13,71,0.229,0.000,0.0158,0.633
299,14,72,1.792,0.000,0.0158,1.256
299,15,73,0.806,0.000,0.0159,0.632
300,0,59,1.239,34.075,0.0167,9.362
300,1,60,0.724,0.000,0.0163,3.218
300,2,61,0.191,0.000,0.0159,0.633
300,3,62,0.333,0.000,0.0158,1.257
300,4,63,0.477,0.000,0.0159,0.634
300,5,64,1.071,0.000,0.0159,1.257
300,6,65,0.480,0.000,0.0160,0.632
300,7,66,0.835,0.000,0.0157,1.255
300,8,67,0.644,0.000,0.0159,0.634
300,9,68,0.694,0.000,0.0156,1.257
300,10,69,0.818,0.000,0.0159,0.633
300,11,70,0.634,0.000,0.0158,1.256
300,12,71,0.412,0.000,0.0158,0.633
300,13,72,0.734,0.000,0.0158,1.256
300,14,73,0.887,0.000,0.0159,0.632
300,15,74,0.845,0.000,0.0158,1.255
301,0,60,0.966,0.000,0.0163,3.218
301,1,61,0.399,0.000,0.0159,0.633
301,2,62,0.615,0.000,0.0158,1.257
301,3,63,0.486,0.000,0.0159,0.634
301,4,64,0.468,0.000,0.0159,1.257
301,5,65,0.230,0.000,0.0160,0.632
301,6,66,0.776,0.000,0.0157,1.255
301,7,67,0.521,0.000,0.0159,0.634
301,8,68,0.292,0.000,0.0156,1.257
301,9,69,0.341,0.000,0.0159,0.633
301,10,70,0.336,0.000,0.0158,1.256
301,11,71,0.469,0.000,0.0158,0.633
301,12,72,0.550,0.000,0.0158,1.256
301,13,73,0.585,0.000,0.0159,0.632
301,14,74,0.699,0.000,0.0158,1.255
301,15,75,0.370,0.000,0.0159,0.633
302,0,61,1.140,0.000,0.0159,0.633
302,1,62,0.183,0.000,0.0158,1.257
302,2,63,0.323,0.000,0.0159,0.634
302,3,64,0.227,0.000,0.0159,1.257
302,4,65,0.137,0.000,0.0160,0.632
302,5,66,0.112,0.000,0.0157,1.255
302,6,67,0.369,0.000,0.0159,0.634
302,7,68,0.343,0.000,0.0156,1.257
302,8,69,0.222,0.000,0.0159,0.633
302,9,70,0.887,0.000,0.0158,1.256
302,10,71,0.366,0.000,0.0158,0.633
302,11,72,0.405,0.000,0.0158,1.256
302,12,73,0.410,0.000,0.0159,0.632
302,13,74,1.125,0.000,0.0158,1.255
302,14,75,0.277,0.000,0.0159,0.633
302,15,76,0.201,0.000,0.0158,0.627
303,0,62,1.104,0.000,0.0158,1.257
303,1,63,0.144,0.000,0.0159,0.634
303,2,64,1.033,0.000,0.0159,1.257
303,3,65,0.285,0.000,0.0160,0.632
303,4,66,0.452,0.000,0.0157,1.255
303,5,67,0.579,0.000,0.0159,0.634
303,6,68,0.205,0.000,0.0156,1.257
303,7,69,0.761,0.000,0.0159,0.633
303,8,70,0.555,0.000,0.0158,1.256
303,9,71,0.539,0.000,0.0158,0.633
303,10,72,0.455,0.000,0.0158,1.256
303,11,73,0.350,0.000,0.0159,0.632
303,12,74,0.366,0.000,0.0158,1.255
303,13,75,0.422,0.000,0.0159,0.633
303,14,76,1.064,0.000,0.0158,0.627
303,15,77,0.435,1000.000,0.0110,0.626
304,0,63,0.449,0.000,0.0159,0.634
304,1,64,0.220,0.000,0.0159,1.257
304,2,65,1.055,0.000,0.0160,0.632
304,3,66,0.200,0.000,0.0157,1.255
304,4,67,0.357,0.000,0.0159,0.634
304,5,68,0.192,0.000,0.0156,1.257
304,6,69,0.300,0.000,0.0159,0.633
304,7,70,0.242,0.000,0.0158,1.256
304,8,71,0.163,0.000,0.0158,0.633
304,9,72,0.389,0.000,0.0158,1.256
304,10,73,0.426,0.000,0.0159,0.632
304,11,74,0.553,0.000,0.0158,1.255
304,12,75,0.320,0.000,0.0159,0.633
304,13,76,1.045,0.000,0.0158,0.627
304,14,77,0.970,1000.000,0.0110,0.626
304,15,78,0.392,19.521,0.0109,1.952
305,0,64,0.466,0.000,0.0159,1.257
305,1,65,0.982,0.000,0.0160,0.632
305,2,66,0.393,0.000,0.0157,1.255
305,3,67,0.279,0.000,0.0159,0.634
305,4,68,0.666,0.000,0.0156,1.257
305,5,69,0.411,0.000,0.0159,0.633
305,6,70,0.341,0.000,0.0158,1.256
305,7,71,0.090,0.000,0.0158,0.633
305,8,72,0.194,0.000,0.0158,1.256
305,9,73,0.335,0.000,0.0159,0.632
305,10,74,0.392,0.000,0.0158,1.255
305,11,75,0.639,0.000,0.0159,0.633
305,12,76,0.597,0.000,0.0158,0.627
305,13,77,1.008,1000.000,0.0110,0.626
305,14,78,0.938,19.521,0.0109,1.952
306,0,65,0.148,0.000,0.0160,0.632
306,1,66,0.216,0.000,0.0157,1.255
306,2,67,0.677,0.000,0.0159,0.634
306,3,68,0.613,0.000,0.0156,1.257
306,4,69,0.348,0.000,0.0159,0.633
306,5,70,0.805,0.000,0.0158,1.256
306,6,71,0.536,0.000,0.0158,0.633
306,7,72,0.264,0.000,0.0158,1.256
306,8,73,0.872,0.000,0.0159,0.632
306,9,74,0.263,0.000,0.0158,1.255
306,10,75,0.246,0.000,0.0159,0.633
306,11,76,0.560,0.000,0.0158,0.627
306,12,77,0.384,1000.000,0.0110,0.626
306,13,78,0.620,19.521,0.0109,1.952
307,0,66,0.834,0.000,0.0157,1.255
307,1,67,0.174,0.000,0.0159,0.634
307,2,68,0.519,0.000,0.0156,1.257
307,3,69,0.403,0.000,0.0159,0.633
307,4,70,0.322,0.000,0.0158,1.256
307,5,71,0.404,0.000,0.0158,0.633
307,6,72,0.676,0.000,0.0158,1.256
307,7,73,0.639,0.000,0.0159,0.632
307,8,74,0.239,0.000,0.0158,1.255
307,9,75,0.401,0.000,0.0159,0.633
307,10,76,0.362,0.000,0.0158,0.627
307,11,77,0.350,1000.000,0.0110,0.626
307,12,78,0.463,19.521,0.0109,1.952
308,0,67,0.756,0.000,0.0159,0.634
308,1,68,1.138,0.000,0.0156,1.257
308,2,69,1.637,0.000,0.0159,0.633
308,3,70,1.366,0.000,0.0158,1.256
308,4,71,0.529,0.000,0.0158,0.633
308,5,72,0.912,0.000,0.0158,1.256
308,6,73,0.819,0.000,0.0159,0.632
308,7,74,0.442,0.000,0.0158,1.255
308,8,75,1.101,0.000,0.0159,0.633
308,9,76,0.388,0.000,0.0158,0.627
308,10,77,1.178,1000.000,0.0110,0.626
308,11,78,0.791,19.521,0.0109,1.952
309,0,68,0.389,0.000,0.0156,1.257
309,1,69,0.353,0.000,0.0159,0.633
309,2,70,0.237,0.000,0.0158,1.256
309,3,71,0.147,0.000,0.0158,0.633
309,4,72,0.462,0.000,0.0158,1.256
309,5,73,0.691,0.000,0.0159,0.632
309,6,74,0.317,0.000,0.0158,1.255
309,7,75,0.835,0.000,0.0159,0.633
309,8,76,0.788,0.000,0.0158,0.627
309,9,77,0.394,1000.000,0.0110,0.626
309,10,78,1.351,19.521,0.0109,1.952
310,0,69,1.028,0.000,0.0159,0.633
310,1,70,1.221,0.000,0.0158,1.256
310,2,71,1.209,0.000,0.0158,0.633
310,3,72,1.830,0.000,0.0158,1.256
310,4,73,0.440,0.000,0.0159,0.632
310,5,74,1.093,0.000,0.0158,1.255
310,6,75,0.489,0.000,0.0159,0.633
310,7,76,0.934,0.000,0.0158,0.627
310,8,77,0.817,1000.000,0.0110,0.626
310,9,78,0.927,19.521,0.0109,1.952
311,0,70,1.406,0.000,0.0158,1.256
311,1,71,1.126,0.000,0.0158,0.633
311,2,72,1.430,0.000,0.0158,1.256
311,3,73,0.622,0.000,0.0159,0.632
311,4,74,1.270,0.000,0.0158,1.255
311,5,75,0.220,0.000,0.0159,0.633
311,6,76,1.057,0.000,0.0158,0.627
311,7,77,1.251,1000.000,0.0110,0.626
311,8,78,0.988,19.521,0.0109,1.952
312,0,71,0.756,0.000,0.0158,0.633
312,1,72,1.184,0.000,0.0158,1.256
312,2,73,0.600,0.000,0.0159,0.632
312,3,74,0.397,0.000,0.0158,1.255
312,4,75,0.193,0.000,0.0159,0.633
312,5,76,0.563,0.000,0.0158,0.627
312,6,77,0.581,1000.000,0.0110,0.626
312,7,78,0.335,19.521,0.0109,1.952
313,0,72,0.817,0.000,0.0158,1.256
313,1,73,0.279,0.000,0.0159,0.632
313,2,74,0.323,0.000,0.0158,1.255
313,3,75,0.666,0.000,0.0159,0.633
313,4,76,1.041,0.000,0.0158,0.627
313,5,77,1.386,1000.000,0.0110,0.626
313,6,78,0.269,19.521,0.0109,1.952
314,0,73,4.404,0.000,0.0159,0.632
314,1,74,4.312,0.000,0.0158,1.255
314,2,75,2.749,0.000,0.0159,0.633
314,3,76,1.052,0.000,0.0158,0.627
314,4,77,2.057,1000.000,0.0110,0.626
314,5,78,1.837,19.521,0.0109,1.952
315,0,74,1.055,0.000,0.0158,1.255
315,1,75,1.496,0.000,0.0159,0.633
315,2,76,99.281,0.000,0.0158,0.627
315,3,77,99.298,1000.000,0.0110,0.626
315,4,78,7.911,19.521,0.0109,1.952
316,0,75,0.375,0.000,0.0159,0.633
316,1,76,0.360,0.000,0.0158,0.627
316,2,77,0.856,1000.000,0.0110,0.626
316,3,78,0.523,19.521,0.0109,1.952
317,0,76,2.067,0.000,0.0158,0.627
317,1,77,0.550,1000.000,0.0110,0.626
317,2,78,0.649,19.521,0.0109,1.952
318,0,77,2.567,1000.000,0.0110,0.626
318,1,78,1.614,19.521,0.0109,1.952
319,0,78,2.991,19.521,0.0109,1.952
321,0,0,0.934,1000.000,0.0108,1.309
321,1,1,0.553,35.258,0.0108,3.526
321,2,2,1.045,35.304,2.7129,3.530
321,3,3,1.108,1617.821,0.0141,161.782
321,4,4,2.667,1451.899,6.3751,145.190
321,5,5,2.227,1061.279,4.4919,106.128
321,6,6,9.353,369.601,2.4004,36.960
321,7,7,0.829,0.001,0.0302,0.000
321,8,8,0.561,0.000,0.0304,0.000
321,9,9,0.799,0.000,0.0304,0.000
321,10,10,0.708,0.000,0.0304,0.000
321,11,11,0.474,0.000,0.0304,0.000
321,12,12,0.352,0.000,0.0304,0.000
321,13,13,1.145,0.000,0.0304,0.000
321,14,14,0.933,0.000,0.0304,0.000
321,15,15,1.197,0.000,0.0304,0.000
322,0,1,1.684,35.258,0.0108,3.526
322,1,2,1.490,35.304,2.7129,3.530
322,2,3,1.693,1617.821,0.0141,161.782
322,3,4,1.872,1451.899,6.3751,145.190
322,4,5,0.690,1061.279,4.4919,106.128
322,5,6,8.587,369.601,2.4004,36.960
322,6,7,0.598,0.001,0.0302,0.000
322,7,8,0.684,0.000,0.0304,0.000
322,8,9,0.727,0.000,0.0304,0.000
322,9,10,0.759,0.000,0.0304,0.000
322,10,11,0.971,0.000,0.0304,0.000
322,11,12,0.563,0.000,0.0304,0.000
322,12,13,1.183,0.000,0.0304,0.000
322,13,14,0.726,0.000,0.0304,0.000
322,14,15,0.296,0.000,0.0304,0.000
322,15,16,0.536,3806.015,0.0304,0.000
323,0,2,0.432,35.304,2.7129,3.530
323,1,3,2.495,1617.821,0.0141,161.782
323,2,4,0.418,1451.899,6.3751,145.190
323,3,5,2.572,1061.279,4.4919,106.128
323,4,6,8.721,369.601,2.4004,36.960
323,5,7,0.250,0.001,0.0302,0.000
323,6,8,0.535,0.000,0.0304,0.000
323,7,9,1.014,0.000,0.0304,0.000
323,8,10,0.624,0.000,0.0304,0.000
323,9,11,0.877,0.000,0.0304,0.000
323,10,12,0.500,0.000,0.0304,0.000
323,11,13,0.906,0.000,0.0304,0.000
323,12,14,1.256,0.000,0.0304,0.000
323,13,15,1.132,0.000,0.0304,0.000
323,14,16,4.186,3806.015,0.0304,0.000
323,15,17,0.899,0.000,0.0304,380.602
324,0,3,1.545,1617.821,0.0141,161.782
324,1,4,3.173,1451.899,6.3751,145.190
324,2,5,1.889,1061.279,4.4919,106.128
324,3,6,11.961,369.601,2.4004,36.960
324,4,7,0.414,0.001,0.0302,0.000
324,5,8,0.062,0.000,0.0304,0.000
324,6,9,0.699,0.000,0.0304,0.000
324,7,10,0.394,0.000,0.0304,0.000
324,8,11,0.446,0.000,0.0304,0.000
324,9,12,0.283,0.000,0.0304,0.000
324,10,13,0.663,0.000,0.0304,0.000
324,11,14,0.986,0.000,0.0304,0.000
324,12,15,1.106,0.000,0.0304,0.000
324,13,16,1.477,3806.015,0.0304,0.000
324,14,17,1.383,0.000,0.0304,380.602
324,15,18,1.002,0.000,0.0304,201.316
325,0,4,3.597,1451.899,6.3751,145.190
325,1,5,2.074,1061.279,4.4919,106.128
325,2,6,11.162,369.601,2.4004,36.960
325,3,7,0.811,0.001,0.0302,0.000
325,4,8,0.588,0.000,0.0304,0.000
325,5,9,0.441,0.000,0.0304,0.000
325,6,10,0.489,0.000,0.0304,0.000
325,7,11,0.575,0.000,0.0304,0.000
325,8,12,0.734,0.000,0.0304,0.000
325,9,13,0.460,0.000,0.0304,0.000
325,10,14,0.628,0.000,0.0304,0.000
325,11,15,0.542,0.000,0.0304,0.000
325,12,16,0.614,3806.015,0.0304,0.000
325,13,17,0.487,0.000,0.0304,380.602
325,14,18,0.862,0.000,0.0304,201.316
325,15,19,0.753,0.000,5.7607,76.420
326,0,5,1.995,1061.279,4.4919,106.128
326,1,6,11.042,369.601,2.4004,36.960
326,2,7,0.171,0.001,0.0302,0.000
326,3,8,0.213,0.000,0.0304,0.000
326,4,9,0.487,0.000,0.0304,0.000
326,5,10,0.593,0.000,0.0304,0.000
326,6,11,0.769,0.000,0.0304,0.000
326,7,12,0.645,0.000,0.0304,0.000
326,8,13,0.257,0.000,0.0304,0.000
326,9,14,1.450,0.000,0.0304,0.000
326,10,15,1.054,0.000,0.0304,0.000
326,11,16,0.664,3806.015,0.0304,0.000
326,12,17,0.818,0.000,0.0304,380.602
326,13,18,0.413,0.000,0.0304,201.316
326,14,19,0.181,0.000,5.7607,76.420
326,15,20,0.533,258.819,3.6098,0.967
327,0,6,2.600,369.601,2.4004,36.960
327,1,7,0.708,0.001,0.0302,0.000
327,2,8,0.424,0.000,0.0304,0.000
327,3,9,0.701,0.000,0.0304,0.000
327,4,10,1.342,0.000,0.0304,0.000
327,5,11,0.651,0.000,0.0304,0.000
327,6,12,0.519,0.000,0.0304,0.000
327,7,13,0.763,0.000,0.0304,0.000
327,8,14,0.613,0.000,0.0304,0.000
327,9,15,0.587,0.000,0.0304,0.000
327,10,16,0.766,3806.015,0.0304,0.000
327,11,17,2.566,0.000,0.0304,380.602
327,12,18,1.335,0.000,0.0304,201.316
327,13,19,0.738,0.000,5.7607,76.420
327,14,20,0.622,258.819,3.6098,0.967
327,15,21,0.904,0.000,0.3208,26.390
328,0,7,0.706,0.001,0.0302,0.000
328,1,8,2.003,0.000,0.0304,0.000
328,2,9,0.501,0.000,0.0304,0.000
328,3,10,0.859,0.000,0.0304,0.000
328,4,11,1.014,0.000,0.0304,0.000
328,5,12,0.708,0.000,0.0304,0.000
328,6,13,0.640,0.000,0.0304,0.000
328,7,14,0.950,0.000,0.0304,0.000
328,8,15,0.471,0.000,0.0304,0.000
328,9,16,0.408,3806.015,0.0304,0.000
328,10,17,0.562,0.000,0.0304,380.602
328,11,18,0.493,0.000,0.0304,201.316
328,12,19,0.881,0.000,5.7607,76.420
328,13,20,0.768,258.819,3.6098,0.967
328,14,21,0.233,0.000,0.3208,26.390
328,15,22,2.486,241.181,0.0140,2.603
329,0,8,0.320,0.000,0.0304,0.000
329,1,9,1.132,0.000,0.0304,0.000
329,2,10,0.656,0.000,0.0304,0.000
329,3,11,0.436,0.000,0.0304,0.000
329,4,12,0.854,0.000,0.0304,0.000
329,5,13,0.462,0.000,0.0304,0.000
329,6,14,0.834,0.000,0.0304,0.000
329,7,15,0.508,0.000,0.0304,0.000
329,8,16,0.273,3806.015,0.0304,0.000
329,9,17,0.381,0.000,0.0304,380.602
329,10,18,0.535,0.000,0.0304,201.316
329,11,19,0.875,0.000,5.7607,76.420
329,12,20,0.058,258.819,3.6098,0.967
329,13,21,0.876,0.000,0.3208,26.390
329,14,22,0.993,241.181,0.0140,2.603
329,15,23,0.866,0.000,0.0135,23.895
330,0,9,0.205,0.000,0.0304,0.000
330,1,10,0.271,0.000,0.0304,0.000
330,2,11,0.153,0.000,0.0304,0.000
330,3,12,0.253,0.000,0.0304,0.000
330,4,13,0.843,0.000,0.0304,0.000
330,5,14,0.135,0.000,0.0304,0.000
330,6,15,0.435,0.000,0.0304,0.000
330,7,16,0.853,3806.015,0.0304,0.000
330,8,17,0.680,0.000,0.0304,380.602
330,9,18,0.576,0.000,0.0304,201.316
330,10,19,0.658,0.000,5.7607,76.420
330,11,20,0.559,258.819,3.6098,0.967
330,12,21,0.703,0.000,0.3208,26.390
330,13,22,0.142,241.181,0.0140,2.603
330,14,23,0.917,0.000,0.0135,23.895
330,15,24,0.338,207.107,0.0135,3.326
331,0,10,1.190,0.000,0.0304,0.000
331,1,11,1.726,0.000,0.0304,0.000
331,2,12,0.801,0.000,0.0304,0.000
331,3,13,0.404,0.000,0.0304,0.000
331,4,14,0.939,0.000,0.0304,0.000
331,5,15,1.790,0.000,0.0304,0.000
331,6,16,0.974,3806.015,0.0304,0.000
331,7,17,0.505,0.000,0.0304,380.602
331,8,18,0.753,0.000,0.0304,201.316
331,9,19,1.101,0.000,5.7607,76.420
331,10,20,0.721,258.819,3.6098,0.967
331,11,21,0.552,0.000,0.3208,26.390
331,12,22,0.264,241.181,0.0140,2.603
331,13,23,0.714,0.000,0.0135,23.895
331,14,24,1.679,207.107,0.0135,3.326
331,15,25,0.724,158.919,0.0129,20.203
332,0,11,1.725,0.000,0.0304,0.000
332,1,12,2.367,0.000,0.0304,0.000
332,2,13,0.639,0.000,0.0304,0.000
332,3,14,2.071,0.000,0.0304,0.000
332,4,15,368.651,0.000,0.0304,0.000
332,5,16,373.300,3806.015,0.0304,0.000
332,6,17,3.054,0.000,0.0304,380.602
332,7,18,2.495,0.000,0.0304,201.316
332,8,19,24.498,0.000,5.7607,76.420
332,9,20,25.474,258.819,3.6098,0.967
332,10,21,23.283,0.000,0.3208,26.390
332,11,22,23.318,241.181,0.0140,2.603
332,12,23,20.174,0.000,0.0135,23.895
332,13,24,36.056,207.107,0.0135,3.326
332,14,25,25.289,158.919,0.0129,20.203
332,15,26,12.060,99.900,0.0128,15.356
333,0,12,0.516,0.000,0.0304,0.000
333,1,13,1.208,0.000,0.0304,0.000
333,2,14,1.075,0.000,0.0304,0.000
333,3,15,1.031,0.000,0.0304,0.000
333,4,16,380.117,3806.015,0.0304,0.000
333,5,17,0.331,0.000,0.0304,380.602
333,6,18,0.811,0.000,0.0304,201.316
333,7,19,0.448,0.000,5.7607,76.420
333,8,20,25.711,258.819,3.6098,0.967
333,9,21,0.495,0.000,0.3208,26.390
333,10,22,23.751,241.181,0.0140,2.603
333,11,23,0.141,0.000,0.0135,23.895
333,12,24,20.460,207.107,0.0135,3.326
333,13,25,15.812,158.919,0.0129,20.203
333,14,26,10.079,99.900,0.0128,15.356
333,15,27,3.479,34.075,0.0122,9.607
334,0,13,1.310,0.000,0.0304,0.000
334,1,14,2.046,0.000,0.0304,0.000
334,2,15,1.912,0.000,0.0304,0.000
334,3,16,3.452,3806.015,0.0304,0.000
334,4,17,1.561,0.000,0.0304,380.602
334,5,18,0.261,0.000,0.0304,201.316
334,6,19,0.190,0.000,5.7607,76.420
334,7,20,0.892,258.819,3.6098,0.967
334,8,21,0.244,0.000,0.3208,26.390
334,9,22,0.583,241.181,0.0140,2.603
334,10,23,1.085,0.000,0.0135,23.895
334,11,24,0.946,207.107,0.0135,3.326
334,12,25,0.260,158.919,0.0129,20.203
334,13,26,1.078,99.900,0.0128,15.356
334,14,27,0.969,34.075,0.0122,9.607
334,15,28,0.479,0.000,0.0117,3.239
335,0,14,1.412,0.000,0.0304,0.000
335,1,15,0.979,0.000,0.0304,0.000
335,2,16,379.950,3806.015,0.0304,0.000
335,3,17,0.286,0.000,0.0304,380.602
335,4,18,0.789,0.000,0.0304,201.316
335,5,19,0.606,0.000,5.7607,76.420
335,6,20,25.658,258.819,3.6098,0.967
335,7,21,0.752,0.000,0.3208,26.390
335,8,22,24.876,241.181,0.0140,2.603
335,9,23,0.637,0.000,0.0135,23.895
335,10,24,20.961,207.107,0.0135,3.326
335,11,25,15.947,158.919,0.0129,20.203
335,12,26,9.911,99.900,0.0128,15.356
335,13,27,3.507,34.075,0.0122,9.607
335,14,28,0.031,0.000,0.0117,3.239
335,15,29,0.231,0.000,0.0114,3.255
336,0,15,380.902,0.000,0.0304,0.000
336,1,16,380.678,3806.015,0.0304,0.000
336,2,17,0.344,0.000,0.0304,380.602
336,3,18,0.651,0.000,0.0304,201.316
336,4,19,26.233,0.000,5.7607,76.420
336,5,20,25.735,258.819,3.6098,0.967
336,6,21,24.334,0.000,0.3208,26.390
336,7,22,24.429,241.181,0.0140,2.603
336,8,23,20.533,0.000,0.0135,23.895
336,9,24,36.296,207.107,0.0135,3.326
336,10,25,26.271,158.919,0.0129,20.203
336,11,26,13.311,99.900,0.0128,15.356
336,12,27,3.184,34.075,0.0122,9.607
336,13,28,1.475,0.000,0.0117,3.239
336,14,29,0.875,0.000,0.0114,3.255
336,15,30,0.854,0.000,0.0516,3.301
337,0,16,3.444,3806.015,0.0304,0.000
337,1,17,3.529,0.000,0.0304,380.602
337,2,18,1.774,0.000,0.0304,201.316
337,3,19,0.606,0.000,5.7607,76.420
337,4,20,0.946,258.819,3.6098,0.967
337,5,21,0.680,0.000,0.3208,26.390
337,6,22,0.398,241.181,0.0140,2.603
337,7,23,0.699,0.000,0.0135,23.895
337,8,24,0.280,207.107,0.0135,3.326
337,9,25,0.419,158.919,0.0129,20.203
337,10,26,1.328,99.900,0.0128,15.356
337,11,27,1.339,34.075,0.0122,9.607
337,12,28,1.134,0.000,0.0117,3.239
337,13,29,0.225,0.000,0.0114,3.255
337,14,30,0.340,0.000,0.0516,3.301
337,15,31,0.711,0.000,0.0655,3.328
338,0,17,0.852,0.000,0.0304,380.602
338,1,18,0.916,0.000,0.0304,201.316
338,2,19,1.052,0.000,5.7607,76.420
338,3,20,0.766,258.819,3.6098,0.967
338,4,21,0.661,0.000,0.3208,26.390
338,5,22,0.980,241.181,0.0140,2.603
338,6,23,0.594,0.000,0.0135,23.895
338,7,24,0.321,207.107,0.0135,3.326
338,8,25,0.641,158.919,0.0129,20.203
338,9,26,0.906,99.900,0.0128,15.356
338,10,27,0.276,34.075,0.0122,9.607
338,11,28,0.191,0.000,0.0117,3.239
338,12,29,0.901,0.000,0.0114,3.255
338,13,30,0.595,0.000,0.0516,3.301
338,14,31,0.394,0.000,0.0655,3.328
338,15,32,3.114,0.000,0.0738,3.482
339,0,18,0.310,0.000,0.0304,201.316
339,1,19,0.386,0.000,5.7607,76.420
339,2,20,0.570,258.819,3.6098,0.967
339,3,21,25.971,0.000,0.3208,26.390
339,4,22,0.610,241.181,0.0140,2.603
339,5,23,24.828,0.000,0.0135,23.895
339,6,24,0.600,207.107,0.0135,3.326
339,7,25,21.131,158.919,0.0129,20.203
339,8,26,16.217,99.900,0.0128,15.356
339,9,27,10.255,34.075,0.0122,9.607
339,10,28,2.925,0.000,0.0117,3.239
339,11,29,0.672,0.000,0.0114,3.255
339,12,30,1.093,0.000,0.0516,3.301
339,13,31,0.356,0.000,0.0655,3.328
339,14,32,1.564,0.000,0.0738,3.482
339,15,33,0.599,0.000,0.0171,3.255
340,0,19,0.578,0.000,5.7607,76.420
340,1,20,0.818,258.819,3.6098,0.967
340,2,21,1.433,0.000,0.3208,26.390
340,3,22,0.686,241.181,0.0140,2.603
340,4,23,0.786,0.000,0.0135,23.895
340,5,24,0.662,207.107,0.0135,3.326
340,6,25,0.802,158.919,0.0129,20.203
340,7,26,0.846,99.900,0.0128,15.356
340,8,27,1.425,34.075,0.0122,9.607
340,9,28,1.075,0.000,0.0117,3.239
340,10,29,1.034,0.000,0.0114,3.255
340,11,30,0.849,0.000,0.0516,3.301
340,12,31,1.211,0.000,0.0655,3.328
340,13,32,1.473,0.000,0.0738,3.482
340,14,33,1.361,0.000,0.0171,3.255
340,15,34,0.680,0.000,0.0324,3.337
341,0,20,0.431,258.819,3.6098,0.967
341,1,21,0.423,0.000,0.3208,26.390
341,2,22,0.567,241.181,0.0140,2.603
341,3,23,0.623,0.000,0.0135,23.895
341,4,24,0.296,207.107,0.0135,3.326
341,5,25,0.422,158.919,0.0129,20.203
341,6,26,0.327,99.900,0.0128,15.356
341,7,27,0.592,34.075,0.0122,9.607
341,8,28,0.476,0.000,0.0117,3.239
341,9,29,0.835,0.000,0.0114,3.255
341,10,30,0.448,0.000,0.0516,3.301
341,11,31,0.820,0.000,0.0655,3.328
341,12,32,0.876,0.000,0.0738,3.482
341,13,33,0.545,0.000,0.0171,3.255
341,14,34,0.068,0.000,0.0324,3.337
341,15,35,0.466,0.000,0.0308,3.253
342,0,21,0.242,0.000,0.3208,26.390
342,1,22,2.182,241.181,0.0140,2.603
342,2,23,0.333,0.000,0.0135,23.895
342,3,24,0.156,207.107,0.0135,3.326
342,4,25,0.477,158.919,0.0129,20.203
342,5,26,0.319,99.900,0.0128,15.356
342,6,27,0.330,34.075,0.0122,9.607
342,7,28,0.154,0.000,0.0117,3.239
342,8,29,0.061,0.000,0.0114,3.255
342,9,30,0.363,0.000,0.0516,3.301
342,10,31,0.425,0.000,0.0655,3.328
342,11,32,1.202,0.000,0.0738,3.482
342,12,33,0.957,0.000,0.0171,3.255
342,13,34,0.611,0.000,0.0324,3.337
342,14,35,0.261,0.000,0.0308,3.253
342,15,36,0.093,0.000,0.0285,3.366
343,0,22,0.405,241.181,0.0140,2.603
343,1,23,0.606,0.000,0.0135,23.895
343,2,24,0.574,207.107,0.0135,3.326
343,3,25,0.501,158.919,0.0129,20.203
343,4,26,0.893,99.900,0.0128,15.356
343,5,27,1.945,34.075,0.0122,9.607
343,6,28,0.395,0.000,0.0117,3.239
343,7,29,0.424,0.000,0.0114,3.255
343,8,30,0.555,0.000,0.0516,3.301
343,9,31,0.496,0.000,0.0655,3.328
343,10,32,0.543,0.000,0.0738,3.482
343,11,33,0.104,0.000,0.0171,3.255
343,12,34,0.247,0.000,0.0324,3.337
343,13,35,0.264,0.000,0.0308,3.253
343,14,36,0.579,0.000,0.0285,3.366
343,15,37,0.143,0.000,0.0398,3.254
344,0,23,0.387,0.000,0.0135,23.895
344,1,24,0.121,207.107,0.0135,3.326
344,2,25,0.082,158.919,0.0129,20.203
344,3,26,0.859,99.900,0.0128,15.356
344,4,27,0.396,34.075,0.0122,9.607
344,5,28,0.468,0.000,0.0117,3.239
344,6,29,0.093,0.000,0.0114,3.255
344,7,30,0.324,0.000,0.0516,3.301
344,8,31,0.362,0.000,0.0655,3.328
344,9,32,0.408,0.000,0.0738,3.482
344,10,33,0.274,0.000,0.0171,3.255
344,11,34,0.310,0.000,0.0324,3.337
344,12,35,0.244,0.000,0.0308,3.253
344,13,36,0.373,0.000,0.0285,3.366
344,14,37,0.708,0.000,0.0398,3.254
344,15,38,0.877,0.000,0.0300,3.362
345,0,24,0.541,207.107,0.0135,3.326
345,1,25,0.408,158.919,0.0129,20.203
345,2,26,0.178,99.900,0.0128,15.356
345,3,27,0.275,34.075,0.0122,9.607
345,4,28,0.132,0.000,0.0117,3.239
345,5,29,0.425,0.000,0.0114,3.255
345,6,30,0.285,0.000,0.0516,3.301
345,7,31,0.547,0.000,0.0655,3.328
345,8,32,0.276,0.000,0.0738,3.482
345,9,33,0.021,0.000,0.0171,3.255
345,10,34,0.415,0.000,0.0324,3.337
345,11,35,0.141,0.000,0.0308,3.253
345,12,36,0.422,0.000,0.0285,3.366
345,13,37,0.615,0.000,0.0398,3.254
345,14,38,0.276,0.000,0.0300,3.362
345,15,39,0.241,1000.000,0.0396,3.257
346,0,25,1.116,158.919,0.0129,20.203
346,1,26,1.150,99.900,0.0128,15.356
346,2,27,1.114,34.075,0.0122,9.607
346,3,28,1.343,0.000,0.0117,3.239
346,4,29,0.416,0.000,0.0114,3.255
346,5,30,0.878,0.000,0.0516,3.301
346,6,31,1.162,0.000,0.0655,3.328
346,7,32,0.351,0.000,0.0738,3.482
346,8,33,0.826,0.000,0.0171,3.255
346,9,34,0.943,0.000,0.0324,3.337
346,10,35,0.534,0.000,0.0308,3.253
346,11,36,1.113,0.000,0.0285,3.366
346,12,37,0.142,0.000,0.0398,3.254
346,13,38,1.166,0.000,0.0300,3.362
346,14,39,1.352,1000.000,0.0396,3.257
346,15,40,2.785,1035.566,0.0322,3.719
347,0,26,0.458,99.900,0.0128,15.356
347,1,27,0.329,34.075,0.0122,9.607
347,2,28,0.637,0.000,0.0117,3.239
347,3,29,0.279,0.000,0.0114,3.255
347,4,30,0.045,0.000,0.0516,3.301
347,5,31,0.196,0.000,0.0655,3.328
347,6,32,0.132,0.000,0.0738,3.482
347,7,33,0.051,0.000,0.0171,3.255
347,8,34,0.440,0.000,0.0324,3.337
347,9,35,0.116,0.000,0.0308,3.253
347,10,36,0.023,0.000,0.0285,3.366
347,11,37,0.165,0.000,0.0398,3.254
347,12,38,0.233,0.000,0.0300,3.362
347,13,39,0.343,1000.000,0.0396,3.257
347,14,40,0.022,1035.566,0.0322,3.719
347,15,41,50.026,0.000,2.0054,102.592
348,0,27,1.276,34.075,0.0122,9.607
348,1,28,0.517,0.000,0.0117,3.239
348,2,29,0.353,0.000,0.0114,3.255
348,3,30,0.879,0.000,0.0516,3.301
348,4,31,0.800,0.000,0.0655,3.328
348,5,32,0.599,0.000,0.0738,3.482
348,6,33,0.485,0.000,0.0171,3.255
348,7,34,0.324,0.000,0.0324,3.337
348,8,35,0.656,0.000,0.0308,3.253
348,9,36,0.213,0.000,0.0285,3.366
348,10,37,0.142,0.000,0.0398,3.254
348,11,38,0.302,0.000,0.0300,3.362
348,12,39,0.025,1000.000,0.0396,3.257
348,13,40,0.653,1035.566,0.0322,3.719
348,14,41,68.019,0.000,2.0054,102.592
348,15,42,1.169,0.000,4.4632,20.800
349,0,28,0.475,0.000,0.0117,3.239
349,1,29,0.174,0.000,0.0114,3.255
349,2,30,0.166,0.000,0.0516,3.301
349,3,31,0.197,0.000,0.0655,3.328
349,4,32,0.433,0.000,0.0738,3.482
349,5,33,0.389,0.000,0.0171,3.255
349,6,34,0.544,0.000,0.0324,3.337
349,7,35,0.018,0.000,0.0308,3.253
349,8,36,0.073,0.000,0.0285,3.366
349,9,37,0.365,0.000,0.0398,3.254
349,10,38,0.693,0.000,0.0300,3.362
349,11,39,0.169,1000.000,0.0396,3.257
349,12,40,0.041,1035.566,0.0322,3.719
349,13,41,48.400,0.000,2.0054,102.592
349,14,42,0.335,0.000,4.4632,20.800
349,15,43,0.701,0.000,3.0401,0.615
350,0,29,0.051,0.000,0.0114,3.255
350,1,30,0.218,0.000,0.0516,3.301
350,2,31,0.157,0.000,0.0655,3.328
350,3,32,0.660,0.000,0.0738,3.482
350,4,33,0.243,0.000,0.0171,3.255
350,5,34,0.412,0.000,0.0324,3.337
350,6,35,0.210,0.000,0.0308,3.253
350,7,36,0.314,0.000,0.0285,3.366
350,8,37,0.429,0.000,0.0398,3.254
350,9,38,0.183,0.000,0.0300,3.362
350,10,39,0.572,1000.000,0.0396,3.257
350,11,40,0.608,1035.566,0.0322,3.719
350,12,41,89.980,0.000,2.0054,102.592
350,13,42,0.454,0.000,4.4632,20.800
350,14,43,1.046,0.000,3.0401,0.615
350,15,44,0.588,0.000,0.0394,1.217
351,0,30,0.526,0.000,0.0516,3.301
351,1,31,0.470,0.000,0.0655,3.328
351,2,32,0.094,0.000,0.0738,3.482
351,3,33,0.595,0.000,0.0171,3.255
351,4,34,0.540,0.000,0.0324,3.337
351,5,35,0.632,0.000,0.0308,3.253
351,6,36,0.142,0.000,0.0285,3.366
351,7,37,0.258,0.000,0.0398,3.254
351,8,38,0.325,0.000,0.0300,3.362
351,9,39,0.247,1000.000,0.0396,3.257
351,10,40,0.552,1035.566,0.0322,3.719
351,11,41,9.959,0.000,2.0054,102.592
351,12,42,0.780,0.000,4.4632,20.800
351,13,43,0.062,0.000,3.0401,0.615
351,14,44,1.223,0.000,0.0394,1.217
351,15,45,0.123,0.000,0.0402,0.615
352,0,31,0.499,0.000,0.0655,3.328
352,1,32,0.315,0.000,0.0738,3.482
352,2,33,0.105,0.000,0.0171,3.255
352,3,34,0.439,0.000,0.0324,3.337
352,4,35,0.313,0.000,0.0308,3.253
352,5,36,0.718,0.000,0.0285,3.366
352,6,37,0.516,0.000,0.0398,3.254
352,7,38,0.346,0.000,0.0300,3.362
352,8,39,0.402,1000.000,0.0396,3.257
352,9,40,0.255,1035.566,0.0322,3.719
352,10,41,61.639,0.000,2.0054,102.592
352,11,42,0.487,0.000,4.4632,20.800
352,12,43,0.725,0.000,3.0401,0.615
352,13,44,0.562,0.000,0.0394,1.217
352,14,45,1.059,0.000,0.0402,0.615
352,15,46,0.485,0.000,0.0400,1.216
353,0,32,0.546,0.000,0.0738,3.482
353,1,33,0.519,0.000,0.0171,3.255
353,2,34,0.315,0.000,0.0324,3.337
353,3,35,0.247,0.000,0.0308,3.253
353,4,36,0.212,0.000,0.0285,3.366
353,5,37,0.492,0.000,0.0398,3.254
353,6,38,0.361,0.000,0.0300,3.362
353,7,39,0.710,1000.000,0.0396,3.257
353,8,40,0.624,1035.566,0.0322,3.719
353,9,41,13.797,0.000,2.0054,102.592
353,10,42,0.329,0.000,4.4632,20.800
353,11,43,0.670,0.000,3.0401,0.615
353,12,44,0.310,0.000,0.0394,1.217
353,13,45,0.125,0.000,0.0402,0.615
353,14,46,0.336,0.000,0.0400,1.216
353,15,47,1.364,0.000,0.0403,0.615
354,0,33,0.326,0.000,0.0171,3.255
354,1,34,0.170,0.000,0.0324,3.337
354,2,35,0.600,0.000,0.0308,3.253
354,3,36,0.260,0.000,0.0285,3.366
354,4,37,0.045,0.000,0.0398,3.254
354,5,38,0.669,0.000,0.0300,3.362
354,6,39,0.462,1000.000,0.0396,3.257
354,7,40,0.959,1035.566,0.0322,3.719
354,8,41,8.245,0.000,2.0054,102.592
354,9,42,0.825,0.000,4.4632,20.800
354,10,43,0.451,0.000,3.0401,0.615
354,11,44,0.322,0.000,0.0394,1.217
354,12,45,0.501,0.000,0.0402,0.615
354,13,46,0.393,0.000,0.0400,1.216
354,14,47,0.299,0.000,0.0403,0.615
354,15,48,0.367,0.000,0.0401,1.216
355,0,34,1.548,0.000,0.0324,3.337
355,1,35,1.346,0.000,0.0308,3.253
355,2,36,1.327,0.000,0.0285,3.366
355,3,37,1.822,0.000,0.0398,3.254
355,4,38,1.800,0.000,0.0300,3.362
355,5,39,3.249,1000.000,0.0396,3.257
355,6,40,0.566,1035.566,0.0322,3.719
355,7,41,3.669,0.000,2.0054,102.592
355,8,42,1.213,0.000,4.4632,20.800
355,9,43,1.143,0.000,3.0401,0.615
355,10,44,0.536,0.000,0.0394,1.217
355,11,45,0.932,0.000,0.0402,0.615
355,12,46,0.438,0.000,0.0400,1.216
355,13,47,0.624,0.000,0.0403,0.615
355,14,48,1.827,0.000,0.0401,1.216
355,15,49,0.481,0.000,0.0403,0.614
356,0,35,3.219,0.000,0.0308,3.253
356,1,36,2.146,0.000,0.0285,3.366
356,2,37,1.487,0.000,0.0398,3.254
356,3,38,1.098,0.000,0.0300,3.362
356,4,39,1.358,1000.000,0.0396,3.257
356,5,40,0.568,1035.566,0.0322,3.719
356,6,41,1.575,0.000,2.0054,102.592
356,7,42,0.526,0.000,4.4632,20.800
356,8,43,0.586,0.000,3.0401,0.615
356,9,44,0.664,0.000,0.0394,1.217
356,10,45,0.204,0.000,0.0402,0.615
356,11,46,0.350,0.000,0.0400,1.216
356,12,47,0.332,0.000,0.0403,0.615
356,13,48,0.486,0.000,0.0401,1.216
356,14,49,1.300,0.000,0.0403,0.614
356,15,50,1.431,0.000,0.0401,1.216
357,0,36,0.312,0.000,0.0285,3.366
357,1,37,0.439,0.000,0.0398,3.254
357,2,38,0.598,0.000,0.0300,3.362
357,3,39,1.362,1000.000,0.0396,3.257
357,4,40,1.320,1035.566,0.0322,3.719
357,5,41,3.286,0.000,2.0054,102.592
357,6,42,0.482,0.000,4.4632,20.800
357,7,43,0.667,0.000,3.0401,0.615
357,8,44,0.994,0.000,0.0394,1.217
357,9,45,0.757,0.000,0.0402,0.615
357,10,46,0.453,0.000,0.0400,1.216
357,11,47,0.974,0.000,0.0403,0.615
357,12,48,0.446,0.000,0.0401,1.216
357,13,49,0.292,0.000,0.0403,0.614
357,14,50,0.170,0.000,0.0401,1.216
357,15,51,0.261,0.000,0.0403,0.615
358,0,37,0.343,0.000,0.0398,3.254
358,1,38,0.344,0.000,0.0300,3.362
358,2,39,0.809,1000.000,0.0396,3.257
358,3,40,1.681,1035.566,0.0322,3.719
358,4,41,1.179,0.000,2.0054,102.592
358,5,42,1.286,0.000,4.4632,20.800
358,6,43,0.527,0.000,3.0401,0.615
358,7,44,0.373,0.000,0.0394,1.217
358,8,45,0.798,0.000,0.0402,0.615
358,9,46,0.417,0.000,0.0400,1.216
358,10,47,0.221,0.000,0.0403,0.615
358,11,48,0.596,0.000,0.0401,1.216
358,12,49,0.388,0.000,0.0403,0.614
358,13,50,0.694,0.000,0.0401,1.216
358,14,51,2.095,0.000,0.0403,0.615
358,15,52,1.070,0.000,0.0402,1.216
359,0,38,0.562,0.000,0.0300,3.362
359,1,39,0.529,1000.000,0.0396,3.257
359,2,40,0.211,1035.566,0.0322,3.719
359,3,41,7.622,0.000,2.0054,102.592
359,4,42,0.363,0.000,4.4632,20.800
359,5,43,0.634,0.000,3.0401,0.615
359,6,44,0.943,0.000,0.0394,1.217
359,7,45,0.657,0.000,0.0402,0.615
359,8,46,0.378,0.000,0.0400,1.216
359,9,47,0.203,0.000,0.0403,0.615
359,10,48,0.211,0.000,0.0401,1.216
359,11,49,0.318,0.000,0.0403,0.614
359,12,50,0.791,0.000,0.0401,1.216
359,13,51,0.537,0.000,0.0403,0.615
359,14,52,0.405,0.000,0.0402,1.216
359,15,53,1.910,258.819,0.0402,0.614
360,0,39,0.342,1000.000,0.0396,3.257
360,1,40,0.834,1035.566,0.0322,3.719
360,2,41,1.930,0.000,2.0054,102.592
360,3,42,0.637,0.000,4.4632,20.800
360,4,43,0.578,0.000,3.0401,0.615
360,5,44,0.581,0.000,0.0394,1.217
360,6,45,0.459,0.000,0.0402,0.615
360,7,46,0.151,0.000,0.0400,1.216
360,8,47,1.109,0.000,0.0403,0.615
360,9,48,0.591,0.000,0.0401,1.216
360,10,49,0.547,0.000,0.0403,0.614
360,11,50,0.695,0.000,0.0401,1.216
360,12,51,0.273,0.000,0.0403,0.615
360,13,52,0.518,0.000,0.0402,1.216
360,14,53,0.756,258.819,0.0402,0.614
360,15,54,0.525,0.000,0.0401,25.738
361,0,40,1.310,1035.566,0.0322,3.719
361,1,41,0.279,0.000,2.0054,102.592
361,2,42,1.362,0.000,4.4632,20.800
361,3,43,1.089,0.000,3.0401,0.615
361,4,44,0.588,0.000,0.0394,1.217
361,5,45,0.104,0.000,0.0402,0.615
361,6,46,0.427,0.000,0.0400,1.216
361,7,47,0.879,0.000,0.0403,0.615
361,8,48,0.507,0.000,0.0401,1.216
361,9,49,0.547,0.000,0.0403,0.614
361,10,50,0.555,0.000,0.0401,1.216
361,11,51,0.616,0.000,0.0403,0.615
361,12,52,0.515,0.000,0.0402,1.216
361,13,53,0.185,258.819,0.0402,0.614
361,14,54,0.308,0.000,0.0401,25.738
361,15,55,0.809,241.181,0.0402,3.848
362,0,41,0.810,0.000,2.0054,102.592
362,1,42,0.718,0.000,4.4632,20.800
362,2,43,0.622,0.000,3.0401,0.615
362,3,44,0.669,0.000,0.0394,1.217
362,4,45,0.484,0.000,0.0402,0.615
362,5,46,0.184,0.000,0.0400,1.216
362,6,47,1.026,0.000,0.0403,0.615
362,7,48,0.270,0.000,0.0401,1.216
362,8,49,0.418,0.000,0.0403,0.614
362,9,50,0.743,0.000,0.0401,1.216
362,10,51,0.377,0.000,0.0403,0.615
362,11,52,0.555,0.000,0.0402,1.216
362,12,53,1.780,258.819,0.0402,0.614
362,13,54,0.474,0.000,0.0401,25.738
362,14,55,0.923,241.181,0.0402,3.848
362,15,56,0.204,207.107,0.0392,23.207
363,0,42,0.818,0.000,4.4632,20.800
363,1,43,0.720,0.000,3.0401,0.615
363,2,44,0.400,0.000,0.0394,1.217
363,3,45,0.405,0.000,0.0402,0.615
363,4,46,0.155,0.000,0.0400,1.216
363,5,47,0.096,0.000,0.0403,0.615
363,6,48,0.132,0.000,0.0401,1.216
363,7,49,0.343,0.000,0.0403,0.614
363,8,50,0.433,0.000,0.0401,1.216
363,9,51,0.577,0.000,0.0403,0.615
363,10,52,0.904,0.000,0.0402,1.216
363,11,53,0.735,258.819,0.0402,0.614
363,12,54,0.905,0.000,0.0401,25.738
363,13,55,0.389,241.181,0.0402,3.848
363,14,56,0.320,207.107,0.0392,23.207
363,15,57,0.520,158.918,0.0389,19.578
364,0,43,0.453,0.000,3.0401,0.615
364,1,44,2.255,0.000,0.0394,1.217
364,2,45,0.922,0.000,0.0402,0.615
364,3,46,0.413,0.000,0.0400,1.216
364,4,47,0.365,0.000,0.0403,0.615
364,5,48,0.179,0.000,0.0401,1.216
364,6,49,0.442,0.000,0.0403,0.614
364,7,50,0.145,0.000,0.0401,1.216
364,8,51,0.605,0.000,0.0403,0.615
364,9,52,0.649,0.000,0.0402,1.216
364,10,53,0.558,258.819,0.0402,0.614
364,11,54,0.765,0.000,0.0401,25.738
364,12,55,0.897,241.181,0.0402,3.848
364,13,56,0.352,207.107,0.0392,23.207
364,14,57,0.351,158.918,0.0389,19.578
364,15,58,0.395,99.901,0.0375,14.894
365,0,44,0.538,0.000,0.0394,1.217
365,1,45,0.679,0.000,0.0402,0.615
365,2,46,0.493,0.000,0.0400,1.216
365,3,47,0.884,0.000,0.0403,0.615
365,4,48,0.568,0.000,0.0401,1.216
365,5,49,0.296,0.000,0.0403,0.614
365,6,50,0.487,0.000,0.0401,1.216
365,7,51,0.545,0.000,0.0403,0.615
365,8,52,0.693,0.000,0.0402,1.216
365,9,53,0.826,258.819,0.0402,0.614
365,10,54,0.974,0.000,0.0401,25.738
365,11,55,0.508,241.181,0.0402,3.848
365,12,56,0.237,207.107,0.0392,23.207
365,13,57,0.558,158.918,0.0389,19.578
365,14,58,1.130,99.901,0.0375,14.894
365,15,59,0.748,34.075,0.0364,9.360
366,0,45,0.323,0.000,0.0402,0.615
366,1,46,0.719,0.000,0.0400,1.216
366,2,47,0.305,0.000,0.0403,0.615
366,3,48,0.114,0.000,0.0401,1.216
366,4,49,0.045,0.000,0.0403,0.614
366,5,50,0.462,0.000,0.0401,1.216
366,6,51,0.668,0.000,0.0403,0.615
366,7,52,0.167,0.000,0.0402,1.216
366,8,53,0.726,258.819,0.0402,0.614
366,9,54,0.698,0.000,0.0401,25.738
366,10,55,0.938,241.181,0.0402,3.848
366,11,56,1.163,207.107,0.0392,23.207
366,12,57,1.062,158.918,0.0389,19.578
366,13,58,0.882,99.901,0.0375,14.894
366,14,59,0.819,34.075,0.0364,9.360
366,15,60,0.415,0.000,0.0352,3.215
367,0,46,0.488,0.000,0.0400,1.216
367,1,47,0.460,0.000,0.0403,0.615
367,2,48,0.386,0.000,0.0401,1.216
367,3,49,0.599,0.000,0.0403,0.614
367,4,50,0.406,0.000,0.0401,1.216
367,5,51,0.697,0.000,0.0403,0.615
367,6,52,0.405,0.000,0.0402,1.216
367,7,53,0.590,258.819,0.0402,0.614
367,8,54,0.774,0.000,0.0401,25.738
367,9,55,0.691,241.181,0.0402,3.848
367,10,56,0.197,207.107,0.0392,23.207
367,11,57,0.485,158.918,0.0389,19.578
367,12,58,0.483,99.901,0.0375,14.894
367,13,59,0.534,34.075,0.0364,9.360
367,14,60,0.365,0.000,0.0352,3.215
367,15,61,0.579,0.000,0.0348,0.618
368,0,47,0.423,0.000,0.0403,0.615
368,1,48,0.631,0.000,0.0401,1.216
368,2,49,0.148,0.000,0.0403,0.614
368,3,50,0.859,0.000,0.0401,1.216
368,4,51,0.622,0.000,0.0403,0.615
368,5,52,0.324,0.000,0.0402,1.216
368,6,53,1.201,258.819,0.0402,0.614
368,7,54,0.745,0.000,0.0401,25.738
368,8,55,0.795,241.181,0.0402,3.848
368,9,56,0.277,207.107,0.0392,23.207
368,10,57,0.451,158.918,0.0389,19.578
368,11,58,0.530,99.901,0.0375,14.894
368,12,59,0.387,34.075,0.0364,9.360
368,13,60,0.414,0.000,0.0352,3.215
368,14,61,0.606,0.000,0.0348,0.618
368,15,62,0.286,0.000,0.0346,1.225
369,0,48,5.455,0.000,0.0401,1.216
369,1,49,1.139,0.000,0.0403,0.614
369,2,50,1.335,0.000,0.0401,1.216
369,3,51,0.452,0.000,0.0403,0.615
369,4,52,1.660,0.000,0.0402,1.216
369,5,53,0.572,258.819,0.0402,0.614
369,6,54,1.144,0.000,0.0401,25.738
369,7,55,1.176,241.181,0.0402,3.848
369,8,56,1.026,207.107,0.0392,23.207
369,9,57,1.593,158.918,0.0389,19.578
369,10,58,1.216,99.901,0.0375,14.894
369,11,59,0.981,34.075,0.0364,9.360
369,12,60,1.008,0.000,0.0352,3.215
369,13,61,0.665,0.000,0.0348,0.618
369,14,62,3.396,0.000,0.0346,1.225
369,15,63,0.457,0.000,0.0345,0.617
370,0,49,8.168,0.000,0.0403,0.614
370,1,50,1.581,0.000,0.0401,1.216
370,2,51,1.201,0.000,0.0403,0.615
370,3,52,0.464,0.000,0.0402,1.216
370,4,53,1.193,258.819,0.0402,0.614
370,5,54,3.198,0.000,0.0401,25.738
370,6,55,1.584,241.181,0.0402,3.848
370,7,56,1.757,207.107,0.0392,23.207
370,8,57,4.906,158.918,0.0389,19.578
370,9,58,3.438,99.901,0.0375,14.894
370,10,59,1.625,34.075,0.0364,9.360
370,11,60,1.034,0.000,0.0352,3.215
370,12,61,0.348,0.000,0.0348,0.618
370,13,62,0.753,0.000,0.0346,1.225
370,14,63,0.729,0.000,0.0345,0.617
370,15,64,0.652,0.000,0.0345,1.224
371,0,50,0.395,0.000,0.0401,1.216
371,1,51,0.269,0.000,0.0403,0.615
371,2,52,0.514,0.000,0.0402,1.216
371,3,53,0.501,258.819,0.0402,0.614
371,4,54,0.751,0.000,0.0401,25.738
371,5,55,0.936,241.181,0.0402,3.848
371,6,56,0.854,207.107,0.0392,23.207
371,7,57,0.894,158.918,0.0389,19.578
371,8,58,0.943,99.901,0.0375,14.894
371,9,59,0.732,34.075,0.0364,9.360
371,10,60,0.274,0.000,0.0352,3.215
371,11,61,0.183,0.000,0.0348,0.618
371,12,62,0.205,0.000,0.0346,1.225
371,13,63,0.338,0.000,0.0345,0.617
371,14,64,0.181,0.000,0.0345,1.224
371,15,65,0.134,0.000,0.0343,0.618
372,0,51,0.589,0.000,0.0403,0.615
372,1,52,2.537,0.000,0.0402,1.216
372,2,53,2.304,258.819,0.0402,0.614
372,3,54,6.996,0.000,0.0401,25.738
372,4,55,8.079,241.181,0.0402,3.848
372,5,56,9.138,207.107,0.0392,23.207
372,6,57,9.767,158.918,0.0389,19.578
372,7,58,6.784,99.901,0.0375,14.894
372,8,59,4.095,34.075,0.0364,9.360
372,9,60,1.610,0.000,0.0352,3.215
372,10,61,0.652,0.000,0.0348,0.618
372,11,62,0.724,0.000,0.0346,1.225
372,12,63,0.296,0.000,0.0345,0.617
372,13,64,0.593,0.000,0.0345,1.224
372,14,65,2.740,0.000,0.0343,0.618
372,15,66,0.651,0.000,0.0345,1.226
373,0,52,1.222,0.000,0.0402,1.216
373,1,53,2.207,258.819,0.0402,0.614
373,2,54,4.134,0.000,0.0401,25.738
373,3,55,0.585,241.181,0.0402,3.848
373,4,56,3.987,207.107,0.0392,23.207
373,5,57,4.248,158.918,0.0389,19.578
373,6,58,3.342,99.901,0.0375,14.894
373,7,59,1.766,34.075,0.0364,9.360
373,8,60,0.755,0.000,0.0352,3.215
373,9,61,0.886,0.000,0.0348,0.618
373,10,62,0.304,0.000,0.0346,1.225
373,11,63,0.607,0.000,0.0345,0.617
373,12,64,0.241,0.000,0.0345,1.224
373,13,65,0.301,0.000,0.0343,0.618
373,14,66,1.862,0.000,0.0345,1.226
373,15,67,1.328,0.000,0.0344,0.617
374,0,53,2.458,258.819,0.0402,0.614
374,1,54,6.372,0.000,0.0401,25.738
374,2,55,5.891,241.181,0.0402,3.848
374,3,56,4.493,207.107,0.0392,23.207
374,4,57,7.831,158.918,0.0389,19.578
374,5,58,5.442,99.901,0.0375,14.894
374,6,59,3.316,34.075,0.0364,9.360
374,7,60,1.231,0.000,0.0352,3.215
374,8,61,0.152,0.000,0.0348,0.618
374,9,62,0.630,0.000,0.0346,1.225
374,10,63,0.818,0.000,0.0345,0.617
374,11,64,0.779,0.000,0.0345,1.224
374,12,65,1.102,0.000,0.0343,0.618
374,13,66,0.487,0.000,0.0345,1.226
374,14,67,0.996,0.000,0.0344,0.617
374,15,68,0.945,0.000,0.0342,1.225
375,0,54,0.712,0.000,0.0401,25.738
375,1,55,0.422,241.181,0.0402,3.848
375,2,56,0.480,207.107,0.0392,23.207
375,3,57,1.117,158.918,0.0389,19.578
375,4,58,0.729,99.901,0.0375,14.894
375,5,59,0.549,34.075,0.0364,9.360
375,6,60,0.276,0.000,0.0352,3.215
375,7,61,0.215,0.000,0.0348,0.618
375,8,62,0.156,0.000,0.0346,1.225
375,9,63,0.239,0.000,0.0345,0.617
375,10,64,0.255,0.000,0.0345,1.224
375,11,65,0.268,0.000,0.0343,0.618
375,12,66,0.859,0.000,0.0345,1.226
375,13,67,0.334,0.000,0.0344,0.617
375,14,68,0.053,0.000,0.0342,1.225
375,15,69,0.376,0.000,0.0342,0.618
376,0,55,15.752,241.181,0.0402,3.848
376,1,56,17.060,207.107,0.0392,23.207
376,2,57,29.342,158.918,0.0389,19.578
376,3,58,22.633,99.901,0.0375,14.894
376,4,59,14.095,34.075,0.0364,9.360
376,5,60,7.028,0.000,0.0352,3.215
376,6,61,1.324,0.000,0.0348,0.618
376,7,62,0.041,0.000,0.0346,1.225
376,8,63,0.433,0.000,0.0345,0.617
376,9,64,0.721,0.000,0.0345,1.224
376,10,65,0.781,0.000,0.0343,0.618
376,11,66,1.010,0.000,0.0345,1.226
376,12,67,0.314,0.000,0.0344,0.617
376,13,68,0.439,0.000,0.0342,1.225
376,14,69,1.180,0.000,0.0342,0.618
376,15,70,0.540,0.000,0.0340,1.226
377,0,56,0.856,207.107,0.0392,23.207
377,1,57,0.301,158.918,0.0389,19.578
377,2,58,0.491,99.901,0.0375,14.894
377,3,59,0.412,34.075,0.0364,9.360
377,4,60,1.265,0.000,0.0352,3.215
377,5,61,0.327,0.000,0.0348,0.618
377,6,62,0.348,0.000,0.0346,1.225
377,7,63,0.317,0.000,0.0345,0.617
377,8,64,0.530,0.000,0.0345,1.224
377,9,65,0.760,0.000,0.0343,0.618
377,10,66,0.630,0.000,0.0345,1.226
377,11,67,0.589,0.000,0.0344,0.617
377,12,68,0.271,0.000,0.0342,1.225
377,13,69,0.338,0.000,0.0342,0.618
377,14,70,0.115,0.000,0.0340,1.226
377,15,71,0.679,0.000,0.0344,0.618
378,0,57,0.666,158.918,0.0389,19.578
378,1,58,0.766,99.901,0.0375,14.894
378,2,59,0.752,34.075,0.0364,9.360
378,3,60,0.599,0.000,0.0352,3.215
378,4,61,0.325,0.000,0.0348,0.618
378,5,62,0.729,0.000,0.0346,1.225
378,6,63,0.483,0.000,0.0345,0.617
378,7,64,0.620,0.000,0.0345,1.224
378,8,65,0.125,0.000,0.0343,0.618
378,9,66,0.333,0.000,0.0345,1.226
378,10,67,0.122,0.000,0.0344,0.617
378,11,68,0.524,0.000,0.0342,1.225
378,12,69,0.396,0.000,0.0342,0.618
378,13,70,0.249,0.000,0.0340,1.226
378,14,71,0.412,0.000,0.0344,0.618
378,15,72,0.525,0.000,0.0344,1.225
379,0,58,0.388,99.901,0.0375,14.894
379,1,59,0.463,34.075,0.0364,9.360
379,2,60,0.723,0.000,0.0352,3.215
379,3,61,0.923,0.000,0.0348,0.618
379,4,62,0.585,0.000,0.0346,1.225
379,5,63,0.427,0.000,0.0345,0.617
379,6,64,0.535,0.000,0.0345,1.224
379,7,65,0.604,0.000,0.0343,0.618
379,8,66,0.485,0.000,0.0345,1.226
379,9,67,0.894,0.000,0.0344,0.617
379,10,68,0.473,0.000,0.0342,1.225
379,11,69,0.757,0.000,0.0342,0.618
379,12,70,0.477,0.000,0.0340,1.226
379,13,71,0.617,0.000,0.0344,0.618
379,14,72,0.248,0.000,0.0344,1.225
379,15,73,0.917,0.000,0.0342,0.618
380,0,59,1.569,34.075,0.0364,9.360
380,1,60,0.919,0.000,0.0352,3.215
380,2,61,0.349,0.000,0.0348,0.618
380,3,62,0.573,0.000,0.0346,1.225
380,4,63,0.248,0.000,0.0345,0.617
380,5,64,0.444,0.000,0.0345,1.224
380,6,65,0.412,0.000,0.0343,0.618
380,7,66,0.036,0.000,0.0345,1.226
380,8,67,1.033,0.000,0.0344,0.617
380,9,68,0.500,0.000,0.0342,1.225
380,10,69,0.505,0.000,0.0342,0.618
380,11,70,0.545,0.000,0.0340,1.226
380,12,71,0.737,0.000,0.0344,0.618
380,13,72,0.228,0.000,0.0344,1.225
380,14,73,0.308,0.000,0.0342,0.618
380,15,74,0.158,0.000,0.0343,1.224
381,0,60,0.151,0.000,0.0352,3.215
381,1,61,0.303,0.000,0.0348,0.618
381,2,62,0.364,0.000,0.0346,1.225
381,3,63,0.583,0.000,0.0345,0.617
381,4,64,0.502,0.000,0.0345,1.224
381,5,65,0.459,0.000,0.0343,0.618
381,6,66,0.291,0.000,0.0345,1.226
381,7,67,0.548,0.000,0.0344,0.617
381,8,68,0.514,0.000,0.0342,1.225
381,9,69,0.376,0.000,0.0342,0.618
381,10,70,0.228,0.000,0.0340,1.226
381,11,71,0.596,0.000,0.0344,0.618
381,12,72,0.512,0.000,0.0344,1.225
381,13,73,0.463,0.000,0.0342,0.618
381,14,74,0.912,0.000,0.0343,1.224
381,15,75,0.718,0.000,0.0342,0.617
382,0,61,1.454,0.000,0.0348,0.618
382,1,62,0.832,0.000,0.0346,1.225
382,2,63,1.492,0.000,0.0345,0.617
382,3,64,1.031,0.000,0.0345,1.224
382,4,65,0.587,0.000,0.0343,0.618
382,5,66,0.721,0.000,0.0345,1.226
382,6,67,0.636,0.000,0.0344,0.617
382,7,68,1.527,0.000,0.0342,1.225
382,8,69,0.717,0.000,0.0342,0.618
382,9,70,1.326,0.000,0.0340,1.226
382,10,71,0.999,0.000,0.0344,0.618
382,11,72,0.711,0.000,0.0344,1.225
382,12,73,0.982,0.000,0.0342,0.618
382,13,74,0.888,0.000,0.0343,1.224
382,14,75,0.491,0.000,0.0342,0.617
382,15,76,2.127,0.000,0.0344,0.611
383,0,62,0.599,0.000,0.0346,1.225
383,1,63,0.582,0.000,0.0345,0.617
383,2,64,0.537,0.000,0.0345,1.224
383,3,65,0.364,0.000,0.0343,0.618
383,4,66,0.679,0.000,0.0345,1.226
383,5,67,0.131,0.000,0.0344,0.617
383,6,68,0.282,0.000,0.0342,1.225
383,7,69,0.723,0.000,0.0342,0.618
383,8,70,0.632,0.000,0.0340,1.226
383,9,71,0.265,0.000,0.0344,0.618
383,10,72,0.326,0.000,0.0344,1.225
383,11,73,1.039,0.000,0.0342,0.618
383,12,74,0.109,0.000,0.0343,1.224
383,13,75,0.185,0.000,0.0342,0.617
383,14,76,0.318,0.000,0.0344,0.611
383,15,77,1.106,1000.000,0.0110,0.610
384,0,63,0.724,0.000,0.0345,0.617
384,1,64,0.657,0.000,0.0345,1.224
384,2,65,0.160,0.000,0.0343,0.618
384,3,66,0.218,0.000,0.0345,1.226
384,4,67,0.067,0.000,0.0344,0.617
384,5,68,0.538,0.000,0.0342,1.225
384,6,69,0.212,0.000,0.0342,0.618
384,7,70,0.478,0.000,0.0340,1.226
384,8,71,0.643,0.000,0.0344,0.618
384,9,72,0.301,0.000,0.0344,1.225
384,10,73,0.423,0.000,0.0342,0.618
384,11,74,0.520,0.000,0.0343,1.224
384,12,75,0.233,0.000,0.0342,0.617
384,13,76,0.279,0.000,0.0344,0.611
384,14,77,0.147,1000.000,0.0110,0.610
384,15,78,3.461,19.318,0.0110,1.932
385,0,64,0.497,0.000,0.0345,1.224
385,1,65,0.312,0.000,0.0343,0.618
385,2,66,0.358,0.000,0.0345,1.226
385,3,67,0.265,0.000,0.0344,0.617
385,4,68,0.589,0.000,0.0342,1.225
385,5,69,0.447,0.000,0.0342,0.618
385,6,70,0.230,0.000,0.0340,1.226
385,7,71,0.540,0.000,0.0344,0.618
385,8,72,0.114,0.000,0.0344,1.225
385,9,73,0.605,0.000,0.0342,0.618
385,10,74,0.661,0.000,0.0343,1.224
385,11,75,0.163,0.000,0.0342,0.617
385,12,76,0.407,0.000,0.0344,0.611
385,13,77,0.601,1000.000,0.0110,0.610
385,14,78,0.689,19.318,0.0110,1.932
386,0,65,1.637,0.000,0.0343,0.618
386,1,66,1.808,0.000,0.0345,1.226
386,2,67,0.249,0.000,0.0344,0.617
386,3,68,0.555,0.000,0.0342,1.225
386,4,69,0.257,0.000,0.0342,0.618
386,5,70,0.453,0.000,0.0340,1.226
386,6,71,0.667,0.000,0.0344,0.618
386,7,72,0.253,0.000,0.0344,1.225
386,8,73,1.122,0.000,0.0342,0.618
386,9,74,0.653,0.000,0.0343,1.224
386,10,75,0.529,0.000,0.0342,0.617
386,11,76,0.492,0.000,0.0344,0.611
386,12,77,0.329,1000.000,0.0110,0.610
386,13,78,0.633,19.318,0.0110,1.932
387,0,66,0.540,0.000,0.0345,1.226
387,1,67,0.426,0.000,0.0344,0.617
387,2,68,0.590,0.000,0.0342,1.225
387,3,69,0.314,0.000,0.0342,0.618
387,4,70,0.523,0.000,0.0340,1.226
387,5,71,0.158,0.000,0.0344,0.618
387,6,72,0.248,0.000,0.0344,1.225
387,7,73,0.946,0.000,0.0342,0.618
387,8,74,0.347,0.000,0.0343,1.224
387,9,75,0.521,0.000,0.0342,0.617
387,10,76,0.897,0.000,0.0344,0.611
387,11,77,0.213,1000.000,0.0110,0.610
387,12,78,0.429,19.318,0.0110,1.932
388,0,67,0.089,0.000,0.0344,0.617
388,1,68,1.801,0.000,0.0342,1.225
388,2,69,0.525,0.000,0.0342,0.618
388,3,70,0.645,0.000,0.0340,1.226
388,4,71,0.298,0.000,0.0344,0.618
388,5,72,0.876,0.000,0.0344,1.225
388,6,73,0.253,0.000,0.0342,0.618
388,7,74,0.580,0.000,0.0343,1.224
388,8,75,0.295,0.000,0.0342,0.617
388,9,76,0.508,0.000,0.0344,0.611
388,10,77,0.664,1000.000,0.0110,0.610
388,11,78,0.656,19.318,0.0110,1.932
389,0,68,0.196,0.000,0.0342,1.225
389,1,69,0.763,0.000,0.0342,0.618
389,2,70,0.617,0.000,0.0340,1.226
389,3,71,0.256,0.000,0.0344,0.618
389,4,72,0.417,0.000,0.0344,1.225
389,5,73,1.114,0.000,0.0342,0.618
389,6,74,0.847,0.000,0.0343,1.224
389,7,75,0.537,0.000,0.0342,0.617
389,8,76,0.722,0.000,0.0344,0.611
389,9,77,0.619,1000.000,0.0110,0.610
389,10,78,0.470,19.318,0.0110,1.932
390,0,69,0.271,0.000,0.0342,0.618
390,1,70,0.633,0.000,0.0340,1.226
390,2,71,0.357,0.000,0.0344,0.618
390,3,72,0.735,0.000,0.0344,1.225
390,4,73,1.463,0.000,0.0342,0.618
390,5,74,0.996,0.000,0.0343,1.224
390,6,75,0.280,0.000,0.0342,0.617
390,7,76,0.602,0.000,0.0344,0.611
390,8,77,0.750,1000.000,0.0110,0.610
390,9,78,1.093,19.318,0.0110,1.932
391,0,70,0.965,0.000,0.0340,1.226
391,1,71,0.691,0.000,0.0344,0.618
391,2,72,0.741,0.000,0.0344,1.225
391,3,73,0.727,0.000,0.0342,0.618
391,4,74,1.065,0.000,0.0343,1.224
391,5,75,0.808,0.000,0.0342,0.617
391,6,76,2.149,0.000,0.0344,0.611
391,7,77,3.769,1000.000,0.0110,0.610
391,8,78,82.409,19.318,0.0110,1.932
392,0,71,2.010,0.000,0.0344,0.618
392,1,72,1.316,0.000,0.0344,1.225
392,2,73,0.820,0.000,0.0342,0.618
392,3,74,0.845,0.000,0.0343,1.224
392,4,75,0.525,0.000,0.0342,0.617
392,5,76,0.671,0.000,0.0344,0.611
392,6,77,0.968,1000.000,0.0110,0.610
392,7,78,99.420,19.318,0.0110,1.932
393,0,72,0.464,0.000,0.0344,1.225
393,1,73,1.257,0.000,0.0342,0.618
393,2,74,0.524,0.000,0.0343,1.224
393,3,75,2.798,0.000,0.0342,0.617
393,4,76,0.777,0.000,0.0344,0.611
393,5,77,0.216,1000.000,0.0110,0.610
393,6,78,0.541,19.318,0.0110,1.932
394,0,73,0.817,0.000,0.0342,0.618
394,1,74,1.011,0.000,0.0343,1.224
394,2,75,0.420,0.000,0.0342,0.617
394,3,76,0.816,0.000,0.0344,0.611
394,4,77,0.691,1000.000,0.0110,0.610
394,5,78,0.426,19.318,0.0110,1.932
395,0,74,1.544,0.000,0.0343,1.224
395,1,75,0.782,0.000,0.0342,0.617
395,2,76,1.435,0.000,0.0344,0.611
395,3,77,0.542,1000.000,0.0110,0.610
395,4,78,1.329,19.318,0.0110,1.932
396,0,75,0.889,0.000,0.0342,0.617
396,1,76,0.880,0.000,0.0344,0.611
396,2,77,0.983,1000.000,0.0110,0.610
396,3,78,98.370,19.318,0.0110,1.932
397,0,76,0.747,0.000,0.0344,0.611
397,1,77,0.587,1000.000,0.0110,0.610
397,2,78,1.081,19.318,0.0110,1.932
398,0,77,1.526,1000.000,0.0110,0.610
398,1,78,1.245,19.318,0.0110,1.932
399,0,78,1.678,19.318,0.0110,1.932
401,0,0,99.533,1000.000,0.0110,1.548
401,1,1,1.978,33.685,0.0109,3.369
401,2,2,3.251,33.738,2.7095,3.374
401,3,3,156.860,1625.518,0.0143,162.552
401,4,4,131.320,1435.143,6.3758,143.514
401,5,5,41.926,1100.750,4.4938,110.075
401,6,6,32.044,323.668,2.4004,32.367
401,7,7,1.806,0.003,0.0303,0.000
401,8,8,0.664,0.000,0.0304,0.000
401,9,9,0.568,0.000,0.0304,0.000
401,10,10,1.468,0.000,0.0304,0.000
401,11,11,1.077,0.000,0.0304,0.000
401,12,12,0.870,0.000,0.0304,0.000
401,13,13,0.553,0.000,0.0304,0.000
401,14,14,1.944,0.000,0.0304,0.000
401,15,15,0.954,0.000,0.0304,0.000
402,0,1,98.257,33.685,0.0109,3.369
402,1,2,0.664,33.738,2.7095,3.374
402,2,3,5.206,1625.518,0.0143,162.552
402,3,4,157.029,1435.143,6.3758,143.514
402,4,5,131.517,1100.750,4.4938,110.075
402,5,6,56.541,323.668,2.4004,32.367
402,6,7,43.939,0.003,0.0303,0.000
402,7,8,1.577,0.000,0.0304,0.000
402,8,9,1.508,0.000,0.0304,0.000
402,9,10,0.816,0.000,0.0304,0.000
402,10,11,0.394,0.000,0.0304,0.000
402,11,12,0.867,0.000,0.0304,0.000
402,12,13,0.323,0.000,0.0304,0.000
402,13,14,0.301,0.000,0.0304,0.000
402,14,15,2.186,0.000,0.0304,0.000
402,15,16,0.639,3806.019,0.0304,0.000
403,0,2,1.416,33.738,2.7095,3.374
403,1,3,4.423,1625.518,0.0143,162.552
403,2,4,2.696,1435.143,6.3758,143.514
403,3,5,4.480,1100.750,4.4938,110.075
403,4,6,19.376,323.668,2.4004,32.367
403,5,7,2.036,0.003,0.0303,0.000
403,6,8,1.393,0.000,0.0304,0.000
403,7,9,1.130,0.000,0.0304,0.000
403,8,10,1.290,0.000,0.0304,0.000
403,9,11,1.702,0.000,0.0304,0.000
403,10,12,1.635,0.000,0.0304,0.000
403,11,13,1.981,0.000,0.0304,0.000
403,12,14,2.235,0.000,0.0304,0.000
403,13,15,3.402,0.000,0.0304,0.000
403,14,16,3.846,3806.019,0.0304,0.000
403,15,17,1.237,0.000,0.0304,380.602
404,0,3,0.914,1625.518,0.0143,162.552
404,1,4,3.972,1435.143,6.3758,143.514
404,2,5,3.599,1100.750,4.4938,110.075
404,3,6,18.179,323.668,2.4004,32.367
404,4,7,1.463,0.003,0.0303,0.000
404,5,8,1.751,0.000,0.0304,0.000
404,6,9,1.512,0.000,0.0304,0.000
404,7,10,0.368,0.000,0.0304,0.000
404,8,11,1.134,0.000,0.0304,0.000
404,9,12,1.634,0.000,0.0304,0.000
404,10,13,1.143,0.000,0.0304,0.000
404,11,14,1.810,0.000,0.0304,0.000
404,12,15,1.084,0.000,0.0304,0.000
404,13,16,1.969,3806.019,0.0304,0.000
404,14,17,1.392,0.000,0.0304,380.602
404,15,18,1.324,0.000,0.0304,201.317
405,0,4,2.823,1435.143,6.3758,143.514
405,1,5,2.596,1100.750,4.4938,110.075
405,2,6,18.049,323.668,2.4004,32.367
405,3,7,0.640,0.003,0.0303,0.000
405,4,8,0.740,0.000,0.0304,0.000
405,5,9,0.456,0.000,0.0304,0.000
405,6,10,0.501,0.000,0.0304,0.000
405,7,11,0.735,0.000,0.0304,0.000
405,8,12,0.712,0.000,0.0304,0.000
405,9,13,1.015,0.000,0.0304,0.000
405,10,14,1.893,0.000,0.0304,0.000
405,11,15,1.302,0.000,0.0304,0.000
405,12,16,1.051,3806.019,0.0304,0.000
405,13,17,0.908,0.000,0.0304,380.602
405,14,18,0.265,0.000,0.0304,201.317
405,15,19,1.112,0.000,5.7607,76.422
406,0,5,2.809,1100.750,4.4938,110.075
406,1,6,18.144,323.668,2.4004,32.367
406,2,7,1.870,0.003,0.0303,0.000
406,3,8,1.462,0.000,0.0304,0.000
406,4,9,2.394,0.000,0.0304,0.000
406,5,10,2.126,0.000,0.0304,0.000
406,6,11,1.329,0.000,0.0304,0.000
406,7,12,1.954,0.000,0.0304,0.000
406,8,13,1.447,0.000,0.0304,0.000
406,9,14,1.760,0.000,0.0304,0.000
406,10,15,1.137,0.000,0.0304,0.000
406,11,16,1.681,3806.019,0.0304,0.000
406,12,17,0.713,0.000,0.0304,380.602
406,13,18,1.228,0.000,0.0304,201.317
406,14,19,0.407,0.000,5.7607,76.422
406,15,20,0.978,258.819,3.6098,0.977
407,0,6,6.594,323.668,2.4004,32.367
407,1,7,3.715,0.003,0.0303,0.000
407,2,8,0.761,0.000,0.0304,0.000
407,3,9,1.370,0.000,0.0304,0.000
407,4,10,0.561,0.000,0.0304,0.000
407,5,11,1.244,0.000,0.0304,0.000
407,6,12,0.508,0.000,0.0304,0.000
407,7,13,1.182,0.000,0.0304,0.000
407,8,14,0.759,0.000,0.0304,0.000
407,9,15,1.805,0.000,0.0304,0.000
407,10,16,1.920,3806.019,0.0304,0.000
407,11,17,1.113,0.000,0.0304,380.602
407,12,18,0.833,0.000,0.0304,201.317
407,13,19,0.690,0.000,5.7607,76.422
407,14,20,1.720,258.819,3.6098,0.977
407,15,21,1.109,0.000,0.3237,26.395
408,0,7,1.721,0.003,0.0303,0.000
408,1,8,0.253,0.000,0.0304,0.000
408,2,9,0.641,0.000,0.0304,0.000
408,3,10,0.813,0.000,0.0304,0.000
408,4,11,0.768,0.000,0.0304,0.000
408,5,12,0.964,0.000,0.0304,0.000
408,6,13,0.460,0.000,0.0304,0.000
408,7,14,0.312,0.000,0.0304,0.000
408,8,15,1.018,0.000,0.0304,0.000
408,9,16,0.872,3806.019,0.0304,0.000
408,10,17,0.671,0.000,0.0304,380.602
408,11,18,0.546,0.000,0.0304,201.317
408,12,19,0.341,0.000,5.7607,76.422
408,13,20,0.345,258.819,3.6098,0.977
408,14,21,0.687,0.000,0.3237,26.395
408,15,22,0.420,241.181,0.0140,2.601
409,0,8,0.560,0.000,0.0304,0.000
409,1,9,0.670,0.000,0.0304,0.000
409,2,10,0.520,0.000,0.0304,0.000
409,3,11,0.594,0.000,0.0304,0.000
409,4,12,0.827,0.000,0.0304,0.000
409,5,13,0.509,0.000,0.0304,0.000
409,6,14,0.580,0.000,0.0304,0.000
409,7,15,0.792,0.000,0.0304,0.000
409,8,16,0.982,3806.019,0.0304,0.000
409,9,17,0.696,0.000,0.0304,380.602
409,10,18,1.242,0.000,0.0304,201.317
409,11,19,1.692,0.000,5.7607,76.422
409,12,20,1.942,258.819,3.6098,0.977
409,13,21,1.828,0.000,0.3237,26.395
409,14,22,2.328,241.181,0.0140,2.601
409,15,23,2.224,0.000,0.0135,23.900
410,0,9,1.523,0.000,0.0304,0.000
410,1,10,1.503,0.000,0.0304,0.000
410,2,11,1.682,0.000,0.0304,0.000
410,3,12,1.367,0.000,0.0304,0.000
410,4,13,1.065,0.000,0.0304,0.000
410,5,14,1.194,0.000,0.0304,0.000
410,6,15,2.815,0.000,0.0304,0.000
410,7,16,2.210,3806.019,0.0304,0.000
410,8,17,1.129,0.000,0.0304,380.602
410,9,18,0.850,0.000,0.0304,201.317
410,10,19,0.247,0.000,5.7607,76.422
410,11,20,0.497,258.819,3.6098,0.977
410,12,21,0.809,0.000,0.3237,26.395
410,13,22,0.449,241.181,0.0140,2.601
410,14,23,0.907,0.000,0.0135,23.900
410,15,24,0.697,207.107,0.0135,3.323
411,0,10,0.168,0.000,0.0304,0.000
411,1,11,0.451,0.000,0.0304,0.000
411,2,12,0.637,0.000,0.0304,0.000
411,3,13,1.046,0.000,0.0304,0.000
411,4,14,0.109,0.000,0.0304,0.000
411,5,15,0.816,0.000,0.0304,0.000
411,6,16,0.650,3806.019,0.0304,0.000
411,7,17,0.268,0.000,0.0304,380.602
411,8,18,0.642,0.000,0.0304,201.317
411,9,19,0.512,0.000,5.7607,76.422
411,10,20,0.711,258.819,3.6098,0.977
411,11,21,0.168,0.000,0.3237,26.395
411,12,22,0.650,241.181,0.0140,2.601
411,13,23,0.858,0.000,0.0135,23.900
411,14,24,0.417,207.107,0.0135,3.323
411,15,25,0.722,158.919,0.0128,20.205
412,0,11,0.266,0.000,0.0304,0.000
412,1,12,1.371,0.000,0.0304,0.000
412,2,13,0.756,0.000,0.0304,0.000
412,3,14,1.284,0.000,0.0304,0.000
412,4,15,0.691,0.000,0.0304,0.000
412,5,16,0.544,3806.019,0.0304,0.000
412,6,17,0.793,0.000,0.0304,380.602
412,7,18,0.572,0.000,0.0304,201.317
412,8,19,1.007,0.000,5.7607,76.422
412,9,20,0.655,258.819,3.6098,0.977
412,10,21,0.771,0.000,0.3237,26.395
412,11,22,0.284,241.181,0.0140,2.601
412,12,23,0.591,0.000,0.0135,23.900
412,13,24,0.804,207.107,0.0135,3.323
412,14,25,0.208,158.919,0.0128,20.205
412,15,26,0.639,99.900,0.0128,15.358
413,0,12,3.156,0.000,0.0304,0.000
413,1,13,0.778,0.000,0.0304,0.000
413,2,14,0.647,0.000,0.0304,0.000
413,3,15,0.561,0.000,0.0304,0.000
413,4,16,1.834,3806.019,0.0304,0.000
413,5,17,0.790,0.000,0.0304,380.602
413,6,18,0.596,0.000,0.0304,201.317
413,7,19,0.810,0.000,5.7607,76.422
413,8,20,0.709,258.819,3.6098,0.977
413,9,21,0.274,0.000,0.3237,26.395
413,10,22,0.288,241.181,0.0140,2.601
413,11,23,0.881,0.000,0.0135,23.900
413,12,24,0.637,207.107,0.0135,3.323
413,13,25,0.694,158.919,0.0128,20.205
413,14,26,0.780,99.900,0.0128,15.358
413,15,27,0.067,34.075,0.0122,9.607
414,0,13,1.002,0.000,0.0304,0.000
414,1,14,1.090,0.000,0.0304,0.000
414,2,15,0.691,0.000,0.0304,0.000
414,3,16,0.524,3806.019,0.0304,0.000
414,4,17,0.110,0.000,0.0304,380.602
414,5,18,0.739,0.000,0.0304,201.317
414,6,19,0.692,0.000,5.7607,76.422
414,7,20,0.932,258.819,3.6098,0.977
414,8,21,0.372,0.000,0.3237,26.395
414,9,22,0.414,241.181,0.0140,2.601
414,10,23,0.672,0.000,0.0135,23.900
414,11,24,1.037,207.107,0.0135,3.323
414,12,25,0.467,158.919,0.0128,20.205
414,13,26,0.466,99.900,0.0128,15.358
414,14,27,0.224,34.075,0.0122,9.607
414,15,28,0.337,0.000,0.0117,3.239
415,0,14,0.362,0.000,0.0304,0.000
415,1,15,0.616,0.000,0.0304,0.000
415,2,16,1.227,3806.019,0.0304,0.000
415,3,17,0.274,0.000,0.0304,380.602
415,4,18,0.176,0.000,0.0304,201.317
415,5,19,0.259,0.000,5.7607,76.422
415,6,20,0.462,258.819,3.6098,0.977
415,7,21,0.560,0.000,0.3237,26.395
415,8,22,0.694,241.181,0.0140,2.601
415,9,23,0.661,0.000,0.0135,23.900
415,10,24,0.410,207.107,0.0135,3.323
415,11,25,0.295,158.919,0.0128,20.205
415,12,26,0.323,99.900,0.0128,15.358
415,13,27,0.738,34.075,0.0122,9.607
415,14,28,0.886,0.000,0.0117,3.239
415,15,29,0.772,0.000,0.0114,3.239
416,0,15,1.100,0.000,0.0304,0.000
416,1,16,1.175,3806.019,0.0304,0.000
416,2,17,1.434,0.000,0.0304,380.602
416,3,18,0.781,0.000,0.0304,201.317
416,4,19,0.633,0.000,5.7607,76.422
416,5,20,0.461,258.819,3.6098,0.977
416,6,21,0.771,0.000,0.3237,26.395
416,7,22,0.481,241.181,0.0140,2.601
416,8,23,0.781,0.000,0.0135,23.900
416,9,24,0.444,207.107,0.0135,3.323
416,10,25,0.539,158.919,0.0128,20.205
416,11,26,0.588,99.900,0.0128,15.358
416,12,27,0.734,34.075,0.0122,9.607
416,13,28,0.330,0.000,0.0117,3.239
416,14,29,2.605,0.000,0.0114,3.239
416,15,30,0.602,0.000,0.0322,3.356
417,0,16,2.826,3806.019,0.0304,0.000
417,1,17,0.614,0.000,0.0304,380.602
417,2,18,0.547,0.000,0.0304,201.317
417,3,19,0.365,0.000,5.7607,76.422
417,4,20,0.920,258.819,3.6098,0.977
417,5,21,0.932,0.000,0.3237,26.395
417,6,22,0.858,241.181,0.0140,2.601
417,7,23,1.077,0.000,0.0135,23.900
417,8,24,0.662,207.107,0.0135,3.323
417,9,25,0.789,158.919,0.0128,20.205
417,10,26,0.313,99.900,0.0128,15.358
417,11,27,0.478,34.075,0.0122,9.607
417,12,28,0.464,0.000,0.0117,3.239
417,13,29,0.799,0.000,0.0114,3.239
417,14,30,0.724,0.000,0.0322,3.356
417,15,31,2.764,0.000,0.0183,3.232
418,0,17,1.476,0.000,0.0304,380.602
418,1,18,1.363,0.000,0.0304,201.317
418,2,19,1.294,0.000,5.7607,76.422
418,3,20,1.987,258.819,3.6098,0.977
418,4,21,2.059,0.000,0.3237,26.395
418,5,22,1.261,241.181,0.0140,2.601
418,6,23,2.080,0.000,0.0135,23.900
418,7,24,0.980,207.107,0.0135,3.323
418,8,25,1.177,158.919,0.0128,20.205
418,9,26,1.376,99.900,0.0128,15.358
418,10,27,2.799,34.075,0.0122,9.607
418,11,28,3.099,0.000,0.0117,3.239
418,12,29,0.666,0.000,0.0114,3.239
418,13,30,1.598,0.000,0.0322,3.356
418,14,31,0.725,0.000,0.0183,3.232
418,15,32,1.275,0.000,0.0218,3.378
419,0,18,1.795,0.000,0.0304,201.317
419,1,19,0.332,0.000,5.7607,76.422
419,2,20,0.180,258.819,3.6098,0.977
419,3,21,26.334,0.000,0.3237,26.395
419,4,22,0.429,241.181,0.0140,2.601
419,5,23,24.423,0.000,0.0135,23.900
419,6,24,0.514,207.107,0.0135,3.323
419,7,25,21.068,158.919,0.0128,20.205
419,8,26,16.302,99.900,0.0128,15.358
419,9,27,10.346,34.075,0.0122,9.607
419,10,28,3.584,0.000,0.0117,3.239
419,11,29,0.502,0.000,0.0114,3.239
419,12,30,1.116,0.000,0.0322,3.356
419,13,31,1.273,0.000,0.0183,3.232
419,14,32,0.836,0.000,0.0218,3.378
419,15,33,0.341,0.000,0.0180,3.232
420,0,19,0.539,0.000,5.7607,76.422
420,1,20,1.567,258.819,3.6098,0.977
420,2,21,1.535,0.000,0.3237,26.395
420,3,22,0.965,241.181,0.0140,2.601
420,4,23,0.948,0.000,0.0135,23.900
420,5,24,0.518,207.107,0.0135,3.323
420,6,25,1.015,158.919,0.0128,20.205
420,7,26,0.600,99.900,0.0128,15.358
420,8,27,0.930,34.075,0.0122,9.607
420,9,28,0.313,0.000,0.0117,3.239
420,10,29,0.661,0.000,0.0114,3.239
420,11,30,0.195,0.000,0.0322,3.356
420,12,31,0.299,0.000,0.0183,3.232
420,13,32,0.650,0.000,0.0218,3.378
420,14,33,0.058,0.000,0.0180,3.232
420,15,34,0.114,0.000,0.0251,3.377
421,0,20,0.574,258.819,3.6098,0.977
421,1,21,0.592,0.000,0.3237,26.395
421,2,22,0.540,241.181,0.0140,2.601
421,3,23,0.290,0.000,0.0135,23.900
421,4,24,0.478,207.107,0.0135,3.323
421,5,25,0.371,158.919,0.0128,20.205
421,6,26,0.623,99.900,0.0128,15.358
421,7,27,0.395,34.075,0.0122,9.607
421,8,28,0.282,0.000,0.0117,3.239
421,9,29,0.735,0.000,0.0114,3.239
421,10,30,0.396,0.000,0.0322,3.356
421,11,31,0.209,0.000,0.0183,3.232
421,12,32,0.035,0.000,0.0218,3.378
421,13,33,0.229,0.000,0.0180,3.232
421,14,34,0.254,0.000,0.0251,3.377
421,15,35,0.837,0.000,0.0184,3.232
422,0,21,2.424,0.000,0.3237,26.395
422,1,22,0.770,241.181,0.0140,2.601
422,2,23,0.711,0.000,0.0135,23.900
422,3,24,0.536,207.107,0.0135,3.323
422,4,25,0.677,158.919,0.0128,20.205
422,5,26,0.849,99.900,0.0128,15.358
422,6,27,0.387,34.075,0.0122,9.607
422,7,28,0.645,0.000,0.0117,3.239
422,8,29,0.334,0.000,0.0114,3.239
422,9,30,0.852,0.000,0.0322,3.356
422,10,31,0.451,0.000,0.0183,3.232
422,11,32,0.207,0.000,0.0218,3.378
422,12,33,0.678,0.000,0.0180,3.232
422,13,34,0.203,0.000,0.0251,3.377
422,14,35,0.457,0.000,0.0184,3.232
422,15,36,0.322,0.000,0.0251,3.378
423,0,22,0.580,241.181,0.0140,2.601
423,1,23,1.173,0.000,0.0135,23.900
423,2,24,0.274,207.107,0.0135,3.323
423,3,25,0.274,158.919,0.0128,20.205
423,4,26,0.367,99.900,0.0128,15.358
423,5,27,0.363,34.075,0.0122,9.607
423,6,28,0.460,0.000,0.0117,3.239
423,7,29,0.134,0.000,0.0114,3.239
423,8,30,0.033,0.000,0.0322,3.356
423,9,31,0.062,0.000,0.0183,3.232
423,10,32,0.196,0.000,0.0218,3.378
423,11,33,0.463,0.000,0.0180,3.232
423,12,34,0.482,0.000,0.0251,3.377
423,13,35,0.363,0.000,0.0184,3.232
423,14,36,0.951,0.000,0.0251,3.378
423,15,37,0.205,0.000,0.0176,3.233
424,0,23,1.097,0.000,0.0135,23.900
424,1,24,0.574,207.107,0.0135,3.323
424,2,25,0.392,158.919,0.0128,20.205
424,3,26,1.494,99.900,0.0128,15.358
424,4,27,0.767,34.075,0.0122,9.607
424,5,28,0.528,0.000,0.0117,3.239
424,6,29,0.122,0.000,0.0114,3.239
424,7,30,0.359,0.000,0.0322,3.356
424,8,31,0.197,0.000,0.0183,3.232
424,9,32,0.494,0.000,0.0218,3.378
424,10,33,0.208,0.000,0.0180,3.232
424,11,34,0.290,0.000,0.0251,3.377
424,12,35,0.308,0.000,0.0184,3.232
424,13,36,0.050,0.000,0.0251,3.378
424,14,37,0.920,0.000,0.0176,3.233
424,15,38,0.185,0.000,0.0211,3.376
425,0,24,0.379,207.107,0.0135,3.323
425,1,25,1.154,158.919,0.0128,20.205
425,2,26,0.778,99.900,0.0128,15.358
425,3,27,0.414,34.075,0.0122,9.607
425,4,28,0.224,0.000,0.0117,3.239
425,5,29,0.148,0.000,0.0114,3.239
425,6,30,0.460,0.000,0.0322,3.356
425,7,31,0.062,0.000,0.0183,3.232
425,8,32,0.209,0.000,0.0218,3.378
425,9,33,0.242,0.000,0.0180,3.232
425,10,34,0.136,0.000,0.0251,3.377
425,11,35,0.465,0.000,0.0184,3.232
425,12,36,0.196,0.000,0.0251,3.378
425,13,37,0.089,0.000,0.0176,3.233
425,14,38,0.441,0.000,0.0211,3.376
425,15,39,0.497,1000.000,0.0176,3.232
426,0,25,0.853,158.919,0.0128,20.205
426,1,26,0.226,99.900,0.0128,15.358
426,2,27,0.209,34.075,0.0122,9.607
426,3,28,0.396,0.000,0.0117,3.239
426,4,29,0.132,0.000,0.0114,3.239
426,5,30,0.277,0.000,0.0322,3.356
426,6,31,0.474,0.000,0.0183,3.232
426,7,32,0.890,0.000,0.0218,3.378
426,8,33,0.870,0.000,0.0180,3.232
426,9,34,0.731,0.000,0.0251,3.377
426,10,35,0.843,0.000,0.0184,3.232
426,11,36,1.363,0.000,0.0251,3.378
426,12,37,0.966,0.000,0.0176,3.233
426,13,38,1.120,0.000,0.0211,3.376
426,14,39,1.223,1000.000,0.0176,3.232
426,15,40,2.476,1035.571,0.0254,3.791
427,0,26,0.376,99.900,0.0128,15.358
427,1,27,0.482,34.075,0.0122,9.607
427,2,28,0.660,0.000,0.0117,3.239
427,3,29,0.152,0.000,0.0114,3.239
427,4,30,0.007,0.000,0.0322,3.356
427,5,31,0.193,0.000,0.0183,3.232
427,6,32,0.379,0.000,0.0218,3.378
427,7,33,0.560,0.000,0.0180,3.232
427,8,34,0.423,0.000,0.0251,3.377
427,9,35,0.353,0.000,0.0184,3.232
427,10,36,0.500,0.000,0.0251,3.378
427,11,37,0.560,0.000,0.0176,3.233
427,12,38,0.387,0.000,0.0211,3.376
427,13,39,1.081,1000.000,0.0176,3.232
427,14,40,0.893,1035.571,0.0254,3.791
427,15,41,28.666,0.000,1.9989,102.723
428,0,27,0.674,34.075,0.0122,9.607
428,1,28,0.628,0.000,0.0117,3.239
428,2,29,0.272,0.000,0.0114,3.239
428,3,30,0.589,0.000,0.0322,3.356
428,4,31,0.166,0.000,0.0183,3.232
428,5,32,0.239,0.000,0.0218,3.378
428,6,33,0.298,0.000,0.0180,3.232
428,7,34,0.279,0.000,0.0251,3.377
428,8,35,0.216,0.000,0.0184,3.232
428,9,36,0.062,0.000,0.0251,3.378
428,10,37,0.322,0.000,0.0176,3.233
428,11,38,0.236,0.000,0.0211,3.376
428,12,39,0.043,1000.000,0.0176,3.232
428,13,40,0.210,1035.571,0.0254,3.791
428,14,41,3.377,0.000,1.9989,102.723
428,15,42,0.418,0.000,4.4636,21.059
429,0,28,0.677,0.000,0.0117,3.239
429,1,29,0.507,0.000,0.0114,3.239
429,2,30,0.229,0.000,0.0322,3.356
429,3,31,0.356,0.000,0.0183,3.232
429,4,32,0.355,0.000,0.0218,3.378
429,5,33,0.853,0.000,0.0180,3.232
429,6,34,0.916,0.000,0.0251,3.377
429,7,35,0.171,0.000,0.0184,3.232
429,8,36,0.571,0.000,0.0251,3.378
429,9,37,0.562,0.000,0.0176,3.233
429,10,38,0.137,0.000,0.0211,3.376
429,11,39,1.011,1000.000,0.0176,3.232
429,12,40,1.122,1035.571,0.0254,3.791
429,13,41,28.961,0.000,1.9989,102.723
429,14,42,0.248,0.000,4.4636,21.059
429,15,43,1.160,0.000,3.0324,0.627
430,0,29,1.396,0.000,0.0114,3.239
430,1,30,0.070,0.000,0.0322,3.356
430,2,31,0.358,0.000,0.0183,3.232
430,3,32,0.549,0.000,0.0218,3.378
430,4,33,0.420,0.000,0.0180,3.232
430,5,34,0.360,0.000,0.0251,3.377
430,6,35,0.147,0.000,0.0184,3.232
430,7,36,0.394,0.000,0.0251,3.378
430,8,37,0.045,0.000,0.0176,3.233
430,9,38,0.653,0.000,0.0211,3.376
430,10,39,0.260,1000.000,0.0176,3.232
430,11,40,1.375,1035.571,0.0254,3.791
430,12,41,104.035,0.000,1.9989,102.723
430,13,42,0.482,0.000,4.4636,21.059
430,14,43,1.481,0.000,3.0324,0.627
430,15,44,0.951,0.000,0.0180,1.240
431,0,30,0.469,0.000,0.0322,3.356
431,1,31,1.060,0.000,0.0183,3.232
431,2,32,0.044,0.000,0.0218,3.378
431,3,33,0.601,0.000,0.0180,3.232
431,4,34,0.841,0.000,0.0251,3.377
431,5,35,0.327,0.000,0.0184,3.232
431,6,36,0.268,0.000,0.0251,3.378
431,7,37,0.438,0.000,0.0176,3.233
431,8,38,0.360,0.000,0.0211,3.376
431,9,39,0.341,1000.000,0.0176,3.232
431,10,40,1.068,1035.571,0.0254,3.791
431,11,41,47.524,0.000,1.9989,102.723
431,12,42,1.593,0.000,4.4636,21.059
431,13,43,0.507,0.000,3.0324,0.627
431,14,44,0.161,0.000,0.0180,1.240
431,15,45,0.715,0.000,0.0183,0.626
432,0,31,1.046,0.000,0.0183,3.232
432,1,32,0.635,0.000,0.0218,3.378
432,2,33,0.142,0.000,0.0180,3.232
432,3,34,0.963,0.000,0.0251,3.377
432,4,35,0.658,0.000,0.0184,3.232
432,5,36,1.108,0.000,0.0251,3.378
432,6,37,0.699,0.000,0.0176,3.233
432,7,38,0.703,0.000,0.0211,3.376
432,8,39,0.889,1000.000,0.0176,3.232
432,9,40,1.038,1035.571,0.0254,3.791
432,10,41,6.325,0.000,1.9989,102.723
432,11,42,0.536,0.000,4.4636,21.059
432,12,43,0.919,0.000,3.0324,0.627
432,13,44,0.416,0.000,0.0180,1.240
432,14,45,0.607,0.000,0.0183,0.626
432,15,46,0.385,0.000,0.0182,1.239
433,0,32,0.772,0.000,0.0218,3.378
433,1,33,1.569,0.000,0.0180,3.232
433,2,34,0.515,0.000,0.0251,3.377
433,3,35,0.352,0.000,0.0184,3.232
433,4,36,0.189,0.000,0.0251,3.378
433,5,37,0.472,0.000,0.0176,3.233
433,6,38,0.196,0.000,0.0211,3.376
433,7,39,0.958,1000.000,0.0176,3.232
433,8,40,1.526,1035.571,0.0254,3.791
433,9,41,18.388,0.000,1.9989,102.723
433,10,42,0.640,0.000,4.4636,21.059
433,11,43,0.751,0.000,3.0324,0.627
433,12,44,0.736,0.000,0.0180,1.240
433,13,45,0.913,0.000,0.0183,0.626
433,14,46,1.409,0.000,0.0182,1.239
433,15,47,0.978,0.000,0.0182,0.626
434,0,33,0.132,0.000,0.0180,3.232
434,1,34,0.802,0.000,0.0251,3.377
434,2,35,1.324,0.000,0.0184,3.232
434,3,36,0.623,0.000,0.0251,3.378
434,4,37,0.655,0.000,0.0176,3.233
434,5,38,0.487,0.000,0.0211,3.376
434,6,39,0.556,1000.000,0.0176,3.232
434,7,40,1.486,1035.571,0.0254,3.791
434,8,41,2.400,0.000,1.9989,102.723
434,9,42,0.792,0.000,4.4636,21.059
434,10,43,0.772,0.000,3.0324,0.627
434,11,44,0.786,0.000,0.0180,1.240
434,12,45,0.572,0.000,0.0183,0.626
434,13,46,0.467,0.000,0.0182,1.239
434,14,47,0.498,0.000,0.0182,0.626
434,15,48,0.664,0.000,0.0181,1.239
435,0,34,2.810,0.000,0.0251,3.377
435,1,35,0.113,0.000,0.0184,3.232
435,2,36,0.112,0.000,0.0251,3.378
435,3,37,0.693,0.000,0.0176,3.233
435,4,38,0.861,0.000,0.0211,3.376
435,5,39,0.868,1000.000,0.0176,3.232
435,6,40,0.435,1035.571,0.0254,3.791
435,7,41,14.073,0.000,1.9989,102.723
435,8,42,0.630,0.000,4.4636,21.059
435,9,43,1.283,0.000,3.0324,0.627
435,10,44,0.889,0.000,0.0180,1.240
435,11,45,0.978,0.000,0.0183,0.626
435,12,46,0.340,0.000,0.0182,1.239
435,13,47,0.999,0.000,0.0182,0.626
435,14,48,0.717,0.000,0.0181,1.239
435,15,49,1.128,0.000,0.0182,0.626
436,0,35,2.780,0.000,0.0184,3.232
436,1,36,3.710,0.000,0.0251,3.378
436,2,37,2.601,0.000,0.0176,3.233
436,3,38,3.548,0.000,0.0211,3.376
436,4,39,6.889,1000.000,0.0176,3.232
436,5,40,6.457,1035.571,0.0254,3.791
436,6,41,2.904,0.000,1.9989,102.723
436,7,42,2.363,0.000,4.4636,21.059
436,8,43,1.632,0.000,3.0324,0.627
436,9,44,1.829,0.000,0.0180,1.240
436,10,45,0.992,0.000,0.0183,0.626
436,11,46,1.146,0.000,0.0182,1.239
436,12,47,0.578,0.000,0.0182,0.626
436,13,48,0.602,0.000,0.0181,1.239
436,14,49,0.942,0.000,0.0182,0.626
436,15,50,1.197,0.000,0.0180,1.239
437,0,36,0.821,0.000,0.0251,3.378
437,1,37,0.409,0.000,0.0176,3.233
437,2,38,1.157,0.000,0.0211,3.376
437,3,39,2.188,1000.000,0.0176,3.232
437,4,40,1.016,1035.571,0.0254,3.791
437,5,41,2.008,0.000,1.9989,102.723
437,6,42,0.753,0.000,4.4636,21.059
437,7,43,0.360,0.000,3.0324,0.627
437,8,44,1.302,0.000,0.0180,1.240
437,9,45,0.920,0.000,0.0183,0.626
437,10,46,0.909,0.000,0.0182,1.239
437,11,47,0.788,0.000,0.0182,0.626
437,12,48,0.342,0.000,0.0181,1.239
437,13,49,0.243,0.000,0.0182,0.626
437,14,50,0.836,0.000,0.0180,1.239
437,15,51,1.150,0.000,0.0182,0.626
438,0,37,0.310,0.000,0.0176,3.233
438,1,38,1.206,0.000,0.0211,3.376
438,2,39,0.283,1000.000,0.0176,3.232
438,3,40,0.345,1035.571,0.0254,3.791
438,4,41,4.474,0.000,1.9989,102.723
438,5,42,0.773,0.000,4.4636,21.059
438,6,43,1.164,0.000,3.0324,0.627
438,7,44,0.736,0.000,0.0180,1.240
438,8,45,0.747,0.000,0.0183,0.626
438,9,46,0.699,0.000,0.0182,1.239
438,10,47,0.504,0.000,0.0182,0.626
438,11,48,1.503,0.000,0.0181,1.239
438,12,49,1.121,0.000,0.0182,0.626
438,13,50,0.434,0.000,0.0180,1.239
438,14,51,0.173,0.000,0.0182,0.626
438,15,52,2.954,0.000,0.0180,1.239
439,0,38,0.741,0.000,0.0211,3.376
439,1,39,0.254,1000.000,0.0176,3.232
439,2,40,0.142,1035.571,0.0254,3.791
439,3,41,4.830,0.000,1.9989,102.723
439,4,42,0.834,0.000,4.4636,21.059
439,5,43,1.510,0.000,3.0324,0.627
439,6,44,0.681,0.000,0.0180,1.240
439,7,45,0.276,0.000,0.0183,0.626
439,8,46,0.710,0.000,0.0182,1.239
439,9,47,0.402,0.000,0.0182,0.626
439,10,48,0.394,0.000,0.0181,1.239
439,11,49,0.187,0.000,0.0182,0.626
439,12,50,0.507,0.000,0.0180,1.239
439,13,51,0.225,0.000,0.0182,0.626
439,14,52,0.313,0.000,0.0180,1.239
439,15,53,1.002,258.819,0.0181,0.626
440,0,39,0.399,1000.000,0.0176,3.232
440,1,40,1.547,1035.571,0.0254,3.791
440,2,41,6.541,0.000,1.9989,102.723
440,3,42,0.971,0.000,4.4636,21.059
440,4,43,1.562,0.000,3.0324,0.627
440,5,44,0.338,0.000,0.0180,1.240
440,6,45,0.313,0.000,0.0183,0.626
440,7,46,0.302,0.000,0.0182,1.239
440,8,47,0.584,0.000,0.0182,0.626
440,9,48,0.546,0.000,0.0181,1.239
440,10,49,0.449,0.000,0.0182,0.626
440,11,50,0.250,0.000,0.0180,1.239
440,12,51,0.371,0.000,0.0182,0.626
440,13,52,0.585,0.000,0.0180,1.239
440,14,53,0.466,258.819,0.0181,0.626
440,15,54,2.351,0.000,0.0181,25.739
441,0,40,2.397,1035.571,0.0254,3.791
441,1,41,4.663,0.000,1.9989,102.723
441,2,42,2.094,0.000,4.4636,21.059
441,3,43,0.919,0.000,3.0324,0.627
441,4,44,2.001,0.000,0.0180,1.240
441,5,45,0.469,0.000,0.0183,0.626
441,6,46,1.060,0.000,0.0182,1.239
441,7,47,0.600,0.000,0.0182,0.626
441,8,48,1.969,0.000,0.0181,1.239
441,9,49,0.765,0.000,0.0182,0.626
441,10,50,1.609,0.000,0.0180,1.239
441,11,51,0.559,0.000,0.0182,0.626
441,12,52,1.444,0.000,0.0180,1.239
441,13,53,1.880,258.819,0.0181,0.626
441,14,54,3.589,0.000,0.0181,25.739
441,15,55,1.036,241.181,0.0181,3.869
442,0,41,35.032,0.000,1.9989,102.723
442,1,42,6.031,0.000,4.4636,21.059
442,2,43,2.943,0.000,3.0324,0.627
442,3,44,1.907,0.000,0.0180,1.240
442,4,45,3.686,0.000,0.0183,0.626
442,5,46,2.335,0.000,0.0182,1.239
442,6,47,1.027,0.000,0.0182,0.626
442,7,48,2.755,0.000,0.0181,1.239
442,8,49,1.650,0.000,0.0182,0.626
442,9,50,1.288,0.000,0.0180,1.239
442,10,51,2.036,0.000,0.0182,0.626
442,11,52,2.585,0.000,0.0180,1.239
442,12,53,2.305,258.819,0.0181,0.626
442,13,54,8.042,0.000,0.0181,25.739
442,14,55,3.114,241.181,0.0181,3.869
442,15,56,7.945,207.107,0.0178,23.210
443,0,42,0.138,0.000,4.4636,21.059
443,1,43,1.223,0.000,3.0324,0.627
443,2,44,1.002,0.000,0.0180,1.240
443,3,45,1.132,0.000,0.0183,0.626
443,4,46,0.818,0.000,0.0182,1.239
443,5,47,0.888,0.000,0.0182,0.626
443,6,48,0.376,0.000,0.0181,1.239
443,7,49,0.439,0.000,0.0182,0.626
443,8,50,0.880,0.000,0.0180,1.239
443,9,51,0.314,0.000,0.0182,0.626
443,10,52,0.840,0.000,0.0180,1.239
443,11,53,0.329,258.819,0.0181,0.626
443,12,54,0.646,0.000,0.0181,25.739
443,13,55,0.527,241.181,0.0181,3.869
443,14,56,0.257,207.107,0.0178,23.210
443,15,57,2.070,158.918,0.0175,19.582
444,0,43,0.756,0.000,3.0324,0.627
444,1,44,0.401,0.000,0.0180,1.240
444,2,45,0.653,0.000,0.0183,0.626
444,3,46,0.412,0.000,0.0182,1.239
444,4,47,0.428,0.000,0.0182,0.626
444,5,48,0.395,0.000,0.0181,1.239
444,6,49,0.488,0.000,0.0182,0.626
444,7,50,0.417,0.000,0.0180,1.239
444,8,51,0.407,0.000,0.0182,0.626
444,9,52,0.251,0.000,0.0180,1.239
444,10,53,0.067,258.819,0.0181,0.626
444,11,54,0.699,0.000,0.0181,25.739
444,12,55,0.356,241.181,0.0181,3.869
444,13,56,0.228,207.107,0.0178,23.210
444,14,57,2.904,158.918,0.0175,19.582
444,15,58,1.345,99.901,0.0172,14.897
445,0,44,0.178,0.000,0.0180,1.240
445,1,45,0.884,0.000,0.0183,0.626
445,2,46,0.355,0.000,0.0182,1.239
445,3,47,0.780,0.000,0.0182,0.626
445,4,48,0.608,0.000,0.0181,1.239
445,5,49,0.656,0.000,0.0182,0.626
445,6,50,0.348,0.000,0.0180,1.239
445,7,51,0.300,0.000,0.0182,0.626
445,8,52,0.342,0.000,0.0180,1.239
445,9,53,0.722,258.819,0.0181,0.626
445,10,54,0.393,0.000,0.0181,25.739
445,11,55,0.426,241.181,0.0181,3.869
445,12,56,0.726,207.107,0.0178,23.210
445,13,57,0.843,158.918,0.0175,19.582
445,14,58,0.606,99.901,0.0172,14.897
445,15,59,0.729,34.075,0.0165,9.362
446,0,45,1.085,0.000,0.0183,0.626
446,1,46,1.246,0.000,0.0182,1.239
446,2,47,0.684,0.000,0.0182,0.626
446,3,48,0.701,0.000,0.0181,1.239
446,4,49,1.041,0.000,0.0182,0.626
446,5,50,0.211,0.000,0.0180,1.239
446,6,51,0.798,0.000,0.0182,0.626
446,7,52,0.930,0.000,0.0180,1.239
446,8,53,1.109,258.819,0.0181,0.626
446,9,54,0.310,0.000,0.0181,25.739
446,10,55,0.936,241.181,0.0181,3.869
446,11,56,1.169,207.107,0.0178,23.210
446,12,57,0.811,158.918,0.0175,19.582
446,13,58,0.201,99.901,0.0172,14.897
446,14,59,1.455,34.075,0.0165,9.362
446,15,60,0.333,0.000,0.0161,3.217
447,0,46,0.771,0.000,0.0182,1.239
447,1,47,0.652,0.000,0.0182,0.626
447,2,48,0.195,0.000,0.0181,1.239
447,3,49,0.158,0.000,0.0182,0.626
447,4,50,0.261,0.000,0.0180,1.239
447,5,51,0.089,0.000,0.0182,0.626
447,6,52,0.746,0.000,0.0180,1.239
447,7,53,0.499,258.819,0.0181,0.626
447,8,54,0.572,0.000,0.0181,25.739
447,9,55,0.410,241.181,0.0181,3.869
447,10,56,0.549,207.107,0.0178,23.210
447,11,57,0.587,158.918,0.0175,19.582
447,12,58,0.563,99.901,0.0172,14.897
447,13,59,0.488,34.075,0.0165,9.362
447,14,60,0.464,0.000,0.0161,3.217
447,15,61,0.420,0.000,0.0158,0.629
448,0,47,0.404,0.000,0.0182,0.626
448,1,48,0.408,0.000,0.0181,1.239
448,2,49,0.423,0.000,0.0182,0.626
448,3,50,0.494,0.000,0.0180,1.239
448,4,51,0.789,0.000,0.0182,0.626
448,5,52,0.714,0.000,0.0180,1.239
448,6,53,2.165,258.819,0.0181,0.626
448,7,54,1.177,0.000,0.0181,25.739
448,8,55,3.475,241.181,0.0181,3.869
448,9,56,3.178,207.107,0.0178,23.210
448,10,57,2.968,158.918,0.0175,19.582
448,11,58,2.150,99.901,0.0172,14.897
448,12,59,1.162,34.075,0.0165,9.362
448,13,60,0.816,0.000,0.0161,3.217
448,14,61,0.251,0.000,0.0158,0.629
448,15,62,0.495,0.000,0.0156,1.249
449,0,48,0.659,0.000,0.0181,1.239
449,1,49,1.312,0.000,0.0182,0.626
449,2,50,1.252,0.000,0.0180,1.239
449,3,51,0.813,0.000,0.0182,0.626
449,4,52,0.752,0.000,0.0180,1.239
449,5,53,1.412,258.819,0.0181,0.626
449,6,54,1.481,0.000,0.0181,25.739
449,7,55,2.095,241.181,0.0181,3.869
449,8,56,2.522,207.107,0.0178,23.210
449,9,57,2.579,158.918,0.0175,19.582
449,10,58,2.134,99.901,0.0172,14.897
449,11,59,1.101,34.075,0.0165,9.362
449,12,60,0.984,0.000,0.0161,3.217
449,13,61,0.787,0.000,0.0158,0.629
449,14,62,2.559,0.000,0.0156,1.249
449,15,63,0.436,0.000,0.0155,0.629
450,0,49,0.644,0.000,0.0182,0.626
450,1,50,0.551,0.000,0.0180,1.239
450,2,51,0.242,0.000,0.0182,0.626
450,3,52,0.739,0.000,0.0180,1.239
450,4,53,3.468,258.819,0.0181,0.626
450,5,54,4.362,0.000,0.0181,25.739
450,6,55,5.294,241.181,0.0181,3.869
450,7,56,4.039,207.107,0.0178,23.210
450,8,57,4.374,158.918,0.0175,19.582
450,9,58,2.671,99.901,0.0172,14.897
450,10,59,0.834,34.075,0.0165,9.362
450,11,60,0.661,0.000,0.0161,3.217
450,12,61,0.656,0.000,0.0158,0.629
450,13,62,0.595,0.000,0.0156,1.249
450,14,63,0.524,0.000,0.0155,0.629
450,15,64,0.282,0.000,0.0157,1.249
451,0,50,0.558,0.000,0.0180,1.239
451,1,51,3.702,0.000,0.0182,0.626
451,2,52,0.544,0.000,0.0180,1.239
451,3,53,0.649,258.819,0.0181,0.626
451,4,54,1.537,0.000,0.0181,25.739
451,5,55,2.776,241.181,0.0181,3.869
451,6,56,1.349,207.107,0.0178,23.210
451,7,57,1.674,158.918,0.0175,19.582
451,8,58,1.453,99.901,0.0172,14.897
451,9,59,0.584,34.075,0.0165,9.362
451,10,60,0.711,0.000,0.0161,3.217
451,11,61,0.782,0.000,0.0158,0.629
451,12,62,0.800,0.000,0.0156,1.249
451,13,63,3.084,0.000,0.0155,0.629
451,14,64,2.732,0.000,0.0157,1.249
451,15,65,3.069,0.000,0.0155,0.630
452,0,51,2.547,0.000,0.0182,0.626
452,1,52,0.700,0.000,0.0180,1.239
452,2,53,1.083,258.819,0.0181,0.626
452,3,54,1.405,0.000,0.0181,25.739
452,4,55,1.507,241.181,0.0181,3.869
452,5,56,2.044,207.107,0.0178,23.210
452,6,57,2.338,158.918,0.0175,19.582
452,7,58,1.284,99.901,0.0172,14.897
452,8,59,0.852,34.075,0.0165,9.362
452,9,60,0.417,0.000,0.0161,3.217
452,10,61,0.242,0.000,0.0158,0.629
452,11,62,0.303,0.000,0.0156,1.249
452,12,63,0.543,0.000,0.0155,0.629
452,13,64,1.051,0.000,0.0157,1.249
452,14,65,0.408,0.000,0.0155,0.630
452,15,66,2.019,0.000,0.0156,1.249
453,0,52,0.392,0.000,0.0180,1.239
453,1,53,0.178,258.819,0.0181,0.626
453,2,54,0.683,0.000,0.0181,25.739
453,3,55,0.668,241.181,0.0181,3.869
453,4,56,0.801,207.107,0.0178,23.210
453,5,57,0.294,158.918,0.0175,19.582
453,6,58,0.437,99.901,0.0172,14.897
453,7,59,0.661,34.075,0.0165,9.362
453,8,60,0.527,0.000,0.0161,3.217
453,9,61,0.170,0.000,0.0158,0.629
453,10,62,0.373,0.000,0.0156,1.249
453,11,63,0.148,0.000,0.0155,0.629
453,12,64,0.069,0.000,0.0157,1.249
453,13,65,0.160,0.000,0.0155,0.630
453,14,66,0.414,0.000,0.0156,1.249
453,15,67,0.522,0.000,0.0157,0.631
454,0,53,0.737,258.819,0.0181,0.626
454,1,54,1.812,0.000,0.0181,25.739
454,2,55,1.420,241.181,0.0181,3.869
454,3,56,0.938,207.107,0.0178,23.210
454,4,57,1.877,158.918,0.0175,19.582
454,5,58,0.957,99.901,0.0172,14.897
454,6,59,0.685,34.075,0.0165,9.362
454,7,60,0.346,0.000,0.0161,3.217
454,8,61,0.694,0.000,0.0158,0.629
454,9,62,0.292,0.000,0.0156,1.249
454,10,63,0.494,0.000,0.0155,0.629
454,11,64,0.641,0.000,0.0157,1.249
454,12,65,1.012,0.000,0.0155,0.630
454,13,66,0.325,0.000,0.0156,1.249
454,14,67,0.458,0.000,0.0157,0.631
454,15,68,0.289,0.000,0.0156,1.250
455,0,54,5.072,0.000,0.0181,25.739
455,1,55,3.536,241.181,0.0181,3.869
455,2,56,3.529,207.107,0.0178,23.210
455,3,57,6.486,158.918,0.0175,19.582
455,4,58,4.255,99.901,0.0172,14.897
455,5,59,2.412,34.075,0.0165,9.362
455,6,60,1.110,0.000,0.0161,3.217
455,7,61,1.076,0.000,0.0158,0.629
455,8,62,0.401,0.000,0.0156,1.249
455,9,63,0.994,0.000,0.0155,0.629
455,10,64,0.772,0.000,0.0157,1.249
455,11,65,0.578,0.000,0.0155,0.630
455,12,66,0.191,0.000,0.0156,1.249
455,13,67,0.364,0.000,0.0157,0.631
455,14,68,0.786,0.000,0.0156,1.250
455,15,69,0.734,0.000,0.0156,0.629
456,0,55,1.456,241.181,0.0181,3.869
456,1,56,1.036,207.107,0.0178,23.210
456,2,57,0.781,158.918,0.0175,19.582
456,3,58,0.122,99.901,0.0172,14.897
456,4,59,0.425,34.075,0.0165,9.362
456,5,60,0.485,0.000,0.0161,3.217
456,6,61,0.372,0.000,0.0158,0.629
456,7,62,0.195,0.000,0.0156,1.249
456,8,63,0.205,0.000,0.0155,0.629
456,9,64,0.409,0.000,0.0157,1.249
456,10,65,0.547,0.000,0.0155,0.630
456,11,66,0.295,0.000,0.0156,1.249
456,12,67,0.395,0.000,0.0157,0.631
456,13,68,1.239,0.000,0.0156,1.250
456,14,69,0.309,0.000,0.0156,0.629
456,15,70,0.546,0.000,0.0154,1.248
457,0,56,1.087,207.107,0.0178,23.210
457,1,57,2.678,158.918,0.0175,19.582
457,2,58,2.229,99.901,0.0172,14.897
457,3,59,1.160,34.075,0.0165,9.362
457,4,60,2.035,0.000,0.0161,3.217
457,5,61,0.611,0.000,0.0158,0.629
457,6,62,1.545,0.000,0.0156,1.249
457,7,63,1.829,0.000,0.0155,0.629
457,8,64,0.882,0.000,0.0157,1.249
457,9,65,0.771,0.000,0.0155,0.630
457,10,66,1.062,0.000,0.0156,1.249
457,11,67,1.162,0.000,0.0157,0.631
457,12,68,0.763,0.000,0.0156,1.250
457,13,69,0.362,0.000,0.0156,0.629
457,14,70,1.546,0.000,0.0154,1.248
457,15,71,1.289,0.000,0.0155,0.629
458,0,57,2.168,158.918,0.0175,19.582
458,1,58,2.166,99.901,0.0172,14.897
458,2,59,1.140,34.075,0.0165,9.362
458,3,60,0.576,0.000,0.0161,3.217
458,4,61,0.697,0.000,0.0158,0.629
458,5,62,0.620,0.000,0.0156,1.249
458,6,63,0.563,0.000,0.0155,0.629
458,7,64,0.778,0.000,0.0157,1.249
458,8,65,0.884,0.000,0.0155,0.630
458,9,66,0.514,0.000,0.0156,1.249
458,10,67,0.918,0.000,0.0157,0.631
458,11,68,0.807,0.000,0.0156,1.250
458,12,69,0.838,0.000,0.0156,0.629
458,13,70,0.642,0.000,0.0154,1.248
458,14,71,0.447,0.000,0.0155,0.629
458,15,72,2.033,0.000,0.0154,1.248
459,0,58,0.232,99.901,0.0172,14.897
459,1,59,0.293,34.075,0.0165,9.362
459,2,60,0.335,0.000,0.0161,3.217
459,3,61,0.328,0.000,0.0158,0.629
459,4,62,0.517,0.000,0.0156,1.249
459,5,63,0.372,0.000,0.0155,0.629
459,6,64,0.297,0.000,0.0157,1.249
459,7,65,0.083,0.000,0.0155,0.630
459,8,66,0.419,0.000,0.0156,1.249
459,9,67,0.182,0.000,0.0157,0.631
459,10,68,0.289,0.000,0.0156,1.250
459,11,69,0.243,0.000,0.0156,0.629
459,12,70,0.303,0.000,0.0154,1.248
459,13,71,0.130,0.000,0.0155,0.629
459,14,72,0.371,0.000,0.0154,1.248
459,15,73,0.204,0.000,0.0156,0.630
460,0,59,0.191,34.075,0.0165,9.362
460,1,60,2.444,0.000,0.0161,3.217
460,2,61,0.259,0.000,0.0158,0.629
460,3,62,0.207,0.000,0.0156,1.249
460,4,63,0.701,0.000,0.0155,0.629
460,5,64,0.140,0.000,0.0157,1.249
460,6,65,0.370,0.000,0.0155,0.630
460,7,66,0.254,0.000,0.0156,1.249
460,8,67,0.225,0.000,0.0157,0.631
460,9,68,0.246,0.000,0.0156,1.250
460,10,69,0.252,0.000,0.0156,0.629
460,11,70,0.127,0.000,0.0154,1.248
460,12,71,0.315,0.000,0.0155,0.629
460,13,72,0.329,0.000,0.0154,1.248
460,14,73,0.327,0.000,0.0156,0.630
460,15,74,0.269,0.000,0.0154,1.249
461,0,60,0.596,0.000,0.0161,3.217
461,1,61,0.675,0.000,0.0158,0.629
461,2,62,0.326,0.000,0.0156,1.249
461,3,63,0.597,0.000,0.0155,0.629
461,4,64,0.268,0.000,0.0157,1.249
461,5,65,0.368,0.000,0.0155,0.630
461,6,66,0.175,0.000,0.0156,1.249
461,7,67,0.675,0.000,0.0157,0.631
461,8,68,0.705,0.000,0.0156,1.250
461,9,69,0.318,0.000,0.0156,0.629
461,10,70,0.246,0.000,0.0154,1.248
461,11,71,0.633,0.000,0.0155,0.629
461,12,72,0.607,0.000,0.0154,1.248
461,13,73,0.409,0.000,0.0156,0.630
461,14,74,0.155,0.000,0.0154,1.249
461,15,75,0.231,0.000,0.0156,0.629
462,0,61,2.230,0.000,0.0158,0.629
462,1,62,0.364,0.000,0.0156,1.249
462,2,63,0.305,0.000,0.0155,0.629
462,3,64,0.139,0.000,0.0157,1.249
462,4,65,0.501,0.000,0.0155,0.630
462,5,66,0.298,0.000,0.0156,1.249
462,6,67,0.466,0.000,0.0157,0.631
462,7,68,0.547,0.000,0.0156,1.250
462,8,69,0.508,0.000,0.0156,0.629
462,9,70,0.546,0.000,0.0154,1.248
462,10,71,0.814,0.000,0.0155,0.629
462,11,72,0.384,0.000,0.0154,1.248
462,12,73,1.011,0.000,0.0156,0.630
462,13,74,0.759,0.000,0.0154,1.249
462,14,75,0.687,0.000,0.0156,0.629
462,15,76,0.732,0.000,0.0154,0.623
463,0,62,0.111,0.000,0.0156,1.249
463,1,63,0.166,0.000,0.0155,0.629
463,2,64,0.326,0.000,0.0157,1.249
463,3,65,0.506,0.000,0.0155,0.630
463,4,66,0.219,0.000,0.0156,1.249
463,5,67,0.364,0.000,0.0157,0.631
463,6,68,0.215,0.000,0.0156,1.250
463,7,69,0.451,0.000,0.0156,0.629
463,8,70,0.501,0.000,0.0154,1.248
463,9,71,0.783,0.000,0.0155,0.629
463,10,72,0.519,0.000,0.0154,1.248
463,11,73,0.804,0.000,0.0156,0.630
463,12,74,0.264,0.000,0.0154,1.249
463,13,75,0.617,0.000,0.0156,0.629
463,14,76,0.444,0.000,0.0154,0.623
463,15,77,1.179,1000.000,0.0110,0.621
464,0,63,2.122,0.000,0.0155,0.629
464,1,64,3.787,0.000,0.0157,1.249
464,2,65,1.787,0.000,0.0155,0.630
464,3,66,0.446,0.000,0.0156,1.249
464,4,67,1.059,0.000,0.0157,0.631
464,5,68,0.632,0.000,0.0156,1.250
464,6,69,1.069,0.000,0.0156,0.629
464,7,70,1.116,0.000,0.0154,1.248
464,8,71,0.737,0.000,0.0155,0.629
464,9,72,0.863,0.000,0.0154,1.248
464,10,73,0.673,0.000,0.0156,0.630
464,11,74,1.328,0.000,0.0154,1.249
464,12,75,1.021,0.000,0.0156,0.629
464,13,76,0.829,0.000,0.0154,0.623
464,14,77,1.274,1000.000,0.0110,0.621
464,15,78,1.225,19.442,0.0110,1.944
465,0,64,2.668,0.000,0.0157,1.249
465,1,65,0.240,0.000,0.0155,0.630
465,2,66,1.397,0.000,0.0156,1.249
465,3,67,0.611,0.000,0.0157,0.631
465,4,68,0.246,0.000,0.0156,1.250
465,5,69,0.585,0.000,0.0156,0.629
465,6,70,0.213,0.000,0.0154,1.248
465,7,71,0.296,0.000,0.0155,0.629
465,8,72,0.501,0.000,0.0154,1.248
465,9,73,0.329,0.000,0.0156,0.630
465,10,74,0.522,0.000,0.0154,1.249
465,11,75,0.432,0.000,0.0156,0.629
465,12,76,0.535,0.000,0.0154,0.623
465,13,77,0.714,1000.000,0.0110,0.621
465,14,78,0.787,19.442,0.0110,1.944
466,0,65,0.053,0.000,0.0155,0.630
466,1,66,1.841,0.000,0.0156,1.249
466,2,67,0.497,0.000,0.0157,0.631
466,3,68,0.117,0.000,0.0156,1.250
466,4,69,0.296,0.000,0.0156,0.629
466,5,70,0.084,0.000,0.0154,1.248
466,6,71,0.385,0.000,0.0155,0.629
466,7,72,0.762,0.000,0.0154,1.248
466,8,73,0.510,0.000,0.0156,0.630
466,9,74,0.308,0.000,0.0154,1.249
466,10,75,0.441,0.000,0.0156,0.629
466,11,76,0.069,0.000,0.0154,0.623
466,12,77,0.609,1000.000,0.0110,0.621
466,13,78,0.503,19.442,0.0110,1.944
467,0,66,0.236,0.000,0.0156,1.249
467,1,67,0.398,0.000,0.0157,0.631
467,2,68,0.345,0.000,0.0156,1.250
467,3,69,0.937,0.000,0.0156,0.629
467,4,70,0.390,0.000,0.0154,1.248
467,5,71,1.466,0.000,0.0155,0.629
467,6,72,1.620,0.000,0.0154,1.248
467,7,73,1.578,0.000,0.0156,0.630
467,8,74,0.516,0.000,0.0154,1.249
467,9,75,1.288,0.000,0.0156,0.629
467,10,76,0.502,0.000,0.0154,0.623
467,11,77,1.438,1000.000,0.0110,0.621
467,12,78,1.021,19.442,0.0110,1.944
468,0,67,0.279,0.000,0.0157,0.631
468,1,68,0.471,0.000,0.0156,1.250
468,2,69,0.477,0.000,0.0156,0.629
468,3,70,0.464,0.000,0.0154,1.248
468,4,71,0.820,0.000,0.0155,0.629
468,5,72,0.718,0.000,0.0154,1.248
468,6,73,0.483,0.000,0.0156,0.630
468,7,74,0.960,0.000,0.0154,1.249
468,8,75,0.429,0.000,0.0156,0.629
468,9,76,0.652,0.000,0.0154,0.623
468,10,77,1.161,1000.000,0.0110,0.621
468,11,78,0.828,19.442,0.0110,1.944
469,0,68,0.492,0.000,0.0156,1.250
469,1,69,0.482,0.000,0.0156,0.629
469,2,70,0.466,0.000,0.0154,1.248
469,3,71,0.284,0.000,0.0155,0.629
469,4,72,0.458,0.000,0.0154,1.248
469,5,73,0.133,0.000,0.0156,0.630
469,6,74,0.132,0.000,0.0154,1.249
469,7,75,0.292,0.000,0.0156,0.629
469,8,76,0.490,0.000,0.0154,0.623
469,9,77,0.080,1000.000,0.0110,0.621
469,10,78,0.155,19.442,0.0110,1.944
470,0,69,0.480,0.000,0.0156,0.629
470,1,70,0.653,0.000,0.0154,1.248
470,2,71,0.354,0.000,0.0155,0.629
470,3,72,0.494,0.000,0.0154,1.248
470,4,73,0.428,0.000,0.0156,0.630
470,5,74,0.618,0.000,0.0154,1.249
470,6,75,0.424,0.000,0.0156,0.629
470,7,76,0.554,0.000,0.0154,0.623
470,8,77,0.834,1000.000,0.0110,0.621
470,9,78,0.457,19.442,0.0110,1.944
471,0,70,0.845,0.000,0.0154,1.248
471,1,71,0.278,0.000,0.0155,0.629
471,2,72,0.118,0.000,0.0154,1.248
471,3,73,0.370,0.000,0.0156,0.630
471,4,74,0.635,0.000,0.0154,1.249
471,5,75,0.249,0.000,0.0156,0.629
471,6,76,0.415,0.000,0.0154,0.623
471,7,77,0.923,1000.000,0.0110,0.621
471,8,78,0.416,19.442,0.0110,1.944
472,0,71,0.461,0.000,0.0155,0.629
472,1,72,0.875,0.000,0.0154,1.248
472,2,73,1.788,0.000,0.0156,0.630
472,3,74,0.208,0.000,0.0154,1.249
472,4,75,1.395,0.000,0.0156,0.629
472,5,76,0.871,0.000,0.0154,0.623
472,6,77,1.286,1000.000,0.0110,0.621
472,7,78,1.498,19.442,0.0110,1.944
473,0,72,0.448,0.000,0.0154,1.248
473,1,73,0.400,0.000,0.0156,0.630
473,2,74,0.347,0.000,0.0154,1.249
473,3,75,0.441,0.000,0.0156,0.629
473,4,76,0.874,0.000,0.0154,0.623
473,5,77,0.793,1000.000,0.0110,0.621
473,6,78,0.792,19.442,0.0110,1.944
474,0,73,0.402,0.000,0.0156,0.630
474,1,74,0.424,0.000,0.0154,1.249
474,2,75,0.626,0.000,0.0156,0.629
474,3,76,0.948,0.000,0.0154,0.623
474,4,77,1.032,1000.000,0.0110,0.621
474,5,78,0.515,19.442,0.0110,1.944
475,0,74,0.683,0.000,0.0154,1.249
475,1,75,0.381,0.000,0.0156,0.629
475,2,76,1.219,0.000,0.0154,0.623
475,3,77,0.467,1000.000,0.0110,0.621
475,4,78,2.027,19.442,0.0110,1.944
476,0,75,0.551,0.000,0.0156,0.629
476,1,76,0.830,0.000,0.0154,0.623
476,2,77,0.776,1000.000,0.0110,0.621
476,3,78,0.921,19.442,0.0110,1.944
477,0,76,0.825,0.000,0.0154,0.623
477,1,77,1.227,1000.000,0.0110,0.621
477,2,78,1.217,19.442,0.0110,1.944
478,0,77,0.997,1000.000,0.0110,0.621
478,1,78,3.292,19.442,0.0110,1.944
479,0,78,1.877,19.442,0.0110,1.944
481,0,0,0.403,1000.000,0.0107,1.747
481,1,1,0.799,33.518,0.0118,3.352
481,2,2,0.913,33.558,2.7132,3.356
481,3,3,0.339,1596.026,0.0137,159.603
481,4,4,1.056,1494.033,6.3739,149.403
481,5,5,1.678,956.106,4.4877,95.611
481,6,6,1.418,484.400,2.4004,48.440
481,7,7,0.336,0.020,0.0298,0.002
481,8,8,0.714,0.000,0.0304,0.000
481,9,9,0.614,0.000,0.0304,0.000
481,10,10,0.744,0.000,0.0304,0.000
481,11,11,0.574,0.000,0.0304,0.000
481,12,12,0.386,0.000,0.0304,0.000
481,13,13,1.201,0.000,0.0304,0.000
481,14,14,0.111,0.000,0.0304,0.000
481,15,15,0.219,0.000,0.0304,0.000
482,0,1,3.693,33.518,0.0118,3.352
482,1,2,3.530,33.558,2.7132,3.356
482,2,3,2.647,1596.026,0.0137,159.603
482,3,4,4.163,1494.033,6.3739,149.403
482,4,5,1.077,956.106,4.4877,95.611
482,5,6,3.031,484.400,2.4004,48.440
482,6,7,2.670,0.020,0.0298,0.002
482,7,8,3.197,0.000,0.0304,0.000
482,8,9,3.738,0.000,0.0304,0.000
482,9,10,4.672,0.000,0.0304,0.000
482,10,11,1.190,0.000,0.0304,0.000
482,11,12,1.044,0.000,0.0304,0.000
482,12,13,3.313,0.000,0.0304,0.000
482,13,14,1.634,0.000,0.0304,0.000
482,14,15,2.979,0.000,0.0304,0.000
482,15,16,1.472,3806.015,0.0304,0.000
483,0,2,1.202,33.558,2.7132,3.356
483,1,3,1.355,1596.026,0.0137,159.603
483,2,4,1.266,1494.033,6.3739,149.403
483,3,5,0.987,956.106,4.4877,95.611
483,4,6,4.575,484.400,2.4004,48.440
483,5,7,1.603,0.020,0.0298,0.002
483,6,8,1.466,0.000,0.0304,0.000
483,7,9,1.157,0.000,0.0304,0.000
483,8,10,1.074,0.000,0.0304,0.000
483,9,11,1.510,0.000,0.0304,0.000
483,10,12,0.642,0.000,0.0304,0.000
483,11,13,0.882,0.000,0.0304,0.000
483,12,14,1.411,0.000,0.0304,0.000
483,13,15,2.290,0.000,0.0304,0.000
483,14,16,4.664,3806.015,0.0304,0.000
483,15,17,1.529,0.000,0.0304,380.601
484,0,3,1.824,1596.026,0.0137,159.603
484,1,4,1.572,1494.033,6.3739,149.403
484,2,5,4.675,956.106,4.4877,95.611
484,3,6,4.911,484.400,2.4004,48.440
484,4,7,1.344,0.020,0.0298,0.002
484,5,8,1.087,0.000,0.0304,0.000
484,6,9,0.846,0.000,0.0304,0.000
484,7,10,0.584,0.000,0.0304,0.000
484,8,11,0.404,0.000,0.0304,0.000
484,9,12,0.369,0.000,0.0304,0.000
484,10,13,0.929,0.000,0.0304,0.000
484,11,14,0.236,0.000,0.0304,0.000
484,12,15,0.914,0.000,0.0304,0.000
484,13,16,1.577,3806.015,0.0304,0.000
484,14,17,2.797,0.000,0.0304,380.601
484,15,18,0.591,0.000,0.0304,201.316
485,0,4,1.219,1494.033,6.3739,149.403
485,1,5,0.452,956.106,4.4877,95.611
485,2,6,3.797,484.400,2.4004,48.440
485,3,7,3.577,0.020,0.0298,0.002
485,4,8,1.089,0.000,0.0304,0.000
485,5,9,1.181,0.000,0.0304,0.000
485,6,10,1.142,0.000,0.0304,0.000
485,7,11,0.984,0.000,0.0304,0.000
485,8,12,0.820,0.000,0.0304,0.000
485,9,13,1.364,0.000,0.0304,0.000
485,10,14,0.542,0.000,0.0304,0.000
485,11,15,1.501,0.000,0.0304,0.000
485,12,16,0.847,3806.015,0.0304,0.000
485,13,17,0.777,0.000,0.0304,380.601
485,14,18,0.980,0.000,0.0304,201.316
485,15,19,0.478,0.000,5.7607,76.420
486,0,5,2.717,956.106,4.4877,95.611
486,1,6,8.089,484.400,2.4004,48.440
486,2,7,1.264,0.020,0.0298,0.002
486,3,8,1.079,0.000,0.0304,0.000
486,4,9,1.546,0.000,0.0304,0.000
486,5,10,0.396,0.000,0.0304,0.000
486,6,11,0.549,0.000,0.0304,0.000
486,7,12,0.256,0.000,0.0304,0.000
486,8,13,0.773,0.000,0.0304,0.000
486,9,14,0.675,0.000,0.0304,0.000
486,10,15,0.449,0.000,0.0304,0.000
486,11,16,0.796,3806.015,0.0304,0.000
486,12,17,0.861,0.000,0.0304,380.601
486,13,18,0.608,0.000,0.0304,201.316
486,14,19,0.694,0.000,5.7607,76.420
486,15,20,0.727,258.819,3.6098,0.966
487,0,6,1.216,484.400,2.4004,48.440
487,1,7,0.767,0.020,0.0298,0.002
487,2,8,0.216,0.000,0.0304,0.000
487,3,9,0.658,0.000,0.0304,0.000
487,4,10,0.377,0.000,0.0304,0.000
487,5,11,0.315,0.000,0.0304,0.000
487,6,12,0.694,0.000,0.0304,0.000
487,7,13,0.653,0.000,0.0304,0.000
487,8,14,0.818,0.000,0.0304,0.000
487,9,15,0.503,0.000,0.0304,0.000
487,10,16,0.279,3806.015,0.0304,0.000
487,11,17,0.504,0.000,0.0304,380.601
487,12,18,0.963,0.000,0.0304,201.316
487,13,19,0.472,0.000,5.7607,76.420
487,14,20,0.957,258.819,3.6098,0.966
487,15,21,0.223,0.000,0.3203,26.388
488,0,7,1.901,0.020,0.0298,0.002
488,1,8,0.648,0.000,0.0304,0.000
488,2,9,0.572,0.000,0.0304,0.000
488,3,10,0.436,0.000,0.0304,0.000
488,4,11,0.904,0.000,0.0304,0.000
488,5,12,0.291,0.000,0.0304,0.000
488,6,13,0.153,0.000,0.0304,0.000
488,7,14,0.677,0.000,0.0304,0.000
488,8,15,1.155,0.000,0.0304,0.000
488,9,16,1.150,3806.015,0.0304,0.000
488,10,17,0.785,0.000,0.0304,380.601
488,11,18,0.890,0.000,0.0304,201.316
488,12,19,0.462,0.000,5.7607,76.420
488,13,20,1.040,258.819,3.6098,0.966
488,14,21,2.389,0.000,0.3203,26.388
488,15,22,0.540,241.181,0.0140,2.600
489,0,8,0.532,0.000,0.0304,0.000
489,1,9,0.629,0.000,0.0304,0.000
489,2,10,0.599,0.000,0.0304,0.000
489,3,11,0.707,0.000,0.0304,0.000
489,4,12,1.180,0.000,0.0304,0.000
489,5,13,0.625,0.000,0.0304,0.000
489,6,14,0.219,0.000,0.0304,0.000
489,7,15,0.868,0.000,0.0304,0.000
489,8,16,0.193,3806.015,0.0304,0.000
489,9,17,0.872,0.000,0.0304,380.601
489,10,18,0.364,0.000,0.0304,201.316
489,11,19,0.541,0.000,5.7607,76.420
489,12,20,0.893,258.819,3.6098,0.966
489,13,21,0.553,0.000,0.3203,26.388
489,14,22,0.362,241.181,0.0140,2.600
489,15,23,3.308,0.000,0.0135,23.894
490,0,9,1.078,0.000,0.0304,0.000
490,1,10,0.281,0.000,0.0304,0.000
490,2,11,0.973,0.000,0.0304,0.000
490,3,12,0.710,0.000,0.0304,0.000
490,4,13,0.343,0.000,0.0304,0.000
490,5,14,0.991,0.000,0.0304,0.000
490,6,15,1.186,0.000,0.0304,0.000
490,7,16,1.368,3806.015,0.0304,0.000
490,8,17,0.986,0.000,0.0304,380.601
490,9,18,0.466,0.000,0.0304,201.316
490,10,19,0.848,0.000,5.7607,76.420
490,11,20,0.879,258.819,3.6098,0.966
490,12,21,0.659,0.000,0.3203,26.388
490,13,22,0.178,241.181,0.0140,2.600
490,14,23,0.799,0.000,0.0135,23.894
490,15,24,0.810,207.107,0.0135,3.322
491,0,10,0.765,0.000,0.0304,0.000
491,1,11,0.680,0.000,0.0304,0.000
491,2,12,1.678,0.000,0.0304,0.000
491,3,13,0.691,0.000,0.0304,0.000
491,4,14,0.505,0.000,0.0304,0.000
491,5,15,1.790,0.000,0.0304,0.000
491,6,16,1.379,3806.015,0.0304,0.000
491,7,17,0.293,0.000,0.0304,380.601
491,8,18,1.046,0.000,0.0304,201.316
491,9,19,1.271,0.000,5.7607,76.420
491,10,20,0.803,258.819,3.6098,0.966
491,11,21,0.817,0.000,0.3203,26.388
491,12,22,0.380,241.181,0.0140,2.600
491,13,23,0.357,0.000,0.0135,23.894
491,14,24,0.440,207.107,0.0135,3.322
491,15,25,0.803,158.919,0.0128,20.201
492,0,11,1.936,0.000,0.0304,0.000
492,1,12,4.307,0.000,0.0304,0.000
492,2,13,0.858,0.000,0.0304,0.000
492,3,14,0.787,0.000,0.0304,0.000
492,4,15,1.148,0.000,0.0304,0.000
492,5,16,0.890,3806.015,0.0304,0.000
492,6,17,0.277,0.000,0.0304,380.601
492,7,18,1.498,0.000,0.0304,201.316
492,8,19,1.383,0.000,5.7607,76.420
492,9,20,1.121,258.819,3.6098,0.966
492,10,21,2.316,0.000,0.3203,26.388
492,11,22,0.737,241.181,0.0140,2.600
492,12,23,3.445,0.000,0.0135,23.894
492,13,24,1.143,207.107,0.0135,3.322
492,14,25,1.549,158.919,0.0128,20.201
492,15,26,4.605,99.900,0.0128,15.355
493,0,12,0.952,0.000,0.0304,0.000
493,1,13,1.074,0.000,0.0304,0.000
493,2,14,0.843,0.000,0.0304,0.000
493,3,15,0.547,0.000,0.0304,0.000
493,4,16,1.345,3806.015,0.0304,0.000
493,5,17,1.446,0.000,0.0304,380.601
493,6,18,0.438,0.000,0.0304,201.316
493,7,19,0.451,0.000,5.7607,76.420
493,8,20,0.910,258.819,3.6098,0.966
493,9,21,0.498,0.000,0.3203,26.388
493,10,22,0.462,241.181,0.0140,2.600
493,11,23,0.604,0.000,0.0135,23.894
493,12,24,1.349,207.107,0.0135,3.322
493,13,25,0.389,158.919,0.0128,20.201
493,14,26,0.604,99.900,0.0128,15.355
493,15,27,1.638,34.075,0.0122,9.606
494,0,13,2.816,0.000,0.0304,0.000
494,1,14,1.521,0.000,0.0304,0.000
494,2,15,1.041,0.000,0.0304,0.000
494,3,16,379.267,3806.015,0.0304,0.000
494,4,17,1.280,0.000,0.0304,380.601
494,5,18,0.617,0.000,0.0304,201.316
494,6,19,0.898,0.000,5.7607,76.420
494,7,20,26.137,258.819,3.6098,0.966
494,8,21,1.118,0.000,0.3203,26.388
494,9,22,23.860,241.181,0.0140,2.600
494,10,23,1.278,0.000,0.0135,23.894
494,11,24,20.631,207.107,0.0135,3.322
494,12,25,15.662,158.919,0.0128,20.201
494,13,26,9.945,99.900,0.0128,15.355
494,14,27,3.062,34.075,0.0122,9.606
494,15,28,1.346,0.000,0.0117,3.239
495,0,14,0.758,0.000,0.0304,0.000
495,1,15,0.559,0.000,0.0304,0.000
495,2,16,0.903,3806.015,0.0304,0.000
495,3,17,0.994,0.000,0.0304,380.601
495,4,18,0.659,0.000,0.0304,201.316
495,5,19,0.491,0.000,5.7607,76.420
495,6,20,0.561,258.819,3.6098,0.966
495,7,21,0.292,0.000,0.3203,26.388
495,8,22,0.802,241.181,0.0140,2.600
495,9,23,0.117,0.000,0.0135,23.894
495,10,24,0.336,207.107,0.0135,3.322
495,11,25,0.720,158.919,0.0128,20.201
495,12,26,0.632,99.900,0.0128,15.355
495,13,27,0.786,34.075,0.0122,9.606
495,14,28,1.222,0.000,0.0117,3.239
495,15,29,0.772,0.000,0.0114,3.215
496,0,15,2.067,0.000,0.0304,0.000
496,1,16,380.810,3806.015,0.0304,0.000
496,2,17,0.812,0.000,0.0304,380.601
496,3,18,0.735,0.000,0.0304,201.316
496,4,19,0.332,0.000,5.7607,76.420
496,5,20,25.779,258.819,3.6098,0.966
496,6,21,0.452,0.000,0.3203,26.388
496,7,22,24.041,241.181,0.0140,2.600
496,8,23,0.045,0.000,0.0135,23.894
496,9,24,20.790,207.107,0.0135,3.322
496,10,25,15.898,158.919,0.0128,20.201
496,11,26,10.256,99.900,0.0128,15.355
496,12,27,3.107,34.075,0.0122,9.606
496,13,28,0.975,0.000,0.0117,3.239
496,14,29,0.852,0.000,0.0114,3.215
496,15,30,2.424,0.000,0.0544,3.230
497,0,16,0.781,3806.015,0.0304,0.000
497,1,17,380.745,0.000,0.0304,380.601
497,2,18,0.679,0.000,0.0304,201.316
497,3,19,0.632,0.000,5.7607,76.420
497,4,20,0.095,258.819,3.6098,0.966
497,5,21,25.934,0.000,0.3203,26.388
497,6,22,0.329,241.181,0.0140,2.600
497,7,23,23.725,0.000,0.0135,23.894
497,8,24,0.128,207.107,0.0135,3.322
497,9,25,20.595,158.919,0.0128,20.201
497,10,26,16.196,99.900,0.0128,15.355
497,11,27,9.859,34.075,0.0122,9.606
497,12,28,3.994,0.000,0.0117,3.239
497,13,29,0.267,0.000,0.0114,3.215
497,14,30,0.523,0.000,0.0544,3.230
497,15,31,0.310,0.000,0.0706,3.407
498,0,17,5.528,0.000,0.0304,380.601
498,1,18,1.100,0.000,0.0304,201.316
498,2,19,0.406,0.000,5.7607,76.420
498,3,20,1.216,258.819,3.6098,0.966
498,4,21,1.187,0.000,0.3203,26.388
498,5,22,1.109,241.181,0.0140,2.600
498,6,23,0.401,0.000,0.0135,23.894
498,7,24,0.983,207.107,0.0135,3.322
498,8,25,1.258,158.919,0.0128,20.201
498,9,26,0.482,99.900,0.0128,15.355
498,10,27,1.508,34.075,0.0122,9.606
498,11,28,0.989,0.000,0.0117,3.239
498,12,29,0.637,0.000,0.0114,3.215
498,13,30,0.504,0.000,0.0544,3.230
498,14,31,0.821,0.000,0.0706,3.407
498,15,32,0.519,0.000,0.0655,3.267
499,0,18,0.178,0.000,0.0304,201.316
499,1,19,0.221,0.000,5.7607,76.420
499,2,20,0.417,258.819,3.6098,0.966
499,3,21,25.566,0.000,0.3203,26.388
499,4,22,0.758,241.181,0.0140,2.600
499,5,23,24.461,0.000,0.0135,23.894
499,6,24,0.289,207.107,0.0135,3.322
499,7,25,20.524,158.919,0.0128,20.201
499,8,26,16.267,99.900,0.0128,15.355
499,9,27,10.173,34.075,0.0122,9.606
499,10,28,3.457,0.000,0.0117,3.239
499,11,29,0.536,0.000,0.0114,3.215
499,12,30,0.437,0.000,0.0544,3.230
499,13,31,0.435,0.000,0.0706,3.407
499,14,32,0.270,0.000,0.0655,3.267
499,15,33,0.938,0.000,0.0249,3.422
500,0,19,0.351,0.000,5.7607,76.420
500,1,20,0.584,258.819,3.6098,0.966
500,2,21,0.382,0.000,0.3203,26.388
500,3,22,0.124,241.181,0.0140,2.600
500,4,23,0.287,0.000,0.0135,23.894
500,5,24,0.278,207.107,0.0135,3.322
500,6,25,0.134,158.919,0.0128,20.201
500,7,26,0.264,99.900,0.0128,15.355
500,8,27,0.546,34.075,0.0122,9.606
500,9,28,0.653,0.000,0.0117,3.239
500,10,29,0.148,0.000,0.0114,3.215
500,11,30,0.805,0.000,0.0544,3.230
500,12,31,0.260,0.000,0.0706,3.407
500,13,32,0.350,0.000,0.0655,3.267
500,14,33,0.072,0.000,0.0249,3.422
500,15,34,0.509,0.000,0.0191,3.288
501,0,20,0.435,258.819,3.6098,0.966
501,1,21,0.526,0.000,0.3203,26.388
501,2,22,0.441,241.181,0.0140,2.600
501,3,23,0.514,0.000,0.0135,23.894
501,4,24,0.312,207.107,0.0135,3.322
501,5,25,0.131,158.919,0.0128,20.201
501,6,26,0.974,99.900,0.0128,15.355
501,7,27,0.425,34.075,0.0122,9.606
501,8,28,0.292,0.000,0.0117,3.239
501,9,29,0.401,0.000,0.0114,3.215
501,10,30,0.548,0.000,0.0544,3.230
501,11,31,0.124,0.000,0.0706,3.407
501,12,32,0.354,0.000,0.0655,3.267
501,13,33,0.529,0.000,0.0249,3.422
501,14,34,0.189,0.000,0.0191,3.288
501,15,35,0.225,0.000,0.0242,3.398
502,0,21,0.243,0.000,0.3203,26.388
502,1,22,0.517,241.181,0.0140,2.600
502,2,23,0.406,0.000,0.0135,23.894
502,3,24,0.149,207.107,0.0135,3.322
502,4,25,0.622,158.919,0.0128,20.201
502,5,26,0.507,99.900,0.0128,15.355
502,6,27,0.336,34.075,0.0122,9.606
502,7,28,0.305,0.000,0.0117,3.239
502,8,29,0.502,0.000,0.0114,3.215
502,9,30,0.211,0.000,0.0544,3.230
502,10,31,0.372,0.000,0.0706,3.407
502,11,32,0.198,0.000,0.0655,3.267
502,12,33,0.343,0.000,0.0249,3.422
502,13,34,0.472,0.000,0.0191,3.288
502,14,35,0.098,0.000,0.0242,3.398
502,15,36,0.318,0.000,0.0202,3.275
503,0,22,0.423,241.181,0.0140,2.600
503,1,23,1.225,0.000,0.0135,23.894
503,2,24,0.229,207.107,0.0135,3.322
503,3,25,0.761,158.919,0.0128,20.201
503,4,26,0.390,99.900,0.0128,15.355
503,5,27,0.501,34.075,0.0122,9.606
503,6,28,0.419,0.000,0.0117,3.239
503,7,29,0.559,0.000,0.0114,3.215
503,8,30,0.361,0.000,0.0544,3.230
503,9,31,0.633,0.000,0.0706,3.407
503,10,32,1.114,0.000,0.0655,3.267
503,11,33,1.271,0.000,0.0249,3.422
503,12,34,1.194,0.000,0.0191,3.288
503,13,35,0.976,0.000,0.0242,3.398
503,14,36,0.424,0.000,0.0202,3.275
503,15,37,0.124,0.000,0.0402,3.441
504,0,23,1.455,0.000,0.0135,23.894
504,1,24,0.524,207.107,0.0135,3.322
504,2,25,0.637,158.919,0.0128,20.201
504,3,26,0.243,99.900,0.0128,15.355
504,4,27,0.542,34.075,0.0122,9.606
504,5,28,0.694,0.000,0.0117,3.239
504,6,29,0.059,0.000,0.0114,3.215
504,7,30,0.339,0.000,0.0544,3.230
504,8,31,0.638,0.000,0.0706,3.407
504,9,32,0.122,0.000,0.0655,3.267
504,10,33,1.194,0.000,0.0249,3.422
504,11,34,0.799,0.000,0.0191,3.288
504,12,35,0.362,0.000,0.0242,3.398
504,13,36,0.792,0.000,0.0202,3.275
504,14,37,0.402,0.000,0.0402,3.441
504,15,38,0.656,0.000,0.0371,3.266
505,0,24,0.371,207.107,0.0135,3.322
505,1,25,0.091,158.919,0.0128,20.201
505,2,26,0.239,99.900,0.0128,15.355
505,3,27,0.288,34.075,0.0122,9.606
505,4,28,0.550,0.000,0.0117,3.239
505,5,29,0.102,0.000,0.0114,3.215
505,6,30,0.193,0.000,0.0544,3.230
505,7,31,0.218,0.000,0.0706,3.407
505,8,32,0.267,0.000,0.0655,3.267
505,9,33,0.448,0.000,0.0249,3.422
505,10,34,0.091,0.000,0.0191,3.288
505,11,35,0.342,0.000,0.0242,3.398
505,12,36,0.242,0.000,0.0202,3.275
505,13,37,0.392,0.000,0.0402,3.441
505,14,38,0.205,0.000,0.0371,3.266
505,15,39,0.345,1000.000,0.0154,3.359
506,0,25,0.382,158.919,0.0128,20.201
506,1,26,1.218,99.900,0.0128,15.355
506,2,27,0.243,34.075,0.0122,9.606
506,3,28,0.788,0.000,0.0117,3.239
506,4,29,0.330,0.000,0.0114,3.215
506,5,30,0.536,0.000,0.0544,3.230
506,6,31,0.105,0.000,0.0706,3.407
506,7,32,0.327,0.000,0.0655,3.267
506,8,33,0.859,0.000,0.0249,3.422
506,9,34,0.426,0.000,0.0191,3.288
506,10,35,0.372,0.000,0.0242,3.398
506,11,36,0.319,0.000,0.0202,3.275
506,12,37,0.440,0.000,0.0402,3.441
506,13,38,0.443,0.000,0.0371,3.266
506,14,39,0.352,1000.000,0.0154,3.359
506,15,40,1.396,0.000,0.0215,4.280
507,0,26,1.669,99.900,0.0128,15.355
507,1,27,0.682,34.075,0.0122,9.606
507,2,28,1.176,0.000,0.0117,3.239
507,3,29,0.814,0.000,0.0114,3.215
507,4,30,0.243,0.000,0.0544,3.230
507,5,31,0.614,0.000,0.0706,3.407
507,6,32,0.555,0.000,0.0655,3.267
507,7,33,0.710,0.000,0.0249,3.422
507,8,34,0.850,0.000,0.0191,3.288
507,9,35,0.232,0.000,0.0242,3.398
507,10,36,1.068,0.000,0.0202,3.275
507,11,37,0.721,0.000,0.0402,3.441
507,12,38,0.312,0.000,0.0371,3.266
507,13,39,0.577,1000.000,0.0154,3.359
507,14,40,1.233,0.000,0.0215,4.280
507,15,41,129.534,1035.567,2.0233,0.604
508,0,27,0.371,34.075,0.0122,9.606
508,1,28,0.586,0.000,0.0117,3.239
508,2,29,0.171,0.000,0.0114,3.215
508,3,30,0.346,0.000,0.0544,3.230
508,4,31,0.683,0.000,0.0706,3.407
508,5,32,0.118,0.000,0.0655,3.267
508,6,33,0.357,0.000,0.0249,3.422
508,7,34,0.380,0.000,0.0191,3.288
508,8,35,0.597,0.000,0.0242,3.398
508,9,36,0.314,0.000,0.0202,3.275
508,10,37,0.693,0.000,0.0402,3.441
508,11,38,0.728,0.000,0.0371,3.266
508,12,39,0.394,1000.000,0.0154,3.359
508,13,40,0.822,0.000,0.0215,4.280
508,14,41,122.640,1035.567,2.0233,0.604
508,15,42,0.704,0.000,0.0237,102.198
509,0,28,0.418,0.000,0.0117,3.239
509,1,29,0.509,0.000,0.0114,3.215
509,2,30,0.532,0.000,0.0544,3.230
509,3,31,0.276,0.000,0.0706,3.407
509,4,32,0.636,0.000,0.0655,3.267
509,5,33,0.513,0.000,0.0249,3.422
509,6,34,0.927,0.000,0.0191,3.288
509,7,35,0.529,0.000,0.0242,3.398
509,8,36,0.766,0.000,0.0202,3.275
509,9,37,0.673,0.000,0.0402,3.441
509,10,38,0.688,0.000,0.0371,3.266
509,11,39,0.862,1000.000,0.0154,3.359
509,12,40,0.545,0.000,0.0215,4.280
509,13,41,48.202,1035.567,2.0233,0.604
509,14,42,0.691,0.000,0.0237,102.198
509,15,43,0.254,0.000,4.4824,20.156
510,0,29,0.371,0.000,0.0114,3.215
510,1,30,0.389,0.000,0.0544,3.230
510,2,31,0.294,0.000,0.0706,3.407
510,3,32,0.304,0.000,0.0655,3.267
510,4,33,0.008,0.000,0.0249,3.422
510,5,34,0.059,0.000,0.0191,3.288
510,6,35,0.286,0.000,0.0242,3.398
510,7,36,0.499,0.000,0.0202,3.275
510,8,37,0.456,0.000,0.0402,3.441
510,9,38,0.353,0.000,0.0371,3.266
510,10,39,0.465,1000.000,0.0154,3.359
510,11,40,1.273,0.000,0.0215,4.280
510,12,41,78.961,1035.567,2.0233,0.604
510,13,42,0.727,0.000,0.0237,102.198
510,14,43,1.593,0.000,4.4824,20.156
510,15,44,1.548,0.000,3.0586,0.598
511,0,30,1.817,0.000,0.0544,3.230
511,1,31,0.395,0.000,0.0706,3.407
511,2,32,0.197,0.000,0.0655,3.267
511,3,33,0.314,0.000,0.0249,3.422
511,4,34,0.758,0.000,0.0191,3.288
511,5,35,0.238,0.000,0.0242,3.398
511,6,36,0.210,0.000,0.0202,3.275
511,7,37,0.409,0.000,0.0402,3.441
511,8,38,0.532,0.000,0.0371,3.266
511,9,39,0.340,1000.000,0.0154,3.359
511,10,40,1.286,0.000,0.0215,4.280
511,11,41,19.897,1035.567,2.0233,0.604
511,12,42,0.389,0.000,0.0237,102.198
511,13,43,0.449,0.000,4.4824,20.156
511,14,44,0.237,0.000,3.0586,0.598
511,15,45,0.490,0.000,0.0254,1.180
512,0,31,0.014,0.000,0.0706,3.407
512,1,32,1.988,0.000,0.0655,3.267
512,2,33,1.066,0.000,0.0249,3.422
512,3,34,0.918,0.000,0.0191,3.288
512,4,35,0.518,0.000,0.0242,3.398
512,5,36,1.925,0.000,0.0202,3.275
512,6,37,0.657,0.000,0.0402,3.441
512,7,38,1.475,0.000,0.0371,3.266
512,8,39,0.921,1000.000,0.0154,3.359
512,9,40,2.678,0.000,0.0215,4.280
512,10,41,80.802,1035.567,2.0233,0.604
512,11,42,0.669,0.000,0.0237,102.198
512,12,43,2.118,0.000,4.4824,20.156
512,13,44,1.245,0.000,3.0586,0.598
512,14,45,7.207,0.000,0.0254,1.180
512,15,46,1.799,0.000,0.0258,0.596
513,0,32,0.581,0.000,0.0655,3.267
513,1,33,1.488,0.000,0.0249,3.422
513,2,34,0.769,0.000,0.0191,3.288
513,3,35,1.440,0.000,0.0242,3.398
513,4,36,0.901,0.000,0.0202,3.275
513,5,37,1.547,0.000,0.0402,3.441
513,6,38,1.209,0.000,0.0371,3.266
513,7,39,1.281,1000.000,0.0154,3.359
513,8,40,0.561,0.000,0.0215,4.280
513,9,41,113.725,1035.567,2.0233,0.604
513,10,42,0.546,0.000,0.0237,102.198
513,11,43,0.837,0.000,4.4824,20.156
513,12,44,1.370,0.000,3.0586,0.598
513,13,45,0.665,0.000,0.0254,1.180
513,14,46,0.601,0.000,0.0258,0.596
513,15,47,2.352,0.000,0.0258,1.179
514,0,33,0.091,0.000,0.0249,3.422
514,1,34,0.180,0.000,0.0191,3.288
514,2,35,0.075,0.000,0.0242,3.398
514,3,36,0.106,0.000,0.0202,3.275
514,4,37,0.183,0.000,0.0402,3.441
514,5,38,0.323,0.000,0.0371,3.266
514,6,39,0.332,1000.000,0.0154,3.359
514,7,40,0.853,0.000,0.0215,4.280
514,8,41,13.380,1035.567,2.0233,0.604
514,9,42,0.877,0.000,0.0237,102.198
514,10,43,0.656,0.000,4.4824,20.156
514,11,44,0.997,0.000,3.0586,0.598
514,12,45,0.933,0.000,0.0254,1.180
514,13,46,0.357,0.000,0.0258,0.596
514,14,47,0.212,0.000,0.0258,1.179
514,15,48,0.483,0.000,0.0259,0.596
515,0,34,0.789,0.000,0.0191,3.288
515,1,35,0.946,0.000,0.0242,3.398
515,2,36,0.328,0.000,0.0202,3.275
515,3,37,0.168,0.000,0.0402,3.441
515,4,38,0.174,0.000,0.0371,3.266
515,5,39,0.851,1000.000,0.0154,3.359
515,6,40,1.256,0.000,0.0215,4.280
515,7,41,1.434,1035.567,2.0233,0.604
515,8,42,1.619,0.000,0.0237,102.198
515,9,43,0.604,0.000,4.4824,20.156
515,10,44,0.804,0.000,3.0586,0.598
515,11,45,0.665,0.000,0.0254,1.180
515,12,46,0.536,0.000,0.0258,0.596
515,13,47,1.423,0.000,0.0258,1.179
515,14,48,0.400,0.000,0.0259,0.596
515,15,49,0.721,0.000,0.0258,1.178
516,0,35,0.610,0.000,0.0242,3.398
516,1,36,0.742,0.000,0.0202,3.275
516,2,37,0.688,0.000,0.0402,3.441
516,3,38,0.409,0.000,0.0371,3.266
516,4,39,0.304,1000.000,0.0154,3.359
516,5,40,0.209,0.000,0.0215,4.280
516,6,41,0.577,1035.567,2.0233,0.604
516,7,42,1.598,0.000,0.0237,102.198
516,8,43,1.083,0.000,4.4824,20.156
516,9,44,0.608,0.000,3.0586,0.598
516,10,45,0.414,0.000,0.0254,1.180
516,11,46,0.896,0.000,0.0258,0.596
516,12,47,0.538,0.000,0.0258,1.179
516,13,48,1.219,0.000,0.0259,0.596
516,14,49,0.574,0.000,0.0258,1.178
516,15,50,0.338,0.000,0.0259,0.596
517,0,36,0.120,0.000,0.0202,3.275
517,1,37,0.320,0.000,0.0402,3.441
517,2,38,0.479,0.000,0.0371,3.266
517,3,39,1.093,1000.000,0.0154,3.359
517,4,40,2.000,0.000,0.0215,4.280
517,5,41,2.878,1035.567,2.0233,0.604
517,6,42,0.859,0.000,0.0237,102.198
517,7,43,0.395,0.000,4.4824,20.156
517,8,44,1.249,0.000,3.0586,0.598
517,9,45,0.428,0.000,0.0254,1.180
517,10,46,1.015,0.000,0.0258,0.596
517,11,47,0.942,0.000,0.0258,1.179
517,12,48,2.170,0.000,0.0259,0.596
517,13,49,0.270,0.000,0.0258,1.178
517,14,50,1.066,0.000,0.0259,0.596
517,15,51,0.441,0.000,0.0258,1.179
518,0,37,1.017,0.000,0.0402,3.441
518,1,38,1.784,0.000,0.0371,3.266
518,2,39,2.351,1000.000,0.0154,3.359
518,3,40,2.285,0.000,0.0215,4.280
518,4,41,0.714,1035.567,2.0233,0.604
518,5,42,2.269,0.000,0.0237,102.198
518,6,43,1.020,0.000,4.4824,20.156
518,7,44,0.713,0.000,3.0586,0.598
518,8,45,0.489,0.000,0.0254,1.180
518,9,46,0.456,0.000,0.0258,0.596
518,10,47,1.264,0.000,0.0258,1.179
518,11,48,0.841,0.000,0.0259,0.596
518,12,49,0.875,0.000,0.0258,1.178
518,13,50,0.678,0.000,0.0259,0.596
518,14,51,0.833,0.000,0.0258,1.179
518,15,52,0.767,0.000,0.0259,0.596
519,0,38,0.339,0.000,0.0371,3.266
519,1,39,0.185,1000.000,0.0154,3.359
519,2,40,1.261,0.000,0.0215,4.280
519,3,41,3.944,1035.567,2.0233,0.604
519,4,42,1.128,0.000,0.0237,102.198
519,5,43,1.035,0.000,4.4824,20.156
519,6,44,1.025,0.000,3.0586,0.598
519,7,45,1.836,0.000,0.0254,1.180
519,8,46,1.552,0.000,0.0258,0.596
519,9,47,1.125,0.000,0.0258,1.179
519,10,48,1.926,0.000,0.0259,0.596
519,11,49,0.658,0.000,0.0258,1.178
519,12,50,0.608,0.000,0.0259,0.596
519,13,51,0.785,0.000,0.0258,1.179
519,14,52,0.721,0.000,0.0259,0.596
519,15,53,1.498,0.000,0.0257,1.178
520,0,39,1.153,1000.000,0.0154,3.359
520,1,40,98.574,0.000,0.0215,4.280
520,2,41,0.591,1035.567,2.0233,0.604
520,3,42,1.869,0.000,0.0237,102.198
520,4,43,1.879,0.000,4.4824,20.156
520,5,44,1.323,0.000,3.0586,0.598
520,6,45,0.175,0.000,0.0254,1.180
520,7,46,1.134,0.000,0.0258,0.596
520,8,47,0.666,0.000,0.0258,1.179
520,9,48,0.703,0.000,0.0259,0.596
520,10,49,0.805,0.000,0.0258,1.178
520,11,50,0.922,0.000,0.0259,0.596
520,12,51,1.183,0.000,0.0258,1.179
520,13,52,1.265,0.000,0.0259,0.596
520,14,53,1.812,0.000,0.0257,1.178
520,15,54,1.755,258.819,0.0258,0.596
521,0,40,99.408,0.000,0.0215,4.280
521,1,41,99.546,1035.567,2.0233,0.604
521,2,42,102.638,0.000,0.0237,102.198
521,3,43,103.475,0.000,4.4824,20.156
521,4,44,1.177,0.000,3.0586,0.598
521,5,45,1.091,0.000,0.0254,1.180
521,6,46,0.763,0.000,0.0258,0.596
521,7,47,0.551,0.000,0.0258,1.179
521,8,48,0.571,0.000,0.0259,0.596
521,9,49,0.825,0.000,0.0258,1.178
521,10,50,0.497,0.000,0.0259,0.596
521,11,51,0.297,0.000,0.0258,1.179
521,12,52,1.237,0.000,0.0259,0.596
521,13,53,0.366,0.000,0.0257,1.178
521,14,54,0.397,258.819,0.0258,0.596
521,15,55,26.129,0.000,0.0258,25.738
522,0,41,0.229,1035.567,2.0233,0.604
522,1,42,1.866,0.000,0.0237,102.198
522,2,43,1.794,0.000,4.4824,20.156
522,3,44,0.641,0.000,3.0586,0.598
522,4,45,0.703,0.000,0.0254,1.180
522,5,46,0.379,0.000,0.0258,0.596
522,6,47,0.627,0.000,0.0258,1.179
522,7,48,0.510,0.000,0.0259,0.596
522,8,49,0.563,0.000,0.0258,1.178
522,9,50,1.247,0.000,0.0259,0.596
522,10,51,0.394,0.000,0.0258,1.179
522,11,52,0.410,0.000,0.0259,0.596
522,12,53,0.413,0.000,0.0257,1.178
522,13,54,0.558,258.819,0.0258,0.596
522,14,55,1.028,0.000,0.0258,25.738
522,15,56,1.093,241.181,0.0259,3.814
523,0,42,0.680,0.000,0.0237,102.198
523,1,43,1.124,0.000,4.4824,20.156
523,2,44,0.897,0.000,3.0586,0.598
523,3,45,1.093,0.000,0.0254,1.180
523,4,46,0.474,0.000,0.0258,0.596
523,5,47,0.346,0.000,0.0258,1.179
523,6,48,0.489,0.000,0.0259,0.596
523,7,49,0.938,0.000,0.0258,1.178
523,8,50,0.983,0.000,0.0259,0.596
523,9,51,0.592,0.000,0.0258,1.179
523,10,52,0.459,0.000,0.0259,0.596
523,11,53,0.874,0.000,0.0257,1.178
523,12,54,0.696,258.819,0.0258,0.596
523,13,55,0.583,0.000,0.0258,25.738
523,14,56,2.109,241.181,0.0259,3.814
523,15,57,0.428,0.000,0.0252,23.204
524,0,43,0.691,0.000,4.4824,20.156
524,1,44,1.387,0.000,3.0586,0.598
524,2,45,0.525,0.000,0.0254,1.180
524,3,46,0.500,0.000,0.0258,0.596
524,4,47,0.404,0.000,0.0258,1.179
524,5,48,0.626,0.000,0.0259,0.596
524,6,49,1.242,0.000,0.0258,1.178
524,7,50,0.214,0.000,0.0259,0.596
524,8,51,0.665,0.000,0.0258,1.179
524,9,52,1.329,0.000,0.0259,0.596
524,10,53,0.911,0.000,0.0257,1.178
524,11,54,1.528,258.819,0.0258,0.596
524,12,55,1.235,0.000,0.0258,25.738
524,13,56,1.124,241.181,0.0259,3.814
524,14,57,3.345,0.000,0.0252,23.204
524,15,58,8.195,207.107,0.0248,4.425
525,0,44,1.031,0.000,3.0586,0.598
525,1,45,0.766,0.000,0.0254,1.180
525,2,46,0.337,0.000,0.0258,0.596
525,3,47,1.734,0.000,0.0258,1.179
525,4,48,0.678,0.000,0.0259,0.596
525,5,49,1.309,0.000,0.0258,1.178
525,6,50,0.655,0.000,0.0259,0.596
525,7,51,0.853,0.000,0.0258,1.179
525,8,52,0.499,0.000,0.0259,0.596
525,9,53,0.741,0.000,0.0257,1.178
525,10,54,0.893,258.819,0.0258,0.596
525,11,55,1.316,0.000,0.0258,25.738
525,12,56,2.192,241.181,0.0259,3.814
525,13,57,1.631,0.000,0.0252,23.204
525,14,58,8.634,207.107,0.0248,4.425
525,15,59,7.226,158.918,0.0241,19.575
526,0,45,1.349,0.000,0.0254,1.180
526,1,46,1.119,0.000,0.0258,0.596
526,2,47,0.486,0.000,0.0258,1.179
526,3,48,1.023,0.000,0.0259,0.596
526,4,49,0.812,0.000,0.0258,1.178
526,5,50,0.667,0.000,0.0259,0.596
526,6,51,0.969,0.000,0.0258,1.179
526,7,52,0.362,0.000,0.0259,0.596
526,8,53,0.665,0.000,0.0257,1.178
526,9,54,1.033,258.819,0.0258,0.596
526,10,55,0.601,0.000,0.0258,25.738
526,11,56,0.560,241.181,0.0259,3.814
526,12,57,1.044,0.000,0.0252,23.204
526,13,58,13.605,207.107,0.0248,4.425
526,14,59,10.164,158.918,0.0241,19.575
526,15,60,6.940,99.901,0.0237,14.892
527,0,46,0.521,0.000,0.0258,0.596
527,1,47,0.618,0.000,0.0258,1.179
527,2,48,0.747,0.000,0.0259,0.596
527,3,49,0.494,0.000,0.0258,1.178
527,4,50,0.560,0.000,0.0259,0.596
527,5,51,0.440,0.000,0.0258,1.179
527,6,52,0.590,0.000,0.0259,0.596
527,7,53,0.389,0.000,0.0257,1.178
527,8,54,0.354,258.819,0.0258,0.596
527,9,55,0.745,0.000,0.0258,25.738
527,10,56,0.874,241.181,0.0259,3.814
527,11,57,1.320,0.000,0.0252,23.204
527,12,58,2.016,207.107,0.0248,4.425
527,13,59,1.321,158.918,0.0241,19.575
527,14,60,0.553,99.901,0.0237,14.892
527,15,61,0.566,34.075,0.0231,9.358
528,0,47,0.228,0.000,0.0258,1.179
528,1,48,0.160,0.000,0.0259,0.596
528,2,49,0.332,0.000,0.0258,1.178
528,3,50,0.157,0.000,0.0259,0.596
528,4,51,0.426,0.000,0.0258,1.179
528,5,52,0.214,0.000,0.0259,0.596
528,6,53,0.416,0.000,0.0257,1.178
528,7,54,0.352,258.819,0.0258,0.596
528,8,55,0.402,0.000,0.0258,25.738
528,9,56,0.434,241.181,0.0259,3.814
528,10,57,0.557,0.000,0.0252,23.204
528,11,58,21.334,207.107,0.0248,4.425
528,12,59,16.267,158.918,0.0241,19.575
528,13,60,10.266,99.901,0.0237,14.892
528,14,61,3.755,34.075,0.0231,9.358
528,15,62,0.464,0.000,0.0222,3.211
529,0,48,2.308,0.000,0.0259,0.596
529,1,49,0.794,0.000,0.0258,1.178
529,2,50,0.255,0.000,0.0259,0.596
529,3,51,0.297,0.000,0.0258,1.179
529,4,52,1.115,0.000,0.0259,0.596
529,5,53,0.516,0.000,0.0257,1.178
529,6,54,1.399,258.819,0.0258,0.596
529,7,55,0.819,0.000,0.0258,25.738
529,8,56,1.739,241.181,0.0259,3.814
529,9,57,2.001,0.000,0.0252,23.204
529,10,58,22.304,207.107,0.0248,4.425
529,11,59,16.812,158.918,0.0241,19.575
529,12,60,10.867,99.901,0.0237,14.892
529,13,61,3.574,34.075,0.0231,9.358
529,14,62,0.132,0.000,0.0222,3.211
529,15,63,0.683,0.000,0.0218,0.599
530,0,49,2.394,0.000,0.0258,1.178
530,1,50,0.980,0.000,0.0259,0.596
530,2,51,0.631,0.000,0.0258,1.179
530,3,52,0.231,0.000,0.0259,0.596
530,4,53,0.279,0.000,0.0257,1.178
530,5,54,0.382,258.819,0.0258,0.596
530,6,55,1.277,0.000,0.0258,25.738
530,7,56,0.567,241.181,0.0259,3.814
530,8,57,0.840,0.000,0.0252,23.204
530,9,58,21.397,207.107,0.0248,4.425
530,10,59,16.215,158.918,0.0241,19.575
530,11,60,10.345,99.901,0.0237,14.892
530,12,61,3.099,34.075,0.0231,9.358
530,13,62,0.652,0.000,0.0222,3.211
530,14,63,0.911,0.000,0.0218,0.599
530,15,64,1.374,0.000,0.0217,1.188
531,0,50,0.539,0.000,0.0259,0.596
531,1,51,0.466,0.000,0.0258,1.179
531,2,52,1.891,0.000,0.0259,0.596
531,3,53,5.393,0.000,0.0257,1.178
531,4,54,12.531,258.819,0.0258,0.596
531,5,55,7.641,0.000,0.0258,25.738
531,6,56,15.986,241.181,0.0259,3.814
531,7,57,15.215,0.000,0.0252,23.204
531,8,58,32.863,207.107,0.0248,4.425
531,9,59,22.865,158.918,0.0241,19.575
531,10,60,12.746,99.901,0.0237,14.892
531,11,61,3.358,34.075,0.0231,9.358
531,12,62,0.687,0.000,0.0222,3.211
531,13,63,0.212,0.000,0.0218,0.599
531,14,64,0.284,0.000,0.0217,1.188
531,15,65,0.542,0.000,0.0214,0.600
532,0,51,0.837,0.000,0.0258,1.179
532,1,52,0.500,0.000,0.0259,0.596
532,2,53,0.607,0.000,0.0257,1.178
532,3,54,0.630,258.819,0.0258,0.596
532,4,55,2.669,0.000,0.0258,25.738
532,5,56,1.924,241.181,0.0259,3.814
532,6,57,1.531,0.000,0.0252,23.204
532,7,58,14.912,207.107,0.0248,4.425
532,8,59,12.346,158.918,0.0241,19.575
532,9,60,8.607,99.901,0.0237,14.892
532,10,61,2.914,34.075,0.0231,9.358
532,11,62,0.142,0.000,0.0222,3.211
532,12,63,0.113,0.000,0.0218,0.599
532,13,64,0.172,0.000,0.0217,1.188
532,14,65,1.016,0.000,0.0214,0.600
532,15,66,0.576,0.000,0.0214,1.188
533,0,52,1.015,0.000,0.0259,0.596
533,1,53,0.815,0.000,0.0257,1.178
533,2,54,1.993,258.819,0.0258,0.596
533,3,55,0.612,0.000,0.0258,25.738
533,4,56,2.672,241.181,0.0259,3.814
533,5,57,4.483,0.000,0.0252,23.204
533,6,58,12.653,207.107,0.0248,4.425
533,7,59,10.752,158.918,0.0241,19.575
533,8,60,7.307,99.901,0.0237,14.892
533,9,61,3.242,34.075,0.0231,9.358
533,10,62,1.132,0.000,0.0222,3.211
533,11,63,0.506,0.000,0.0218,0.599
533,12,64,0.935,0.000,0.0217,1.188
533,13,65,0.878,0.000,0.0214,0.600
533,14,66,1.078,0.000,0.0214,1.188
533,15,67,4.244,0.000,0.0214,0.597
534,0,53,0.936,0.000,0.0257,1.178
534,1,54,2.776,258.819,0.0258,0.596
534,2,55,1.120,0.000,0.0258,25.738
534,3,56,2.221,241.181,0.0259,3.814
534,4,57,3.965,0.000,0.0252,23.204
534,5,58,16.237,207.107,0.0248,4.425
534,6,59,12.383,158.918,0.0241,19.575
534,7,60,8.121,99.901,0.0237,14.892
534,8,61,2.887,34.075,0.0231,9.358
534,9,62,0.659,0.000,0.0222,3.211
534,10,63,0.375,0.000,0.0218,0.599
534,11,64,0.770,0.000,0.0217,1.188
534,12,65,0.253,0.000,0.0214,0.600
534,13,66,0.646,0.000,0.0214,1.188
534,14,67,0.780,0.000,0.0214,0.597
534,15,68,1.451,0.000,0.0217,1.185
535,0,54,0.654,258.819,0.0258,0.596
535,1,55,2.586,0.000,0.0258,25.738
535,2,56,2.247,241.181,0.0259,3.814
535,3,57,1.587,0.000,0.0252,23.204
535,4,58,14.244,207.107,0.0248,4.425
535,5,59,11.559,158.918,0.0241,19.575
535,6,60,7.589,99.901,0.0237,14.892
535,7,61,2.912,34.075,0.0231,9.358
535,8,62,0.641,0.000,0.0222,3.211
535,9,63,0.755,0.000,0.0218,0.599
535,10,64,0.444,0.000,0.0217,1.188
535,11,65,0.297,0.000,0.0214,0.600
535,12,66,0.358,0.000,0.0214,1.188
535,13,67,0.473,0.000,0.0214,0.597
535,14,68,0.580,0.000,0.0217,1.185
535,15,69,2.150,0.000,0.0215,0.599
536,0,55,1.812,0.000,0.0258,25.738
536,1,56,2.915,241.181,0.0259,3.814
536,2,57,0.759,0.000,0.0252,23.204
536,3,58,11.901,207.107,0.0248,4.425
536,4,59,9.727,158.918,0.0241,19.575
536,5,60,6.877,99.901,0.0237,14.892
536,6,61,2.553,34.075,0.0231,9.358
536,7,62,0.569,0.000,0.0222,3.211
536,8,63,0.459,0.000,0.0218,0.599
536,9,64,0.220,0.000,0.0217,1.188
536,10,65,0.425,0.000,0.0214,0.600
536,11,66,0.850,0.000,0.0214,1.188
536,12,67,0.635,0.000,0.0214,0.597
536,13,68,0.568,0.000,0.0217,1.185
536,14,69,0.410,0.000,0.0215,0.599
536,15,70,0.336,0.000,0.0214,1.187
537,0,56,3.058,241.181,0.0259,3.814
537,1,57,3.175,0.000,0.0252,23.204
537,2,58,16.674,207.107,0.0248,4.425
537,3,59,13.528,158.918,0.0241,19.575
537,4,60,8.591,99.901,0.0237,14.892
537,5,61,3.055,34.075,0.0231,9.358
537,6,62,0.087,0.000,0.0222,3.211
537,7,63,0.443,0.000,0.0218,0.599
537,8,64,0.266,0.000,0.0217,1.188
537,9,65,0.230,0.000,0.0214,0.600
537,10,66,0.089,0.000,0.0214,1.188
537,11,67,0.525,0.000,0.0214,0.597
537,12,68,0.523,0.000,0.0217,1.185
537,13,69,0.530,0.000,0.0215,0.599
537,14,70,1.143,0.000,0.0214,1.187
537,15,71,0.766,0.000,0.0215,0.598
538,0,57,1.019,0.000,0.0252,23.204
538,1,58,19.274,207.107,0.0248,4.425
538,2,59,14.961,158.918,0.0241,19.575
538,3,60,9.213,99.901,0.0237,14.892
538,4,61,2.911,34.075,0.0231,9.358
538,5,62,0.459,0.000,0.0222,3.211
538,6,63,0.273,0.000,0.0218,0.599
538,7,64,0.583,0.000,0.0217,1.188
538,8,65,0.626,0.000,0.0214,0.600
538,9,66,0.112,0.000,0.0214,1.188
538,10,67,0.491,0.000,0.0214,0.597
538,11,68,0.414,0.000,0.0217,1.185
538,12,69,0.655,0.000,0.0215,0.599
538,13,70,0.288,0.000,0.0214,1.187
538,14,71,0.339,0.000,0.0215,0.598
538,15,72,0.489,0.000,0.0214,1.186
539,0,58,19.999,207.107,0.0248,4.425
539,1,59,15.356,158.918,0.0241,19.575
539,2,60,9.515,99.901,0.0237,14.892
539,3,61,2.878,34.075,0.0231,9.358
539,4,62,0.644,0.000,0.0222,3.211
539,5,63,0.419,0.000,0.0218,0.599
539,6,64,0.588,0.000,0.0217,1.188
539,7,65,0.439,0.000,0.0214,0.600
539,8,66,0.666,0.000,0.0214,1.188
539,9,67,0.365,0.000,0.0214,0.597
539,10,68,0.365,0.000,0.0217,1.185
539,11,69,0.516,0.000,0.0215,0.599
539,12,70,0.261,0.000,0.0214,1.187
539,13,71,0.167,0.000,0.0215,0.598
539,14,72,0.603,0.000,0.0214,1.186
539,15,73,0.262,0.000,0.0217,0.598
540,0,59,7.900,158.918,0.0241,19.575
540,1,60,4.880,99.901,0.0237,14.892
540,2,61,1.889,34.075,0.0231,9.358
540,3,62,0.442,0.000,0.0222,3.211
540,4,63,0.613,0.000,0.0218,0.599
540,5,64,0.434,0.000,0.0217,1.188
540,6,65,0.308,0.000,0.0214,0.600
540,7,66,0.777,0.000,0.0214,1.188
540,8,67,0.550,0.000,0.0214,0.597
540,9,68,0.370,0.000,0.0217,1.185
540,10,69,0.550,0.000,0.0215,0.599
540,11,70,0.613,0.000,0.0214,1.187
540,12,71,0.504,0.000,0.0215,0.598
540,13,72,0.624,0.000,0.0214,1.186
540,14,73,0.811,0.000,0.0217,0.598
540,15,74,0.282,0.000,0.0215,1.186
541,0,60,4.391,99.901,0.0237,14.892
541,1,61,2.707,34.075,0.0231,9.358
541,2,62,0.629,0.000,0.0222,3.211
541,3,63,0.317,0.000,0.0218,0.599
541,4,64,0.459,0.000,0.0217,1.188
541,5,65,0.235,0.000,0.0214,0.600
541,6,66,0.453,0.000,0.0214,1.188
541,7,67,0.507,0.000,0.0214,0.597
541,8,68,0.627,0.000,0.0217,1.185
541,9,69,0.663,0.000,0.0215,0.599
541,10,70,0.589,0.000,0.0214,1.187
541,11,71,0.425,0.000,0.0215,0.598
541,12,72,0.423,0.000,0.0214,1.186
541,13,73,0.481,0.000,0.0217,0.598
541,14,74,0.549,0.000,0.0215,1.186
541,15,75,0.587,0.000,0.0216,0.597
542,0,61,1.141,34.075,0.0231,9.358
542,1,62,0.861,0.000,0.0222,3.211
542,2,63,0.572,0.000,0.0218,0.599
542,3,64,0.243,0.000,0.0217,1.188
542,4,65,0.399,0.000,0.0214,0.600
542,5,66,0.239,0.000,0.0214,1.188
542,6,67,0.250,0.000,0.0214,0.597
542,7,68,0.150,0.000,0.0217,1.185
542,8,69,0.250,0.000,0.0215,0.599
542,9,70,0.398,0.000,0.0214,1.187
542,10,71,0.344,0.000,0.0215,0.598
542,11,72,0.295,0.000,0.0214,1.186
542,12,73,0.449,0.000,0.0217,0.598
542,13,74,0.436,0.000,0.0215,1.186
542,14,75,0.369,0.000,0.0216,0.597
542,15,76,2.851,0.000,0.0216,1.184
543,0,62,1.624,0.000,0.0222,3.211
543,1,63,0.389,0.000,0.0218,0.599
543,2,64,0.251,0.000,0.0217,1.188
543,3,65,0.449,0.000,0.0214,0.600
543,4,66,0.172,0.000,0.0214,1.188
543,5,67,0.538,0.000,0.0214,0.597
543,6,68,0.400,0.000,0.0217,1.185
543,7,69,0.480,0.000,0.0215,0.599
543,8,70,0.106,0.000,0.0214,1.187
543,9,71,0.261,0.000,0.0215,0.598
543,10,72,0.489,0.000,0.0214,1.186
543,11,73,0.368,0.000,0.0217,0.598
543,12,74,0.264,0.000,0.0215,1.186
543,13,75,0.388,0.000,0.0216,0.597
543,14,76,0.730,0.000,0.0216,1.184
543,15,77,0.414,0.000,0.0216,0.598
544,0,63,0.161,0.000,0.0218,0.599
544,1,64,0.237,0.000,0.0217,1.188
544,2,65,0.476,0.000,0.0214,0.600
544,3,66,0.421,0.000,0.0214,1.188
544,4,67,0.109,0.000,0.0214,0.597
544,5,68,0.597,0.000,0.0217,1.185
544,6,69,0.450,0.000,0.0215,0.599
544,7,70,0.698,0.000,0.0214,1.187
544,8,71,0.796,0.000,0.0215,0.598
544,9,72,0.385,0.000,0.0214,1.186
544,10,73,0.176,0.000,0.0217,0.598
544,11,74,0.907,0.000,0.0215,1.186
544,12,75,0.386,0.000,0.0216,0.597
544,13,76,0.500,0.000,0.0216,1.184
544,14,77,3.883,0.000,0.0216,0.598
544,15,78,0.320,0.000,0.0213,0.593
545,0,64,0.070,0.000,0.0217,1.188
545,1,65,0.548,0.000,0.0214,0.600
545,2,66,0.465,0.000,0.0214,1.188
545,3,67,0.298,0.000,0.0214,0.597
545,4,68,0.348,0.000,0.0217,1.185
545,5,69,0.174,0.000,0.0215,0.599
545,6,70,0.993,0.000,0.0214,1.187
545,7,71,0.327,0.000,0.0215,0.598
545,8,72,0.583,0.000,0.0214,1.186
545,9,73,0.658,0.000,0.0217,0.598
545,10,74,0.280,0.000,0.0215,1.186
545,11,75,0.805,0.000,0.0216,0.597
545,12,76,1.042,0.000,0.0216,1.184
545,13,77,0.505,0.000,0.0216,0.598
545,14,78,0.854,0.000,0.0213,0.593
545,15,79,0.961,1000.000,0.0110,0.592
546,0,65,0.517,0.000,0.0214,0.600
546,1,66,0.299,0.000,0.0214,1.188
546,2,67,0.489,0.000,0.0214,0.597
546,3,68,0.223,0.000,0.0217,1.185
546,4,69,0.541,0.000,0.0215,0.599
546,5,70,0.577,0.000,0.0214,1.187
546,6,71,0.421,0.000,0.0215,0.598
546,7,72,0.099,0.000,0.0214,1.186
546,8,73,0.426,0.000,0.0217,0.598
546,9,74,0.500,0.000,0.0215,1.186
546,10,75,0.463,0.000,0.0216,0.597
546,11,76,0.477,0.000,0.0216,1.184
546,12,77,0.395,0.000,0.0216,0.598
546,13,78,1.000,0.000,0.0213,0.593
546,14,79,0.920,1000.000,0.0110,0.592
546,15,80,0.430,18.711,0.0110,1.871
547,0,66,0.053,0.000,0.0214,1.188
547,1,67,0.315,0.000,0.0214,0.597
547,2,68,0.281,0.000,0.0217,1.185
547,3,69,0.529,0.000,0.0215,0.599
547,4,70,0.444,0.000,0.0214,1.187
547,5,71,0.354,0.000,0.0215,0.598
547,6,72,0.207,0.000,0.0214,1.186
547,7,73,0.376,0.000,0.0217,0.598
547,8,74,0.374,0.000,0.0215,1.186
547,9,75,0.266,0.000,0.0216,0.597
547,10,76,0.439,0.000,0.0216,1.184
547,11,77,0.236,0.000,0.0216,0.598
547,12,78,0.534,0.000,0.0213,0.593
547,13,79,0.171,1000.000,0.0110,0.592
547,14,80,0.247,18.711,0.0110,1.871
548,0,67,1.364,0.000,0.0214,0.597
548,1,68,0.916,0.000,0.0217,1.185
548,2,69,3.844,0.000,0.0215,0.599
548,3,70,1.347,0.000,0.0214,1.187
548,4,71,2.462,0.000,0.0215,0.598
548,5,72,0.618,0.000,0.0214,1.186
548,6,73,0.656,0.000,0.0217,0.598
548,7,74,0.706,0.000,0.0215,1.186
548,8,75,0.696,0.000,0.0216,0.597
548,9,76,0.364,0.000,0.0216,1.184
548,10,77,2.090,0.000,0.0216,0.598
548,11,78,0.755,0.000,0.0213,0.593
548,12,79,1.067,1000.000,0.0110,0.592
548,13,80,0.828,18.711,0.0110,1.871
549,0,68,0.447,0.000,0.0217,1.185
549,1,69,0.315,0.000,0.0215,0.599
549,2,70,0.366,0.000,0.0214,1.187
549,3,71,0.881,0.000,0.0215,0.598
549,4,72,0.541,0.000,0.0214,1.186
549,5,73,0.906,0.000,0.0217,0.598
549,6,74,0.395,0.000,0.0215,1.186
549,7,75,0.664,0.000,0.0216,0.597
549,8,76,0.540,0.000,0.0216,1.184
549,9,77,0.640,0.000,0.0216,0.598
549,10,78,1.210,0.000,0.0213,0.593
549,11,79,0.330,1000.000,0.0110,0.592
549,12,80,0.645,18.711,0.0110,1.871
550,0,69,0.663,0.000,0.0215,0.599
550,1,70,0.141,0.000,0.0214,1.187
550,2,71,0.163,0.000,0.0215,0.598
550,3,72,0.149,0.000,0.0214,1.186
550,4,73,0.603,0.000,0.0217,0.598
550,5,74,0.639,0.000,0.0215,1.186
550,6,75,0.534,0.000,0.0216,0.597
550,7,76,0.567,0.000,0.0216,1.184
550,8,77,0.635,0.000,0.0216,0.598
550,9,78,0.319,0.000,0.0213,0.593
550,10,79,0.860,1000.000,0.0110,0.592
550,11,80,0.236,18.711,0.0110,1.871
551,0,70,0.680,0.000,0.0214,1.187
551,1,71,0.586,0.000,0.0215,0.598
551,2,72,0.313,0.000,0.0214,1.186
551,3,73,0.360,0.000,0.0217,0.598
551,4,74,0.457,0.000,0.0215,1.186
551,5,75,0.485,0.000,0.0216,0.597
551,6,76,0.512,0.000,0.0216,1.184
551,7,77,0.983,0.000,0.0216,0.598
551,8,78,1.658,0.000,0.0213,0.593
551,9,79,0.936,1000.000,0.0110,0.592
551,10,80,0.519,18.711,0.0110,1.871
552,0,71,0.236,0.000,0.0215,0.598
552,1,72,0.290,0.000,0.0214,1.186
552,2,73,0.649,0.000,0.0217,0.598
552,3,74,0.310,0.000,0.0215,1.186
552,4,75,0.643,0.000,0.0216,0.597
552,5,76,0.302,0.000,0.0216,1.184
552,6,77,0.660,0.000,0.0216,0.598
552,7,78,1.293,0.000,0.0213,0.593
552,8,79,0.585,1000.000,0.0110,0.592
552,9,80,1.105,18.711,0.0110,1.871
553,0,72,2.611,0.000,0.0214,1.186
553,1,73,1.406,0.000,0.0217,0.598
553,2,74,0.438,0.000,0.0215,1.186
553,3,75,0.980,0.000,0.0216,0.597
553,4,76,1.215,0.000,0.0216,1.184
553,5,77,0.361,0.000,0.0216,0.598
553,6,78,99.951,0.000,0.0213,0.593
553,7,79,99.895,1000.000,0.0110,0.592
553,8,80,8.059,18.711,0.0110,1.871
554,0,73,0.440,0.000,0.0217,0.598
554,1,74,2.792,0.000,0.0215,1.186
554,2,75,0.840,0.000,0.0216,0.597
554,3,76,1.016,0.000,0.0216,1.184
554,4,77,0.561,0.000,0.0216,0.598
554,5,78,98.800,0.000,0.0213,0.593
554,6,79,99.436,1000.000,0.0110,0.592
554,7,80,10.508,18.711,0.0110,1.871
555,0,74,1.069,0.000,0.0215,1.186
555,1,75,0.504,0.000,0.0216,0.597
555,2,76,1.344,0.000,0.0216,1.184
555,3,77,0.845,0.000,0.0216,0.598
555,4,78,98.698,0.000,0.0213,0.593
555,5,79,99.409,1000.000,0.0110,0.592
555,6,80,11.590,18.711,0.0110,1.871
556,0,75,1.041,0.000,0.0216,0.597
556,1,76,2.184,0.000,0.0216,1.184
556,2,77,1.079,0.000,0.0216,0.598
556,3,78,100.698,0.000,0.0213,0.593
556,4,79,99.736,1000.000,0.0110,0.592
556,5,80,9.611,18.711,0.0110,1.871
557,0,76,0.720,0.000,0.0216,1.184
557,1,77,1.072,0.000,0.0216,0.598
557,2,78,1.031,0.000,0.0213,0.593
557,3,79,0.606,1000.000,0.0110,0.592
557,4,80,1.565,18.711,0.0110,1.871
558,0,77,4.164,0.000,0.0216,0.598
558,1,78,1.089,0.000,0.0213,0.593
558,2,79,0.974,1000.000,0.0110,0.592
558,3,80,0.558,18.711,0.0110,1.871
559,0,78,1.527,0.000,0.0213,0.593
559,1,79,1.184,1000.000,0.0110,0.592
559,2,80,0.417,18.711,0.0110,1.871
560,0,79,3.957,1000.000,0.0110,0.592
560,1,80,0.785,18.711,0.0110,1.871
561,0,80,2.205,18.711,0.0110,1.871
563,0,0,0.947,1000.000,0.0104,2.125
563,1,1,0.678,33.337,0.0104,3.334
563,2,2,1.500,33.374,2.7132,3.337
563,3,3,0.845,1585.001,0.0134,158.500
563,4,4,1.605,1516.270,6.3734,151.627
563,5,5,1.372,903.509,4.4854,90.351
563,6,6,3.977,544.449,2.4004,54.445
563,7,7,1.597,0.040,0.0294,0.004
563,8,8,0.729,0.001,0.0304,0.000
563,9,9,0.776,0.000,0.0304,0.000
563,10,10,0.306,0.000,0.0304,0.000
563,11,11,1.043,0.000,0.0304,0.000
563,12,12,0.413,0.000,0.0304,0.000
563,13,13,1.023,0.000,0.0304,0.000
563,14,14,0.546,0.000,0.0304,0.000
563,15,15,0.496,0.000,0.0304,0.000
564,0,1,1.684,33.337,0.0104,3.334
564,1,2,3.442,33.374,2.7132,3.337
564,2,3,2.115,1585.001,0.0134,158.500
564,3,4,1.824,1516.270,6.3734,151.627
564,4,5,2.143,903.509,4.4854,90.351
564,5,6,7.004,544.449,2.4004,54.445
564,6,7,0.256,0.040,0.0294,0.004
564,7,8,0.953,0.001,0.0304,0.000
564,8,9,1.359,0.000,0.0304,0.000
564,9,10,0.953,0.000,0.0304,0.000
564,10,11,0.428,0.000,0.0304,0.000
564,11,12,1.457,0.000,0.0304,0.000
564,12,13,3.087,0.000,0.0304,0.000
564,13,14,1.598,0.000,0.0304,0.000
564,14,15,0.377,0.000,0.0304,0.000
564,15,16,2.065,3806.016,0.0304,0.000
565,0,2,1.331,33.374,2.7132,3.337
565,1,3,2.766,1585.001,0.0134,158.500
565,2,4,5.608,1516.270,6.3734,151.627
565,3,5,4.017,903.509,4.4854,90.351
565,4,6,12.361,544.449,2.4004,54.445
565,5,7,0.540,0.040,0.0294,0.004
565,6,8,0.985,0.001,0.0304,0.000
565,7,9,1.097,0.000,0.0304,0.000
565,8,10,1.016,0.000,0.0304,0.000
565,9,11,1.594,0.000,0.0304,0.000
565,10,12,1.123,0.000,0.0304,0.000
565,11,13,1.827,0.000,0.0304,0.000
565,12,14,0.641,0.000,0.0304,0.000
565,13,15,1.429,0.000,0.0304,0.000
565,14,16,0.415,3806.016,0.0304,0.000
565,15,17,0.388,0.000,0.0304,380.602
566,0,3,1.610,1585.001,0.0134,158.500
566,1,4,2.304,1516.270,6.3734,151.627
566,2,5,1.386,903.509,4.4854,90.351
566,3,6,10.939,544.449,2.4004,54.445
566,4,7,0.348,0.040,0.0294,0.004
566,5,8,1.067,0.001,0.0304,0.000
566,6,9,1.344,0.000,0.0304,0.000
566,7,10,0.569,0.000,0.0304,0.000
566,8,11,0.379,0.000,0.0304,0.000
566,9,12,0.752,0.000,0.0304,0.000
566,10,13,0.444,0.000,0.0304,0.000
566,11,14,0.461,0.000,0.0304,0.000
566,12,15,0.456,0.000,0.0304,0.000
566,13,16,0.458,3806.016,0.0304,0.000
566,14,17,0.878,0.000,0.0304,380.602
566,15,18,0.445,0.000,0.0304,201.316
567,0,4,1.767,1516.270,6.3734,151.627
567,1,5,1.710,903.509,4.4854,90.351
567,2,6,8.689,544.449,2.4004,54.445
567,3,7,1.202,0.040,0.0294,0.004
567,4,8,0.521,0.001,0.0304,0.000
567,5,9,0.331,0.000,0.0304,0.000
567,6,10,1.115,0.000,0.0304,0.000
567,7,11,0.630,0.000,0.0304,0.000
567,8,12,0.817,0.000,0.0304,0.000
567,9,13,0.585,0.000,0.0304,0.000
567,10,14,0.525,0.000,0.0304,0.000
567,11,15,0.843,0.000,0.0304,0.000
567,12,16,1.043,3806.016,0.0304,0.000
567,13,17,1.547,0.000,0.0304,380.602
567,14,18,1.183,0.000,0.0304,201.316
567,15,19,1.051,0.000,5.7607,76.420
568,0,5,1.071,903.509,4.4854,90.351
568,1,6,7.499,544.449,2.4004,54.445
568,2,7,1.297,0.040,0.0294,0.004
568,3,8,0.630,0.001,0.0304,0.000
568,4,9,0.805,0.000,0.0304,0.000
568,5,10,0.210,0.000,0.0304,0.000
568,6,11,2.214,0.000,0.0304,0.000
568,7,12,0.655,0.000,0.0304,0.000
568,8,13,1.025,0.000,0.0304,0.000
568,9,14,0.856,0.000,0.0304,0.000
568,10,15,1.057,0.000,0.0304,0.000
568,11,16,0.580,3806.016,0.0304,0.000
568,12,17,1.645,0.000,0.0304,380.602
568,13,18,1.148,0.000,0.0304,201.316
568,14,19,0.671,0.000,5.7607,76.420
568,15,20,2.915,258.819,3.6098,0.966
569,0,6,3.790,544.449,2.4004,54.445
569,1,7,1.625,0.040,0.0294,0.004
569,2,8,1.204,0.001,0.0304,0.000
569,3,9,1.036,0.000,0.0304,0.000
569,4,10,0.832,0.000,0.0304,0.000
569,5,11,0.665,0.000,0.0304,0.000
569,6,12,0.492,0.000,0.0304,0.000
569,7,13,0.559,0.000,0.0304,0.000
569,8,14,0.941,0.000,0.0304,0.000
569,9,15,0.521,0.000,0.0304,0.000
569,10,16,0.886,3806.016,0.0304,0.000
569,11,17,0.419,0.000,0.0304,380.602
569,12,18,0.635,0.000,0.0304,201.316
569,13,19,0.427,0.000,5.7607,76.420
569,14,20,0.249,258.819,3.6098,0.966
569,15,21,0.300,0.000,0.3202,26.388
570,0,7,0.937,0.040,0.0294,0.004
570,1,8,3.135,0.001,0.0304,0.000
570,2,9,0.812,0.000,0.0304,0.000
570,3,10,1.777,0.000,0.0304,0.000
570,4,11,1.075,0.000,0.0304,0.000
570,5,12,1.173,0.000,0.0304,0.000
570,6,13,0.190,0.000,0.0304,0.000
570,7,14,0.222,0.000,0.0304,0.000
570,8,15,0.597,0.000,0.0304,0.000
570,9,16,1.289,3806.016,0.0304,0.000
570,10,17,2.174,0.000,0.0304,380.602
570,11,18,0.084,0.000,0.0304,201.316
570,12,19,0.457,0.000,5.7607,76.420
570,13,20,0.981,258.819,3.6098,0.966
570,14,21,0.274,0.000,0.3202,26.388
570,15,22,0.421,241.181,0.0140,2.600
571,0,8,0.667,0.001,0.0304,0.000
571,1,9,1.177,0.000,0.0304,0.000
571,2,10,0.454,0.000,0.0304,0.000
571,3,11,0.296,0.000,0.0304,0.000
571,4,12,0.430,0.000,0.0304,0.000
571,5,13,0.649,0.000,0.0304,0.000
571,6,14,0.308,0.000,0.0304,0.000
571,7,15,0.776,0.000,0.0304,0.000
571,8,16,0.280,3806.016,0.0304,0.000
571,9,17,0.866,0.000,0.0304,380.602
571,10,18,0.472,0.000,0.0304,201.316
571,11,19,0.356,0.000,5.7607,76.420
571,12,20,0.462,258.819,3.6098,0.966
571,13,21,0.296,0.000,0.3202,26.388
571,14,22,0.602,241.181,0.0140,2.600
571,15,23,0.549,0.000,0.0135,23.893
572,0,9,1.358,0.000,0.0304,0.000
572,1,10,1.953,0.000,0.0304,0.000
572,2,11,1.871,0.000,0.0304,0.000
572,3,12,1.717,0.000,0.0304,0.000
572,4,13,2.563,0.000,0.0304,0.000
572,5,14,2.479,0.000,0.0304,0.000
572,6,15,1.915,0.000,0.0304,0.000
572,7,16,2.631,3806.016,0.0304,0.000
572,8,17,1.242,0.000,0.0304,380.602
572,9,18,1.075,0.000,0.0304,201.316
572,10,19,0.822,0.000,5.7607,76.420
572,11,20,1.168,258.819,3.6098,0.966
572,12,21,0.960,0.000,0.3202,26.388
572,13,22,1.051,241.181,0.0140,2.600
572,14,23,1.730,0.000,0.0135,23.893
572,15,24,1.702,207.107,0.0135,3.322
573,0,10,1.287,0.000,0.0304,0.000
573,1,11,0.878,0.000,0.0304,0.000
573,2,12,2.351,0.000,0.0304,0.000
573,3,13,2.034,0.000,0.0304,0.000
573,4,14,1.365,0.000,0.0304,0.000
573,5,15,1.387,0.000,0.0304,0.000
573,6,16,1.272,3806.016,0.0304,0.000
573,7,17,0.604,0.000,0.0304,380.602
573,8,18,0.412,0.000,0.0304,201.316
573,9,19,1.197,0.000,5.7607,76.420
573,10,20,0.867,258.819,3.6098,0.966
573,11,21,0.385,0.000,0.3202,26.388
573,12,22,0.575,241.181,0.0140,2.600
573,13,23,0.862,0.000,0.0135,23.893
573,14,24,0.389,207.107,0.0135,3.322
573,15,25,0.711,158.919,0.0128,20.200
574,0,11,5.929,0.000,0.0304,0.000
574,1,12,4.078,0.000,0.0304,0.000
574,2,13,4.846,0.000,0.0304,0.000
574,3,14,6.299,0.000,0.0304,0.000
574,4,15,6.044,0.000,0.0304,0.000
574,5,16,10.396,3806.016,0.0304,0.000
574,6,17,1.545,0.000,0.0304,380.602
574,7,18,1.872,0.000,0.0304,201.316
574,8,19,1.279,0.000,5.7607,76.420
574,9,20,2.352,258.819,3.6098,0.966
574,10,21,0.735,0.000,0.3202,26.388
574,11,22,2.425,241.181,0.0140,2.600
574,12,23,1.773,0.000,0.0135,23.893
574,13,24,2.224,207.107,0.0135,3.322
574,14,25,2.162,158.919,0.0128,20.200
574,15,26,1.302,99.900,0.0128,15.354
575,0,12,1.636,0.000,0.0304,0.000
575,1,13,0.468,0.000,0.0304,0.000
575,2,14,0.750,0.000,0.0304,0.000
575,3,15,1.201,0.000,0.0304,0.000
575,4,16,380.677,3806.016,0.0304,0.000
575,5,17,0.419,0.000,0.0304,380.602
575,6,18,0.210,0.000,0.0304,201.316
575,7,19,0.563,0.000,5.7607,76.420
575,8,20,26.362,258.819,3.6098,0.966
575,9,21,0.565,0.000,0.3202,26.388
575,10,22,23.709,241.181,0.0140,2.600
575,11,23,0.229,0.000,0.0135,23.893
575,12,24,20.857,207.107,0.0135,3.322
575,13,25,16.115,158.919,0.0128,20.200
575,14,26,10.036,99.900,0.0128,15.354
575,15,27,3.085,34.075,0.0122,9.606
576,0,13,2.631,0.000,0.0304,0.000
576,1,14,2.368,0.000,0.0304,0.000
576,2,15,4.710,0.000,0.0304,0.000
576,3,16,4.373,3806.016,0.0304,0.000
576,4,17,1.122,0.000,0.0304,380.602
576,5,18,1.299,0.000,0.0304,201.316
576,6,19,0.792,0.000,5.7607,76.420
576,7,20,1.350,258.819,3.6098,0.966
576,8,21,1.512,0.000,0.3202,26.388
576,9,22,1.481,241.181,0.0140,2.600
576,10,23,0.967,0.000,0.0135,23.893
576,11,24,1.498,207.107,0.0135,3.322
576,12,25,1.083,158.919,0.0128,20.200
576,13,26,0.618,99.900,0.0128,15.354
576,14,27,0.862,34.075,0.0122,9.606
576,15,28,1.792,0.000,0.0117,3.239
577,0,14,1.465,0.000,0.0304,0.000
577,1,15,1.634,0.000,0.0304,0.000
577,2,16,380.447,3806.016,0.0304,0.000
577,3,17,0.377,0.000,0.0304,380.602
577,4,18,0.799,0.000,0.0304,201.316
577,5,19,0.306,0.000,5.7607,76.420
577,6,20,26.242,258.819,3.6098,0.966
577,7,21,0.110,0.000,0.3202,26.388
577,8,22,23.698,241.181,0.0140,2.600
577,9,23,0.409,0.000,0.0135,23.893
577,10,24,19.954,207.107,0.0135,3.322
577,11,25,15.898,158.919,0.0128,20.200
577,12,26,9.619,99.900,0.0128,15.354
577,13,27,3.386,34.075,0.0122,9.606
577,14,28,0.478,0.000,0.0117,3.239
577,15,29,0.404,0.000,0.0114,3.156
578,0,15,1.245,0.000,0.0304,0.000
578,1,16,0.908,3806.016,0.0304,0.000
578,2,17,0.387,0.000,0.0304,380.602
578,3,18,0.454,0.000,0.0304,201.316
578,4,19,0.360,0.000,5.7607,76.420
578,5,20,0.530,258.819,3.6098,0.966
578,6,21,0.410,0.000,0.3202,26.388
578,7,22,0.503,241.181,0.0140,2.600
578,8,23,0.651,0.000,0.0135,23.893
578,9,24,0.396,207.107,0.0135,3.322
578,10,25,0.321,158.919,0.0128,20.200
578,11,26,0.207,99.900,0.0128,15.354
578,12,27,0.721,34.075,0.0122,9.606
578,13,28,0.594,0.000,0.0117,3.239
578,14,29,0.858,0.000,0.0114,3.156
578,15,30,0.933,0.000,0.0723,3.282
579,0,16,2.572,3806.016,0.0304,0.000
579,1,17,0.325,0.000,0.0304,380.602
579,2,18,0.741,0.000,0.0304,201.316
579,3,19,0.702,0.000,5.7607,76.420
579,4,20,0.464,258.819,3.6098,0.966
579,5,21,0.420,0.000,0.3202,26.388
579,6,22,0.224,241.181,0.0140,2.600
579,7,23,0.649,0.000,0.0135,23.893
579,8,24,0.213,207.107,0.0135,3.322
579,9,25,0.527,158.919,0.0128,20.200
579,10,26,0.581,99.900,0.0128,15.354
579,11,27,0.207,34.075,0.0122,9.606
579,12,28,0.245,0.000,0.0117,3.239
579,13,29,0.394,0.000,0.0114,3.156
579,14,30,0.594,0.000,0.0723,3.282
579,15,31,0.581,0.000,0.0147,3.235
580,0,17,1.302,0.000,0.0304,380.602
580,1,18,1.983,0.000,0.0304,201.316
580,2,19,0.820,0.000,5.7607,76.420
580,3,20,0.706,258.819,3.6098,0.966
580,4,21,0.705,0.000,0.3202,26.388
580,5,22,0.406,241.181,0.0140,2.600
580,6,23,0.517,0.000,0.0135,23.893
580,7,24,0.681,207.107,0.0135,3.322
580,8,25,0.104,158.919,0.0128,20.200
580,9,26,0.705,99.900,0.0128,15.354
580,10,27,0.206,34.075,0.0122,9.606
580,11,28,0.825,0.000,0.0117,3.239
580,12,29,0.310,0.000,0.0114,3.156
580,13,30,0.207,0.000,0.0723,3.282
580,14,31,0.466,0.000,0.0147,3.235
580,15,32,0.566,0.000,0.0140,3.393
581,0,18,0.412,0.000,0.0304,201.316
581,1,19,0.892,0.000,5.7607,76.420
581,2,20,0.237,258.819,3.6098,0.966
581,3,21,1.071,0.000,0.3202,26.388
581,4,22,0.771,241.181,0.0140,2.600
581,5,23,0.774,0.000,0.0135,23.893
581,6,24,0.472,207.107,0.0135,3.322
581,7,25,0.264,158.919,0.0128,20.200
581,8,26,0.408,99.900,0.0128,15.354
581,9,27,0.263,34.075,0.0122,9.606
581,10,28,0.216,0.000,0.0117,3.239
581,11,29,0.907,0.000,0.0114,3.156
581,12,30,0.551,0.000,0.0723,3.282
581,13,31,0.715,0.000,0.0147,3.235
581,14,32,0.165,0.000,0.0140,3.393
581,15,33,0.151,0.000,0.0136,3.238
582,0,19,2.782,0.000,5.7607,76.420
582,1,20,0.433,258.819,3.6098,0.966
582,2,21,0.871,0.000,0.3202,26.388
582,3,22,0.373,241.181,0.0140,2.600
582,4,23,0.428,0.000,0.0135,23.893
582,5,24,1.056,207.107,0.0135,3.322
582,6,25,0.089,158.919,0.0128,20.200
582,7,26,0.253,99.900,0.0128,15.354
582,8,27,0.514,34.075,0.0122,9.606
582,9,28,0.017,0.000,0.0117,3.239
582,10,29,0.490,0.000,0.0114,3.156
582,11,30,0.260,0.000,0.0723,3.282
582,12,31,0.685,0.000,0.0147,3.235
582,13,32,0.312,0.000,0.0140,3.393
582,14,33,0.675,0.000,0.0136,3.238
582,15,34,0.975,0.000,0.0135,3.394
583,0,20,0.535,258.819,3.6098,0.966
583,1,21,1.731,0.000,0.3202,26.388
583,2,22,0.399,241.181,0.0140,2.600
583,3,23,0.179,0.000,0.0135,23.893
583,4,24,0.354,207.107,0.0135,3.322
583,5,25,0.124,158.919,0.0128,20.200
583,6,26,0.326,99.900,0.0128,15.354
583,7,27,0.294,34.075,0.0122,9.606
583,8,28,0.276,0.000,0.0117,3.239
583,9,29,0.291,0.000,0.0114,3.156
583,10,30,0.440,0.000,0.0723,3.282
583,11,31,0.075,0.000,0.0147,3.235
583,12,32,0.236,0.000,0.0140,3.393
583,13,33,0.145,0.000,0.0136,3.238
583,14,34,0.209,0.000,0.0135,3.394
583,15,35,0.462,0.000,0.0135,3.237
584,0,21,0.703,0.000,0.3202,26.388
584,1,22,0.235,241.181,0.0140,2.600
584,2,23,0.491,0.000,0.0135,23.893
584,3,24,0.525,207.107,0.0135,3.322
584,4,25,0.893,158.919,0.0128,20.200
584,5,26,0.424,99.900,0.0128,15.354
584,6,27,0.526,34.075,0.0122,9.606
584,7,28,0.342,0.000,0.0117,3.239
584,8,29,1.097,0.000,0.0114,3.156
584,9,30,0.300,0.000,0.0723,3.282
584,10,31,0.782,0.000,0.0147,3.235
584,11,32,0.243,0.000,0.0140,3.393
584,12,33,0.443,0.000,0.0136,3.238
584,13,34,0.943,0.000,0.0135,3.394
584,14,35,0.900,0.000,0.0135,3.237
584,15,36,2.908,0.000,0.0136,3.395
585,0,22,0.313,241.181,0.0140,2.600
585,1,23,0.420,0.000,0.0135,23.893
585,2,24,0.021,207.107,0.0135,3.322
585,3,25,0.491,158.919,0.0128,20.200
585,4,26,0.089,99.900,0.0128,15.354
585,5,27,0.646,34.075,0.0122,9.606
585,6,28,0.355,0.000,0.0117,3.239
585,7,29,1.010,0.000,0.0114,3.156
585,8,30,0.351,0.000,0.0723,3.282
585,9,31,0.396,0.000,0.0147,3.235
585,10,32,0.291,0.000,0.0140,3.393
585,11,33,0.338,0.000,0.0136,3.238
585,12,34,0.415,0.000,0.0135,3.394
585,13,35,0.417,0.000,0.0135,3.237
585,14,36,1.537,0.000,0.0136,3.395
585,15,37,4.693,0.000,0.0136,3.237
586,0,23,0.308,0.000,0.0135,23.893
586,1,24,0.012,207.107,0.0135,3.322
586,2,25,0.266,158.919,0.0128,20.200
586,3,26,0.332,99.900,0.0128,15.354
586,4,27,0.360,34.075,0.0122,9.606
586,5,28,0.088,0.000,0.0117,3.239
586,6,29,0.329,0.000,0.0114,3.156
586,7,30,0.310,0.000,0.0723,3.282
586,8,31,0.458,0.000,0.0147,3.235
586,9,32,0.194,0.000,0.0140,3.393
586,10,33,0.489,0.000,0.0136,3.238
586,11,34,0.245,0.000,0.0135,3.394
586,12,35,0.450,0.000,0.0135,3.237
586,13,36,0.602,0.000,0.0136,3.395
586,14,37,0.491,0.000,0.0136,3.237
586,15,38,0.408,0.000,0.0135,3.395
587,0,24,1.664,207.107,0.0135,3.322
587,1,25,0.531,158.919,0.0128,20.200
587,2,26,0.743,99.900,0.0128,15.354
587,3,27,0.642,34.075,0.0122,9.606
587,4,28,0.357,0.000,0.0117,3.239
587,5,29,0.749,0.000,0.0114,3.156
587,6,30,0.416,0.000,0.0723,3.282
587,7,31,0.291,0.000,0.0147,3.235
587,8,32,0.625,0.000,0.0140,3.393
587,9,33,0.222,0.000,0.0136,3.238
587,10,34,0.454,0.000,0.0135,3.394
587,11,35,0.213,0.000,0.0135,3.237
587,12,36,0.470,0.000,0.0136,3.395
587,13,37,0.410,0.000,0.0136,3.237
587,14,38,0.494,0.000,0.0135,3.395
587,15,39,1.224,1000.000,0.0137,3.237
588,0,25,0.964,158.919,0.0128,20.200
588,1,26,0.197,99.900,0.0128,15.354
588,2,27,0.689,34.075,0.0122,9.606
588,3,28,0.036,0.000,0.0117,3.239
588,4,29,0.059,0.000,0.0114,3.156
588,5,30,0.556,0.000,0.0723,3.282
588,6,31,0.070,0.000,0.0147,3.235
588,7,32,0.420,0.000,0.0140,3.393
588,8,33,0.325,0.000,0.0136,3.238
588,9,34,0.163,0.000,0.0135,3.394
588,10,35,0.203,0.000,0.0135,3.237
588,11,36,0.239,0.000,0.0136,3.395
588,12,37,0.150,0.000,0.0136,3.237
588,13,38,0.656,0.000,0.0135,3.395
588,14,39,2.039,1000.000,0.0137,3.237
588,15,40,1.166,1035.567,0.0135,3.943
589,0,26,0.372,99.900,0.0128,15.354
589,1,27,0.809,34.075,0.0122,9.606
589,2,28,0.477,0.000,0.0117,3.239
589,3,29,0.348,0.000,0.0114,3.156
589,4,30,0.156,0.000,0.0723,3.282
589,5,31,0.246,0.000,0.0147,3.235
589,6,32,0.427,0.000,0.0140,3.393
589,7,33,0.180,0.000,0.0136,3.238
589,8,34,0.358,0.000,0.0135,3.394
589,9,35,0.500,0.000,0.0135,3.237
589,10,36,0.782,0.000,0.0136,3.395
589,11,37,0.552,0.000,0.0136,3.237
589,12,38,0.374,0.000,0.0135,3.395
589,13,39,1.075,1000.000,0.0137,3.237
589,14,40,0.433,1035.567,0.0135,3.943
589,15,41,0.388,0.000,1.9861,102.748
590,0,27,0.641,34.075,0.0122,9.606
590,1,28,0.537,0.000,0.0117,3.239
590,2,29,0.094,0.000,0.0114,3.156
590,3,30,0.556,0.000,0.0723,3.282
590,4,31,0.484,0.000,0.0147,3.235
590,5,32,0.524,0.000,0.0140,3.393
590,6,33,0.558,0.000,0.0136,3.238
590,7,34,1.081,0.000,0.0135,3.394
590,8,35,0.415,0.000,0.0135,3.237
590,9,36,0.867,0.000,0.0136,3.395
590,10,37,0.643,0.000,0.0136,3.237
590,11,38,0.599,0.000,0.0135,3.395
590,12,39,0.072,1000.000,0.0137,3.237
590,13,40,0.551,1035.567,0.0135,3.943
590,14,41,98.683,0.000,1.9861,102.748
590,15,42,0.415,0.000,4.4633,21.142
591,0,28,0.022,0.000,0.0117,3.239
591,1,29,0.248,0.000,0.0114,3.156
591,2,30,0.501,0.000,0.0723,3.282
591,3,31,0.570,0.000,0.0147,3.235
591,4,32,0.268,0.000,0.0140,3.393
591,5,33,0.685,0.000,0.0136,3.238
591,6,34,0.214,0.000,0.0135,3.394
591,7,35,0.018,0.000,0.0135,3.237
591,8,36,0.210,0.000,0.0136,3.395
591,9,37,0.313,0.000,0.0136,3.237
591,10,38,0.475,0.000,0.0135,3.395
591,11,39,0.708,1000.000,0.0137,3.237
591,12,40,0.651,1035.567,0.0135,3.943
591,13,41,15.131,0.000,1.9861,102.748
591,14,42,0.550,0.000,4.4633,21.142
591,15,43,0.718,0.000,3.0296,0.630
592,0,29,0.830,0.000,0.0114,3.156
592,1,30,0.340,0.000,0.0723,3.282
592,2,31,0.203,0.000,0.0147,3.235
592,3,32,0.755,0.000,0.0140,3.393
592,4,33,0.113,0.000,0.0136,3.238
592,5,34,0.103,0.000,0.0135,3.394
592,6,35,0.259,0.000,0.0135,3.237
592,7,36,0.360,0.000,0.0136,3.395
592,8,37,0.099,0.000,0.0136,3.237
592,9,38,0.301,0.000,0.0135,3.395
592,10,39,0.993,1000.000,0.0137,3.237
592,11,40,0.176,1035.567,0.0135,3.943
592,12,41,4.141,0.000,1.9861,102.748
592,13,42,1.402,0.000,4.4633,21.142
592,14,43,0.496,0.000,3.0296,0.630
592,15,44,0.695,0.000,0.0173,1.246
593,0,30,0.123,0.000,0.0723,3.282
593,1,31,0.270,0.000,0.0147,3.235
593,2,32,0.809,0.000,0.0140,3.393
593,3,33,0.417,0.000,0.0136,3.238
593,4,34,0.864,0.000,0.0135,3.394
593,5,35,0.684,0.000,0.0135,3.237
593,6,36,0.689,0.000,0.0136,3.395
593,7,37,0.336,0.000,0.0136,3.237
593,8,38,0.219,0.000,0.0135,3.395
593,9,39,0.779,1000.000,0.0137,3.237
593,10,40,0.956,1035.567,0.0135,3.943
593,11,41,103.839,0.000,1.9861,102.748
593,12,42,0.618,0.000,4.4633,21.142
593,13,43,0.169,0.000,3.0296,0.630
593,14,44,0.426,0.000,0.0173,1.246
593,15,45,0.278,0.000,0.0175,0.629
594,0,31,0.589,0.000,0.0147,3.235
594,1,32,0.366,0.000,0.0140,3.393
594,2,33,0.412,0.000,0.0136,3.238
594,3,34,0.589,0.000,0.0135,3.394
594,4,35,0.610,0.000,0.0135,3.237
594,5,36,0.504,0.000,0.0136,3.395
594,6,37,0.787,0.000,0.0136,3.237
594,7,38,0.696,0.000,0.0135,3.395
594,8,39,0.091,1000.000,0.0137,3.237
594,9,40,0.862,1035.567,0.0135,3.943
594,10,41,85.649,0.000,1.9861,102.748
594,11,42,1.323,0.000,4.4633,21.142
594,12,43,0.917,0.000,3.0296,0.630
594,13,44,0.430,0.000,0.0173,1.246
594,14,45,0.408,0.000,0.0175,0.629
594,15,46,4.647,0.000,0.0174,1.245
595,0,32,1.385,0.000,0.0140,3.393
595,1,33,0.091,0.000,0.0136,3.238
595,2,34,0.580,0.000,0.0135,3.394
595,3,35,0.513,0.000,0.0135,3.237
595,4,36,0.223,0.000,0.0136,3.395
595,5,37,0.109,0.000,0.0136,3.237
595,6,38,0.000,0.000,0.0135,3.395
595,7,39,0.281,1000.000,0.0137,3.237
595,8,40,1.549,1035.567,0.0135,3.943
595,9,41,7.166,0.000,1.9861,102.748
595,10,42,0.535,0.000,4.4633,21.142
595,11,43,0.841,0.000,3.0296,0.630
595,12,44,0.629,0.000,0.0173,1.246
595,13,45,0.275,0.000,0.0175,0.629
595,14,46,1.016,0.000,0.0174,1.245
595,15,47,0.436,0.000,0.0175,0.629
596,0,33,0.801,0.000,0.0136,3.238
596,1,34,2.546,0.000,0.0135,3.394
596,2,35,1.617,0.000,0.0135,3.237
596,3,36,1.512,0.000,0.0136,3.395
596,4,37,0.621,0.000,0.0136,3.237
596,5,38,0.555,0.000,0.0135,3.395
596,6,39,0.751,1000.000,0.0137,3.237
596,7,40,0.819,1035.567,0.0135,3.943
596,8,41,1.852,0.000,1.9861,102.748
596,9,42,0.983,0.000,4.4633,21.142
596,10,43,0.751,0.000,3.0296,0.630
596,11,44,0.860,0.000,0.0173,1.246
596,12,45,1.613,0.000,0.0175,0.629
596,13,46,0.691,0.000,0.0174,1.245
596,14,47,0.855,0.000,0.0175,0.629
596,15,48,2.500,0.000,0.0173,1.245
597,0,34,0.468,0.000,0.0135,3.394
597,1,35,0.407,0.000,0.0135,3.237
597,2,36,0.991,0.000,0.0136,3.395
597,3,37,0.376,0.000,0.0136,3.237
597,4,38,0.463,0.000,0.0135,3.395
597,5,39,1.256,1000.000,0.0137,3.237
597,6,40,0.702,1035.567,0.0135,3.943
597,7,41,1.812,0.000,1.9861,102.748
597,8,42,0.935,0.000,4.4633,21.142
597,9,43,0.541,0.000,3.0296,0.630
597,10,44,0.467,0.000,0.0173,1.246
597,11,45,1.007,0.000,0.0175,0.629
597,12,46,0.530,0.000,0.0174,1.245
597,13,47,0.517,0.000,0.0175,0.629
597,14,48,0.726,0.000,0.0173,1.245
597,15,49,0.282,0.000,0.0174,0.629
598,0,35,3.289,0.000,0.0135,3.237
598,1,36,0.330,0.000,0.0136,3.395
598,2,37,3.076,0.000,0.0136,3.237
598,3,38,1.865,0.000,0.0135,3.395
598,4,39,11.479,1000.000,0.0137,3.237
598,5,40,0.295,1035.567,0.0135,3.943
598,6,41,12.747,0.000,1.9861,102.748
598,7,42,1.877,0.000,4.4633,21.142
598,8,43,0.974,0.000,3.0296,0.630
598,9,44,2.118,0.000,0.0173,1.246
598,10,45,1.680,0.000,0.0175,0.629
598,11,46,0.812,0.000,0.0174,1.245
598,12,47,1.858,0.000,0.0175,0.629
598,13,48,1.322,0.000,0.0173,1.245
598,14,49,11.886,0.000,0.0174,0.629
598,15,50,4.750,0.000,0.0173,1.245
599,0,36,0.315,0.000,0.0136,3.395
599,1,37,0.879,0.000,0.0136,3.237
599,2,38,0.157,0.000,0.0135,3.395
599,3,39,0.344,1000.000,0.0137,3.237
599,4,40,0.633,1035.567,0.0135,3.943
599,5,41,7.161,0.000,1.9861,102.748
599,6,42,3.198,0.000,4.4633,21.142
599,7,43,1.461,0.000,3.0296,0.630
599,8,44,1.642,0.000,0.0173,1.246
599,9,45,3.370,0.000,0.0175,0.629
599,10,46,0.317,0.000,0.0174,1.245
599,11,47,0.311,0.000,0.0175,0.629
599,12,48,0.294,0.000,0.0173,1.245
599,13,49,0.275,0.000,0.0174,0.629
599,14,50,0.320,0.000,0.0173,1.245
599,15,51,0.701,0.000,0.0174,0.629
600,0,37,0.447,0.000,0.0136,3.237
600,1,38,1.099,0.000,0.0135,3.395
600,2,39,0.390,1000.000,0.0137,3.237
600,3,40,2.067,1035.567,0.0135,3.943
600,4,41,3.332,0.000,1.9861,102.748
600,5,42,1.419,0.000,4.4633,21.142
600,6,43,0.265,0.000,3.0296,0.630
600,7,44,0.855,0.000,0.0173,1.246
600,8,45,0.670,0.000,0.0175,0.629
600,9,46,0.568,0.000,0.0174,1.245
600,10,47,0.555,0.000,0.0175,0.629
600,11,48,0.723,0.000,0.0173,1.245
600,12,49,0.208,0.000,0.0174,0.629
600,13,50,0.268,0.000,0.0173,1.245
600,14,51,1.041,0.000,0.0174,0.629
600,15,52,0.430,0.000,0.0173,1.245
601,0,38,2.228,0.000,0.0135,3.395
601,1,39,22.374,1000.000,0.0137,3.237
601,2,40,3.543,1035.567,0.0135,3.943
601,3,41,4.304,0.000,1.9861,102.748
601,4,42,1.455,0.000,4.4633,21.142
601,5,43,0.876,0.000,3.0296,0.630
601,6,44,0.293,0.000,0.0173,1.246
601,7,45,0.929,0.000,0.0175,0.629
601,8,46,1.768,0.000,0.0174,1.245
601,9,47,0.377,0.000,0.0175,0.629
601,10,48,0.431,0.000,0.0173,1.245
601,11,49,0.976,0.000,0.0174,0.629
601,12,50,0.551,0.000,0.0173,1.245
601,13,51,0.628,0.000,0.0174,0.629
601,14,52,0.989,0.000,0.0173,1.245
601,15,53,2.668,258.819,0.0174,0.629
602,0,39,2.245,1000.000,0.0137,3.237
602,1,40,0.654,1035.567,0.0135,3.943
602,2,41,10.325,0.000,1.9861,102.748
602,3,42,2.042,0.000,4.4633,21.142
602,4,43,2.031,0.000,3.0296,0.630
602,5,44,1.048,0.000,0.0173,1.246
602,6,45,1.913,0.000,0.0175,0.629
602,7,46,0.911,0.000,0.0174,1.245
602,8,47,0.266,0.000,0.0175,0.629
602,9,48,0.999,0.000,0.0173,1.245
602,10,49,1.055,0.000,0.0174,0.629
602,11,50,0.776,0.000,0.0173,1.245
602,12,51,0.710,0.000,0.0174,0.629
602,13,52,2.891,0.000,0.0173,1.245
602,14,53,0.611,258.819,0.0174,0.629
602,15,54,3.101,0.000,0.0172,25.739
603,0,40,74.203,1035.567,0.0135,3.943
603,1,41,80.751,0.000,1.9861,102.748
603,2,42,73.479,0.000,4.4633,21.142
603,3,43,1.806,0.000,3.0296,0.630
603,4,44,1.067,0.000,0.0173,1.246
603,5,45,1.233,0.000,0.0175,0.629
603,6,46,1.376,0.000,0.0174,1.245
603,7,47,0.719,0.000,0.0175,0.629
603,8,48,1.285,0.000,0.0173,1.245
603,9,49,1.160,0.000,0.0174,0.629
603,10,50,0.576,0.000,0.0173,1.245
603,11,51,1.443,0.000,0.0174,0.629
603,12,52,0.178,0.000,0.0173,1.245
603,13,53,0.368,258.819,0.0174,0.629
603,14,54,21.849,0.000,0.0172,25.739
603,15,55,15.551,241.181,0.0173,3.874
604,0,41,5.854,0.000,1.9861,102.748
604,1,42,0.880,0.000,4.4633,21.142
604,2,43,0.639,0.000,3.0296,0.630
604,3,44,0.936,0.000,0.0173,1.246
604,4,45,0.501,0.000,0.0175,0.629
604,5,46,1.257,0.000,0.0174,1.245
604,6,47,0.434,0.000,0.0175,0.629
604,7,48,0.278,0.000,0.0173,1.245
604,8,49,0.360,0.000,0.0174,0.629
604,9,50,0.682,0.000,0.0173,1.245
604,10,51,0.899,0.000,0.0174,0.629
604,11,52,0.368,0.000,0.0173,1.245
604,12,53,0.875,258.819,0.0174,0.629
604,13,54,2.208,0.000,0.0172,25.739
604,14,55,2.815,241.181,0.0173,3.874
604,15,56,3.022,207.107,0.0170,23.211
605,0,42,0.217,0.000,4.4633,21.142
605,1,43,0.525,0.000,3.0296,0.630
605,2,44,0.378,0.000,0.0173,1.246
605,3,45,0.613,0.000,0.0175,0.629
605,4,46,0.478,0.000,0.0174,1.245
605,5,47,0.231,0.000,0.0175,0.629
605,6,48,0.047,0.000,0.0173,1.245
605,7,49,0.474,0.000,0.0174,0.629
605,8,50,0.772,0.000,0.0173,1.245
605,9,51,0.170,0.000,0.0174,0.629
605,10,52,1.034,0.000,0.0173,1.245
605,11,53,0.286,258.819,0.0174,0.629
605,12,54,0.982,0.000,0.0172,25.739
605,13,55,1.423,241.181,0.0173,3.874
605,14,56,1.396,207.107,0.0170,23.211
605,15,57,3.874,158.918,0.0167,19.583
606,0,43,0.295,0.000,3.0296,0.630
606,1,44,0.951,0.000,0.0173,1.246
606,2,45,0.493,0.000,0.0175,0.629
606,3,46,0.522,0.000,0.0174,1.245
606,4,47,0.515,0.000,0.0175,0.629
606,5,48,0.363,0.000,0.0173,1.245
606,6,49,0.433,0.000,0.0174,0.629
606,7,50,0.276,0.000,0.0173,1.245
606,8,51,0.503,0.000,0.0174,0.629
606,9,52,0.422,0.000,0.0173,1.245
606,10,53,0.296,258.819,0.0174,0.629
606,11,54,0.352,0.000,0.0172,25.739
606,12,55,0.765,241.181,0.0173,3.874
606,13,56,0.668,207.107,0.0170,23.211
606,14,57,0.400,158.918,0.0167,19.583
606,15,58,0.701,99.901,0.0163,14.898
607,0,44,0.196,0.000,0.0173,1.246
607,1,45,0.593,0.000,0.0175,0.629
607,2,46,0.346,0.000,0.0174,1.245
607,3,47,0.482,0.000,0.0175,0.629
607,4,48,0.571,0.000,0.0173,1.245
607,5,49,0.869,0.000,0.0174,0.629
607,6,50,0.329,0.000,0.0173,1.245
607,7,51,0.284,0.000,0.0174,0.629
607,8,52,0.445,0.000,0.0173,1.245
607,9,53,0.586,258.819,0.0174,0.629
607,10,54,0.544,0.000,0.0172,25.739
607,11,55,0.572,241.181,0.0173,3.874
607,12,56,0.200,207.107,0.0170,23.211
607,13,57,2.115,158.918,0.0167,19.583
607,14,58,0.571,99.901,0.0163,14.898
607,15,59,0.541,34.075,0.0156,9.363
608,0,45,0.499,0.000,0.0175,0.629
608,1,46,1.747,0.000,0.0174,1.245
608,2,47,0.117,0.000,0.0175,0.629
608,3,48,0.391,0.000,0.0173,1.245
608,4,49,0.478,0.000,0.0174,0.629
608,5,50,0.412,0.000,0.0173,1.245
608,6,51,0.360,0.000,0.0174,0.629
608,7,52,0.196,0.000,0.0173,1.245
608,8,53,0.504,258.819,0.0174,0.629
608,9,54,0.573,0.000,0.0172,25.739
608,10,55,0.538,241.181,0.0173,3.874
608,11,56,0.159,207.107,0.0170,23.211
608,12,57,0.675,158.918,0.0167,19.583
608,13,58,0.581,99.901,0.0163,14.898
608,14,59,0.538,34.075,0.0156,9.363
608,15,60,0.462,0.000,0.0151,3.218
609,0,46,0.254,0.000,0.0174,1.245
609,1,47,0.549,0.000,0.0175,0.629
609,2,48,0.324,0.000,0.0173,1.245
609,3,49,0.778,0.000,0.0174,0.629
609,4,50,0.364,0.000,0.0173,1.245
609,5,51,0.503,0.000,0.0174,0.629
609,6,52,0.381,0.000,0.0173,1.245
609,7,53,0.671,258.819,0.0174,0.629
609,8,54,0.926,0.000,0.0172,25.739
609,9,55,0.971,241.181,0.0173,3.874
609,10,56,1.087,207.107,0.0170,23.211
609,11,57,1.468,158.918,0.0167,19.583
609,12,58,1.340,99.901,0.0163,14.898
609,13,59,0.452,34.075,0.0156,9.363
609,14,60,0.720,0.000,0.0151,3.218
609,15,61,0.397,0.000,0.0148,0.632
610,0,47,1.386,0.000,0.0175,0.629
610,1,48,1.123,0.000,0.0173,1.245
610,2,49,0.236,0.000,0.0174,0.629
610,3,50,0.337,0.000,0.0173,1.245
610,4,51,0.455,0.000,0.0174,0.629
610,5,52,0.152,0.000,0.0173,1.245
610,6,53,0.209,258.819,0.0174,0.629
610,7,54,0.396,0.000,0.0172,25.739
610,8,55,0.765,241.181,0.0173,3.874
610,9,56,0.734,207.107,0.0170,23.211
610,10,57,1.176,158.918,0.0167,19.583
610,11,58,0.519,99.901,0.0163,14.898
610,12,59,0.820,34.075,0.0156,9.363
610,13,60,0.200,0.000,0.0151,3.218
610,14,61,0.546,0.000,0.0148,0.632
610,15,62,0.184,0.000,0.0147,1.255
611,0,48,0.503,0.000,0.0173,1.245
611,1,49,0.591,0.000,0.0174,0.629
611,2,50,0.665,0.000,0.0173,1.245
611,3,51,0.557,0.000,0.0174,0.629
611,4,52,1.051,0.000,0.0173,1.245
611,5,53,0.909,258.819,0.0174,0.629
611,6,54,3.095,0.000,0.0172,25.739
611,7,55,1.198,241.181,0.0173,3.874
611,8,56,2.934,207.107,0.0170,23.211
611,9,57,2.688,158.918,0.0167,19.583
611,10,58,1.972,99.901,0.0163,14.898
611,11,59,1.252,34.075,0.0156,9.363
611,12,60,0.633,0.000,0.0151,3.218
611,13,61,0.685,0.000,0.0148,0.632
611,14,62,1.322,0.000,0.0147,1.255
611,15,63,0.488,0.000,0.0148,0.632
612,0,49,0.968,0.000,0.0174,0.629
612,1,50,0.384,0.000,0.0173,1.245
612,2,51,0.435,0.000,0.0174,0.629
612,3,52,0.704,0.000,0.0173,1.245
612,4,53,0.759,258.819,0.0174,0.629
612,5,54,4.530,0.000,0.0172,25.739
612,6,55,2.894,241.181,0.0173,3.874
612,7,56,2.897,207.107,0.0170,23.211
612,8,57,6.274,158.918,0.0167,19.583
612,9,58,5.143,99.901,0.0163,14.898
612,10,59,2.898,34.075,0.0156,9.363
612,11,60,1.119,0.000,0.0151,3.218
612,12,61,0.623,0.000,0.0148,0.632
612,13,62,0.421,0.000,0.0147,1.255
612,14,63,2.019,0.000,0.0148,0.632
612,15,64,0.434,0.000,0.0146,1.254
613,0,50,0.316,0.000,0.0173,1.245
613,1,51,0.668,0.000,0.0174,0.629
613,2,52,0.460,0.000,0.0173,1.245
613,3,53,0.339,258.819,0.0174,0.629
613,4,54,0.407,0.000,0.0172,25.739
613,5,55,0.518,241.181,0.0173,3.874
613,6,56,0.495,207.107,0.0170,23.211
613,7,57,0.776,158.918,0.0167,19.583
613,8,58,1.015,99.901,0.0163,14.898
613,9,59,0.219,34.075,0.0156,9.363
613,10,60,0.225,0.000,0.0151,3.218
613,11,61,0.653,0.000,0.0148,0.632
613,12,62,0.300,0.000,0.0147,1.255
613,13,63,0.098,0.000,0.0148,0.632
613,14,64,0.496,0.000,0.0146,1.254
613,15,65,0.289,0.000,0.0147,0.632
614,0,51,0.507,0.000,0.0174,0.629
614,1,52,0.746,0.000,0.0173,1.245
614,2,53,0.415,258.819,0.0174,0.629
614,3,54,0.994,0.000,0.0172,25.739
614,4,55,1.407,241.181,0.0173,3.874
614,5,56,1.826,207.107,0.0170,23.211
614,6,57,1.624,158.918,0.0167,19.583
614,7,58,1.257,99.901,0.0163,14.898
614,8,59,0.746,34.075,0.0156,9.363
614,9,60,0.746,0.000,0.0151,3.218
614,10,61,0.524,0.000,0.0148,0.632
614,11,62,0.505,0.000,0.0147,1.255
614,12,63,0.241,0.000,0.0148,0.632
614,13,64,0.487,0.000,0.0146,1.254
614,14,65,1.885,0.000,0.0147,0.632
614,15,66,0.350,0.000,0.0146,1.254
615,0,52,0.959,0.000,0.0173,1.245
615,1,53,1.841,258.819,0.0174,0.629
615,2,54,1.035,0.000,0.0172,25.739
615,3,55,1.355,241.181,0.0173,3.874
615,4,56,1.607,207.107,0.0170,23.211
615,5,57,2.025,158.918,0.0167,19.583
615,6,58,1.650,99.901,0.0163,14.898
615,7,59,0.764,34.075,0.0156,9.363
615,8,60,0.377,0.000,0.0151,3.218
615,9,61,0.404,0.000,0.0148,0.632
615,10,62,0.331,0.000,0.0147,1.255
615,11,63,0.106,0.000,0.0148,0.632
615,12,64,0.086,0.000,0.0146,1.254
615,13,65,0.333,0.000,0.0147,0.632
615,14,66,0.154,0.000,0.0146,1.254
615,15,67,0.393,0.000,0.0146,0.632
616,0,53,0.372,258.819,0.0174,0.629
616,1,54,0.435,0.000,0.0172,25.739
616,2,55,0.147,241.181,0.0173,3.874
616,3,56,0.393,207.107,0.0170,23.211
616,4,57,0.900,158.918,0.0167,19.583
616,5,58,0.294,99.901,0.0163,14.898
616,6,59,0.435,34.075,0.0156,9.363
616,7,60,0.256,0.000,0.0151,3.218
616,8,61,0.387,0.000,0.0148,0.632
616,9,62,0.330,0.000,0.0147,1.255
616,10,63,0.331,0.000,0.0148,0.632
616,11,64,0.306,0.000,0.0146,1.254
616,12,65,0.209,0.000,0.0147,0.632
616,13,66,0.171,0.000,0.0146,1.254
616,14,67,0.267,0.000,0.0146,0.632
616,15,68,0.473,0.000,0.0145,1.254
617,0,54,0.284,0.000,0.0172,25.739
617,1,55,5.159,241.181,0.0173,3.874
617,2,56,0.628,207.107,0.0170,23.211
617,3,57,1.114,158.918,0.0167,19.583
617,4,58,0.653,99.901,0.0163,14.898
617,5,59,0.456,34.075,0.0156,9.363
617,6,60,0.189,0.000,0.0151,3.218
617,7,61,0.411,0.000,0.0148,0.632
617,8,62,0.147,0.000,0.0147,1.255
617,9,63,0.497,0.000,0.0148,0.632
617,10,64,0.403,0.000,0.0146,1.254
617,11,65,0.425,0.000,0.0147,0.632
617,12,66,0.664,0.000,0.0146,1.254
617,13,67,0.504,0.000,0.0146,0.632
617,14,68,0.439,0.000,0.0145,1.254
617,15,69,0.213,0.000,0.0147,0.631
618,0,55,0.183,241.181,0.0173,3.874
618,1,56,1.175,207.107,0.0170,23.211
618,2,57,0.818,158.918,0.0167,19.583
618,3,58,0.901,99.901,0.0163,14.898
618,4,59,1.017,34.075,0.0156,9.363
618,5,60,0.977,0.000,0.0151,3.218
618,6,61,0.649,0.000,0.0148,0.632
618,7,62,0.914,0.000,0.0147,1.255
618,8,63,0.734,0.000,0.0148,0.632
618,9,64,0.737,0.000,0.0146,1.254
618,10,65,1.533,0.000,0.0147,0.632
618,11,66,0.802,0.000,0.0146,1.254
618,12,67,0.615,0.000,0.0146,0.632
618,13,68,1.223,0.000,0.0145,1.254
618,14,69,1.990,0.000,0.0147,0.631
618,15,70,6.094,0.000,0.0145,1.253
619,0,56,0.872,207.107,0.0170,23.211
619,1,57,0.579,158.918,0.0167,19.583
619,2,58,0.430,99.901,0.0163,14.898
619,3,59,0.363,34.075,0.0156,9.363
619,4,60,0.555,0.000,0.0151,3.218
619,5,61,0.280,0.000,0.0148,0.632
619,6,62,0.250,0.000,0.0147,1.255
619,7,63,0.369,0.000,0.0148,0.632
619,8,64,0.534,0.000,0.0146,1.254
619,9,65,0.463,0.000,0.0147,0.632
619,10,66,0.312,0.000,0.0146,1.254
619,11,67,0.873,0.000,0.0146,0.632
619,12,68,0.378,0.000,0.0145,1.254
619,13,69,0.399,0.000,0.0147,0.631
619,14,70,0.997,0.000,0.0145,1.253
619,15,71,0.580,0.000,0.0146,0.632
620,0,57,0.609,158.918,0.0167,19.583
620,1,58,0.639,99.901,0.0163,14.898
620,2,59,0.476,34.075,0.0156,9.363
620,3,60,0.550,0.000,0.0151,3.218
620,4,61,0.422,0.000,0.0148,0.632
620,5,62,0.323,0.000,0.0147,1.255
620,6,63,0.311,0.000,0.0148,0.632
620,7,64,0.348,0.000,0.0146,1.254
620,8,65,0.242,0.000,0.0147,0.632
620,9,66,0.219,0.000,0.0146,1.254
620,10,67,0.455,0.000,0.0146,0.632
620,11,68,0.635,0.000,0.0145,1.254
620,12,69,0.180,0.000,0.0147,0.631
620,13,70,0.320,0.000,0.0145,1.253
620,14,71,0.216,0.000,0.0146,0.632
620,15,72,0.212,0.000,0.0145,1.254
621,0,58,0.503,99.901,0.0163,14.898
621,1,59,0.206,34.075,0.0156,9.363
621,2,60,0.115,0.000,0.0151,3.218
621,3,61,0.159,0.000,0.0148,0.632
621,4,62,0.200,0.000,0.0147,1.255
621,5,63,0.283,0.000,0.0148,0.632
621,6,64,0.377,0.000,0.0146,1.254
621,7,65,0.516,0.000,0.0147,0.632
621,8,66,0.932,0.000,0.0146,1.254
621,9,67,0.299,0.000,0.0146,0.632
621,10,68,0.398,0.000,0.0145,1.254
621,11,69,0.236,0.000,0.0147,0.631
621,12,70,0.243,0.000,0.0145,1.253
621,13,71,0.621,0.000,0.0146,0.632
621,14,72,0.338,0.000,0.0145,1.254
621,15,73,0.289,0.000,0.0147,0.632
622,0,59,0.928,34.075,0.0156,9.363
622,1,60,0.954,0.000,0.0151,3.218
622,2,61,0.644,0.000,0.0148,0.632
622,3,62,0.307,0.000,0.0147,1.255
622,4,63,0.315,0.000,0.0148,0.632
622,5,64,0.384,0.000,0.0146,1.254
622,6,65,0.685,0.000,0.0147,0.632
622,7,66,0.193,0.000,0.0146,1.254
622,8,67,1.621,0.000,0.0146,0.632
622,9,68,0.473,0.000,0.0145,1.254
622,10,69,0.545,0.000,0.0147,0.631
622,11,70,0.422,0.000,0.0145,1.253
622,12,71,0.868,0.000,0.0146,0.632
622,13,72,0.356,0.000,0.0145,1.254
622,14,73,1.968,0.000,0.0147,0.632
622,15,74,0.548,0.000,0.0146,1.254
623,0,60,1.308,0.000,0.0151,3.218
623,1,61,0.584,0.000,0.0148,0.632
623,2,62,0.425,0.000,0.0147,1.255
623,3,63,0.465,0.000,0.0148,0.632
623,4,64,0.475,0.000,0.0146,1.254
623,5,65,0.941,0.000,0.0147,0.632
623,6,66,0.506,0.000,0.0146,1.254
623,7,67,0.707,0.000,0.0146,0.632
623,8,68,0.506,0.000,0.0145,1.254
623,9,69,0.298,0.000,0.0147,0.631
623,10,70,0.540,0.000,0.0145,1.253
623,11,71,0.532,0.000,0.0146,0.632
623,12,72,0.295,0.000,0.0145,1.254
623,13,73,0.763,0.000,0.0147,0.632
623,14,74,0.458,0.000,0.0146,1.254
623,15,75,0.387,0.000,0.0147,0.631
624,0,61,0.307,0.000,0.0148,0.632
624,1,62,1.101,0.000,0.0147,1.255
624,2,63,0.202,0.000,0.0148,0.632
624,3,64,0.590,0.000,0.0146,1.254
624,4,65,0.203,0.000,0.0147,0.632
624,5,66,0.732,0.000,0.0146,1.254
624,6,67,0.558,0.000,0.0146,0.632
624,7,68,0.296,0.000,0.0145,1.254
624,8,69,0.141,0.000,0.0147,0.631
624,9,70,0.167,0.000,0.0145,1.253
624,10,71,0.501,0.000,0.0146,0.632
624,11,72,0.787,0.000,0.0145,1.254
624,12,73,0.230,0.000,0.0147,0.632
624,13,74,0.354,0.000,0.0146,1.254
624,14,75,1.260,0.000,0.0147,0.631
624,15,76,0.135,0.000,0.0146,0.625
625,0,62,0.480,0.000,0.0147,1.255
625,1,63,0.987,0.000,0.0148,0.632
625,2,64,0.999,0.000,0.0146,1.254
625,3,65,0.796,0.000,0.0147,0.632
625,4,66,0.603,0.000,0.0146,1.254
625,5,67,1.011,0.000,0.0146,0.632
625,6,68,0.407,0.000,0.0145,1.254
625,7,69,0.550,0.000,0.0147,0.631
625,8,70,0.416,0.000,0.0145,1.253
625,9,71,0.443,0.000,0.0146,0.632
625,10,72,0.708,0.000,0.0145,1.254
625,11,73,0.425,0.000,0.0147,0.632
625,12,74,0.249,0.000,0.0146,1.254
625,13,75,0.734,0.000,0.0147,0.631
625,14,76,0.544,0.000,0.0146,0.625
625,15,77,5.800,1000.000,0.0110,0.624
626,0,63,0.763,0.000,0.0148,0.632
626,1,64,0.601,0.000,0.0146,1.254
626,2,65,0.431,0.000,0.0147,0.632
626,3,66,0.779,0.000,0.0146,1.254
626,4,67,0.296,0.000,0.0146,0.632
626,5,68,0.724,0.000,0.0145,1.254
626,6,69,0.272,0.000,0.0147,0.631
626,7,70,0.106,0.000,0.0145,1.253
626,8,71,0.438,0.000,0.0146,0.632
626,9,72,0.178,0.000,0.0145,1.254
626,10,73,1.010,0.000,0.0147,0.632
626,11,74,0.259,0.000,0.0146,1.254
626,12,75,0.245,0.000,0.0147,0.631
626,13,76,0.238,0.000,0.0146,0.625
626,14,77,0.488,1000.000,0.0110,0.624
626,15,78,0.828,19.421,0.0109,1.942
627,0,64,2.321,0.000,0.0146,1.254
627,1,65,0.458,0.000,0.0147,0.632
627,2,66,0.434,0.000,0.0146,1.254
627,3,67,0.390,0.000,0.0146,0.632
627,4,68,0.370,0.000,0.0145,1.254
627,5,69,0.464,0.000,0.0147,0.631
627,6,70,0.306,0.000,0.0145,1.253
627,7,71,0.552,0.000,0.0146,0.632
627,8,72,0.574,0.000,0.0145,1.254
627,9,73,0.486,0.000,0.0147,0.632
627,10,74,0.204,0.000,0.0146,1.254
627,11,75,0.616,0.000,0.0147,0.631
627,12,76,0.965,0.000,0.0146,0.625
627,13,77,0.883,1000.000,0.0110,0.624
627,14,78,0.476,19.421,0.0109,1.942
628,0,65,0.745,0.000,0.0147,0.632
628,1,66,2.998,0.000,0.0146,1.254
628,2,67,1.211,0.000,0.0146,0.632
628,3,68,0.736,0.000,0.0145,1.254
628,4,69,1.172,0.000,0.0147,0.631
628,5,70,1.044,0.000,0.0145,1.253
628,6,71,0.605,0.000,0.0146,0.632
628,7,72,0.786,0.000,0.0145,1.254
628,8,73,1.456,0.000,0.0147,0.632
628,9,74,0.387,0.000,0.0146,1.254
628,10,75,1.088,0.000,0.0147,0.631
628,11,76,1.076,0.000,0.0146,0.625
628,12,77,1.333,1000.000,0.0110,0.624
628,13,78,0.421,19.421,0.0109,1.942
629,0,66,1.207,0.000,0.0146,1.254
629,1,67,0.985,0.000,0.0146,0.632
629,2,68,0.819,0.000,0.0145,1.254
629,3,69,1.205,0.000,0.0147,0.631
629,4,70,0.740,0.000,0.0145,1.253
629,5,71,0.547,0.000,0.0146,0.632
629,6,72,1.190,0.000,0.0145,1.254
629,7,73,0.328,0.000,0.0147,0.632
629,8,74,1.477,0.000,0.0146,1.254
629,9,75,1.119,0.000,0.0147,0.631
629,10,76,1.588,0.000,0.0146,0.625
629,11,77,1.848,1000.000,0.0110,0.624
629,12,78,1.428,19.421,0.0109,1.942
630,0,67,0.419,0.000,0.0146,0.632
630,1,68,0.912,0.000,0.0145,1.254
630,2,69,1.233,0.000,0.0147,0.631
630,3,70,1.039,0.000,0.0145,1.253
630,4,71,0.859,0.000,0.0146,0.632
630,5,72,0.740,0.000,0.0145,1.254
630,6,73,0.782,0.000,0.0147,0.632
630,7,74,1.217,0.000,0.0146,1.254
630,8,75,0.621,0.000,0.0147,0.631
630,9,76,0.790,0.000,0.0146,0.625
630,10,77,0.627,1000.000,0.0110,0.624
630,11,78,0.147,19.421,0.0109,1.942
631,0,68,0.465,0.000,0.0145,1.254
631,1,69,0.372,0.000,0.0147,0.631
631,2,70,0.632,0.000,0.0145,1.253
631,3,71,0.308,0.000,0.0146,0.632
631,4,72,0.461,0.000,0.0145,1.254
631,5,73,0.398,0.000,0.0147,0.632
631,6,74,0.241,0.000,0.0146,1.254
631,7,75,0.254,0.000,0.0147,0.631
631,8,76,1.121,0.000,0.0146,0.625
631,9,77,0.737,1000.000,0.0110,0.624
631,10,78,0.516,19.421,0.0109,1.942
632,0,69,12.332,0.000,0.0147,0.631
632,1,70,0.146,0.000,0.0145,1.253
632,2,71,0.434,0.000,0.0146,0.632
632,3,72,0.761,0.000,0.0145,1.254
632,4,73,0.605,0.000,0.0147,0.632
632,5,74,0.269,0.000,0.0146,1.254
632,6,75,0.198,0.000,0.0147,0.631
632,7,76,0.179,0.000,0.0146,0.625
632,8,77,0.624,1000.000,0.0110,0.624
632,9,78,0.744,19.421,0.0109,1.942
633,0,70,0.421,0.000,0.0145,1.253
633,1,71,1.388,0.000,0.0146,0.632
633,2,72,0.991,0.000,0.0145,1.254
633,3,73,1.007,0.000,0.0147,0.632
633,4,74,0.772,0.000,0.0146,1.254
633,5,75,1.295,0.000,0.0147,0.631
633,6,76,0.982,0.000,0.0146,0.625
633,7,77,0.745,1000.000,0.0110,0.624
633,8,78,1.601,19.421,0.0109,1.942
634,0,71,0.996,0.000,0.0146,0.632
634,1,72,1.057,0.000,0.0145,1.254
634,2,73,0.456,0.000,0.0147,0.632
634,3,74,1.019,0.000,0.0146,1.254
634,4,75,0.917,0.000,0.0147,0.631
634,5,76,2.108,0.000,0.0146,0.625
634,6,77,1.456,1000.000,0.0110,0.624
634,7,78,1.028,19.421,0.0109,1.942
635,0,72,0.767,0.000,0.0145,1.254
635,1,73,1.261,0.000,0.0147,0.632
635,2,74,0.866,0.000,0.0146,1.254
635,3,75,0.744,0.000,0.0147,0.631
635,4,76,1.341,0.000,0.0146,0.625
635,5,77,0.851,1000.000,0.0110,0.624
635,6,78,0.749,19.421,0.0109,1.942
636,0,73,0.386,0.000,0.0147,0.632
636,1,74,0.757,0.000,0.0146,1.254
636,2,75,0.901,0.000,0.0147,0.631
636,3,76,0.533,0.000,0.0146,0.625
636,4,77,0.707,1000.000,0.0110,0.624
636,5,78,1.349,19.421,0.0109,1.942
637,0,74,0.562,0.000,0.0146,1.254
637,1,75,2.891,0.000,0.0147,0.631
637,2,76,1.289,0.000,0.0146,0.625
637,3,77,0.980,1000.000,0.0110,0.624
637,4,78,0.489,19.421,0.0109,1.942
638,0,75,0.807,0.000,0.0147,0.631
638,1,76,0.727,0.000,0.0146,0.625
638,2,77,0.529,1000.000,0.0110,0.624
638,3,78,1.059,19.421,0.0109,1.942
639,0,76,2.099,0.000,0.0146,0.625
639,1,77,0.493,1000.000,0.0110,0.624
639,2,78,0.792,19.421,0.0109,1.942
640,0,77,0.962,1000.000,0.0110,0.624
640,1,78,1.349,19.421,0.0109,1.942
641,0,78,1.171,19.421,0.0109,1.942
643,0,0,100.044,1000.000,0.0108,1.861
643,1,1,4.560,31.601,0.0107,3.160
643,2,2,3.119,31.638,2.7120,3.164
643,3,3,156.874,1610.878,0.0140,161.088
643,4,4,134.745,1464.608,6.3747,146.461
643,5,5,44.399,1026.974,4.4905,102.697
643,6,6,40.904,406.014,2.4004,40.601
643,7,7,0.808,0.003,0.0301,0.000
643,8,8,0.117,0.000,0.0304,0.000
643,9,9,0.598,0.000,0.0304,0.000
643,10,10,1.107,0.000,0.0304,0.000
643,11,11,0.885,0.000,0.0304,0.000
643,12,12,0.889,0.000,0.0304,0.000
643,13,13,0.780,0.000,0.0304,0.000
643,14,14,4.579,0.000,0.0304,0.000
643,15,15,4.892,0.000,0.0304,0.000
644,0,1,1.354,31.601,0.0107,3.160
644,1,2,2.796,31.638,2.7120,3.164
644,2,3,1.019,1610.878,0.0140,161.088
644,3,4,0.831,1464.608,6.3747,146.461
644,4,5,2.077,1026.974,4.4905,102.697
644,5,6,9.358,406.014,2.4004,40.601
644,6,7,0.380,0.003,0.0301,0.000
644,7,8,0.433,0.000,0.0304,0.000
644,8,9,0.316,0.000,0.0304,0.000
644,9,10,0.963,0.000,0.0304,0.000
644,10,11,0.962,0.000,0.0304,0.000
644,11,12,0.494,0.000,0.0304,0.000
644,12,13,0.623,0.000,0.0304,0.000
644,13,14,1.491,0.000,0.0304,0.000
644,14,15,0.538,0.000,0.0304,0.000
644,15,16,1.177,3806.017,0.0304,0.000
645,0,2,1.032,31.638,2.7120,3.164
645,1,3,0.416,1610.878,0.0140,161.088
645,2,4,2.472,1464.608,6.3747,146.461
645,3,5,1.920,1026.974,4.4905,102.697
645,4,6,6.003,406.014,2.4004,40.601
645,5,7,0.856,0.003,0.0301,0.000
645,6,8,0.401,0.000,0.0304,0.000
645,7,9,0.641,0.000,0.0304,0.000
645,8,10,0.892,0.000,0.0304,0.000
645,9,11,0.698,0.000,0.0304,0.000
645,10,12,0.597,0.000,0.0304,0.000
645,11,13,1.210,0.000,0.0304,0.000
645,12,14,0.462,0.000,0.0304,0.000
645,13,15,0.790,0.000,0.0304,0.000
645,14,16,2.785,3806.017,0.0304,0.000
645,15,17,0.805,0.000,0.0304,380.602
646,0,3,1.355,1610.878,0.0140,161.088
646,1,4,2.966,1464.608,6.3747,146.461
646,2,5,2.092,1026.974,4.4905,102.697
646,3,6,5.568,406.014,2.4004,40.601
646,4,7,1.144,0.003,0.0301,0.000
646,5,8,0.632,0.000,0.0304,0.000
646,6,9,1.029,0.000,0.0304,0.000
646,7,10,0.676,0.000,0.0304,0.000
646,8,11,0.524,0.000,0.0304,0.000
646,9,12,0.641,0.000,0.0304,0.000
646,10,13,0.176,0.000,0.0304,0.000
646,11,14,0.645,0.000,0.0304,0.000
646,12,15,0.627,0.000,0.0304,0.000
646,13,16,1.526,3806.017,0.0304,0.000
646,14,17,10.245,0.000,0.0304,380.602
646,15,18,1.767,0.000,0.0304,201.316
647,0,4,9.938,1464.608,6.3747,146.461
647,1,5,2.998,1026.974,4.4905,102.697
647,2,6,9.434,406.014,2.4004,40.601
647,3,7,1.356,0.003,0.0301,0.000
647,4,8,1.405,0.000,0.0304,0.000
647,5,9,1.315,0.000,0.0304,0.000
647,6,10,2.101,0.000,0.0304,0.000
647,7,11,2.188,0.000,0.0304,0.000
647,8,12,0.459,0.000,0.0304,0.000
647,9,13,1.359,0.000,0.0304,0.000
647,10,14,1.593,0.000,0.0304,0.000
647,11,15,0.908,0.000,0.0304,0.000
647,12,16,0.397,3806.017,0.0304,0.000
647,13,17,1.192,0.000,0.0304,380.602
647,14,18,0.738,0.000,0.0304,201.316
647,15,19,0.356,0.000,5.7607,76.421
648,0,5,1.318,1026.974,4.4905,102.697
648,1,6,5.075,406.014,2.4004,40.601
648,2,7,0.773,0.003,0.0301,0.000
648,3,8,0.300,0.000,0.0304,0.000
648,4,9,0.535,0.000,0.0304,0.000
648,5,10,0.563,0.000,0.0304,0.000
648,6,11,0.474,0.000,0.0304,0.000
648,7,12,0.149,0.000,0.0304,0.000
648,8,13,0.185,0.000,0.0304,0.000
648,9,14,0.600,0.000,0.0304,0.000
648,10,15,0.481,0.000,0.0304,0.000
648,11,16,0.855,3806.017,0.0304,0.000
648,12,17,0.852,0.000,0.0304,380.602
648,13,18,0.822,0.000,0.0304,201.316
648,14,19,0.497,0.000,5.7607,76.421
648,15,20,0.726,258.819,3.6098,0.971
649,0,6,0.432,406.014,2.4004,40.601
649,1,7,0.624,0.003,0.0301,0.000
649,2,8,0.728,0.000,0.0304,0.000
649,3,9,0.881,0.000,0.0304,0.000
649,4,10,0.853,0.000,0.0304,0.000
649,5,11,0.628,0.000,0.0304,0.000
649,6,12,0.461,0.000,0.0304,0.000
649,7,13,0.872,0.000,0.0304,0.000
649,8,14,0.405,0.000,0.0304,0.000
649,9,15,0.640,0.000,0.0304,0.000
649,10,16,1.094,3806.017,0.0304,0.000
649,11,17,0.836,0.000,0.0304,380.602
649,12,18,0.687,0.000,0.0304,201.316
649,13,19,0.985,0.000,5.7607,76.421
649,14,20,0.796,258.819,3.6098,0.971
649,15,21,1.230,0.000,0.3218,26.392
650,0,7,0.408,0.003,0.0301,0.000
650,1,8,0.517,0.000,0.0304,0.000
650,2,9,0.531,0.000,0.0304,0.000
650,3,10,0.491,0.000,0.0304,0.000
650,4,11,0.331,0.000,0.0304,0.000
650,5,12,0.464,0.000,0.0304,0.000
650,6,13,0.378,0.000,0.0304,0.000
650,7,14,0.506,0.000,0.0304,0.000
650,8,15,0.788,0.000,0.0304,0.000
650,9,16,1.344,3806.017,0.0304,0.000
650,10,17,0.599,0.000,0.0304,380.602
650,11,18,0.695,0.000,0.0304,201.316
650,12,19,0.579,0.000,5.7607,76.421
650,13,20,0.651,258.819,3.6098,0.971
650,14,21,1.212,0.000,0.3218,26.392
650,15,22,0.513,241.181,0.0140,2.602
651,0,8,2.184,0.000,0.0304,0.000
651,1,9,4.762,0.000,0.0304,0.000
651,2,10,0.324,0.000,0.0304,0.000
651,3,11,0.654,0.000,0.0304,0.000
651,4,12,0.899,0.000,0.0304,0.000
651,5,13,1.003,0.000,0.0304,0.000
651,6,14,0.265,0.000,0.0304,0.000
651,7,15,0.477,0.000,0.0304,0.000
651,8,16,0.735,3806.017,0.0304,0.000
651,9,17,0.448,0.000,0.0304,380.602
651,10,18,0.666,0.000,0.0304,201.316
651,11,19,0.776,0.000,5.7607,76.421
651,12,20,0.273,258.819,3.6098,0.971
651,13,21,0.884,0.000,0.3218,26.392
651,14,22,0.321,241.181,0.0140,2.602
651,15,23,0.341,0.000,0.0135,23.897
652,0,9,0.134,0.000,0.0304,0.000
652,1,10,0.547,0.000,0.0304,0.000
652,2,11,0.450,0.000,0.0304,0.000
652,3,12,0.094,0.000,0.0304,0.000
652,4,13,0.462,0.000,0.0304,0.000
652,5,14,0.616,0.000,0.0304,0.000
652,6,15,0.560,0.000,0.0304,0.000
652,7,16,0.803,3806.017,0.0304,0.000
652,8,17,0.600,0.000,0.0304,380.602
652,9,18,0.346,0.000,0.0304,201.316
652,10,19,0.275,0.000,5.7607,76.421
652,11,20,0.744,258.819,3.6098,0.971
652,12,21,0.611,0.000,0.3218,26.392
652,13,22,0.250,241.181,0.0140,2.602
652,14,23,0.332,0.000,0.0135,23.897
652,15,24,1.278,207.107,0.0135,3.325
653,0,10,3.885,0.000,0.0304,0.000
653,1,11,0.428,0.000,0.0304,0.000
653,2,12,1.751,0.000,0.0304,0.000
653,3,13,1.815,0.000,0.0304,0.000
653,4,14,0.803,0.000,0.0304,0.000
653,5,15,1.094,0.000,0.0304,0.000
653,6,16,0.701,3806.017,0.0304,0.000
653,7,17,0.695,0.000,0.0304,380.602
653,8,18,0.845,0.000,0.0304,201.316
653,9,19,0.255,0.000,5.7607,76.421
653,10,20,2.022,258.819,3.6098,0.971
653,11,21,0.097,0.000,0.3218,26.392
653,12,22,0.548,241.181,0.0140,2.602
653,13,23,0.596,0.000,0.0135,23.897
653,14,24,1.772,207.107,0.0135,3.325
653,15,25,0.436,158.919,0.0128,20.203
654,0,11,0.551,0.000,0.0304,0.000
654,1,12,1.978,0.000,0.0304,0.000
654,2,13,0.733,0.000,0.0304,0.000
654,3,14,1.029,0.000,0.0304,0.000
654,4,15,0.637,0.000,0.0304,0.000
654,5,16,0.663,3806.017,0.0304,0.000
654,6,17,0.831,0.000,0.0304,380.602
654,7,18,0.470,0.000,0.0304,201.316
654,8,19,0.441,0.000,5.7607,76.421
654,9,20,0.383,258.819,3.6098,0.971
654,10,21,0.307,0.000,0.3218,26.392
654,11,22,0.346,241.181,0.0140,2.602
654,12,23,0.158,0.000,0.0135,23.897
654,13,24,0.455,207.107,0.0135,3.325
654,14,25,0.815,158.919,0.0128,20.203
654,15,26,0.282,99.900,0.0128,15.356
655,0,12,4.108,0.000,0.0304,0.000
655,1,13,1.540,0.000,0.0304,0.000
655,2,14,2.255,0.000,0.0304,0.000
655,3,15,1.944,0.000,0.0304,0.000
655,4,16,1.476,3806.017,0.0304,0.000
655,5,17,377.171,0.000,0.0304,380.602
655,6,18,1.144,0.000,0.0304,201.316
655,7,19,0.630,0.000,5.7607,76.421
655,8,20,0.862,258.819,3.6098,0.971
655,9,21,24.945,0.000,0.3218,26.392
655,10,22,0.467,241.181,0.0140,2.602
655,11,23,23.258,0.000,0.0135,23.897
655,12,24,1.448,207.107,0.0135,3.325
655,13,25,20.473,158.919,0.0128,20.203
655,14,26,16.824,99.900,0.0128,15.356
655,15,27,10.460,34.075,0.0122,9.607
656,0,13,2.631,0.000,0.0304,0.000
656,1,14,1.743,0.000,0.0304,0.000
656,2,15,0.714,0.000,0.0304,0.000
656,3,16,3.562,3806.017,0.0304,0.000
656,4,17,1.549,0.000,0.0304,380.602
656,5,18,2.526,0.000,0.0304,201.316
656,6,19,0.817,0.000,5.7607,76.421
656,7,20,0.920,258.819,3.6098,0.971
656,8,21,0.446,0.000,0.3218,26.392
656,9,22,1.845,241.181,0.0140,2.602
656,10,23,0.958,0.000,0.0135,23.897
656,11,24,0.438,207.107,0.0135,3.325
656,12,25,1.070,158.919,0.0128,20.203
656,13,26,1.267,99.900,0.0128,15.356
656,14,27,0.232,34.075,0.0122,9.607
656,15,28,1.370,0.000,0.0117,3.239
657,0,14,0.616,0.000,0.0304,0.000
657,1,15,1.780,0.000,0.0304,0.000
657,2,16,378.690,3806.017,0.0304,0.000
657,3,17,1.792,0.000,0.0304,380.602
657,4,18,0.109,0.000,0.0304,201.316
657,5,19,0.384,0.000,5.7607,76.421
657,6,20,25.888,258.819,3.6098,0.971
657,7,21,0.646,0.000,0.3218,26.392
657,8,22,24.305,241.181,0.0140,2.602
657,9,23,1.086,0.000,0.0135,23.897
657,10,24,20.538,207.107,0.0135,3.325
657,11,25,15.792,158.919,0.0128,20.203
657,12,26,9.458,99.900,0.0128,15.356
657,13,27,3.497,34.075,0.0122,9.607
657,14,28,1.300,0.000,0.0117,3.239
657,15,29,1.046,0.000,0.0114,3.157
658,0,15,1.024,0.000,0.0304,0.000
658,1,16,3.441,3806.017,0.0304,0.000
658,2,17,2.791,0.000,0.0304,380.602
658,3,18,2.715,0.000,0.0304,201.316
658,4,19,0.958,0.000,5.7607,76.421
658,5,20,1.341,258.819,3.6098,0.971
658,6,21,0.953,0.000,0.3218,26.392
658,7,22,0.891,241.181,0.0140,2.602
658,8,23,0.943,0.000,0.0135,23.897
658,9,24,1.408,207.107,0.0135,3.325
658,10,25,0.720,158.919,0.0128,20.203
658,11,26,0.927,99.900,0.0128,15.356
658,12,27,1.316,34.075,0.0122,9.607
658,13,28,1.626,0.000,0.0117,3.239
658,14,29,1.523,0.000,0.0114,3.157
658,15,30,1.817,0.000,0.0790,3.232
659,0,16,1.387,3806.017,0.0304,0.000
659,1,17,381.597,0.000,0.0304,380.602
659,2,18,4.589,0.000,0.0304,201.316
659,3,19,1.271,0.000,5.7607,76.421
659,4,20,1.284,258.819,3.6098,0.971
659,5,21,26.730,0.000,0.3218,26.392
659,6,22,0.188,241.181,0.0140,2.602
659,7,23,24.423,0.000,0.0135,23.897
659,8,24,1.303,207.107,0.0135,3.325
659,9,25,21.370,158.919,0.0128,20.203
659,10,26,15.693,99.900,0.0128,15.356
659,11,27,10.194,34.075,0.0122,9.607
659,12,28,4.260,0.000,0.0117,3.239
659,13,29,0.712,0.000,0.0114,3.157
659,14,30,1.396,0.000,0.0790,3.232
659,15,31,1.398,0.000,0.0108,3.235
660,0,17,215.555,0.000,0.0304,380.602
660,1,18,237.080,0.000,0.0304,201.316
660,2,19,6.031,0.000,5.7607,76.421
660,3,20,4.692,258.819,3.6098,0.971
660,4,21,15.150,0.000,0.3218,26.392
660,5,22,17.786,241.181,0.0140,2.602
660,6,23,14.337,0.000,0.0135,23.897
660,7,24,14.540,207.107,0.0135,3.325
660,8,25,11.530,158.919,0.0128,20.203
660,9,26,21.696,99.900,0.0128,15.356
660,10,27,15.811,34.075,0.0122,9.607
660,11,28,6.572,0.000,0.0117,3.239
660,12,29,1.010,0.000,0.0114,3.157
660,13,30,1.095,0.000,0.0790,3.232
660,14,31,1.449,0.000,0.0108,3.235
660,15,32,1.282,0.000,0.0212,3.349
661,0,18,1.228,0.000,0.0304,201.316
661,1,19,1.044,0.000,5.7607,76.421
661,2,20,0.532,258.819,3.6098,0.971
661,3,21,24.875,0.000,0.3218,26.392
661,4,22,0.954,241.181,0.0140,2.602
661,5,23,23.943,0.000,0.0135,23.897
661,6,24,0.314,207.107,0.0135,3.325
661,7,25,20.812,158.919,0.0128,20.203
661,8,26,16.024,99.900,0.0128,15.356
661,9,27,9.968,34.075,0.0122,9.607
661,10,28,3.509,0.000,0.0117,3.239
661,11,29,0.409,0.000,0.0114,3.157
661,12,30,0.492,0.000,0.0790,3.232
661,13,31,0.051,0.000,0.0108,3.235
661,14,32,0.595,0.000,0.0212,3.349
661,15,33,0.195,0.000,0.0183,3.240
662,0,19,0.950,0.000,5.7607,76.421
662,1,20,1.076,258.819,3.6098,0.971
662,2,21,0.634,0.000,0.3218,26.392
662,3,22,0.149,241.181,0.0140,2.602
662,4,23,0.459,0.000,0.0135,23.897
662,5,24,0.536,207.107,0.0135,3.325
662,6,25,0.390,158.919,0.0128,20.203
662,7,26,0.284,99.900,0.0128,15.356
662,8,27,0.408,34.075,0.0122,9.607
662,9,28,0.228,0.000,0.0117,3.239
662,10,29,0.772,0.000,0.0114,3.157
662,11,30,0.271,0.000,0.0790,3.232
662,12,31,0.441,0.000,0.0108,3.235
662,13,32,0.204,0.000,0.0212,3.349
662,14,33,0.243,0.000,0.0183,3.240
662,15,34,0.251,0.000,0.0332,3.395
663,0,20,3.135,258.819,3.6098,0.971
663,1,21,0.485,0.000,0.3218,26.392
663,2,22,1.281,241.181,0.0140,2.602
663,3,23,0.530,0.000,0.0135,23.897
663,4,24,0.887,207.107,0.0135,3.325
663,5,25,0.375,158.919,0.0128,20.203
663,6,26,0.433,99.900,0.0128,15.356
663,7,27,0.870,34.075,0.0122,9.607
663,8,28,0.582,0.000,0.0117,3.239
663,9,29,0.392,0.000,0.0114,3.157
663,10,30,0.648,0.000,0.0790,3.232
663,11,31,0.886,0.000,0.0108,3.235
663,12,32,1.118,0.000,0.0212,3.349
663,13,33,0.427,0.000,0.0183,3.240
663,14,34,0.708,0.000,0.0332,3.395
663,15,35,0.634,0.000,0.0152,3.245
664,0,21,0.205,0.000,0.3218,26.392
664,1,22,0.400,241.181,0.0140,2.602
664,2,23,0.492,0.000,0.0135,23.897
664,3,24,0.238,207.107,0.0135,3.325
664,4,25,0.307,158.919,0.0128,20.203
664,5,26,0.478,99.900,0.0128,15.356
664,6,27,0.534,34.075,0.0122,9.607
664,7,28,0.367,0.000,0.0117,3.239
664,8,29,0.067,0.000,0.0114,3.157
664,9,30,0.515,0.000,0.0790,3.232
664,10,31,0.671,0.000,0.0108,3.235
664,11,32,0.332,0.000,0.0212,3.349
664,12,33,0.109,0.000,0.0183,3.240
664,13,34,0.171,0.000,0.0332,3.395
664,14,35,0.088,0.000,0.0152,3.245
664,15,36,1.222,0.000,0.0145,3.382
665,0,22,1.637,241.181,0.0140,2.602
665,1,23,0.240,0.000,0.0135,23.897
665,2,24,0.337,207.107,0.0135,3.325
665,3,25,0.357,158.919,0.0128,20.203
665,4,26,1.237,99.900,0.0128,15.356
665,5,27,0.839,34.075,0.0122,9.607
665,6,28,0.090,0.000,0.0117,3.239
665,7,29,0.533,0.000,0.0114,3.157
665,8,30,0.502,0.000,0.0790,3.232
665,9,31,0.635,0.000,0.0108,3.235
665,10,32,0.820,0.000,0.0212,3.349
665,11,33,0.192,0.000,0.0183,3.240
665,12,34,0.108,0.000,0.0332,3.395
665,13,35,0.753,0.000,0.0152,3.245
665,14,36,0.222,0.000,0.0145,3.382
665,15,37,1.252,0.000,0.0141,3.248
666,0,23,0.796,0.000,0.0135,23.897
666,1,24,0.093,207.107,0.0135,3.325
666,2,25,0.149,158.919,0.0128,20.203
666,3,26,0.468,99.900,0.0128,15.356
666,4,27,1.413,34.075,0.0122,9.607
666,5,28,0.157,0.000,0.0117,3.239
666,6,29,0.264,0.000,0.0114,3.157
666,7,30,0.539,0.000,0.0790,3.232
666,8,31,0.355,0.000,0.0108,3.235
666,9,32,0.465,0.000,0.0212,3.349
666,10,33,0.434,0.000,0.0183,3.240
666,11,34,0.289,0.000,0.0332,3.395
666,12,35,0.386,0.000,0.0152,3.245
666,13,36,0.801,0.000,0.0145,3.382
666,14,37,0.316,0.000,0.0141,3.248
666,15,38,2.530,0.000,0.0146,3.387
667,0,24,0.595,207.107,0.0135,3.325
667,1,25,1.678,158.919,0.0128,20.203
667,2,26,0.414,99.900,0.0128,15.356
667,3,27,0.413,34.075,0.0122,9.607
667,4,28,0.139,0.000,0.0117,3.239
667,5,29,0.345,0.000,0.0114,3.157
667,6,30,0.023,0.000,0.0790,3.232
667,7,31,0.297,0.000,0.0108,3.235
667,8,32,0.327,0.000,0.0212,3.349
667,9,33,0.144,0.000,0.0183,3.240
667,10,34,0.202,0.000,0.0332,3.395
667,11,35,0.354,0.000,0.0152,3.245
667,12,36,0.182,0.000,0.0145,3.382
667,13,37,0.514,0.000,0.0141,3.248
667,14,38,0.054,0.000,0.0146,3.387
667,15,39,0.225,1000.000,0.0171,3.250
668,0,25,0.070,158.919,0.0128,20.203
668,1,26,0.298,99.900,0.0128,15.356
668,2,27,0.316,34.075,0.0122,9.607
668,3,28,0.230,0.000,0.0117,3.239
668,4,29,0.704,0.000,0.0114,3.157
668,5,30,0.087,0.000,0.0790,3.232
668,6,31,0.415,0.000,0.0108,3.235
668,7,32,0.235,0.000,0.0212,3.349
668,8,33,0.188,0.000,0.0183,3.240
668,9,34,0.237,0.000,0.0332,3.395
668,10,35,0.161,0.000,0.0152,3.245
668,11,36,0.346,0.000,0.0145,3.382
668,12,37,0.464,0.000,0.0141,3.248
668,13,38,0.235,0.000,0.0146,3.387
668,14,39,0.003,1000.000,0.0171,3.250
668,15,40,1.575,1035.569,0.0151,3.856
669,0,26,0.402,99.900,0.0128,15.356
669,1,27,0.342,34.075,0.0122,9.607
669,2,28,0.403,0.000,0.0117,3.239
669,3,29,0.070,0.000,0.0114,3.157
669,4,30,0.093,0.000,0.0790,3.232
669,5,31,0.042,0.000,0.0108,3.235
669,6,32,0.310,0.000,0.0212,3.349
669,7,33,0.424,0.000,0.0183,3.240
669,8,34,0.079,0.000,0.0332,3.395
669,9,35,0.273,0.000,0.0152,3.245
669,10,36,0.364,0.000,0.0145,3.382
669,11,37,0.207,0.000,0.0141,3.248
669,12,38,0.714,0.000,0.0146,3.387
669,13,39,0.797,1000.000,0.0171,3.250
669,14,40,1.446,1035.569,0.0151,3.856
669,15,41,33.370,0.000,1.9945,102.664
670,0,27,1.103,34.075,0.0122,9.607
670,1,28,0.733,0.000,0.0117,3.239
670,2,29,0.394,0.000,0.0114,3.157
670,3,30,0.453,0.000,0.0790,3.232
670,4,31,0.239,0.000,0.0108,3.235
670,5,32,0.115,0.000,0.0212,3.349
670,6,33,0.271,0.000,0.0183,3.240
670,7,34,0.302,0.000,0.0332,3.395
670,8,35,0.223,0.000,0.0152,3.245
670,9,36,0.169,0.000,0.0145,3.382
670,10,37,0.389,0.000,0.0141,3.248
670,11,38,0.661,0.000,0.0146,3.387
670,12,39,0.709,1000.000,0.0171,3.250
670,13,40,0.529,1035.569,0.0151,3.856
670,14,41,0.727,0.000,1.9945,102.664
670,15,42,0.486,0.000,4.4637,20.919
671,0,28,0.255,0.000,0.0117,3.239
671,1,29,0.242,0.000,0.0114,3.157
671,2,30,0.402,0.000,0.0790,3.232
671,3,31,0.224,0.000,0.0108,3.235
671,4,32,0.530,0.000,0.0212,3.349
671,5,33,0.252,0.000,0.0183,3.240
671,6,34,0.424,0.000,0.0332,3.395
671,7,35,0.180,0.000,0.0152,3.245
671,8,36,1.283,0.000,0.0145,3.382
671,9,37,0.832,0.000,0.0141,3.248
671,10,38,0.431,0.000,0.0146,3.387
671,11,39,0.064,1000.000,0.0171,3.250
671,12,40,0.700,1035.569,0.0151,3.856
671,13,41,100.376,0.000,1.9945,102.664
671,14,42,0.557,0.000,4.4637,20.919
671,15,43,2.259,0.000,3.0403,0.614
672,0,29,0.763,0.000,0.0114,3.157
672,1,30,0.671,0.000,0.0790,3.232
672,2,31,0.179,0.000,0.0108,3.235
672,3,32,0.868,0.000,0.0212,3.349
672,4,33,0.187,0.000,0.0183,3.240
672,5,34,1.412,0.000,0.0332,3.395
672,6,35,0.470,0.000,0.0152,3.245
672,7,36,0.825,0.000,0.0145,3.382
672,8,37,0.821,0.000,0.0141,3.248
672,9,38,0.640,0.000,0.0146,3.387
672,10,39,0.361,1000.000,0.0171,3.250
672,11,40,0.311,1035.569,0.0151,3.856
672,12,41,67.964,0.000,1.9945,102.664
672,13,42,0.865,0.000,4.4637,20.919
672,14,43,1.409,0.000,3.0403,0.614
672,15,44,0.458,0.000,0.0309,1.214
673,0,30,0.750,0.000,0.0790,3.232
673,1,31,1.376,0.000,0.0108,3.235
673,2,32,0.830,0.000,0.0212,3.349
673,3,33,0.958,0.000,0.0183,3.240
673,4,34,0.336,0.000,0.0332,3.395
673,5,35,1.245,0.000,0.0152,3.245
673,6,36,1.244,0.000,0.0145,3.382
673,7,37,1.058,0.000,0.0141,3.248
673,8,38,0.988,0.000,0.0146,3.387
673,9,39,0.238,1000.000,0.0171,3.250
673,10,40,0.626,1035.569,0.0151,3.856
673,11,41,19.928,0.000,1.9945,102.664
673,12,42,1.559,0.000,4.4637,20.919
673,13,43,0.672,0.000,3.0403,0.614
673,14,44,0.848,0.000,0.0309,1.214
673,15,45,1.049,0.000,0.0318,0.613
674,0,31,0.542,0.000,0.0108,3.235
674,1,32,0.483,0.000,0.0212,3.349
674,2,33,0.821,0.000,0.0183,3.240
674,3,34,0.599,0.000,0.0332,3.395
674,4,35,0.808,0.000,0.0152,3.245
674,5,36,0.228,0.000,0.0145,3.382
674,6,37,0.898,0.000,0.0141,3.248
674,7,38,0.491,0.000,0.0146,3.387
674,8,39,0.783,1000.000,0.0171,3.250
674,9,40,0.333,1035.569,0.0151,3.856
674,10,41,47.966,0.000,1.9945,102.664
674,11,42,0.929,0.000,4.4637,20.919
674,12,43,0.444,0.000,3.0403,0.614
674,13,44,0.381,0.000,0.0309,1.214
674,14,45,0.181,0.000,0.0318,0.613
674,15,46,0.333,0.000,0.0317,1.213
675,0,32,1.547,0.000,0.0212,3.349
675,1,33,2.728,0.000,0.0183,3.240
675,2,34,2.427,0.000,0.0332,3.395
675,3,35,0.808,0.000,0.0152,3.245
675,4,36,1.496,0.000,0.0145,3.382
675,5,37,1.367,0.000,0.0141,3.248
675,6,38,1.774,0.000,0.0146,3.387
675,7,39,1.257,1000.000,0.0171,3.250
675,8,40,1.765,1035.569,0.0151,3.856
675,9,41,68.687,0.000,1.9945,102.664
675,10,42,8.198,0.000,4.4637,20.919
675,11,43,2.827,0.000,3.0403,0.614
675,12,44,1.490,0.000,0.0309,1.214
675,13,45,1.117,0.000,0.0318,0.613
675,14,46,1.402,0.000,0.0317,1.213
675,15,47,1.280,0.000,0.0318,0.613
676,0,33,2.325,0.000,0.0183,3.240
676,1,34,1.120,0.000,0.0332,3.395
676,2,35,0.529,0.000,0.0152,3.245
676,3,36,0.418,0.000,0.0145,3.382
676,4,37,0.296,0.000,0.0141,3.248
676,5,38,0.667,0.000,0.0146,3.387
676,6,39,0.177,1000.000,0.0171,3.250
676,7,40,2.057,1035.569,0.0151,3.856
676,8,41,3.845,0.000,1.9945,102.664
676,9,42,0.784,0.000,4.4637,20.919
676,10,43,1.513,0.000,3.0403,0.614
676,11,44,0.630,0.000,0.0309,1.214
676,12,45,0.360,0.000,0.0318,0.613
676,13,46,0.304,0.000,0.0317,1.213
676,14,47,1.259,0.000,0.0318,0.613
676,15,48,0.251,0.000,0.0318,1.213
677,0,34,0.216,0.000,0.0332,3.395
677,1,35,0.283,0.000,0.0152,3.245
677,2,36,0.107,0.000,0.0145,3.382
677,3,37,0.093,0.000,0.0141,3.248
677,4,38,0.556,0.000,0.0146,3.387
677,5,39,0.355,1000.000,0.0171,3.250
677,6,40,0.590,1035.569,0.0151,3.856
677,7,41,10.686,0.000,1.9945,102.664
677,8,42,0.912,0.000,4.4637,20.919
677,9,43,1.042,0.000,3.0403,0.614
677,10,44,0.339,0.000,0.0309,1.214
677,11,45,0.697,0.000,0.0318,0.613
677,12,46,0.763,0.000,0.0317,1.213
677,13,47,0.422,0.000,0.0318,0.613
677,14,48,0.278,0.000,0.0318,1.213
677,15,49,0.418,0.000,0.0319,0.613
678,0,35,0.684,0.000,0.0152,3.245
678,1,36,0.332,0.000,0.0145,3.382
678,2,37,0.521,0.000,0.0141,3.248
678,3,38,0.081,0.000,0.0146,3.387
678,4,39,0.031,1000.000,0.0171,3.250
678,5,40,0.474,1035.569,0.0151,3.856
678,6,41,6.000,0.000,1.9945,102.664
678,7,42,0.527,0.000,4.4637,20.919
678,8,43,1.097,0.000,3.0403,0.614
678,9,44,0.910,0.000,0.0309,1.214
678,10,45,0.687,0.000,0.0318,0.613
678,11,46,0.252,0.000,0.0317,1.213
678,12,47,0.502,0.000,0.0318,0.613
678,13,48,0.517,0.000,0.0318,1.213
678,14,49,1.051,0.000,0.0319,0.613
678,15,50,0.314,0.000,0.0316,1.213
679,0,36,0.679,0.000,0.0145,3.382
679,1,37,0.249,0.000,0.0141,3.248
679,2,38,0.280,0.000,0.0146,3.387
679,3,39,0.187,1000.000,0.0171,3.250
679,4,40,0.428,1035.569,0.0151,3.856
679,5,41,0.141,0.000,1.9945,102.664
679,6,42,1.385,0.000,4.4637,20.919
679,7,43,0.587,0.000,3.0403,0.614
679,8,44,1.261,0.000,0.0309,1.214
679,9,45,0.618,0.000,0.0318,0.613
679,10,46,0.638,0.000,0.0317,1.213
679,11,47,0.884,0.000,0.0318,0.613
679,12,48,0.441,0.000,0.0318,1.213
679,13,49,0.313,0.000,0.0319,0.613
679,14,50,0.310,0.000,0.0316,1.213
679,15,51,0.811,0.000,0.0319,0.613
680,0,37,2.741,0.000,0.0141,3.248
680,1,38,0.547,0.000,0.0146,3.387
680,2,39,1.500,1000.000,0.0171,3.250
680,3,40,0.390,1035.569,0.0151,3.856
680,4,41,5.872,0.000,1.9945,102.664
680,5,42,1.173,0.000,4.4637,20.919
680,6,43,1.220,0.000,3.0403,0.614
680,7,44,0.870,0.000,0.0309,1.214
680,8,45,0.965,0.000,0.0318,0.613
680,9,46,0.486,0.000,0.0317,1.213
680,10,47,0.420,0.000,0.0318,0.613
680,11,48,0.696,0.000,0.0318,1.213
680,12,49,0.585,0.000,0.0319,0.613
680,13,50,1.057,0.000,0.0316,1.213
680,14,51,2.951,0.000,0.0319,0.613
680,15,52,2.837,0.000,0.0317,1.213
681,0,38,0.662,0.000,0.0146,3.387
681,1,39,0.823,1000.000,0.0171,3.250
681,2,40,0.946,1035.569,0.0151,3.856
681,3,41,38.571,0.000,1.9945,102.664
681,4,42,1.681,0.000,4.4637,20.919
681,5,43,0.838,0.000,3.0403,0.614
681,6,44,1.240,0.000,0.0309,1.214
681,7,45,1.465,0.000,0.0318,0.613
681,8,46,0.263,0.000,0.0317,1.213
681,9,47,0.358,0.000,0.0318,0.613
681,10,48,0.194,0.000,0.0318,1.213
681,11,49,0.385,0.000,0.0319,0.613
681,12,50,0.524,0.000,0.0316,1.213
681,13,51,0.304,0.000,0.0319,0.613
681,14,52,0.718,0.000,0.0317,1.213
681,15,53,0.739,258.819,0.0318,0.613
682,0,39,0.564,1000.000,0.0171,3.250
682,1,40,0.416,1035.569,0.0151,3.856
682,2,41,0.936,0.000,1.9945,102.664
682,3,42,0.230,0.000,4.4637,20.919
682,4,43,0.529,0.000,3.0403,0.614
682,5,44,0.493,0.000,0.0309,1.214
682,6,45,0.192,0.000,0.0318,0.613
682,7,46,0.620,0.000,0.0317,1.213
682,8,47,0.220,0.000,0.0318,0.613
682,9,48,0.314,0.000,0.0318,1.213
682,10,49,0.820,0.000,0.0319,0.613
682,11,50,0.399,0.000,0.0316,1.213
682,12,51,0.533,0.000,0.0319,0.613
682,13,52,0.512,0.000,0.0317,1.213
682,14,53,0.346,258.819,0.0318,0.613
682,15,54,0.301,0.000,0.0318,25.738
683,0,40,0.834,1035.569,0.0151,3.856
683,1,41,1.475,0.000,1.9945,102.664
683,2,42,1.285,0.000,4.4637,20.919
683,3,43,0.565,0.000,3.0403,0.614
683,4,44,0.322,0.000,0.0309,1.214
683,5,45,0.296,0.000,0.0318,0.613
683,6,46,0.183,0.000,0.0317,1.213
683,7,47,0.758,0.000,0.0318,0.613
683,8,48,0.527,0.000,0.0318,1.213
683,9,49,0.381,0.000,0.0319,0.613
683,10,50,0.642,0.000,0.0316,1.213
683,11,51,0.286,0.000,0.0319,0.613
683,12,52,0.438,0.000,0.0317,1.213
683,13,53,0.339,258.819,0.0318,0.613
683,14,54,0.212,0.000,0.0318,25.738
683,15,55,0.488,241.181,0.0318,3.846
684,0,41,1.348,0.000,1.9945,102.664
684,1,42,0.581,0.000,4.4637,20.919
684,2,43,1.479,0.000,3.0403,0.614
684,3,44,0.929,0.000,0.0309,1.214
684,4,45,0.361,0.000,0.0318,0.613
684,5,46,0.477,0.000,0.0317,1.213
684,6,47,0.842,0.000,0.0318,0.613
684,7,48,0.276,0.000,0.0318,1.213
684,8,49,0.758,0.000,0.0319,0.613
684,9,50,0.660,0.000,0.0316,1.213
684,10,51,0.394,0.000,0.0319,0.613
684,11,52,0.246,0.000,0.0317,1.213
684,12,53,0.591,258.819,0.0318,0.613
684,13,54,0.542,0.000,0.0318,25.738
684,14,55,0.457,241.181,0.0318,3.846
684,15,56,0.468,207.107,0.0308,23.207
685,0,42,5.069,0.000,4.4637,20.919
685,1,43,1.155,0.000,3.0403,0.614
685,2,44,0.260,0.000,0.0309,1.214
685,3,45,0.609,0.000,0.0318,0.613
685,4,46,0.758,0.000,0.0317,1.213
685,5,47,0.352,0.000,0.0318,0.613
685,6,48,0.656,0.000,0.0318,1.213
685,7,49,1.003,0.000,0.0319,0.613
685,8,50,0.652,0.000,0.0316,1.213
685,9,51,0.709,0.000,0.0319,0.613
685,10,52,0.454,0.000,0.0317,1.213
685,11,53,0.579,258.819,0.0318,0.613
685,12,54,0.262,0.000,0.0318,25.738
685,13,55,0.331,241.181,0.0318,3.846
685,14,56,0.449,207.107,0.0308,23.207
685,15,57,0.991,158.918,0.0305,19.579
686,0,43,0.997,0.000,3.0403,0.614
686,1,44,0.384,0.000,0.0309,1.214
686,2,45,0.389,0.000,0.0318,0.613
686,3,46,0.371,0.000,0.0317,1.213
686,4,47,0.437,0.000,0.0318,0.613
686,5,48,0.392,0.000,0.0318,1.213
686,6,49,0.205,0.000,0.0319,0.613
686,7,50,0.642,0.000,0.0316,1.213
686,8,51,0.273,0.000,0.0319,0.613
686,9,52,0.334,0.000,0.0317,1.213
686,10,53,0.152,258.819,0.0318,0.613
686,11,54,0.405,0.000,0.0318,25.738
686,12,55,0.360,241.181,0.0318,3.846
686,13,56,0.325,207.107,0.0308,23.207
686,14,57,0.441,158.918,0.0305,19.579
686,15,58,0.291,99.901,0.0296,14.895
687,0,44,1.496,0.000,0.0309,1.214
687,1,45,0.322,0.000,0.0318,0.613
687,2,46,0.444,0.000,0.0317,1.213
687,3,47,0.361,0.000,0.0318,0.613
687,4,48,0.401,0.000,0.0318,1.213
687,5,49,0.539,0.000,0.0319,0.613
687,6,50,0.288,0.000,0.0316,1.213
687,7,51,0.678,0.000,0.0319,0.613
687,8,52,0.241,0.000,0.0317,1.213
687,9,53,0.395,258.819,0.0318,0.613
687,10,54,0.168,0.000,0.0318,25.738
687,11,55,0.537,241.181,0.0318,3.846
687,12,56,0.487,207.107,0.0308,23.207
687,13,57,0.502,158.918,0.0305,19.579
687,14,58,0.558,99.901,0.0296,14.895
687,15,59,0.579,34.075,0.0284,9.360
688,0,45,0.791,0.000,0.0318,0.613
688,1,46,0.407,0.000,0.0317,1.213
688,2,47,0.160,0.000,0.0318,0.613
688,3,48,0.871,0.000,0.0318,1.213
688,4,49,0.337,0.000,0.0319,0.613
688,5,50,0.580,0.000,0.0316,1.213
688,6,51,0.346,0.000,0.0319,0.613
688,7,52,0.406,0.000,0.0317,1.213
688,8,53,0.445,258.819,0.0318,0.613
688,9,54,0.261,0.000,0.0318,25.738
688,10,55,0.155,241.181,0.0318,3.846
688,11,56,0.293,207.107,0.0308,23.207
688,12,57,0.916,158.918,0.0305,19.579
688,13,58,0.395,99.901,0.0296,14.895
688,14,59,0.478,34.075,0.0284,9.360
688,15,60,1.498,0.000,0.0270,3.215
689,0,46,0.321,0.000,0.0317,1.213
689,1,47,0.426,0.000,0.0318,0.613
689,2,48,0.555,0.000,0.0318,1.213
689,3,49,0.358,0.000,0.0319,0.613
689,4,50,0.480,0.000,0.0316,1.213
689,5,51,0.567,0.000,0.0319,0.613
689,6,52,0.781,0.000,0.0317,1.213
689,7,53,0.260,258.819,0.0318,0.613
689,8,54,0.479,0.000,0.0318,25.738
689,9,55,0.288,241.181,0.0318,3.846
689,10,56,1.042,207.107,0.0308,23.207
689,11,57,0.256,158.918,0.0305,19.579
689,12,58,0.648,99.901,0.0296,14.895
689,13,59,0.220,34.075,0.0284,9.360
689,14,60,0.550,0.000,0.0270,3.215
689,15,61,1.070,0.000,0.0266,0.616
690,0,47,0.332,0.000,0.0318,0.613
690,1,48,0.219,0.000,0.0318,1.213
690,2,49,0.165,0.000,0.0319,0.613
690,3,50,0.292,0.000,0.0316,1.213
690,4,51,0.315,0.000,0.0319,0.613
690,5,52,0.636,0.000,0.0317,1.213
690,6,53,0.509,258.819,0.0318,0.613
690,7,54,1.143,0.000,0.0318,25.738
690,8,55,1.498,241.181,0.0318,3.846
690,9,56,1.504,207.107,0.0308,23.207
690,10,57,1.377,158.918,0.0305,19.579
690,11,58,0.776,99.901,0.0296,14.895
690,12,59,0.430,34.075,0.0284,9.360
690,13,60,0.395,0.000,0.0270,3.215
690,14,61,0.287,0.000,0.0266,0.616
690,15,62,0.423,0.000,0.0266,1.223
691,0,48,0.219,0.000,0.0318,1.213
691,1,49,0.565,0.000,0.0319,0.613
691,2,50,0.467,0.000,0.0316,1.213
691,3,51,0.402,0.000,0.0319,0.613
691,4,52,0.338,0.000,0.0317,1.213
691,5,53,0.256,258.819,0.0318,0.613
691,6,54,0.387,0.000,0.0318,25.738
691,7,55,0.502,241.181,0.0318,3.846
691,8,56,0.483,207.107,0.0308,23.207
691,9,57,0.518,158.918,0.0305,19.579
691,10,58,0.595,99.901,0.0296,14.895
691,11,59,0.265,34.075,0.0284,9.360
691,12,60,0.101,0.000,0.0270,3.215
691,13,61,0.232,0.000,0.0266,0.616
691,14,62,0.321,0.000,0.0266,1.223
691,15,63,0.391,0.000,0.0265,0.616
692,0,49,0.286,0.000,0.0319,0.613
692,1,50,0.235,0.000,0.0316,1.213
692,2,51,0.603,0.000,0.0319,0.613
692,3,52,0.823,0.000,0.0317,1.213
692,4,53,3.867,258.819,0.0318,0.613
692,5,54,3.249,0.000,0.0318,25.738
692,6,55,5.493,241.181,0.0318,3.846
692,7,56,4.713,207.107,0.0308,23.207
692,8,57,4.914,158.918,0.0305,19.579
692,9,58,3.197,99.901,0.0296,14.895
692,10,59,1.451,34.075,0.0284,9.360
692,11,60,0.421,0.000,0.0270,3.215
692,12,61,0.325,0.000,0.0266,0.616
692,13,62,0.527,0.000,0.0266,1.223
692,14,63,0.334,0.000,0.0265,0.616
692,15,64,0.487,0.000,0.0264,1.222
693,0,50,0.383,0.000,0.0316,1.213
693,1,51,0.348,0.000,0.0319,0.613
693,2,52,0.754,0.000,0.0317,1.213
693,3,53,1.169,258.819,0.0318,0.613
693,4,54,2.511,0.000,0.0318,25.738
693,5,55,3.709,241.181,0.0318,3.846
693,6,56,2.538,207.107,0.0308,23.207
693,7,57,3.203,158.918,0.0305,19.579
693,8,58,2.261,99.901,0.0296,14.895
693,9,59,0.988,34.075,0.0284,9.360
693,10,60,0.458,0.000,0.0270,3.215
693,11,61,0.370,0.000,0.0266,0.616
693,12,62,0.300,0.000,0.0266,1.223
693,13,63,0.190,0.000,0.0265,0.616
693,14,64,1.982,0.000,0.0264,1.222
693,15,65,0.579,0.000,0.0266,0.618
694,0,51,0.364,0.000,0.0319,0.613
694,1,52,0.443,0.000,0.0317,1.213
694,2,53,0.554,258.819,0.0318,0.613
694,3,54,1.567,0.000,0.0318,25.738
694,4,55,1.295,241.181,0.0318,3.846
694,5,56,1.356,207.107,0.0308,23.207
694,6,57,1.194,158.918,0.0305,19.579
694,7,58,1.093,99.901,0.0296,14.895
694,8,59,0.481,34.075,0.0284,9.360
694,9,60,0.571,0.000,0.0270,3.215
694,10,61,0.275,0.000,0.0266,0.616
694,11,62,0.225,0.000,0.0266,1.223
694,12,63,0.378,0.000,0.0265,0.616
694,13,64,0.475,0.000,0.0264,1.222
694,14,65,0.263,0.000,0.0266,0.618
694,15,66,0.881,0.000,0.0264,1.224
695,0,52,0.706,0.000,0.0317,1.213
695,1,53,1.007,258.819,0.0318,0.613
695,2,54,0.587,0.000,0.0318,25.738
695,3,55,1.734,241.181,0.0318,3.846
695,4,56,0.629,207.107,0.0308,23.207
695,5,57,0.633,158.918,0.0305,19.579
695,6,58,0.537,99.901,0.0296,14.895
695,7,59,0.725,34.075,0.0284,9.360
695,8,60,0.686,0.000,0.0270,3.215
695,9,61,0.688,0.000,0.0266,0.616
695,10,62,0.377,0.000,0.0266,1.223
695,11,63,0.474,0.000,0.0265,0.616
695,12,64,0.560,0.000,0.0264,1.222
695,13,65,0.355,0.000,0.0266,0.618
695,14,66,0.333,0.000,0.0264,1.224
695,15,67,0.297,0.000,0.0265,0.616
696,0,53,0.353,258.819,0.0318,0.613
696,1,54,0.525,0.000,0.0318,25.738
696,2,55,0.275,241.181,0.0318,3.846
696,3,56,0.207,207.107,0.0308,23.207
696,4,57,0.784,158.918,0.0305,19.579
696,5,58,0.069,99.901,0.0296,14.895
696,6,59,0.344,34.075,0.0284,9.360
696,7,60,0.260,0.000,0.0270,3.215
696,8,61,0.170,0.000,0.0266,0.616
696,9,62,0.095,0.000,0.0266,1.223
696,10,63,0.324,0.000,0.0265,0.616
696,11,64,0.366,0.000,0.0264,1.222
696,12,65,0.406,0.000,0.0266,0.618
696,13,66,0.283,0.000,0.0264,1.224
696,14,67,0.361,0.000,0.0265,0.616
696,15,68,0.208,0.000,0.0264,1.222
697,0,54,0.537,0.000,0.0318,25.738
697,1,55,1.443,241.181,0.0318,3.846
697,2,56,0.487,207.107,0.0308,23.207
697,3,57,0.516,158.918,0.0305,19.579
697,4,58,0.849,99.901,0.0296,14.895
697,5,59,0.570,34.075,0.0284,9.360
697,6,60,0.343,0.000,0.0270,3.215
697,7,61,0.488,0.000,0.0266,0.616
697,8,62,1.008,0.000,0.0266,1.223
697,9,63,0.544,0.000,0.0265,0.616
697,10,64,0.246,0.000,0.0264,1.222
697,11,65,0.356,0.000,0.0266,0.618
697,12,66,0.478,0.000,0.0264,1.224
697,13,67,0.433,0.000,0.0265,0.616
697,14,68,1.526,0.000,0.0264,1.222
697,15,69,0.160,0.000,0.0265,0.615
698,0,55,0.346,241.181,0.0318,3.846
698,1,56,0.738,207.107,0.0308,23.207
698,2,57,0.520,158.918,0.0305,19.579
698,3,58,0.428,99.901,0.0296,14.895
698,4,59,0.690,34.075,0.0284,9.360
698,5,60,1.035,0.000,0.0270,3.215
698,6,61,1.066,0.000,0.0266,0.616
698,7,62,1.072,0.000,0.0266,1.223
698,8,63,0.255,0.000,0.0265,0.616
698,9,64,0.622,0.000,0.0264,1.222
698,10,65,0.546,0.000,0.0266,0.618
698,11,66,0.939,0.000,0.0264,1.224
698,12,67,1.242,0.000,0.0265,0.616
698,13,68,1.067,0.000,0.0264,1.222
698,14,69,1.844,0.000,0.0265,0.615
698,15,70,0.500,0.000,0.0264,1.221
699,0,56,0.893,207.107,0.0308,23.207
699,1,57,0.799,158.918,0.0305,19.579
699,2,58,0.657,99.901,0.0296,14.895
699,3,59,0.750,34.075,0.0284,9.360
699,4,60,0.144,0.000,0.0270,3.215
699,5,61,0.582,0.000,0.0266,0.616
699,6,62,0.336,0.000,0.0266,1.223
699,7,63,0.348,0.000,0.0265,0.616
699,8,64,0.407,0.000,0.0264,1.222
699,9,65,0.507,0.000,0.0266,0.618
699,10,66,0.619,0.000,0.0264,1.224
699,11,67,0.297,0.000,0.0265,0.616
699,12,68,0.245,0.000,0.0264,1.222
699,13,69,0.261,0.000,0.0265,0.615
699,14,70,0.544,0.000,0.0264,1.221
699,15,71,0.430,0.000,0.0265,0.617
700,0,57,0.735,158.918,0.0305,19.579
700,1,58,0.372,99.901,0.0296,14.895
700,2,59,0.425,34.075,0.0284,9.360
700,3,60,0.541,0.000,0.0270,3.215
700,4,61,0.211,0.000,0.0266,0.616
700,5,62,0.251,0.000,0.0266,1.223
700,6,63,0.263,0.000,0.0265,0.616
700,7,64,0.212,0.000,0.0264,1.222
700,8,65,0.209,0.000,0.0266,0.618
700,9,66,0.242,0.000,0.0264,1.224
700,10,67,0.123,0.000,0.0265,0.616
700,11,68,0.300,0.000,0.0264,1.222
700,12,69,0.200,0.000,0.0265,0.615
700,13,70,0.263,0.000,0.0264,1.221
700,14,71,0.322,0.000,0.0265,0.617
700,15,72,0.532,0.000,0.0263,1.223
701,0,58,0.673,99.901,0.0296,14.895
701,1,59,1.007,34.075,0.0284,9.360
701,2,60,0.837,0.000,0.0270,3.215
701,3,61,0.509,0.000,0.0266,0.616
701,4,62,0.409,0.000,0.0266,1.223
701,5,63,0.408,0.000,0.0265,0.616
701,6,64,0.329,0.000,0.0264,1.222
701,7,65,0.284,0.000,0.0266,0.618
701,8,66,0.187,0.000,0.0264,1.224
701,9,67,0.407,0.000,0.0265,0.616
701,10,68,0.665,0.000,0.0264,1.222
701,11,69,0.138,0.000,0.0265,0.615
701,12,70,0.722,0.000,0.0264,1.221
701,13,71,0.189,0.000,0.0265,0.617
701,14,72,0.596,0.000,0.0263,1.223
701,15,73,0.619,0.000,0.0264,0.616
702,0,59,0.278,34.075,0.0284,9.360
702,1,60,0.571,0.000,0.0270,3.215
702,2,61,0.882,0.000,0.0266,0.616
702,3,62,0.591,0.000,0.0266,1.223
702,4,63,0.393,0.000,0.0265,0.616
702,5,64,1.093,0.000,0.0264,1.222
702,6,65,0.320,0.000,0.0266,0.618
702,7,66,0.453,0.000,0.0264,1.224
702,8,67,0.420,0.000,0.0265,0.616
702,9,68,0.666,0.000,0.0264,1.222
702,10,69,0.407,0.000,0.0265,0.615
702,11,70,0.266,0.000,0.0264,1.221
702,12,71,0.302,0.000,0.0265,0.617
702,13,72,0.324,0.000,0.0263,1.223
702,14,73,0.274,0.000,0.0264,0.616
702,15,74,0.601,0.000,0.0260,1.222
703,0,60,0.610,0.000,0.0270,3.215
703,1,61,0.643,0.000,0.0266,0.616
703,2,62,0.484,0.000,0.0266,1.223
703,3,63,0.367,0.000,0.0265,0.616
703,4,64,0.794,0.000,0.0264,1.222
703,5,65,0.316,0.000,0.0266,0.618
703,6,66,0.418,0.000,0.0264,1.224
703,7,67,0.236,0.000,0.0265,0.616
703,8,68,0.381,0.000,0.0264,1.222
703,9,69,0.158,0.000,0.0265,0.615
703,10,70,0.248,0.000,0.0264,1.221
703,11,71,0.594,0.000,0.0265,0.617
703,12,72,0.363,0.000,0.0263,1.223
703,13,73,0.294,0.000,0.0264,0.616
703,14,74,0.276,0.000,0.0260,1.222
703,15,75,0.295,0.000,0.0264,0.616
704,0,61,0.514,0.000,0.0266,0.616
704,1,62,0.924,0.000,0.0266,1.223
704,2,63,0.497,0.000,0.0265,0.616
704,3,64,1.121,0.000,0.0264,1.222
704,4,65,0.477,0.000,0.0266,0.618
704,5,66,0.297,0.000,0.0264,1.224
704,6,67,0.563,0.000,0.0265,0.616
704,7,68,0.478,0.000,0.0264,1.222
704,8,69,0.438,0.000,0.0265,0.615
704,9,70,0.277,0.000,0.0264,1.221
704,10,71,0.792,0.000,0.0265,0.617
704,11,72,0.367,0.000,0.0263,1.223
704,12,73,0.609,0.000,0.0264,0.616
704,13,74,0.610,0.000,0.0260,1.222
704,14,75,0.760,0.000,0.0264,0.616
704,15,76,1.247,0.000,0.0262,0.610
705,0,62,0.382,0.000,0.0266,1.223
705,1,63,1.311,0.000,0.0265,0.616
705,2,64,0.408,0.000,0.0264,1.222
705,3,65,0.394,0.000,0.0266,0.618
705,4,66,0.741,0.000,0.0264,1.224
705,5,67,0.266,0.000,0.0265,0.616
705,6,68,0.233,0.000,0.0264,1.222
705,7,69,0.247,0.000,0.0265,0.615
705,8,70,0.624,0.000,0.0264,1.221
705,9,71,0.453,0.000,0.0265,0.617
705,10,72,0.514,0.000,0.0263,1.223
705,11,73,0.710,0.000,0.0264,0.616
705,12,74,0.725,0.000,0.0260,1.222
705,13,75,0.581,0.000,0.0264,0.616
705,14,76,0.506,0.000,0.0262,0.610
705,15,77,0.362,1000.000,0.0110,0.609
706,0,63,0.261,0.000,0.0265,0.616
706,1,64,0.618,0.000,0.0264,1.222
706,2,65,0.277,0.000,0.0266,0.618
706,3,66,0.549,0.000,0.0264,1.224
706,4,67,0.362,0.000,0.0265,0.616
706,5,68,0.524,0.000,0.0264,1.222
706,6,69,0.277,0.000,0.0265,0.615
706,7,70,0.300,0.000,0.0264,1.221
706,8,71,0.272,0.000,0.0265,0.617
706,9,72,0.660,0.000,0.0263,1.223
706,10,73,0.619,0.000,0.0264,0.616
706,11,74,0.359,0.000,0.0260,1.222
706,12,75,0.525,0.000,0.0264,0.616
706,13,76,0.772,0.000,0.0262,0.610
706,14,77,1.300,1000.000,0.0110,0.609
706,15,78,0.742,18.907,0.0110,1.891
707,0,64,0.448,0.000,0.0264,1.222
707,1,65,0.090,0.000,0.0266,0.618
707,2,66,0.285,0.000,0.0264,1.224
707,3,67,0.323,0.000,0.0265,0.616
707,4,68,0.631,0.000,0.0264,1.222
707,5,69,0.231,0.000,0.0265,0.615
707,6,70,0.529,0.000,0.0264,1.221
707,7,71,0.406,0.000,0.0265,0.617
707,8,72,1.358,0.000,0.0263,1.223
707,9,73,0.368,0.000,0.0264,0.616
707,10,74,0.694,0.000,0.0260,1.222
707,11,75,0.325,0.000,0.0264,0.616
707,12,76,0.285,0.000,0.0262,0.610
707,13,77,0.969,1000.000,0.0110,0.609
707,14,78,0.966,18.907,0.0110,1.891
708,0,65,1.069,0.000,0.0266,0.618
708,1,66,1.351,0.000,0.0264,1.224
708,2,67,1.378,0.000,0.0265,0.616
708,3,68,0.130,0.000,0.0264,1.222
708,4,69,0.223,0.000,0.0265,0.615
708,5,70,1.415,0.000,0.0264,1.221
708,6,71,0.940,0.000,0.0265,0.617
708,7,72,0.715,0.000,0.0263,1.223
708,8,73,1.151,0.000,0.0264,0.616
708,9,74,1.295,0.000,0.0260,1.222
708,10,75,0.849,0.000,0.0264,0.616
708,11,76,0.697,0.000,0.0262,0.610
708,12,77,0.638,1000.000,0.0110,0.609
708,13,78,0.460,18.907,0.0110,1.891
709,0,66,1.088,0.000,0.0264,1.224
709,1,67,2.109,0.000,0.0265,0.616
709,2,68,0.335,0.000,0.0264,1.222
709,3,69,0.681,0.000,0.0265,0.615
709,4,70,0.547,0.000,0.0264,1.221
709,5,71,0.246,0.000,0.0265,0.617
709,6,72,0.969,0.000,0.0263,1.223
709,7,73,0.283,0.000,0.0264,0.616
709,8,74,0.911,0.000,0.0260,1.222
709,9,75,0.342,0.000,0.0264,0.616
709,10,76,0.843,0.000,0.0262,0.610
709,11,77,0.691,1000.000,0.0110,0.609
709,12,78,0.563,18.907,0.0110,1.891
710,0,67,1.811,0.000,0.0265,0.616
710,1,68,0.423,0.000,0.0264,1.222
710,2,69,0.294,0.000,0.0265,0.615
710,3,70,0.282,0.000,0.0264,1.221
710,4,71,0.379,0.000,0.0265,0.617
710,5,72,0.471,0.000,0.0263,1.223
710,6,73,0.568,0.000,0.0264,0.616
710,7,74,0.398,0.000,0.0260,1.222
710,8,75,0.619,0.000,0.0264,0.616
710,9,76,0.556,0.000,0.0262,0.610
710,10,77,0.636,1000.000,0.0110,0.609
710,11,78,0.668,18.907,0.0110,1.891
711,0,68,0.184,0.000,0.0264,1.222
711,1,69,0.799,0.000,0.0265,0.615
711,2,70,0.172,0.000,0.0264,1.221
711,3,71,0.894,0.000,0.0265,0.617
711,4,72,0.704,0.000,0.0263,1.223
711,5,73,0.579,0.000,0.0264,0.616
711,6,74,1.257,0.000,0.0260,1.222
711,7,75,0.826,0.000,0.0264,0.616
711,8,76,1.210,0.000,0.0262,0.610
711,9,77,2.293,1000.000,0.0110,0.609
711,10,78,1.241,18.907,0.0110,1.891
712,0,69,0.763,0.000,0.0265,0.615
712,1,70,0.583,0.000,0.0264,1.221
712,2,71,0.639,0.000,0.0265,0.617
712,3,72,1.332,0.000,0.0263,1.223
712,4,73,0.720,0.000,0.0264,0.616
712,5,74,1.041,0.000,0.0260,1.222
712,6,75,0.317,0.000,0.0264,0.616
712,7,76,0.958,0.000,0.0262,0.610
712,8,77,0.554,1000.000,0.0110,0.609
712,9,78,0.756,18.907,0.0110,1.891
713,0,70,0.422,0.000,0.0264,1.221
713,1,71,0.600,0.000,0.0265,0.617
713,2,72,0.778,0.000,0.0263,1.223
713,3,73,0.779,0.000,0.0264,0.616
713,4,74,0.684,0.000,0.0260,1.222
713,5,75,0.384,0.000,0.0264,0.616
713,6,76,0.693,0.000,0.0262,0.610
713,7,77,1.163,1000.000,0.0110,0.609
713,8,78,1.310,18.907,0.0110,1.891
714,0,71,0.184,0.000,0.0265,0.617
714,1,72,0.504,0.000,0.0263,1.223
714,2,73,0.366,0.000,0.0264,0.616
714,3,74,0.346,0.000,0.0260,1.222
714,4,75,0.437,0.000,0.0264,0.616
714,5,76,0.073,0.000,0.0262,0.610
714,6,77,0.589,1000.000,0.0110,0.609
714,7,78,0.112,18.907,0.0110,1.891
715,0,72,1.067,0.000,0.0263,1.223
715,1,73,2.041,0.000,0.0264,0.616
715,2,74,0.767,0.000,0.0260,1.222
715,3,75,0.858,0.000,0.0264,0.616
715,4,76,0.425,0.000,0.0262,0.610
715,5,77,0.591,1000.000,0.0110,0.609
715,6,78,97.858,18.907,0.0110,1.891
716,0,73,2.359,0.000,0.0264,0.616
716,1,74,1.629,0.000,0.0260,1.222
716,2,75,2.310,0.000,0.0264,0.616
716,3,76,2.136,0.000,0.0262,0.610
716,4,77,2.640,1000.000,0.0110,0.609
716,5,78,100.288,18.907,0.0110,1.891
717,0,74,0.468,0.000,0.0260,1.222
717,1,75,0.183,0.000,0.0264,0.616
717,2,76,0.353,0.000,0.0262,0.610
717,3,77,0.606,1000.000,0.0110,0.609
717,4,78,1.823,18.907,0.0110,1.891
718,0,75,0.916,0.000,0.0264,0.616
718,1,76,2.558,0.000,0.0262,0.610
718,2,77,0.803,1000.000,0.0110,0.609
718,3,78,0.748,18.907,0.0110,1.891
719,0,76,2.465,0.000,0.0262,0.610
719,1,77,0.801,1000.000,0.0110,0.609
719,2,78,1.306,18.907,0.0110,1.891
720,0,77,1.643,1000.000,0.0110,0.609
720,1,78,0.740,18.907,0.0110,1.891
721,0,78,1.053,18.907,0.0110,1.891
723,0,0,99.250,1000.000,0.0105,1.228
723,1,1,2.195,36.449,0.0104,3.645
723,2,2,3.983,36.496,2.7150,3.650
723,3,3,157.762,1595.339,0.0136,159.534
723,4,4,136.402,1495.344,6.3739,149.534
723,5,5,44.474,952.753,4.4875,95.275
723,6,6,49.072,488.173,2.4004,48.817
723,7,7,1.090,0.023,0.0297,0.002
723,8,8,0.602,0.000,0.0304,0.000
723,9,9,1.310,0.000,0.0304,0.000
723,10,10,0.241,0.000,0.0304,0.000
723,11,11,0.642,0.000,0.0304,0.000
723,12,12,1.074,0.000,0.0304,0.000
723,13,13,0.850,0.000,0.0304,0.000
723,14,14,0.253,0.000,0.0304,0.000
723,15,15,0.510,0.000,0.0304,0.000
724,0,1,99.891,36.449,0.0104,3.645
724,1,2,1.739,36.496,2.7150,3.650
724,2,3,2.569,1595.339,0.0136,159.534
724,3,4,155.169,1495.344,6.3739,149.534
724,4,5,136.111,952.753,4.4875,95.275
724,5,6,44.014,488.173,2.4004,48.817
724,6,7,50.202,0.023,0.0297,0.002
724,7,8,0.709,0.000,0.0304,0.000
724,8,9,0.851,0.000,0.0304,0.000
724,9,10,0.608,0.000,0.0304,0.000
724,10,11,0.688,0.000,0.0304,0.000
724,11,12,0.560,0.000,0.0304,0.000
724,12,13,0.403,0.000,0.0304,0.000
724,13,14,1.110,0.000,0.0304,0.000
724,14,15,1.400,0.000,0.0304,0.000
724,15,16,0.663,3806.018,0.0304,0.000
725,0,2,0.524,36.496,2.7150,3.650
725,1,3,1.993,1595.339,0.0136,159.534
725,2,4,3.146,1495.344,6.3739,149.534
725,3,5,1.961,952.753,4.4875,95.275
725,4,6,9.403,488.173,2.4004,48.817
725,5,7,1.023,0.023,0.0297,0.002
725,6,8,0.725,0.000,0.0304,0.000
725,7,9,0.548,0.000,0.0304,0.000
725,8,10,1.654,0.000,0.0304,0.000
725,9,11,0.947,0.000,0.0304,0.000
725,10,12,1.637,0.000,0.0304,0.000
725,11,13,1.089,0.000,0.0304,0.000
725,12,14,0.618,0.000,0.0304,0.000
725,13,15,0.324,0.000,0.0304,0.000
725,14,16,2.997,3806.018,0.0304,0.000
725,15,17,0.319,0.000,0.0304,380.602
726,0,3,2.294,1595.339,0.0136,159.534
726,1,4,3.246,1495.344,6.3739,149.534
726,2,5,2.311,952.753,4.4875,95.275
726,3,6,2.329,488.173,2.4004,48.817
726,4,7,0.443,0.023,0.0297,0.002
726,5,8,1.884,0.000,0.0304,0.000
726,6,9,4.288,0.000,0.0304,0.000
726,7,10,1.584,0.000,0.0304,0.000
726,8,11,0.408,0.000,0.0304,0.000
726,9,12,1.081,0.000,0.0304,0.000
726,10,13,1.041,0.000,0.0304,0.000
726,11,14,1.872,0.000,0.0304,0.000
726,12,15,1.830,0.000,0.0304,0.000
726,13,16,3.833,3806.018,0.0304,0.000
726,14,17,7.655,0.000,0.0304,380.602
726,15,18,10.349,0.000,0.0304,201.317
727,0,4,0.210,1495.344,6.3739,149.534
727,1,5,1.209,952.753,4.4875,95.275
727,2,6,2.901,488.173,2.4004,48.817
727,3,7,0.359,0.023,0.0297,0.002
727,4,8,0.650,0.000,0.0304,0.000
727,5,9,0.537,0.000,0.0304,0.000
727,6,10,0.240,0.000,0.0304,0.000
727,7,11,0.349,0.000,0.0304,0.000
727,8,12,0.282,0.000,0.0304,0.000
727,9,13,0.456,0.000,0.0304,0.000
727,10,14,0.555,0.000,0.0304,0.000
727,11,15,1.216,0.000,0.0304,0.000
727,12,16,0.168,3806.018,0.0304,0.000
727,13,17,1.825,0.000,0.0304,380.602
727,14,18,0.768,0.000,0.0304,201.317
727,15,19,0.053,0.000,5.7607,76.422
728,0,5,0.590,952.753,4.4875,95.275
728,1,6,2.890,488.173,2.4004,48.817
728,2,7,0.499,0.023,0.0297,0.002
728,3,8,0.606,0.000,0.0304,0.000
728,4,9,0.123,0.000,0.0304,0.000
728,5,10,0.747,0.000,0.0304,0.000
728,6,11,0.479,0.000,0.0304,0.000
728,7,12,0.486,0.000,0.0304,0.000
728,8,13,0.482,0.000,0.0304,0.000
728,9,14,0.604,0.000,0.0304,0.000
728,10,15,0.241,0.000,0.0304,0.000
728,11,16,0.141,3806.018,0.0304,0.000
728,12,17,0.754,0.000,0.0304,380.602
728,13,18,0.394,0.000,0.0304,201.317
728,14,19,0.517,0.000,5.7607,76.422
728,15,20,0.940,258.819,3.6098,0.977
729,0,6,1.440,488.173,2.4004,48.817
729,1,7,1.515,0.023,0.0297,0.002
729,2,8,0.539,0.000,0.0304,0.000
729,3,9,0.395,0.000,0.0304,0.000
729,4,10,0.905,0.000,0.0304,0.000
729,5,11,0.958,0.000,0.0304,0.000
729,6,12,0.425,0.000,0.0304,0.000
729,7,13,0.424,0.000,0.0304,0.000
729,8,14,0.556,0.000,0.0304,0.000
729,9,15,0.248,0.000,0.0304,0.000
729,10,16,0.881,3806.018,0.0304,0.000
729,11,17,0.763,0.000,0.0304,380.602
729,12,18,0.467,0.000,0.0304,201.317
729,13,19,0.486,0.000,5.7607,76.422
729,14,20,0.381,258.819,3.6098,0.977
729,15,21,0.528,0.000,0.3236,26.396
730,0,7,0.630,0.023,0.0297,0.002
730,1,8,0.936,0.000,0.0304,0.000
730,2,9,0.936,0.000,0.0304,0.000
730,3,10,0.701,0.000,0.0304,0.000
730,4,11,0.854,0.000,0.0304,0.000
730,5,12,0.675,0.000,0.0304,0.000
730,6,13,0.984,0.000,0.0304,0.000
730,7,14,0.743,0.000,0.0304,0.000
730,8,15,0.521,0.000,0.0304,0.000
730,9,16,2.417,3806.018,0.0304,0.000
730,10,17,0.389,0.000,0.0304,380.602
730,11,18,0.681,0.000,0.0304,201.317
730,12,19,0.692,0.000,5.7607,76.422
730,13,20,0.630,258.819,3.6098,0.977
730,14,21,0.429,0.000,0.3236,26.396
730,15,22,1.486,241.181,0.0140,2.603
731,0,8,1.164,0.000,0.0304,0.000
731,1,9,1.042,0.000,0.0304,0.000
731,2,10,0.627,0.000,0.0304,0.000
731,3,11,0.610,0.000,0.0304,0.000
731,4,12,0.573,0.000,0.0304,0.000
731,5,13,0.853,0.000,0.0304,0.000
731,6,14,0.964,0.000,0.0304,0.000
731,7,15,0.750,0.000,0.0304,0.000
731,8,16,0.753,3806.018,0.0304,0.000
731,9,17,1.310,0.000,0.0304,380.602
731,10,18,0.737,0.000,0.0304,201.317
731,11,19,0.655,0.000,5.7607,76.422
731,12,20,0.163,258.819,3.6098,0.977
731,13,21,0.627,0.000,0.3236,26.396
731,14,22,0.929,241.181,0.0140,2.603
731,15,23,0.407,0.000,0.0135,23.900
732,0,9,0.403,0.000,0.0304,0.000
732,1,10,0.640,0.000,0.0304,0.000
732,2,11,0.942,0.000,0.0304,0.000
732,3,12,0.823,0.000,0.0304,0.000
732,4,13,0.170,0.000,0.0304,0.000
732,5,14,0.786,0.000,0.0304,0.000
732,6,15,2.172,0.000,0.0304,0.000
732,7,16,1.860,3806.018,0.0304,0.000
732,8,17,0.674,0.000,0.0304,380.602
732,9,18,0.419,0.000,0.0304,201.317
732,10,19,1.023,0.000,5.7607,76.422
732,11,20,0.524,258.819,3.6098,0.977
732,12,21,0.817,0.000,0.3236,26.396
732,13,22,1.105,241.181,0.0140,2.603
732,14,23,0.730,0.000,0.0135,23.900
732,15,24,0.298,207.107,0.0135,3.324
733,0,10,1.730,0.000,0.0304,0.000
733,1,11,1.476,0.000,0.0304,0.000
733,2,12,1.839,0.000,0.0304,0.000
733,3,13,2.507,0.000,0.0304,0.000
733,4,14,2.557,0.000,0.0304,0.000
733,5,15,4.563,0.000,0.0304,0.000
733,6,16,9.770,3806.018,0.0304,0.000
733,7,17,7.656,0.000,0.0304,380.602
733,8,18,2.187,0.000,0.0304,201.317
733,9,19,2.374,0.000,5.7607,76.422
733,10,20,1.545,258.819,3.6098,0.977
733,11,21,2.189,0.000,0.3236,26.396
733,12,22,2.569,241.181,0.0140,2.603
733,13,23,2.449,0.000,0.0135,23.900
733,14,24,1.911,207.107,0.0135,3.324
733,15,25,1.897,158.919,0.0128,20.206
734,0,11,0.537,0.000,0.0304,0.000
734,1,12,0.784,0.000,0.0304,0.000
734,2,13,0.547,0.000,0.0304,0.000
734,3,14,1.338,0.000,0.0304,0.000
734,4,15,0.410,0.000,0.0304,0.000
734,5,16,380.777,3806.018,0.0304,0.000
734,6,17,0.511,0.000,0.0304,380.602
734,7,18,0.811,0.000,0.0304,201.317
734,8,19,0.501,0.000,5.7607,76.422
734,9,20,25.722,258.819,3.6098,0.977
734,10,21,0.631,0.000,0.3236,26.396
734,11,22,23.946,241.181,0.0140,2.603
734,12,23,0.787,0.000,0.0135,23.900
734,13,24,20.520,207.107,0.0135,3.324
734,14,25,15.804,158.919,0.0128,20.206
734,15,26,10.032,99.900,0.0128,15.358
735,0,12,0.767,0.000,0.0304,0.000
735,1,13,0.955,0.000,0.0304,0.000
735,2,14,0.793,0.000,0.0304,0.000
735,3,15,0.327,0.000,0.0304,0.000
735,4,16,0.818,3806.018,0.0304,0.000
735,5,17,0.297,0.000,0.0304,380.602
735,6,18,0.608,0.000,0.0304,201.317
735,7,19,0.750,0.000,5.7607,76.422
735,8,20,0.632,258.819,3.6098,0.977
735,9,21,0.366,0.000,0.3236,26.396
735,10,22,0.177,241.181,0.0140,2.603
735,11,23,0.238,0.000,0.0135,23.900
735,12,24,0.502,207.107,0.0135,3.324
735,13,25,0.495,158.919,0.0128,20.206
735,14,26,0.317,99.900,0.0128,15.358
735,15,27,0.231,34.075,0.0122,9.608
736,0,13,0.440,0.000,0.0304,0.000
736,1,14,0.226,0.000,0.0304,0.000
736,2,15,0.860,0.000,0.0304,0.000
736,3,16,0.287,3806.018,0.0304,0.000
736,4,17,0.469,0.000,0.0304,380.602
736,5,18,1.156,0.000,0.0304,201.317
736,6,19,0.572,0.000,5.7607,76.422
736,7,20,0.365,258.819,3.6098,0.977
736,8,21,0.750,0.000,0.3236,26.396
736,9,22,0.349,241.181,0.0140,2.603
736,10,23,0.203,0.000,0.0135,23.900
736,11,24,0.488,207.107,0.0135,3.324
736,12,25,0.767,158.919,0.0128,20.206
736,13,26,0.459,99.900,0.0128,15.358
736,14,27,0.303,34.075,0.0122,9.608
736,15,28,1.114,0.000,0.0117,3.239
737,0,14,0.434,0.000,0.0304,0.000
737,1,15,0.465,0.000,0.0304,0.000
737,2,16,0.737,3806.018,0.0304,0.000
737,3,17,0.340,0.000,0.0304,380.602
737,4,18,0.129,0.000,0.0304,201.317
737,5,19,0.369,0.000,5.7607,76.422
737,6,20,0.403,258.819,3.6098,0.977
737,7,21,0.451,0.000,0.3236,26.396
737,8,22,0.671,241.181,0.0140,2.603
737,9,23,0.231,0.000,0.0135,23.900
737,10,24,0.315,207.107,0.0135,3.324
737,11,25,0.863,158.919,0.0128,20.206
737,12,26,0.582,99.900,0.0128,15.358
737,13,27,0.645,34.075,0.0122,9.608
737,14,28,0.004,0.000,0.0117,3.239
737,15,29,0.189,0.000,0.0114,3.216
738,0,15,0.497,0.000,0.0304,0.000
738,1,16,1.146,3806.018,0.0304,0.000
738,2,17,0.475,0.000,0.0304,380.602
738,3,18,0.507,0.000,0.0304,201.317
738,4,19,0.368,0.000,5.7607,76.422
738,5,20,0.499,258.819,3.6098,0.977
738,6,21,0.126,0.000,0.3236,26.396
738,7,22,0.159,241.181,0.0140,2.603
738,8,23,0.202,0.000,0.0135,23.900
738,9,24,0.616,207.107,0.0135,3.324
738,10,25,0.345,158.919,0.0128,20.206
738,11,26,0.475,99.900,0.0128,15.358
738,12,27,0.574,34.075,0.0122,9.608
738,13,28,0.677,0.000,0.0117,3.239
738,14,29,0.238,0.000,0.0114,3.216
738,15,30,0.352,0.000,0.0472,3.358
739,0,16,1.283,3806.018,0.0304,0.000
739,1,17,0.454,0.000,0.0304,380.602
739,2,18,0.381,0.000,0.0304,201.317
739,3,19,0.653,0.000,5.7607,76.422
739,4,20,0.598,258.819,3.6098,0.977
739,5,21,0.434,0.000,0.3236,26.396
739,6,22,0.236,241.181,0.0140,2.603
739,7,23,0.221,0.000,0.0135,23.900
739,8,24,0.536,207.107,0.0135,3.324
739,9,25,0.129,158.919,0.0128,20.206
739,10,26,0.244,99.900,0.0128,15.358
739,11,27,0.428,34.075,0.0122,9.608
739,12,28,0.718,0.000,0.0117,3.239
739,13,29,0.795,0.000,0.0114,3.216
739,14,30,0.716,0.000,0.0472,3.358
739,15,31,0.285,0.000,0.0359,3.265
740,0,17,373.137,0.000,0.0304,380.602
740,1,18,1.292,0.000,0.0304,201.317
740,2,19,1.134,0.000,5.7607,76.422
740,3,20,0.738,258.819,3.6098,0.977
740,4,21,26.215,0.000,0.3236,26.396
740,5,22,0.915,241.181,0.0140,2.603
740,6,23,24.597,0.000,0.0135,23.900
740,7,24,0.462,207.107,0.0135,3.324
740,8,25,20.855,158.919,0.0128,20.206
740,9,26,15.798,99.900,0.0128,15.358
740,10,27,10.279,34.075,0.0122,9.608
740,11,28,3.638,0.000,0.0117,3.239
740,12,29,0.384,0.000,0.0114,3.216
740,13,30,0.294,0.000,0.0472,3.358
740,14,31,0.715,0.000,0.0359,3.265
740,15,32,2.275,0.000,0.0671,3.429
741,0,18,0.246,0.000,0.0304,201.317
741,1,19,0.328,0.000,5.7607,76.422
741,2,20,0.676,258.819,3.6098,0.977
741,3,21,0.380,0.000,0.3236,26.396
741,4,22,0.286,241.181,0.0140,2.603
741,5,23,0.077,0.000,0.0135,23.900
741,6,24,0.277,207.107,0.0135,3.324
741,7,25,0.446,158.919,0.0128,20.206
741,8,26,0.330,99.900,0.0128,15.358
741,9,27,0.528,34.075,0.0122,9.608
741,10,28,0.134,0.000,0.0117,3.239
741,11,29,0.911,0.000,0.0114,3.216
741,12,30,0.533,0.000,0.0472,3.358
741,13,31,0.565,0.000,0.0359,3.265
741,14,32,0.244,0.000,0.0671,3.429
741,15,33,0.622,0.000,0.0442,3.280
742,0,19,2.547,0.000,5.7607,76.422
742,1,20,3.241,258.819,3.6098,0.977
742,2,21,1.348,0.000,0.3236,26.396
742,3,22,0.303,241.181,0.0140,2.603
742,4,23,0.644,0.000,0.0135,23.900
742,5,24,0.082,207.107,0.0135,3.324
742,6,25,1.392,158.919,0.0128,20.206
742,7,26,1.205,99.900,0.0128,15.358
742,8,27,0.746,34.075,0.0122,9.608
742,9,28,0.727,0.000,0.0117,3.239
742,10,29,1.801,0.000,0.0114,3.216
742,11,30,1.383,0.000,0.0472,3.358
742,12,31,0.987,0.000,0.0359,3.265
742,13,32,1.605,0.000,0.0671,3.429
742,14,33,0.785,0.000,0.0442,3.280
742,15,34,0.745,0.000,0.0231,3.424
743,0,20,0.396,258.819,3.6098,0.977
743,1,21,0.825,0.000,0.3236,26.396
743,2,22,0.493,241.181,0.0140,2.603
743,3,23,0.906,0.000,0.0135,23.900
743,4,24,0.669,207.107,0.0135,3.324
743,5,25,0.595,158.919,0.0128,20.206
743,6,26,0.649,99.900,0.0128,15.358
743,7,27,1.056,34.075,0.0122,9.608
743,8,28,1.059,0.000,0.0117,3.239
743,9,29,0.218,0.000,0.0114,3.216
743,10,30,0.463,0.000,0.0472,3.358
743,11,31,0.931,0.000,0.0359,3.265
743,12,32,0.530,0.000,0.0671,3.429
743,13,33,0.801,0.000,0.0442,3.280
743,14,34,1.753,0.000,0.0231,3.424
743,15,35,0.778,0.000,0.0155,3.243
744,0,21,0.352,0.000,0.3236,26.396
744,1,22,0.522,241.181,0.0140,2.603
744,2,23,0.491,0.000,0.0135,23.900
744,3,24,0.885,207.107,0.0135,3.324
744,4,25,0.427,158.919,0.0128,20.206
744,5,26,0.541,99.900,0.0128,15.358
744,6,27,0.527,34.075,0.0122,9.608
744,7,28,0.628,0.000,0.0117,3.239
744,8,29,0.646,0.000,0.0114,3.216
744,9,30,0.260,0.000,0.0472,3.358
744,10,31,0.573,0.000,0.0359,3.265
744,11,32,0.234,0.000,0.0671,3.429
744,12,33,0.191,0.000,0.0442,3.280
744,13,34,0.323,0.000,0.0231,3.424
744,14,35,0.137,0.000,0.0155,3.243
744,15,36,0.087,0.000,0.0176,3.364
745,0,22,1.339,241.181,0.0140,2.603
745,1,23,0.404,0.000,0.0135,23.900
745,2,24,0.318,207.107,0.0135,3.324
745,3,25,0.417,158.919,0.0128,20.206
745,4,26,0.707,99.900,0.0128,15.358
745,5,27,0.272,34.075,0.0122,9.608
745,6,28,0.363,0.000,0.0117,3.239
745,7,29,0.429,0.000,0.0114,3.216
745,8,30,0.565,0.000,0.0472,3.358
745,9,31,0.397,0.000,0.0359,3.265
745,10,32,0.098,0.000,0.0671,3.429
745,11,33,0.372,0.000,0.0442,3.280
745,12,34,0.260,0.000,0.0231,3.424
745,13,35,0.632,0.000,0.0155,3.243
745,14,36,0.110,0.000,0.0176,3.364
745,15,37,0.501,0.000,0.0159,3.243
746,0,23,0.318,0.000,0.0135,23.900
746,1,24,0.203,207.107,0.0135,3.324
746,2,25,0.603,158.919,0.0128,20.206
746,3,26,0.654,99.900,0.0128,15.358
746,4,27,0.526,34.075,0.0122,9.608
746,5,28,0.626,0.000,0.0117,3.239
746,6,29,0.351,0.000,0.0114,3.216
746,7,30,0.909,0.000,0.0472,3.358
746,8,31,0.485,0.000,0.0359,3.265
746,9,32,0.027,0.000,0.0671,3.429
746,10,33,0.080,0.000,0.0442,3.280
746,11,34,0.489,0.000,0.0231,3.424
746,12,35,0.532,0.000,0.0155,3.243
746,13,36,0.488,0.000,0.0176,3.364
746,14,37,0.347,0.000,0.0159,3.243
746,15,38,0.638,0.000,0.0175,3.377
747,0,24,1.907,207.107,0.0135,3.324
747,1,25,0.069,158.919,0.0128,20.206
747,2,26,0.563,99.900,0.0128,15.358
747,3,27,1.224,34.075,0.0122,9.608
747,4,28,0.332,0.000,0.0117,3.239
747,5,29,0.407,0.000,0.0114,3.216
747,6,30,0.577,0.000,0.0472,3.358
747,7,31,0.726,0.000,0.0359,3.265
747,8,32,0.174,0.000,0.0671,3.429
747,9,33,0.511,0.000,0.0442,3.280
747,10,34,0.575,0.000,0.0231,3.424
747,11,35,0.429,0.000,0.0155,3.243
747,12,36,0.105,0.000,0.0176,3.364
747,13,37,0.049,0.000,0.0159,3.243
747,14,38,0.590,0.000,0.0175,3.377
747,15,39,0.405,1000.000,0.0172,3.243
748,0,25,3.646,158.919,0.0128,20.206
748,1,26,0.805,99.900,0.0128,15.358
748,2,27,0.950,34.075,0.0122,9.608
748,3,28,0.157,0.000,0.0117,3.239
748,4,29,0.449,0.000,0.0114,3.216
748,5,30,0.106,0.000,0.0472,3.358
748,6,31,0.431,0.000,0.0359,3.265
748,7,32,0.364,0.000,0.0671,3.429
748,8,33,0.371,0.000,0.0442,3.280
748,9,34,0.056,0.000,0.0231,3.424
748,10,35,0.080,0.000,0.0155,3.243
748,11,36,0.195,0.000,0.0176,3.364
748,12,37,0.379,0.000,0.0159,3.243
748,13,38,0.250,0.000,0.0175,3.377
748,14,39,0.476,1000.000,0.0172,3.243
748,15,40,1.020,1035.570,0.0174,3.947
749,0,26,0.206,99.900,0.0128,15.358
749,1,27,0.316,34.075,0.0122,9.608
749,2,28,0.110,0.000,0.0117,3.239
749,3,29,0.705,0.000,0.0114,3.216
749,4,30,0.339,0.000,0.0472,3.358
749,5,31,0.829,0.000,0.0359,3.265
749,6,32,0.784,0.000,0.0671,3.429
749,7,33,1.067,0.000,0.0442,3.280
749,8,34,0.191,0.000,0.0231,3.424
749,9,35,0.042,0.000,0.0155,3.243
749,10,36,0.260,0.000,0.0176,3.364
749,11,37,0.404,0.000,0.0159,3.243
749,12,38,0.470,0.000,0.0175,3.377
749,13,39,0.223,1000.000,0.0172,3.243
749,14,40,0.856,1035.570,0.0174,3.947
749,15,41,40.316,0.000,1.9881,102.665
750,0,27,1.189,34.075,0.0122,9.608
750,1,28,0.582,0.000,0.0117,3.239
750,2,29,0.155,0.000,0.0114,3.216
750,3,30,0.359,0.000,0.0472,3.358
750,4,31,0.139,0.000,0.0359,3.265
750,5,32,0.748,0.000,0.0671,3.429
750,6,33,0.097,0.000,0.0442,3.280
750,7,34,0.870,0.000,0.0231,3.424
750,8,35,0.447,0.000,0.0155,3.243
750,9,36,0.183,0.000,0.0176,3.364
750,10,37,0.705,0.000,0.0159,3.243
750,11,38,0.138,0.000,0.0175,3.377
750,12,39,1.453,1000.000,0.0172,3.243
750,13,40,0.539,1035.570,0.0174,3.947
750,14,41,81.246,0.000,1.9881,102.665
750,15,42,2.895,0.000,4.4634,21.051
751,0,28,0.456,0.000,0.0117,3.239
751,1,29,0.329,0.000,0.0114,3.216
751,2,30,0.879,0.000,0.0472,3.358
751,3,31,0.249,0.000,0.0359,3.265
751,4,32,0.493,0.000,0.0671,3.429
751,5,33,0.330,0.000,0.0442,3.280
751,6,34,0.539,0.000,0.0231,3.424
751,7,35,0.215,0.000,0.0155,3.243
751,8,36,0.445,0.000,0.0176,3.364
751,9,37,0.313,0.000,0.0159,3.243
751,10,38,0.681,0.000,0.0175,3.377
751,11,39,1.124,1000.000,0.0172,3.243
751,12,40,0.665,1035.570,0.0174,3.947
751,13,41,63.355,0.000,1.9881,102.665
751,14,42,0.939,0.000,4.4634,21.051
751,15,43,0.341,0.000,3.0309,0.629
752,0,29,0.335,0.000,0.0114,3.216
752,1,30,0.654,0.000,0.0472,3.358
752,2,31,0.434,0.000,0.0359,3.265
752,3,32,0.433,0.000,0.0671,3.429
752,4,33,0.918,0.000,0.0442,3.280
752,5,34,0.182,0.000,0.0231,3.424
752,6,35,0.373,0.000,0.0155,3.243
752,7,36,0.779,0.000,0.0176,3.364
752,8,37,0.575,0.000,0.0159,3.243
752,9,38,0.671,0.000,0.0175,3.377
752,10,39,0.554,1000.000,0.0172,3.243
752,11,40,0.668,1035.570,0.0174,3.947
752,12,41,103.562,0.000,1.9881,102.665
752,13,42,0.466,0.000,4.4634,21.051
752,14,43,1.087,0.000,3.0309,0.629
752,15,44,0.702,0.000,0.0208,1.245
753,0,30,0.142,0.000,0.0472,3.358
753,1,31,1.117,0.000,0.0359,3.265
753,2,32,0.357,0.000,0.0671,3.429
753,3,33,0.744,0.000,0.0442,3.280
753,4,34,0.680,0.000,0.0231,3.424
753,5,35,0.526,0.000,0.0155,3.243
753,6,36,0.177,0.000,0.0176,3.364
753,7,37,0.577,0.000,0.0159,3.243
753,8,38,0.453,0.000,0.0175,3.377
753,9,39,0.409,1000.000,0.0172,3.243
753,10,40,0.887,1035.570,0.0174,3.947
753,11,41,21.487,0.000,1.9881,102.665
753,12,42,1.685,0.000,4.4634,21.051
753,13,43,1.574,0.000,3.0309,0.629
753,14,44,0.077,0.000,0.0208,1.245
753,15,45,0.926,0.000,0.0214,0.628
754,0,31,0.317,0.000,0.0359,3.265
754,1,32,0.161,0.000,0.0671,3.429
754,2,33,0.165,0.000,0.0442,3.280
754,3,34,0.408,0.000,0.0231,3.424
754,4,35,0.332,0.000,0.0155,3.243
754,5,36,0.600,0.000,0.0176,3.364
754,6,37,0.453,0.000,0.0159,3.243
754,7,38,0.513,0.000,0.0175,3.377
754,8,39,0.581,1000.000,0.0172,3.243
754,9,40,1.031,1035.570,0.0174,3.947
754,10,41,103.814,0.000,1.9881,102.665
754,11,42,0.653,0.000,4.4634,21.051
754,12,43,0.607,0.000,3.0309,0.629
754,13,44,0.427,0.000,0.0208,1.245
754,14,45,1.008,0.000,0.0214,0.628
754,15,46,0.349,0.000,0.0212,1.244
755,0,32,0.649,0.000,0.0671,3.429
755,1,33,0.719,0.000,0.0442,3.280
755,2,34,0.442,0.000,0.0231,3.424
755,3,35,0.485,0.000,0.0155,3.243
755,4,36,0.297,0.000,0.0176,3.364
755,5,37,0.320,0.000,0.0159,3.243
755,6,38,0.279,0.000,0.0175,3.377
755,7,39,0.713,1000.000,0.0172,3.243
755,8,40,1.015,1035.570,0.0174,3.947
755,9,41,40.007,0.000,1.9881,102.665
755,10,42,0.331,0.000,4.4634,21.051
755,11,43,0.659,0.000,3.0309,0.629
755,12,44,0.466,0.000,0.0208,1.245
755,13,45,0.473,0.000,0.0214,0.628
755,14,46,1.037,0.000,0.0212,1.244
755,15,47,0.433,0.000,0.0213,0.629
756,0,33,0.178,0.000,0.0442,3.280
756,1,34,0.772,0.000,0.0231,3.424
756,2,35,0.036,0.000,0.0155,3.243
756,3,36,0.561,0.000,0.0176,3.364
756,4,37,0.262,0.000,0.0159,3.243
756,5,38,0.028,0.000,0.0175,3.377
756,6,39,0.424,1000.000,0.0172,3.243
756,7,40,1.478,1035.570,0.0174,3.947
756,8,41,1.229,0.000,1.9881,102.665
756,9,42,0.432,0.000,4.4634,21.051
756,10,43,0.724,0.000,3.0309,0.629
756,11,44,0.639,0.000,0.0208,1.245
756,12,45,1.085,0.000,0.0214,0.628
756,13,46,0.365,0.000,0.0212,1.244
756,14,47,0.185,0.000,0.0213,0.629
756,15,48,0.508,0.000,0.0211,1.244
757,0,34,3.411,0.000,0.0231,3.424
757,1,35,2.731,0.000,0.0155,3.243
757,2,36,4.314,0.000,0.0176,3.364
757,3,37,6.609,0.000,0.0159,3.243
757,4,38,12.030,0.000,0.0175,3.377
757,5,39,12.316,1000.000,0.0172,3.243
757,6,40,14.234,1035.570,0.0174,3.947
757,7,41,1.312,0.000,1.9881,102.665
757,8,42,1.422,0.000,4.4634,21.051
757,9,43,1.524,0.000,3.0309,0.629
757,10,44,1.864,0.000,0.0208,1.245
757,11,45,0.970,0.000,0.0214,0.628
757,12,46,0.681,0.000,0.0212,1.244
757,13,47,1.103,0.000,0.0213,0.629
757,14,48,0.536,0.000,0.0211,1.244
757,15,49,0.447,0.000,0.0213,0.628
758,0,35,1.095,0.000,0.0155,3.243
758,1,36,1.259,0.000,0.0176,3.364
758,2,37,0.613,0.000,0.0159,3.243
758,3,38,2.274,0.000,0.0175,3.377
758,4,39,98.534,1000.000,0.0172,3.243
758,5,40,3.065,1035.570,0.0174,3.947
758,6,41,1.141,0.000,1.9881,102.665
758,7,42,2.378,0.000,4.4634,21.051
758,8,43,1.738,0.000,3.0309,0.629
758,9,44,0.275,0.000,0.0208,1.245
758,10,45,1.706,0.000,0.0214,0.628
758,11,46,0.949,0.000,0.0212,1.244
758,12,47,0.347,0.000,0.0213,0.629
758,13,48,0.614,0.000,0.0211,1.244
758,14,49,0.419,0.000,0.0213,0.628
758,15,50,0.616,0.000,0.0211,1.243
759,0,36,1.170,0.000,0.0176,3.364
759,1,37,0.094,0.000,0.0159,3.243
759,2,38,1.251,0.000,0.0175,3.377
759,3,39,3.368,1000.000,0.0172,3.243
759,4,40,1.190,1035.570,0.0174,3.947
759,5,41,4.767,0.000,1.9881,102.665
759,6,42,1.419,0.000,4.4634,21.051
759,7,43,1.119,0.000,3.0309,0.629
759,8,44,0.908,0.000,0.0208,1.245
759,9,45,0.989,0.000,0.0214,0.628
759,10,46,1.515,0.000,0.0212,1.244
759,11,47,0.834,0.000,0.0213,0.629
759,12,48,0.893,0.000,0.0211,1.244
759,13,49,0.766,0.000,0.0213,0.628
759,14,50,0.398,0.000,0.0211,1.243
759,15,51,0.578,0.000,0.0212,0.628
760,0,37,0.049,0.000,0.0159,3.243
760,1,38,0.531,0.000,0.0175,3.377
760,2,39,1.026,1000.000,0.0172,3.243
760,3,40,0.534,1035.570,0.0174,3.947
760,4,41,2.293,0.000,1.9881,102.665
760,5,42,1.238,0.000,4.4634,21.051
760,6,43,0.342,0.000,3.0309,0.629
760,7,44,0.599,0.000,0.0208,1.245
760,8,45,0.801,0.000,0.0214,0.628
760,9,46,0.618,0.000,0.0212,1.244
760,10,47,0.657,0.000,0.0213,0.629
760,11,48,0.708,0.000,0.0211,1.244
760,12,49,0.404,0.000,0.0213,0.628
760,13,50,0.297,0.000,0.0211,1.243
760,14,51,0.657,0.000,0.0212,0.628
760,15,52,0.553,0.000,0.0210,1.243
761,0,38,0.436,0.000,0.0175,3.377
761,1,39,0.811,1000.000,0.0172,3.243
761,2,40,1.329,1035.570,0.0174,3.947
761,3,41,1.693,0.000,1.9881,102.665
761,4,42,0.425,0.000,4.4634,21.051
761,5,43,0.416,0.000,3.0309,0.629
761,6,44,0.940,0.000,0.0208,1.245
761,7,45,0.881,0.000,0.0214,0.628
761,8,46,1.269,0.000,0.0212,1.244
761,9,47,0.459,0.000,0.0213,0.629
761,10,48,0.480,0.000,0.0211,1.244
761,11,49,0.548,0.000,0.0213,0.628
761,12,50,0.219,0.000,0.0211,1.243
761,13,51,0.632,0.000,0.0212,0.628
761,14,52,0.661,0.000,0.0210,1.243
761,15,53,1.455,258.819,0.0213,0.628
762,0,39,5.255,1000.000,0.0172,3.243
762,1,40,0.977,1035.570,0.0174,3.947
762,2,41,1.168,0.000,1.9881,102.665
762,3,42,0.571,0.000,4.4634,21.051
762,4,43,1.104,0.000,3.0309,0.629
762,5,44,0.350,0.000,0.0208,1.245
762,6,45,0.678,0.000,0.0214,0.628
762,7,46,0.180,0.000,0.0212,1.244
762,8,47,0.624,0.000,0.0213,0.629
762,9,48,0.498,0.000,0.0211,1.244
762,10,49,0.614,0.000,0.0213,0.628
762,11,50,0.239,0.000,0.0211,1.243
762,12,51,0.396,0.000,0.0212,0.628
762,13,52,0.625,0.000,0.0210,1.243
762,14,53,0.792,258.819,0.0213,0.628
762,15,54,0.347,0.000,0.0211,25.739
763,0,40,0.931,1035.570,0.0174,3.947
763,1,41,1.078,0.000,1.9881,102.665
763,2,42,0.499,0.000,4.4634,21.051
763,3,43,0.344,0.000,3.0309,0.629
763,4,44,0.285,0.000,0.0208,1.245
763,5,45,0.315,0.000,0.0214,0.628
763,6,46,0.518,0.000,0.0212,1.244
763,7,47,0.302,0.000,0.0213,0.629
763,8,48,0.562,0.000,0.0211,1.244
763,9,49,0.422,0.000,0.0213,0.628
763,10,50,0.791,0.000,0.0211,1.243
763,11,51,0.330,0.000,0.0212,0.628
763,12,52,0.676,0.000,0.0210,1.243
763,13,53,0.231,258.819,0.0213,0.628
763,14,54,0.627,0.000,0.0211,25.739
763,15,55,0.962,241.181,0.0212,3.873
764,0,41,0.390,0.000,1.9881,102.665
764,1,42,0.832,0.000,4.4634,21.051
764,2,43,0.309,0.000,3.0309,0.629
764,3,44,0.304,0.000,0.0208,1.245
764,4,45,0.207,0.000,0.0214,0.628
764,5,46,0.467,0.000,0.0212,1.244
764,6,47,0.793,0.000,0.0213,0.629
764,7,48,0.306,0.000,0.0211,1.244
764,8,49,0.332,0.000,0.0213,0.628
764,9,50,1.061,0.000,0.0211,1.243
764,10,51,0.278,0.000,0.0212,0.628
764,11,52,0.229,0.000,0.0210,1.243
764,12,53,0.149,258.819,0.0213,0.628
764,13,54,0.409,0.000,0.0211,25.739
764,14,55,0.628,241.181,0.0212,3.873
764,15,56,1.047,207.107,0.0184,23.211
765,0,42,0.550,0.000,4.4634,21.051
765,1,43,0.275,0.000,3.0309,0.629
765,2,44,0.220,0.000,0.0208,1.245
765,3,45,0.193,0.000,0.0214,0.628
765,4,46,0.366,0.000,0.0212,1.244
765,5,47,0.261,0.000,0.0213,0.629
765,6,48,0.931,0.000,0.0211,1.244
765,7,49,0.555,0.000,0.0213,0.628
765,8,50,0.305,0.000,0.0211,1.243
765,9,51,0.635,0.000,0.0212,0.628
765,10,52,0.679,0.000,0.0210,1.243
765,11,53,0.586,258.819,0.0213,0.628
765,12,54,0.734,0.000,0.0211,25.739
765,13,55,1.013,241.181,0.0212,3.873
765,14,56,0.335,207.107,0.0184,23.211
765,15,57,2.296,158.918,0.0203,19.582
766,0,43,0.615,0.000,3.0309,0.629
766,1,44,0.064,0.000,0.0208,1.245
766,2,45,0.440,0.000,0.0214,0.628
766,3,46,0.201,0.000,0.0212,1.244
766,4,47,0.702,0.000,0.0213,0.629
766,5,48,0.157,0.000,0.0211,1.244
766,6,49,0.708,0.000,0.0213,0.628
766,7,50,0.345,0.000,0.0211,1.243
766,8,51,0.333,0.000,0.0212,0.628
766,9,52,0.170,0.000,0.0210,1.243
766,10,53,0.599,258.819,0.0213,0.628
766,11,54,0.447,0.000,0.0211,25.739
766,12,55,0.312,241.181,0.0212,3.873
766,13,56,0.585,207.107,0.0184,23.211
766,14,57,0.766,158.918,0.0203,19.582
766,15,58,0.352,99.901,0.0179,14.896
767,0,44,0.322,0.000,0.0208,1.245
767,1,45,0.266,0.000,0.0214,0.628
767,2,46,0.286,0.000,0.0212,1.244
767,3,47,0.170,0.000,0.0213,0.629
767,4,48,0.365,0.000,0.0211,1.244
767,5,49,0.580,0.000,0.0213,0.628
767,6,50,0.345,0.000,0.0211,1.243
767,7,51,0.130,0.000,0.0212,0.628
767,8,52,0.327,0.000,0.0210,1.243
767,9,53,0.427,258.819,0.0213,0.628
767,10,54,0.159,0.000,0.0211,25.739
767,11,55,0.386,241.181,0.0212,3.873
767,12,56,0.384,207.107,0.0184,23.211
767,13,57,0.127,158.918,0.0203,19.582
767,14,58,0.352,99.901,0.0179,14.896
767,15,59,0.644,34.075,0.0294,9.362
768,0,45,0.732,0.000,0.0214,0.628
768,1,46,0.470,0.000,0.0212,1.244
768,2,47,0.325,0.000,0.0213,0.629
768,3,48,0.335,0.000,0.0211,1.244
768,4,49,0.403,0.000,0.0213,0.628
768,5,50,0.532,0.000,0.0211,1.243
768,6,51,0.201,0.000,0.0212,0.628
768,7,52,0.236,0.000,0.0210,1.243
768,8,53,0.807,258.819,0.0213,0.628
768,9,54,0.449,0.000,0.0211,25.739
768,10,55,1.292,241.181,0.0212,3.873
768,11,56,0.668,207.107,0.0184,23.211
768,12,57,0.882,158.918,0.0203,19.582
768,13,58,0.404,99.901,0.0179,14.896
768,14,59,0.334,34.075,0.0294,9.362
768,15,60,0.218,0.000,0.0286,3.215
769,0,46,0.115,0.000,0.0212,1.244
769,1,47,0.461,0.000,0.0213,0.629
769,2,48,0.438,0.000,0.0211,1.244
769,3,49,0.698,0.000,0.0213,0.628
769,4,50,0.640,0.000,0.0211,1.243
769,5,51,0.493,0.000,0.0212,0.628
769,6,52,0.384,0.000,0.0210,1.243
769,7,53,1.473,258.819,0.0213,0.628
769,8,54,0.239,0.000,0.0211,25.739
769,9,55,1.699,241.181,0.0212,3.873
769,10,56,1.141,207.107,0.0184,23.211
769,11,57,1.203,158.918,0.0203,19.582
769,12,58,0.756,99.901,0.0179,14.896
769,13,59,0.671,34.075,0.0294,9.362
769,14,60,0.351,0.000,0.0286,3.215
769,15,61,0.809,0.000,0.0278,0.620
770,0,47,0.289,0.000,0.0213,0.629
770,1,48,0.431,0.000,0.0211,1.244
770,2,49,0.313,0.000,0.0213,0.628
770,3,50,0.409,0.000,0.0211,1.243
770,4,51,2.089,0.000,0.0212,0.628
770,5,52,0.071,0.000,0.0210,1.243
770,6,53,0.239,258.819,0.0213,0.628
770,7,54,0.327,0.000,0.0211,25.739
770,8,55,0.316,241.181,0.0212,3.873
770,9,56,0.740,207.107,0.0184,23.211
770,10,57,0.325,158.918,0.0203,19.582
770,11,58,0.683,99.901,0.0179,14.896
770,12,59,0.206,34.075,0.0294,9.362
770,13,60,0.236,0.000,0.0286,3.215
770,14,61,0.135,0.000,0.0278,0.620
770,15,62,0.132,0.000,0.0277,1.230
771,0,48,0.342,0.000,0.0211,1.244
771,1,49,0.455,0.000,0.0213,0.628
771,2,50,0.249,0.000,0.0211,1.243
771,3,51,0.316,0.000,0.0212,0.628
771,4,52,0.503,0.000,0.0210,1.243
771,5,53,0.879,258.819,0.0213,0.628
771,6,54,0.323,0.000,0.0211,25.739
771,7,55,0.141,241.181,0.0212,3.873
771,8,56,0.573,207.107,0.0184,23.211
771,9,57,1.027,158.918,0.0203,19.582
771,10,58,0.814,99.901,0.0179,14.896
771,11,59,0.779,34.075,0.0294,9.362
771,12,60,0.243,0.000,0.0286,3.215
771,13,61,0.305,0.000,0.0278,0.620
771,14,62,0.859,0.000,0.0277,1.230
771,15,63,0.249,0.000,0.0275,0.619
772,0,49,0.405,0.000,0.0213,0.628
772,1,50,1.215,0.000,0.0211,1.243
772,2,51,0.664,0.000,0.0212,0.628
772,3,52,0.985,0.000,0.0210,1.243
772,4,53,0.915,258.819,0.0213,0.628
772,5,54,2.576,0.000,0.0211,25.739
772,6,55,1.649,241.181,0.0212,3.873
772,7,56,1.174,207.107,0.0184,23.211
772,8,57,2.116,158.918,0.0203,19.582
772,9,58,1.462,99.901,0.0179,14.896
772,10,59,0.952,34.075,0.0294,9.362
772,11,60,0.273,0.000,0.0286,3.215
772,12,61,0.698,0.000,0.0278,0.620
772,13,62,0.445,0.000,0.0277,1.230
772,14,63,0.801,0.000,0.0275,0.619
772,15,64,0.161,0.000,0.0275,1.229
773,0,50,0.892,0.000,0.0211,1.243
773,1,51,0.129,0.000,0.0212,0.628
773,2,52,0.668,0.000,0.0210,1.243
773,3,53,0.776,258.819,0.0213,0.628
773,4,54,3.345,0.000,0.0211,25.739
773,5,55,2.344,241.181,0.0212,3.873
773,6,56,2.814,207.107,0.0184,23.211
773,7,57,3.150,158.918,0.0203,19.582
773,8,58,2.133,99.901,0.0179,14.896
773,9,59,0.867,34.075,0.0294,9.362
773,10,60,0.473,0.000,0.0286,3.215
773,11,61,0.329,0.000,0.0278,0.620
773,12,62,0.277,0.000,0.0277,1.230
773,13,63,0.123,0.000,0.0275,0.619
773,14,64,0.228,0.000,0.0275,1.229
773,15,65,0.465,0.000,0.0277,0.620
774,0,51,0.468,0.000,0.0212,0.628
774,1,52,0.749,0.000,0.0210,1.243
774,2,53,1.180,258.819,0.0213,0.628
774,3,54,0.887,0.000,0.0211,25.739
774,4,55,0.820,241.181,0.0212,3.873
774,5,56,0.493,207.107,0.0184,23.211
774,6,57,0.749,158.918,0.0203,19.582
774,7,58,0.266,99.901,0.0179,14.896
774,8,59,1.147,34.075,0.0294,9.362
774,9,60,0.518,0.000,0.0286,3.215
774,10,61,1.171,0.000,0.0278,0.620
774,11,62,0.865,0.000,0.0277,1.230
774,12,63,0.799,0.000,0.0275,0.619
774,13,64,0.256,0.000,0.0275,1.229
774,14,65,0.969,0.000,0.0277,0.620
774,15,66,8.188,0.000,0.0277,1.230
775,0,52,0.378,0.000,0.0210,1.243
775,1,53,0.747,258.819,0.0213,0.628
775,2,54,1.062,0.000,0.0211,25.739
775,3,55,0.402,241.181,0.0212,3.873
775,4,56,0.253,207.107,0.0184,23.211
775,5,57,0.342,158.918,0.0203,19.582
775,6,58,0.414,99.901,0.0179,14.896
775,7,59,0.355,34.075,0.0294,9.362
775,8,60,0.315,0.000,0.0286,3.215
775,9,61,0.254,0.000,0.0278,0.620
775,10,62,0.428,0.000,0.0277,1.230
775,11,63,1.010,0.000,0.0275,0.619
775,12,64,0.548,0.000,0.0275,1.229
775,13,65,0.386,0.000,0.0277,0.620
775,14,66,0.175,0.000,0.0277,1.230
775,15,67,0.603,0.000,0.0275,0.619
776,0,53,1.328,258.819,0.0213,0.628
776,1,54,2.238,0.000,0.0211,25.739
776,2,55,1.537,241.181,0.0212,3.873
776,3,56,1.171,207.107,0.0184,23.211
776,4,57,1.844,158.918,0.0203,19.582
776,5,58,1.193,99.901,0.0179,14.896
776,6,59,0.568,34.075,0.0294,9.362
776,7,60,0.049,0.000,0.0286,3.215
776,8,61,0.300,0.000,0.0278,0.620
776,9,62,0.383,0.000,0.0277,1.230
776,10,63,0.494,0.000,0.0275,0.619
776,11,64,0.359,0.000,0.0275,1.229
776,12,65,0.453,0.000,0.0277,0.620
776,13,66,0.338,0.000,0.0277,1.230
776,14,67,3.725,0.000,0.0275,0.619
776,15,68,2.275,0.000,0.0274,1.229
777,0,54,0.261,0.000,0.0211,25.739
777,1,55,1.166,241.181,0.0212,3.873
777,2,56,1.147,207.107,0.0184,23.211
777,3,57,0.896,158.918,0.0203,19.582
777,4,58,0.984,99.901,0.0179,14.896
777,5,59,0.801,34.075,0.0294,9.362
777,6,60,0.551,0.000,0.0286,3.215
777,7,61,0.357,0.000,0.0278,0.620
777,8,62,0.298,0.000,0.0277,1.230
777,9,63,0.464,0.000,0.0275,0.619
777,10,64,0.104,0.000,0.0275,1.229
777,11,65,0.902,0.000,0.0277,0.620
777,12,66,0.508,0.000,0.0277,1.230
777,13,67,0.515,0.000,0.0275,0.619
777,14,68,0.550,0.000,0.0274,1.229
777,15,69,0.255,0.000,0.0276,0.619
778,0,55,1.966,241.181,0.0212,3.873
778,1,56,2.555,207.107,0.0184,23.211
778,2,57,2.410,158.918,0.0203,19.582
778,3,58,1.711,99.901,0.0179,14.896
778,4,59,1.331,34.075,0.0294,9.362
778,5,60,0.779,0.000,0.0286,3.215
778,6,61,0.199,0.000,0.0278,0.620
778,7,62,0.756,0.000,0.0277,1.230
778,8,63,0.789,0.000,0.0275,0.619
778,9,64,0.440,0.000,0.0275,1.229
778,10,65,1.799,0.000,0.0277,0.620
778,11,66,0.393,0.000,0.0277,1.230
778,12,67,0.658,0.000,0.0275,0.619
778,13,68,0.405,0.000,0.0274,1.229
778,14,69,0.579,0.000,0.0276,0.619
778,15,70,0.645,0.000,0.0275,1.229
779,0,56,0.425,207.107,0.0184,23.211
779,1,57,1.451,158.918,0.0203,19.582
779,2,58,0.436,99.901,0.0179,14.896
779,3,59,0.586,34.075,0.0294,9.362
779,4,60,0.334,0.000,0.0286,3.215
779,5,61,0.466,0.000,0.0278,0.620
779,6,62,1.487,0.000,0.0277,1.230
779,7,63,0.489,0.000,0.0275,0.619
779,8,64,0.733,0.000,0.0275,1.229
779,9,65,0.537,0.000,0.0277,0.620
779,10,66,0.313,0.000,0.0277,1.230
779,11,67,0.703,0.000,0.0275,0.619
779,12,68,0.317,0.000,0.0274,1.229
779,13,69,0.406,0.000,0.0276,0.619
779,14,70,1.220,0.000,0.0275,1.229
779,15,71,0.781,0.000,0.0275,0.619
780,0,57,0.430,158.918,0.0203,19.582
780,1,58,0.344,99.901,0.0179,14.896
780,2,59,0.300,34.075,0.0294,9.362
780,3,60,0.554,0.000,0.0286,3.215
780,4,61,0.420,0.000,0.0278,0.620
780,5,62,0.333,0.000,0.0277,1.230
780,6,63,0.564,0.000,0.0275,0.619
780,7,64,0.539,0.000,0.0275,1.229
780,8,65,0.462,0.000,0.0277,0.620
780,9,66,0.586,0.000,0.0277,1.230
780,10,67,0.330,0.000,0.0275,0.619
780,11,68,0.264,0.000,0.0274,1.229
780,12,69,0.481,0.000,0.0276,0.619
780,13,70,0.883,0.000,0.0275,1.229
780,14,71,1.172,0.000,0.0275,0.619
780,15,72,0.903,0.000,0.0275,1.229
781,0,58,0.182,99.901,0.0179,14.896
781,1,59,0.463,34.075,0.0294,9.362
781,2,60,0.290,0.000,0.0286,3.215
781,3,61,0.473,0.000,0.0278,0.620
781,4,62,0.394,0.000,0.0277,1.230
781,5,63,0.358,0.000,0.0275,0.619
781,6,64,0.349,0.000,0.0275,1.229
781,7,65,0.325,0.000,0.0277,0.620
781,8,66,0.223,0.000,0.0277,1.230
781,9,67,0.206,0.000,0.0275,0.619
781,10,68,0.164,0.000,0.0274,1.229
781,11,69,0.247,0.000,0.0276,0.619
781,12,70,0.219,0.000,0.0275,1.229
781,13,71,0.439,0.000,0.0275,0.619
781,14,72,0.394,0.000,0.0275,1.229
781,15,73,0.523,0.000,0.0275,0.620
782,0,59,0.306,34.075,0.0294,9.362
782,1,60,0.618,0.000,0.0286,3.215
782,2,61,1.316,0.000,0.0278,0.620
782,3,62,0.618,0.000,0.0277,1.230
782,4,63,0.557,0.000,0.0275,0.619
782,5,64,0.679,0.000,0.0275,1.229
782,6,65,0.426,0.000,0.0277,0.620
782,7,66,0.464,0.000,0.0277,1.230
782,8,67,0.746,0.000,0.0275,0.619
782,9,68,0.508,0.000,0.0274,1.229
782,10,69,0.403,0.000,0.0276,0.619
782,11,70,0.219,0.000,0.0275,1.229
782,12,71,0.334,0.000,0.0275,0.619
782,13,72,3.350,0.000,0.0275,1.229
782,14,73,1.533,0.000,0.0275,0.620
782,15,74,0.523,0.000,0.0276,1.229
783,0,60,0.295,0.000,0.0286,3.215
783,1,61,0.559,0.000,0.0278,0.620
783,2,62,0.513,0.000,0.0277,1.230
783,3,63,0.454,0.000,0.0275,0.619
783,4,64,0.361,0.000,0.0275,1.229
783,5,65,0.401,0.000,0.0277,0.620
783,6,66,0.099,0.000,0.0277,1.230
783,7,67,0.294,0.000,0.0275,0.619
783,8,68,0.172,0.000,0.0274,1.229
783,9,69,0.279,0.000,0.0276,0.619
783,10,70,0.325,0.000,0.0275,1.229
783,11,71,0.356,0.000,0.0275,0.619
783,12,72,0.703,0.000,0.0275,1.229
783,13,73,0.186,0.000,0.0275,0.620
783,14,74,0.223,0.000,0.0276,1.229
783,15,75,0.229,0.000,0.0276,0.620
784,0,61,0.470,0.000,0.0278,0.620
784,1,62,0.107,0.000,0.0277,1.230
784,2,63,0.628,0.000,0.0275,0.619
784,3,64,0.448,0.000,0.0275,1.229
784,4,65,0.354,0.000,0.0277,0.620
784,5,66,0.356,0.000,0.0277,1.230
784,6,67,0.544,0.000,0.0275,0.619
784,7,68,0.218,0.000,0.0274,1.229
784,8,69,0.616,0.000,0.0276,0.619
784,9,70,0.161,0.000,0.0275,1.229
784,10,71,0.588,0.000,0.0275,0.619
784,11,72,0.278,0.000,0.0275,1.229
784,12,73,0.634,0.000,0.0275,0.620
784,13,74,0.144,0.000,0.0276,1.229
784,14,75,0.455,0.000,0.0276,0.620
784,15,76,0.271,0.000,0.0277,0.614
785,0,62,0.701,0.000,0.0277,1.230
785,1,63,0.167,0.000,0.0275,0.619
785,2,64,0.432,0.000,0.0275,1.229
785,3,65,0.418,0.000,0.0277,0.620
785,4,66,0.404,0.000,0.0277,1.230
785,5,67,0.722,0.000,0.0275,0.619
785,6,68,0.308,0.000,0.0274,1.229
785,7,69,0.385,0.000,0.0276,0.619
785,8,70,0.258,0.000,0.0275,1.229
785,9,71,0.696,0.000,0.0275,0.619
785,10,72,0.320,0.000,0.0275,1.229
785,11,73,0.561,0.000,0.0275,0.620
785,12,74,0.145,0.000,0.0276,1.229
785,13,75,0.412,0.000,0.0276,0.620
785,14,76,0.368,0.000,0.0277,0.614
785,15,77,0.418,1000.000,0.0110,0.613
786,0,63,0.210,0.000,0.0275,0.619
786,1,64,0.611,0.000,0.0275,1.229
786,2,65,0.494,0.000,0.0277,0.620
786,3,66,0.214,0.000,0.0277,1.230
786,4,67,0.486,0.000,0.0275,0.619
786,5,68,0.553,0.000,0.0274,1.229
786,6,69,0.622,0.000,0.0276,0.619
786,7,70,0.172,0.000,0.0275,1.229
786,8,71,0.396,0.000,0.0275,0.619
786,9,72,0.931,0.000,0.0275,1.229
786,10,73,0.463,0.000,0.0275,0.620
786,11,74,0.489,0.000,0.0276,1.229
786,12,75,0.475,0.000,0.0276,0.620
786,13,76,1.043,0.000,0.0277,0.614
786,14,77,2.255,1000.000,0.0110,0.613
786,15,78,1.074,18.794,0.0109,1.879
787,0,64,4.510,0.000,0.0275,1.229
787,1,65,0.763,0.000,0.0277,0.620
787,2,66,0.536,0.000,0.0277,1.230
787,3,67,1.405,0.000,0.0275,0.619
787,4,68,0.268,0.000,0.0274,1.229
787,5,69,0.653,0.000,0.0276,0.619
787,6,70,0.298,0.000,0.0275,1.229
787,7,71,0.323,0.000,0.0275,0.619
787,8,72,0.646,0.000,0.0275,1.229
787,9,73,0.975,0.000,0.0275,0.620
787,10,74,1.118,0.000,0.0276,1.229
787,11,75,1.092,0.000,0.0276,0.620
787,12,76,1.129,0.000,0.0277,0.614
787,13,77,2.536,1000.000,0.0110,0.613
787,14,78,0.930,18.794,0.0109,1.879
788,0,65,0.428,0.000,0.0277,0.620
788,1,66,0.308,0.000,0.0277,1.230
788,2,67,0.387,0.000,0.0275,0.619
788,3,68,0.752,0.000,0.0274,1.229
788,4,69,0.487,0.000,0.0276,0.619
788,5,70,0.571,0.000,0.0275,1.229
788,6,71,0.512,0.000,0.0275,0.619
788,7,72,0.672,0.000,0.0275,1.229
788,8,73,0.793,0.000,0.0275,0.620
788,9,74,0.429,0.000,0.0276,1.229
788,10,75,0.322,0.000,0.0276,0.620
788,11,76,0.287,0.000,0.0277,0.614
788,12,77,0.640,1000.000,0.0110,0.613
788,13,78,0.391,18.794,0.0109,1.879
789,0,66,0.183,0.000,0.0277,1.230
789,1,67,0.571,0.000,0.0275,0.619
789,2,68,0.341,0.000,0.0274,1.229
789,3,69,0.208,0.000,0.0276,0.619
789,4,70,0.337,0.000,0.0275,1.229
789,5,71,0.350,0.000,0.0275,0.619
789,6,72,0.160,0.000,0.0275,1.229
789,7,73,0.187,0.000,0.0275,0.620
789,8,74,0.679,0.000,0.0276,1.229
789,9,75,0.924,0.000,0.0276,0.620
789,10,76,0.409,0.000,0.0277,0.614
789,11,77,0.588,1000.000,0.0110,0.613
789,12,78,0.997,18.794,0.0109,1.879
790,0,67,0.571,0.000,0.0275,0.619
790,1,68,0.269,0.000,0.0274,1.229
790,2,69,0.778,0.000,0.0276,0.619
790,3,70,0.364,0.000,0.0275,1.229
790,4,71,0.395,0.000,0.0275,0.619
790,5,72,0.483,0.000,0.0275,1.229
790,6,73,0.569,0.000,0.0275,0.620
790,7,74,0.197,0.000,0.0276,1.229
790,8,75,0.363,0.000,0.0276,0.620
790,9,76,0.337,0.000,0.0277,0.614
790,10,77,0.755,1000.000,0.0110,0.613
790,11,78,0.783,18.794,0.0109,1.879
791,0,68,0.513,0.000,0.0274,1.229
791,1,69,0.717,0.000,0.0276,0.619
791,2,70,0.528,0.000,0.0275,1.229
791,3,71,1.264,0.000,0.0275,0.619
791,4,72,1.029,0.000,0.0275,1.229
791,5,73,0.673,0.000,0.0275,0.620
791,6,74,1.001,0.000,0.0276,1.229
791,7,75,1.062,0.000,0.0276,0.620
791,8,76,1.129,0.000,0.0277,0.614
791,9,77,91.634,1000.000,0.0110,0.613
791,10,78,3.606,18.794,0.0109,1.879
792,0,69,0.499,0.000,0.0276,0.619
792,1,70,0.488,0.000,0.0275,1.229
792,2,71,0.758,0.000,0.0275,0.619
792,3,72,0.435,0.000,0.0275,1.229
792,4,73,0.591,0.000,0.0275,0.620
792,5,74,1.037,0.000,0.0276,1.229
792,6,75,0.961,0.000,0.0276,0.620
792,7,76,2.268,0.000,0.0277,0.614
792,8,77,0.584,1000.000,0.0110,0.613
792,9,78,0.966,18.794,0.0109,1.879
793,0,70,1.275,0.000,0.0275,1.229
793,1,71,0.204,0.000,0.0275,0.619
793,2,72,0.548,0.000,0.0275,1.229
793,3,73,1.007,0.000,0.0275,0.620
793,4,74,1.255,0.000,0.0276,1.229
793,5,75,0.497,0.000,0.0276,0.620
793,6,76,0.674,0.000,0.0277,0.614
793,7,77,2.517,1000.000,0.0110,0.613
793,8,78,1.139,18.794,0.0109,1.879
794,0,71,2.332,0.000,0.0275,0.619
794,1,72,3.630,0.000,0.0275,1.229
794,2,73,1.846,0.000,0.0275,0.620
794,3,74,1.236,0.000,0.0276,1.229
794,4,75,1.352,0.000,0.0276,0.620
794,5,76,1.551,0.000,0.0277,0.614
794,6,77,1.850,1000.000,0.0110,0.613
794,7,78,1.677,18.794,0.0109,1.879
795,0,72,1.284,0.000,0.0275,1.229
795,1,73,1.500,0.000,0.0275,0.620
795,2,74,1.576,0.000,0.0276,1.229
795,3,75,1.983,0.000,0.0276,0.620
795,4,76,0.644,0.000,0.0277,0.614
795,5,77,2.849,1000.000,0.0110,0.613
795,6,78,31.229,18.794,0.0109,1.879
796,0,73,0.833,0.000,0.0275,0.620
796,1,74,0.481,0.000,0.0276,1.229
796,2,75,0.562,0.000,0.0276,0.620
796,3,76,0.886,0.000,0.0277,0.614
796,4,77,1.346,1000.000,0.0110,0.613
796,5,78,1.897,18.794,0.0109,1.879
797,0,74,1.312,0.000,0.0276,1.229
797,1,75,0.394,0.000,0.0276,0.620
797,2,76,1.512,0.000,0.0277,0.614
797,3,77,1.038,1000.000,0.0110,0.613
797,4,78,99.368,18.794,0.0109,1.879
798,0,75,2.860,0.000,0.0276,0.620
798,1,76,2.945,0.000,0.0277,0.614
798,2,77,2.942,1000.000,0.0110,0.613
798,3,78,95.147,18.794,0.0109,1.879
799,0,76,4.811,0.000,0.0277,0.614
799,1,77,0.579,1000.000,0.0110,0.613
799,2,78,1.587,18.794,0.0109,1.879
800,0,77,1.175,1000.000,0.0110,0.613
800,1,78,1.026,18.794,0.0109,1.879
801,0,78,1.752,18.794,0.0109,1.879
803,0,0,0.558,1000.000,0.0105,1.488
803,1,1,0.390,37.835,0.0104,3.784
803,2,2,0.555,37.885,2.7148,3.788
803,3,3,0.849,1595.698,0.0136,159.570
803,4,4,0.754,1494.650,6.3739,149.465
803,5,5,0.919,954.423,4.4876,95.442
803,6,6,1.748,486.318,2.4004,48.632
803,7,7,1.131,0.018,0.0297,0.002
803,8,8,0.507,0.000,0.0304,0.000
803,9,9,0.822,0.000,0.0304,0.000
803,10,10,0.804,0.000,0.0304,0.000
803,11,11,0.462,0.000,0.0304,0.000
803,12,12,0.505,0.000,0.0304,0.000
803,13,13,0.231,0.000,0.0304,0.000
803,14,14,0.775,0.000,0.0304,0.000
803,15,15,0.291,0.000,0.0304,0.000
804,0,1,99.781,37.835,0.0104,3.784
804,1,2,3.559,37.885,2.7148,3.788
804,2,3,3.298,1595.698,0.0136,159.570
804,3,4,157.477,1494.650,6.3739,149.465
804,4,5,137.685,954.423,4.4876,95.442
804,5,6,44.270,486.318,2.4004,48.632
804,6,7,45.546,0.018,0.0297,0.002
804,7,8,0.304,0.000,0.0304,0.000
804,8,9,0.410,0.000,0.0304,0.000
804,9,10,0.579,0.000,0.0304,0.000
804,10,11,0.504,0.000,0.0304,0.000
804,11,12,0.262,0.000,0.0304,0.000
804,12,13,0.417,0.000,0.0304,0.000
804,13,14,0.278,0.000,0.0304,0.000
804,14,15,0.486,0.000,0.0304,0.000
804,15,16,1.168,3806.019,0.0304,0.000
805,0,2,0.516,37.885,2.7148,3.788
805,1,3,0.376,1595.698,0.0136,159.570
805,2,4,1.965,1494.650,6.3739,149.465
805,3,5,1.645,954.423,4.4876,95.442
805,4,6,1.319,486.318,2.4004,48.632
805,5,7,0.885,0.018,0.0297,0.002
805,6,8,0.275,0.000,0.0304,0.000
805,7,9,0.367,0.000,0.0304,0.000
805,8,10,0.385,0.000,0.0304,0.000
805,9,11,1.092,0.000,0.0304,0.000
805,10,12,1.654,0.000,0.0304,0.000
805,11,13,0.421,0.000,0.0304,0.000
805,12,14,1.622,0.000,0.0304,0.000
805,13,15,1.113,0.000,0.0304,0.000
805,14,16,1.524,3806.019,0.0304,0.000
805,15,17,2.111,0.000,0.0304,380.602
806,0,3,0.221,1595.698,0.0136,159.570
806,1,4,1.729,1494.650,6.3739,149.465
806,2,5,1.777,954.423,4.4876,95.442
806,3,6,5.354,486.318,2.4004,48.632
806,4,7,0.896,0.018,0.0297,0.002
806,5,8,0.387,0.000,0.0304,0.000
806,6,9,0.984,0.000,0.0304,0.000
806,7,10,1.118,0.000,0.0304,0.000
806,8,11,0.448,0.000,0.0304,0.000
806,9,12,1.136,0.000,0.0304,0.000
806,10,13,1.114,0.000,0.0304,0.000
806,11,14,1.573,0.000,0.0304,0.000
806,12,15,1.759,0.000,0.0304,0.000
806,13,16,2.635,3806.019,0.0304,0.000
806,14,17,1.884,0.000,0.0304,380.602
806,15,18,0.677,0.000,0.0304,201.317
807,0,4,0.612,1494.650,6.3739,149.465
807,1,5,1.027,954.423,4.4876,95.442
807,2,6,4.906,486.318,2.4004,48.632
807,3,7,1.111,0.018,0.0297,0.002
807,4,8,1.043,0.000,0.0304,0.000
807,5,9,0.785,0.000,0.0304,0.000
807,6,10,0.443,0.000,0.0304,0.000
807,7,11,0.501,0.000,0.0304,0.000
807,8,12,0.658,0.000,0.0304,0.000
807,9,13,1.613,0.000,0.0304,0.000
807,10,14,1.249,0.000,0.0304,0.000
807,11,15,1.850,0.000,0.0304,0.000
807,12,16,0.795,3806.019,0.0304,0.000
807,13,17,0.438,0.000,0.0304,380.602
807,14,18,1.466,0.000,0.0304,201.317
807,15,19,0.878,0.000,5.7607,76.422
808,0,5,2.153,954.423,4.4876,95.442
808,1,6,1.998,486.318,2.4004,48.632
808,2,7,1.255,0.018,0.0297,0.002
808,3,8,1.588,0.000,0.0304,0.000
808,4,9,2.150,0.000,0.0304,0.000
808,5,10,0.528,0.000,0.0304,0.000
808,6,11,2.511,0.000,0.0304,0.000
808,7,12,1.082,0.000,0.0304,0.000
808,8,13,0.888,0.000,0.0304,0.000
808,9,14,0.614,0.000,0.0304,0.000
808,10,15,1.381,0.000,0.0304,0.000
808,11,16,1.578,3806.019,0.0304,0.000
808,12,17,1.687,0.000,0.0304,380.602
808,13,18,0.893,0.000,0.0304,201.317
808,14,19,1.631,0.000,5.7607,76.422
808,15,20,0.355,258.819,3.6098,0.977
809,0,6,2.918,486.318,2.4004,48.632
809,1,7,1.327,0.018,0.0297,0.002
809,2,8,0.631,0.000,0.0304,0.000
809,3,9,1.379,0.000,0.0304,0.000
809,4,10,0.750,0.000,0.0304,0.000
809,5,11,0.963,0.000,0.0304,0.000
809,6,12,0.812,0.000,0.0304,0.000
809,7,13,4.506,0.000,0.0304,0.000
809,8,14,1.167,0.000,0.0304,0.000
809,9,15,1.126,0.000,0.0304,0.000
809,10,16,1.045,3806.019,0.0304,0.000
809,11,17,0.758,0.000,0.0304,380.602
809,12,18,0.257,0.000,0.0304,201.317
809,13,19,1.101,0.000,5.7607,76.422
809,14,20,1.738,258.819,3.6098,0.977
809,15,21,1.269,0.000,0.3237,26.396
810,0,7,0.577,0.018,0.0297,0.002
810,1,8,1.049,0.000,0.0304,0.000
810,2,9,0.665,0.000,0.0304,0.000
810,3,10,0.676,0.000,0.0304,0.000
810,4,11,0.398,0.000,0.0304,0.000
810,5,12,0.809,0.000,0.0304,0.000
810,6,13,1.316,0.000,0.0304,0.000
810,7,14,0.617,0.000,0.0304,0.000
810,8,15,1.111,0.000,0.0304,0.000
810,9,16,1.338,3806.019,0.0304,0.000
810,10,17,0.162,0.000,0.0304,380.602
810,11,18,0.194,0.000,0.0304,201.317
810,12,19,0.211,0.000,5.7607,76.422
810,13,20,0.169,258.819,3.6098,0.977
810,14,21,0.261,0.000,0.3237,26.396
810,15,22,0.554,241.181,0.0140,2.602
811,0,8,0.951,0.000,0.0304,0.000
811,1,9,1.546,0.000,0.0304,0.000
811,2,10,0.462,0.000,0.0304,0.000
811,3,11,0.652,0.000,0.0304,0.000
811,4,12,1.080,0.000,0.0304,0.000
811,5,13,0.744,0.000,0.0304,0.000
811,6,14,0.336,0.000,0.0304,0.000
811,7,15,0.479,0.000,0.0304,0.000
811,8,16,1.405,3806.019,0.0304,0.000
811,9,17,0.195,0.000,0.0304,380.602
811,10,18,0.379,0.000,0.0304,201.317
811,11,19,0.417,0.000,5.7607,76.422
811,12,20,0.054,258.819,3.6098,0.977
811,13,21,0.838,0.000,0.3237,26.396
811,14,22,0.977,241.181,0.0140,2.602
811,15,23,0.296,0.000,0.0135,23.900
812,0,9,0.212,0.000,0.0304,0.000
812,1,10,0.764,0.000,0.0304,0.000
812,2,11,0.348,0.000,0.0304,0.000
812,3,12,0.732,0.000,0.0304,0.000
812,4,13,0.768,0.000,0.0304,0.000
812,5,14,0.926,0.000,0.0304,0.000
812,6,15,0.599,0.000,0.0304,0.000
812,7,16,0.486,3806.019,0.0304,0.000
812,8,17,0.602,0.000,0.0304,380.602
812,9,18,0.242,0.000,0.0304,201.317
812,10,19,0.565,0.000,5.7607,76.422
812,11,20,0.530,258.819,3.6098,0.977
812,12,21,0.554,0.000,0.3237,26.396
812,13,22,0.748,241.181,0.0140,2.602
812,14,23,0.679,0.000,0.0135,23.900
812,15,24,0.292,207.107,0.0135,3.324
813,0,10,1.359,0.000,0.0304,0.000
813,1,11,0.292,0.000,0.0304,0.000
813,2,12,1.090,0.000,0.0304,0.000
813,3,13,0.350,0.000,0.0304,0.000
813,4,14,1.813,0.000,0.0304,0.000
813,5,15,2.166,0.000,0.0304,0.000
813,6,16,1.497,3806.019,0.0304,0.000
813,7,17,0.364,0.000,0.0304,380.602
813,8,18,1.506,0.000,0.0304,201.317
813,9,19,0.843,0.000,5.7607,76.422
813,10,20,0.632,258.819,3.6098,0.977
813,11,21,0.331,0.000,0.3237,26.396
813,12,22,0.589,241.181,0.0140,2.602
813,13,23,0.975,0.000,0.0135,23.900
813,14,24,1.117,207.107,0.0135,3.324
813,15,25,1.316,158.919,0.0128,20.206
814,0,11,0.358,0.000,0.0304,0.000
814,1,12,0.474,0.000,0.0304,0.000
814,2,13,0.284,0.000,0.0304,0.000
814,3,14,0.641,0.000,0.0304,0.000
814,4,15,0.576,0.000,0.0304,0.000
814,5,16,1.738,3806.019,0.0304,0.000
814,6,17,0.842,0.000,0.0304,380.602
814,7,18,0.478,0.000,0.0304,201.317
814,8,19,0.627,0.000,5.7607,76.422
814,9,20,0.501,258.819,3.6098,0.977
814,10,21,0.451,0.000,0.3237,26.396
814,11,22,0.109,241.181,0.0140,2.602
814,12,23,0.329,0.000,0.0135,23.900
814,13,24,0.187,207.107,0.0135,3.324
814,14,25,0.366,158.919,0.0128,20.206
814,15,26,0.156,99.900,0.0128,15.358
815,0,12,0.382,0.000,0.0304,0.000
815,1,13,1.389,0.000,0.0304,0.000
815,2,14,1.258,0.000,0.0304,0.000
815,3,15,0.850,0.000,0.0304,0.000
815,4,16,0.419,3806.019,0.0304,0.000
815,5,17,382.292,0.000,0.0304,380.602
815,6,18,0.178,0.000,0.0304,201.317
815,7,19,0.487,0.000,5.7607,76.422
815,8,20,0.162,258.819,3.6098,0.977
815,9,21,25.983,0.000,0.3237,26.396
815,10,22,1.733,241.181,0.0140,2.602
815,11,23,23.778,0.000,0.0135,23.900
815,12,24,0.401,207.107,0.0135,3.324
815,13,25,20.150,158.919,0.0128,20.206
815,14,26,15.418,99.900,0.0128,15.358
815,15,27,9.381,34.075,0.0122,9.608
816,0,13,0.779,0.000,0.0304,0.000
816,1,14,1.105,0.000,0.0304,0.000
816,2,15,0.810,0.000,0.0304,0.000
816,3,16,1.276,3806.019,0.0304,0.000
816,4,17,0.809,0.000,0.0304,380.602
816,5,18,0.468,0.000,0.0304,201.317
816,6,19,1.180,0.000,5.7607,76.422
816,7,20,1.386,258.819,3.6098,0.977
816,8,21,1.417,0.000,0.3237,26.396
816,9,22,0.840,241.181,0.0140,2.602
816,10,23,0.896,0.000,0.0135,23.900
816,11,24,0.837,207.107,0.0135,3.324
816,12,25,0.615,158.919,0.0128,20.206
816,13,26,1.078,99.900,0.0128,15.358
816,14,27,0.685,34.075,0.0122,9.608
816,15,28,0.649,0.000,0.0117,3.239
817,0,14,0.607,0.000,0.0304,0.000
817,1,15,0.763,0.000,0.0304,0.000
817,2,16,0.508,3806.019,0.0304,0.000
817,3,17,379.483,0.000,0.0304,380.602
817,4,18,0.612,0.000,0.0304,201.317
817,5,19,0.584,0.000,5.7607,76.422
817,6,20,1.688,258.819,3.6098,0.977
817,7,21,25.786,0.000,0.3237,26.396
817,8,22,0.098,241.181,0.0140,2.602
817,9,23,23.560,0.000,0.0135,23.900
817,10,24,0.288,207.107,0.0135,3.324
817,11,25,20.507,158.919,0.0128,20.206
817,12,26,16.131,99.900,0.0128,15.358
817,13,27,9.654,34.075,0.0122,9.608
817,14,28,3.392,0.000,0.0117,3.239
817,15,29,0.627,0.000,0.0114,3.171
818,0,15,1.043,0.000,0.0304,0.000
818,1,16,1.468,3806.019,0.0304,0.000
818,2,17,1.527,0.000,0.0304,380.602
818,3,18,1.130,0.000,0.0304,201.317
818,4,19,0.965,0.000,5.7607,76.422
818,5,20,0.962,258.819,3.6098,0.977
818,6,21,0.578,0.000,0.3237,26.396
818,7,22,0.496,241.181,0.0140,2.602
818,8,23,0.745,0.000,0.0135,23.900
818,9,24,0.792,207.107,0.0135,3.324
818,10,25,0.352,158.919,0.0128,20.206
818,11,26,0.789,99.900,0.0128,15.358
818,12,27,0.750,34.075,0.0122,9.608
818,13,28,0.492,0.000,0.0117,3.239
818,14,29,0.509,0.000,0.0114,3.171
818,15,30,0.190,0.000,0.0529,3.295
819,0,16,2.333,3806.019,0.0304,0.000
819,1,17,0.955,0.000,0.0304,380.602
819,2,18,1.021,0.000,0.0304,201.317
819,3,19,0.804,0.000,5.7607,76.422
819,4,20,0.252,258.819,3.6098,0.977
819,5,21,0.224,0.000,0.3237,26.396
819,6,22,0.430,241.181,0.0140,2.602
819,7,23,0.187,0.000,0.0135,23.900
819,8,24,0.280,207.107,0.0135,3.324
819,9,25,0.802,158.919,0.0128,20.206
819,10,26,0.442,99.900,0.0128,15.358
819,11,27,0.388,34.075,0.0122,9.608
819,12,28,0.265,0.000,0.0117,3.239
819,13,29,0.766,0.000,0.0114,3.171
819,14,30,0.314,0.000,0.0529,3.295
819,15,31,0.394,0.000,0.0210,3.232
820,0,17,0.483,0.000,0.0304,380.602
820,1,18,0.673,0.000,0.0304,201.317
820,2,19,0.521,0.000,5.7607,76.422
820,3,20,0.546,258.819,3.6098,0.977
820,4,21,0.745,0.000,0.3237,26.396
820,5,22,0.622,241.181,0.0140,2.602
820,6,23,0.801,0.000,0.0135,23.900
820,7,24,0.269,207.107,0.0135,3.324
820,8,25,0.310,158.919,0.0128,20.206
820,9,26,0.771,99.900,0.0128,15.358
820,10,27,0.920,34.075,0.0122,9.608
820,11,28,0.715,0.000,0.0117,3.239
820,12,29,0.631,0.000,0.0114,3.171
820,13,30,0.669,0.000,0.0529,3.295
820,14,31,0.140,0.000,0.0210,3.232
820,15,32,0.597,0.000,0.0209,3.384
821,0,18,0.824,0.000,0.0304,201.317
821,1,19,0.451,0.000,5.7607,76.422
821,2,20,0.507,258.819,3.6098,0.977
821,3,21,1.734,0.000,0.3237,26.396
821,4,22,0.436,241.181,0.0140,2.602
821,5,23,1.156,0.000,0.0135,23.900
821,6,24,0.946,207.107,0.0135,3.324
821,7,25,1.172,158.919,0.0128,20.206
821,8,26,1.039,99.900,0.0128,15.358
821,9,27,0.596,34.075,0.0122,9.608
821,10,28,0.758,0.000,0.0117,3.239
821,11,29,1.664,0.000,0.0114,3.171
821,12,30,0.038,0.000,0.0529,3.295
821,13,31,0.416,0.000,0.0210,3.232
821,14,32,0.247,0.000,0.0209,3.384
821,15,33,0.109,0.000,0.0215,3.232
822,0,19,0.645,0.000,5.7607,76.422
822,1,20,0.335,258.819,3.6098,0.977
822,2,21,0.299,0.000,0.3237,26.396
822,3,22,0.374,241.181,0.0140,2.602
822,4,23,0.876,0.000,0.0135,23.900
822,5,24,0.447,207.107,0.0135,3.324
822,6,25,1.006,158.919,0.0128,20.206
822,7,26,1.134,99.900,0.0128,15.358
822,8,27,0.366,34.075,0.0122,9.608
822,9,28,1.200,0.000,0.0117,3.239
822,10,29,0.524,0.000,0.0114,3.171
822,11,30,1.325,0.000,0.0529,3.295
822,12,31,0.389,0.000,0.0210,3.232
822,13,32,0.619,0.000,0.0209,3.384
822,14,33,1.451,0.000,0.0215,3.232
822,15,34,0.541,0.000,0.0209,3.384
823,0,20,0.252,258.819,3.6098,0.977
823,1,21,0.532,0.000,0.3237,26.396
823,2,22,1.278,241.181,0.0140,2.602
823,3,23,0.460,0.000,0.0135,23.900
823,4,24,0.929,207.107,0.0135,3.324
823,5,25,0.531,158.919,0.0128,20.206
823,6,26,0.352,99.900,0.0128,15.358
823,7,27,0.615,34.075,0.0122,9.608
823,8,28,0.136,0.000,0.0117,3.239
823,9,29,0.277,0.000,0.0114,3.171
823,10,30,0.508,0.000,0.0529,3.295
823,11,31,0.723,0.000,0.0210,3.232
823,12,32,0.256,0.000,0.0209,3.384
823,13,33,0.573,0.000,0.0215,3.232
823,14,34,0.282,0.000,0.0209,3.384
823,15,35,1.001,0.000,0.0213,3.232
824,0,21,0.484,0.000,0.3237,26.396
824,1,22,0.356,241.181,0.0140,2.602
824,2,23,0.577,0.000,0.0135,23.900
824,3,24,0.319,207.107,0.0135,3.324
824,4,25,0.468,158.919,0.0128,20.206
824,5,26,0.843,99.900,0.0128,15.358
824,6,27,0.345,34.075,0.0122,9.608
824,7,28,0.273,0.000,0.0117,3.239
824,8,29,0.281,0.000,0.0114,3.171
824,9,30,0.209,0.000,0.0529,3.295
824,10,31,0.529,0.000,0.0210,3.232
824,11,32,0.329,0.000,0.0209,3.384
824,12,33,0.139,0.000,0.0215,3.232
824,13,34,0.327,0.000,0.0209,3.384
824,14,35,0.121,0.000,0.0213,3.232
824,15,36,0.237,0.000,0.0208,3.384
825,0,22,0.426,241.181,0.0140,2.602
825,1,23,0.201,0.000,0.0135,23.900
825,2,24,0.144,207.107,0.0135,3.324
825,3,25,0.109,158.919,0.0128,20.206
825,4,26,0.450,99.900,0.0128,15.358
825,5,27,0.288,34.075,0.0122,9.608
825,6,28,0.275,0.000,0.0117,3.239
825,7,29,0.296,0.000,0.0114,3.171
825,8,30,0.200,0.000,0.0529,3.295
825,9,31,0.154,0.000,0.0210,3.232
825,10,32,0.033,0.000,0.0209,3.384
825,11,33,0.055,0.000,0.0215,3.232
825,12,34,0.022,0.000,0.0209,3.384
825,13,35,0.133,0.000,0.0213,3.232
825,14,36,0.592,0.000,0.0208,3.384
825,15,37,0.521,0.000,0.0214,3.232
826,0,23,0.187,0.000,0.0135,23.900
826,1,24,0.094,207.107,0.0135,3.324
826,2,25,0.604,158.919,0.0128,20.206
826,3,26,0.134,99.900,0.0128,15.358
826,4,27,0.736,34.075,0.0122,9.608
826,5,28,0.193,0.000,0.0117,3.239
826,6,29,0.170,0.000,0.0114,3.171
826,7,30,0.266,0.000,0.0529,3.295
826,8,31,0.260,0.000,0.0210,3.232
826,9,32,0.039,0.000,0.0209,3.384
826,10,33,1.244,0.000,0.0215,3.232
826,11,34,0.333,0.000,0.0209,3.384
826,12,35,0.343,0.000,0.0213,3.232
826,13,36,0.476,0.000,0.0208,3.384
826,14,37,0.416,0.000,0.0214,3.232
826,15,38,5.413,0.000,0.0214,3.383
827,0,24,0.180,207.107,0.0135,3.324
827,1,25,0.475,158.919,0.0128,20.206
827,2,26,0.671,99.900,0.0128,15.358
827,3,27,0.989,34.075,0.0122,9.608
827,4,28,0.329,0.000,0.0117,3.239
827,5,29,0.631,0.000,0.0114,3.171
827,6,30,0.244,0.000,0.0529,3.295
827,7,31,1.211,0.000,0.0210,3.232
827,8,32,0.073,0.000,0.0209,3.384
827,9,33,0.165,0.000,0.0215,3.232
827,10,34,0.082,0.000,0.0209,3.384
827,11,35,0.230,0.000,0.0213,3.232
827,12,36,0.339,0.000,0.0208,3.384
827,13,37,0.442,0.000,0.0214,3.232
827,14,38,1.135,0.000,0.0214,3.383
827,15,39,0.412,1000.000,0.0209,3.232
828,0,25,0.802,158.919,0.0128,20.206
828,1,26,0.463,99.900,0.0128,15.358
828,2,27,0.304,34.075,0.0122,9.608
828,3,28,0.207,0.000,0.0117,3.239
828,4,29,0.103,0.000,0.0114,3.171
828,5,30,0.738,0.000,0.0529,3.295
828,6,31,0.191,0.000,0.0210,3.232
828,7,32,0.354,0.000,0.0209,3.384
828,8,33,0.152,0.000,0.0215,3.232
828,9,34,0.540,0.000,0.0209,3.384
828,10,35,0.506,0.000,0.0213,3.232
828,11,36,0.386,0.000,0.0208,3.384
828,12,37,0.160,0.000,0.0214,3.232
828,13,38,0.568,0.000,0.0214,3.383
828,14,39,0.501,1000.000,0.0209,3.232
828,15,40,0.774,1035.570,0.0209,3.803
829,0,26,0.221,99.900,0.0128,15.358
829,1,27,0.486,34.075,0.0122,9.608
829,2,28,0.086,0.000,0.0117,3.239
829,3,29,0.175,0.000,0.0114,3.171
829,4,30,0.362,0.000,0.0529,3.295
829,5,31,0.041,0.000,0.0210,3.232
829,6,32,0.379,0.000,0.0209,3.384
829,7,33,0.721,0.000,0.0215,3.232
829,8,34,0.479,0.000,0.0209,3.384
829,9,35,0.253,0.000,0.0213,3.232
829,10,36,0.405,0.000,0.0208,3.384
829,11,37,0.356,0.000,0.0214,3.232
829,12,38,0.155,0.000,0.0214,3.383
829,13,39,1.069,1000.000,0.0209,3.232
829,14,40,0.547,1035.570,0.0209,3.803
829,15,41,34.703,0.000,2.0016,102.740
830,0,27,1.401,34.075,0.0122,9.608
830,1,28,0.156,0.000,0.0117,3.239
830,2,29,0.188,0.000,0.0114,3.171
830,3,30,0.036,0.000,0.0529,3.295
830,4,31,0.457,0.000,0.0210,3.232
830,5,32,0.202,0.000,0.0209,3.384
830,6,33,0.703,0.000,0.0215,3.232
830,7,34,0.010,0.000,0.0209,3.384
830,8,35,0.372,0.000,0.0213,3.232
830,9,36,0.848,0.000,0.0208,3.384
830,10,37,0.783,0.000,0.0214,3.232
830,11,38,0.544,0.000,0.0214,3.383
830,12,39,0.146,1000.000,0.0209,3.232
830,13,40,0.743,1035.570,0.0209,3.803
830,14,41,103.644,0.000,2.0016,102.740
830,15,42,0.777,0.000,4.4638,21.003
831,0,28,1.465,0.000,0.0117,3.239
831,1,29,0.255,0.000,0.0114,3.171
831,2,30,0.449,0.000,0.0529,3.295
831,3,31,0.214,0.000,0.0210,3.232
831,4,32,0.035,0.000,0.0209,3.384
831,5,33,0.250,0.000,0.0215,3.232
831,6,34,0.016,0.000,0.0209,3.384
831,7,35,0.219,0.000,0.0213,3.232
831,8,36,0.126,0.000,0.0208,3.384
831,9,37,1.388,0.000,0.0214,3.232
831,10,38,0.204,0.000,0.0214,3.383
831,11,39,0.217,1000.000,0.0209,3.232
831,12,40,0.531,1035.570,0.0209,3.803
831,13,41,58.259,0.000,2.0016,102.740
831,14,42,0.745,0.000,4.4638,21.003
831,15,43,0.987,0.000,3.0387,0.620
832,0,29,0.116,0.000,0.0114,3.171
832,1,30,0.134,0.000,0.0529,3.295
832,2,31,0.454,0.000,0.0210,3.232
832,3,32,0.700,0.000,0.0209,3.384
832,4,33,0.340,0.000,0.0215,3.232
832,5,34,0.385,0.000,0.0209,3.384
832,6,35,0.126,0.000,0.0213,3.232
832,7,36,0.532,0.000,0.0208,3.384
832,8,37,0.488,0.000,0.0214,3.232
832,9,38,0.176,0.000,0.0214,3.383
832,10,39,0.366,1000.000,0.0209,3.232
832,11,40,1.082,1035.570,0.0209,3.803
832,12,41,76.365,0.000,2.0016,102.740
832,13,42,0.708,0.000,4.4638,21.003
832,14,43,0.521,0.000,3.0387,0.620
832,15,44,0.587,0.000,0.0244,1.227
833,0,30,0.431,0.000,0.0529,3.295
833,1,31,0.452,0.000,0.0210,3.232
833,2,32,0.541,0.000,0.0209,3.384
833,3,33,0.323,0.000,0.0215,3.232
833,4,34,0.967,0.000,0.0209,3.384
833,5,35,0.640,0.000,0.0213,3.232
833,6,36,0.447,0.000,0.0208,3.384
833,7,37,0.189,0.000,0.0214,3.232
833,8,38,0.805,0.000,0.0214,3.383
833,9,39,2.379,1000.000,0.0209,3.232
833,10,40,0.829,1035.570,0.0209,3.803
833,11,41,88.048,0.000,2.0016,102.740
833,12,42,0.899,0.000,4.4638,21.003
833,13,43,0.400,0.000,3.0387,0.620
833,14,44,0.911,0.000,0.0244,1.227
833,15,45,1.056,0.000,0.0248,0.620
834,0,31,3.679,0.000,0.0210,3.232
834,1,32,0.035,0.000,0.0209,3.384
834,2,33,0.012,0.000,0.0215,3.232
834,3,34,0.153,0.000,0.0209,3.384
834,4,35,0.481,0.000,0.0213,3.232
834,5,36,0.155,0.000,0.0208,3.384
834,6,37,0.712,0.000,0.0214,3.232
834,7,38,0.147,0.000,0.0214,3.383
834,8,39,0.333,1000.000,0.0209,3.232
834,9,40,0.731,1035.570,0.0209,3.803
834,10,41,13.719,0.000,2.0016,102.740
834,11,42,0.699,0.000,4.4638,21.003
834,12,43,0.639,0.000,3.0387,0.620
834,13,44,0.389,0.000,0.0244,1.227
834,14,45,0.973,0.000,0.0248,0.620
834,15,46,0.360,0.000,0.0247,1.226
835,0,32,0.307,0.000,0.0209,3.384
835,1,33,0.124,0.000,0.0215,3.232
835,2,34,0.285,0.000,0.0209,3.384
835,3,35,0.255,0.000,0.0213,3.232
835,4,36,0.162,0.000,0.0208,3.384
835,5,37,0.448,0.000,0.0214,3.232
835,6,38,0.357,0.000,0.0214,3.383
835,7,39,0.190,1000.000,0.0209,3.232
835,8,40,0.498,1035.570,0.0209,3.803
835,9,41,19.925,0.000,2.0016,102.740
835,10,42,0.641,0.000,4.4638,21.003
835,11,43,0.321,0.000,3.0387,0.620
835,12,44,0.729,0.000,0.0244,1.227
835,13,45,0.709,0.000,0.0248,0.620
835,14,46,0.336,0.000,0.0247,1.226
835,15,47,0.171,0.000,0.0248,0.619
836,0,33,0.517,0.000,0.0215,3.232
836,1,34,1.609,0.000,0.0209,3.384
836,2,35,0.067,0.000,0.0213,3.232
836,3,36,0.947,0.000,0.0208,3.384
836,4,37,0.114,0.000,0.0214,3.232
836,5,38,1.677,0.000,0.0214,3.383
836,6,39,3.546,1000.000,0.0209,3.232
836,7,40,0.977,1035.570,0.0209,3.803
836,8,41,3.848,0.000,2.0016,102.740
836,9,42,0.700,0.000,4.4638,21.003
836,10,43,1.481,0.000,3.0387,0.620
836,11,44,1.222,0.000,0.0244,1.227
836,12,45,1.521,0.000,0.0248,0.620
836,13,46,1.464,0.000,0.0247,1.226
836,14,47,1.241,0.000,0.0248,0.619
836,15,48,1.408,0.000,0.0245,1.225
837,0,34,1.211,0.000,0.0209,3.384
837,1,35,0.894,0.000,0.0213,3.232
837,2,36,2.021,0.000,0.0208,3.384
837,3,37,1.537,0.000,0.0214,3.232
837,4,38,1.427,0.000,0.0214,3.383
837,5,39,2.027,1000.000,0.0209,3.232
837,6,40,1.242,1035.570,0.0209,3.803
837,7,41,6.686,0.000,2.0016,102.740
837,8,42,2.174,0.000,4.4638,21.003
837,9,43,1.560,0.000,3.0387,0.620
837,10,44,0.904,0.000,0.0244,1.227
837,11,45,1.260,0.000,0.0248,0.620
837,12,46,1.165,0.000,0.0247,1.226
837,13,47,0.336,0.000,0.0248,0.619
837,14,48,1.200,0.000,0.0245,1.225
837,15,49,0.072,0.000,0.0247,0.619
838,0,35,0.239,0.000,0.0213,3.232
838,1,36,0.436,0.000,0.0208,3.384
838,2,37,0.248,0.000,0.0214,3.232
838,3,38,1.145,0.000,0.0214,3.383
838,4,39,51.717,1000.000,0.0209,3.232
838,5,40,1.420,1035.570,0.0209,3.803
838,6,41,5.348,0.000,2.0016,102.740
838,7,42,0.460,0.000,4.4638,21.003
838,8,43,0.702,0.000,3.0387,0.620
838,9,44,1.288,0.000,0.0244,1.227
838,10,45,1.477,0.000,0.0248,0.620
838,11,46,1.272,0.000,0.0247,1.226
838,12,47,1.930,0.000,0.0248,0.619
838,13,48,0.326,0.000,0.0245,1.225
838,14,49,0.919,0.000,0.0247,0.619
838,15,50,0.858,0.000,0.0245,1.226
839,0,36,2.639,0.000,0.0208,3.384
839,1,37,2.156,0.000,0.0214,3.232
839,2,38,89.341,0.000,0.0214,3.383
839,3,39,121.232,1000.000,0.0209,3.232
839,4,40,91.956,1035.570,0.0209,3.803
839,5,41,6.547,0.000,2.0016,102.740
839,6,42,4.163,0.000,4.4638,21.003
839,7,43,3.074,0.000,3.0387,0.620
839,8,44,2.301,0.000,0.0244,1.227
839,9,45,3.369,0.000,0.0248,0.620
839,10,46,2.698,0.000,0.0247,1.226
839,11,47,2.672,0.000,0.0248,0.619
839,12,48,2.638,0.000,0.0245,1.225
839,13,49,3.308,0.000,0.0247,0.619
839,14,50,1.578,0.000,0.0245,1.226
839,15,51,1.796,0.000,0.0246,0.619
840,0,37,2.997,0.000,0.0214,3.232
840,1,38,1.384,0.000,0.0214,3.383
840,2,39,27.960,1000.000,0.0209,3.232
840,3,40,1.976,1035.570,0.0209,3.803
840,4,41,7.886,0.000,2.0016,102.740
840,5,42,4.781,0.000,4.4638,21.003
840,6,43,1.572,0.000,3.0387,0.620
840,7,44,1.015,0.000,0.0244,1.227
840,8,45,1.415,0.000,0.0248,0.620
840,9,46,0.936,0.000,0.0247,1.226
840,10,47,1.056,0.000,0.0248,0.619
840,11,48,1.149,0.000,0.0245,1.225
840,12,49,1.012,0.000,0.0247,0.619
840,13,50,0.837,0.000,0.0245,1.226
840,14,51,0.554,0.000,0.0246,0.619
840,15,52,1.159,0.000,0.0245,1.226
841,0,38,0.652,0.000,0.0214,3.383
841,1,39,0.858,1000.000,0.0209,3.232
841,2,40,2.111,1035.570,0.0209,3.803
841,3,41,1.564,0.000,2.0016,102.740
841,4,42,1.238,0.000,4.4638,21.003
841,5,43,0.878,0.000,3.0387,0.620
841,6,44,0.252,0.000,0.0244,1.227
841,7,45,0.379,0.000,0.0248,0.620
841,8,46,0.418,0.000,0.0247,1.226
841,9,47,0.655,0.000,0.0248,0.619
841,10,48,0.941,0.000,0.0245,1.225
841,11,49,0.451,0.000,0.0247,0.619
841,12,50,0.524,0.000,0.0245,1.226
841,13,51,0.150,0.000,0.0246,0.619
841,14,52,1.486,0.000,0.0245,1.226
841,15,53,0.533,258.819,0.0246,0.619
842,0,39,9.654,1000.000,0.0209,3.232
842,1,40,2.008,1035.570,0.0209,3.803
842,2,41,2.169,0.000,2.0016,102.740
842,3,42,0.601,0.000,4.4638,21.003
842,4,43,0.610,0.000,3.0387,0.620
842,5,44,0.431,0.000,0.0244,1.227
842,6,45,0.445,0.000,0.0248,0.620
842,7,46,0.729,0.000,0.0247,1.226
842,8,47,0.835,0.000,0.0248,0.619
842,9,48,0.448,0.000,0.0245,1.225
842,10,49,0.452,0.000,0.0247,0.619
842,11,50,0.202,0.000,0.0245,1.226
842,12,51,0.705,0.000,0.0246,0.619
842,13,52,0.728,0.000,0.0245,1.226
842,14,53,0.521,258.819,0.0246,0.619
842,15,54,0.311,0.000,0.0245,25.738
843,0,40,1.365,1035.570,0.0209,3.803
843,1,41,3.303,0.000,2.0016,102.740
843,2,42,1.821,0.000,4.4638,21.003
843,3,43,0.680,0.000,3.0387,0.620
843,4,44,0.747,0.000,0.0244,1.227
843,5,45,0.666,0.000,0.0248,0.620
843,6,46,0.353,0.000,0.0247,1.226
843,7,47,0.740,0.000,0.0248,0.619
843,8,48,0.860,0.000,0.0245,1.225
843,9,49,0.694,0.000,0.0247,0.619
843,10,50,0.995,0.000,0.0245,1.226
843,11,51,0.326,0.000,0.0246,0.619
843,12,52,1.101,0.000,0.0245,1.226
843,13,53,0.332,258.819,0.0246,0.619
843,14,54,1.604,0.000,0.0245,25.738
843,15,55,0.342,241.181,0.0247,3.858
844,0,41,0.949,0.000,2.0016,102.740
844,1,42,0.876,0.000,4.4638,21.003
844,2,43,0.830,0.000,3.0387,0.620
844,3,44,0.418,0.000,0.0244,1.227
844,4,45,0.423,0.000,0.0248,0.620
844,5,46,0.601,0.000,0.0247,1.226
844,6,47,0.305,0.000,0.0248,0.619
844,7,48,0.561,0.000,0.0245,1.225
844,8,49,0.326,0.000,0.0247,0.619
844,9,50,0.665,0.000,0.0245,1.226
844,10,51,0.566,0.000,0.0246,0.619
844,11,52,1.027,0.000,0.0245,1.226
844,12,53,0.452,258.819,0.0246,0.619
844,13,54,0.133,0.000,0.0245,25.738
844,14,55,0.049,241.181,0.0247,3.858
844,15,56,0.649,207.107,0.0240,23.208
845,0,42,0.612,0.000,4.4638,21.003
845,1,43,0.105,0.000,3.0387,0.620
845,2,44,0.196,0.000,0.0244,1.227
845,3,45,0.584,0.000,0.0248,0.620
845,4,46,0.848,0.000,0.0247,1.226
845,5,47,1.045,0.000,0.0248,0.619
845,6,48,0.286,0.000,0.0245,1.225
845,7,49,0.349,0.000,0.0247,0.619
845,8,50,0.627,0.000,0.0245,1.226
845,9,51,0.512,0.000,0.0246,0.619
845,10,52,0.458,0.000,0.0245,1.226
845,11,53,0.836,258.819,0.0246,0.619
845,12,54,0.478,0.000,0.0245,25.738
845,13,55,0.540,241.181,0.0247,3.858
845,14,56,0.564,207.107,0.0240,23.208
845,15,57,2.362,158.918,0.0236,19.580
846,0,43,0.458,0.000,3.0387,0.620
846,1,44,1.660,0.000,0.0244,1.227
846,2,45,0.238,0.000,0.0248,0.620
846,3,46,0.093,0.000,0.0247,1.226
846,4,47,0.177,0.000,0.0248,0.619
846,5,48,0.522,0.000,0.0245,1.225
846,6,49,0.172,0.000,0.0247,0.619
846,7,50,0.290,0.000,0.0245,1.226
846,8,51,0.208,0.000,0.0246,0.619
846,9,52,0.280,0.000,0.0245,1.226
846,10,53,0.434,258.819,0.0246,0.619
846,11,54,0.627,0.000,0.0245,25.738
846,12,55,0.625,241.181,0.0247,3.858
846,13,56,0.600,207.107,0.0240,23.208
846,14,57,0.982,158.918,0.0236,19.580
846,15,58,1.613,99.901,0.0230,14.896
847,0,44,0.275,0.000,0.0244,1.227
847,1,45,0.300,0.000,0.0248,0.620
847,2,46,0.451,0.000,0.0247,1.226
847,3,47,0.860,0.000,0.0248,0.619
847,4,48,0.287,0.000,0.0245,1.225
847,5,49,0.372,0.000,0.0247,0.619
847,6,50,0.412,0.000,0.0245,1.226
847,7,51,0.336,0.000,0.0246,0.619
847,8,52,0.986,0.000,0.0245,1.226
847,9,53,0.448,258.819,0.0246,0.619
847,10,54,0.374,0.000,0.0245,25.738
847,11,55,0.871,241.181,0.0247,3.858
847,12,56,1.089,207.107,0.0240,23.208
847,13,57,0.860,158.918,0.0236,19.580
847,14,58,1.877,99.901,0.0230,14.896
847,15,59,0.976,34.075,0.0221,9.361
848,0,45,0.612,0.000,0.0248,0.620
848,1,46,0.377,0.000,0.0247,1.226
848,2,47,0.350,0.000,0.0248,0.619
848,3,48,1.364,0.000,0.0245,1.225
848,4,49,0.486,0.000,0.0247,0.619
848,5,50,0.643,0.000,0.0245,1.226
848,6,51,1.552,0.000,0.0246,0.619
848,7,52,0.952,0.000,0.0245,1.226
848,8,53,0.454,258.819,0.0246,0.619
848,9,54,0.151,0.000,0.0245,25.738
848,10,55,1.520,241.181,0.0247,3.858
848,11,56,0.257,207.107,0.0240,23.208
848,12,57,0.411,158.918,0.0236,19.580
848,13,58,0.556,99.901,0.0230,14.896
848,14,59,1.662,34.075,0.0221,9.361
848,15,60,0.319,0.000,0.0216,3.216
849,0,46,0.188,0.000,0.0247,1.226
849,1,47,0.535,0.000,0.0248,0.619
849,2,48,0.119,0.000,0.0245,1.225
849,3,49,0.231,0.000,0.0247,0.619
849,4,50,0.496,0.000,0.0245,1.226
849,5,51,0.859,0.000,0.0246,0.619
849,6,52,0.787,0.000,0.0245,1.226
849,7,53,0.472,258.819,0.0246,0.619
849,8,54,0.456,0.000,0.0245,25.738
849,9,55,0.369,241.181,0.0247,3.858
849,10,56,0.320,207.107,0.0240,23.208
849,11,57,0.717,158.918,0.0236,19.580
849,12,58,0.951,99.901,0.0230,14.896
849,13,59,0.384,34.075,0.0221,9.361
849,14,60,0.487,0.000,0.0216,3.216
849,15,61,0.159,0.000,0.0208,0.623
850,0,47,1.225,0.000,0.0248,0.619
850,1,48,0.824,0.000,0.0245,1.225
850,2,49,1.513,0.000,0.0247,0.619
850,3,50,0.628,0.000,0.0245,1.226
850,4,51,0.379,0.000,0.0246,0.619
850,5,52,0.690,0.000,0.0245,1.226
850,6,53,0.726,258.819,0.0246,0.619
850,7,54,0.822,0.000,0.0245,25.738
850,8,55,0.556,241.181,0.0247,3.858
850,9,56,0.227,207.107,0.0240,23.208
850,10,57,0.506,158.918,0.0236,19.580
850,11,58,0.253,99.901,0.0230,14.896
850,12,59,0.223,34.075,0.0221,9.361
850,13,60,0.628,0.000,0.0216,3.216
850,14,61,0.814,0.000,0.0208,0.623
850,15,62,0.629,0.000,0.0210,1.235
851,0,48,1.082,0.000,0.0245,1.225
851,1,49,0.574,0.000,0.0247,0.619
851,2,50,0.387,0.000,0.0245,1.226
851,3,51,0.349,0.000,0.0246,0.619
851,4,52,0.452,0.000,0.0245,1.226
851,5,53,0.896,258.819,0.0246,0.619
851,6,54,0.458,0.000,0.0245,25.738
851,7,55,0.527,241.181,0.0247,3.858
851,8,56,0.745,207.107,0.0240,23.208
851,9,57,0.481,158.918,0.0236,19.580
851,10,58,0.259,99.901,0.0230,14.896
851,11,59,0.639,34.075,0.0221,9.361
851,12,60,0.593,0.000,0.0216,3.216
851,13,61,0.338,0.000,0.0208,0.623
851,14,62,0.616,0.000,0.0210,1.235
851,15,63,1.789,0.000,0.0207,0.623
852,0,49,0.342,0.000,0.0247,0.619
852,1,50,0.561,0.000,0.0245,1.226
852,2,51,0.326,0.000,0.0246,0.619
852,3,52,0.496,0.000,0.0245,1.226
852,4,53,0.784,258.819,0.0246,0.619
852,5,54,2.487,0.000,0.0245,25.738
852,6,55,2.128,241.181,0.0247,3.858
852,7,56,2.529,207.107,0.0240,23.208
852,8,57,2.500,158.918,0.0236,19.580
852,9,58,1.681,99.901,0.0230,14.896
852,10,59,0.817,34.075,0.0221,9.361
852,11,60,0.547,0.000,0.0216,3.216
852,12,61,0.226,0.000,0.0208,0.623
852,13,62,0.844,0.000,0.0210,1.235
852,14,63,0.455,0.000,0.0207,0.623
852,15,64,0.071,0.000,0.0205,1.235
853,0,50,0.285,0.000,0.0245,1.226
853,1,51,0.250,0.000,0.0246,0.619
853,2,52,0.591,0.000,0.0245,1.226
853,3,53,0.991,258.819,0.0246,0.619
853,4,54,3.408,0.000,0.0245,25.738
853,5,55,2.765,241.181,0.0247,3.858
853,6,56,2.636,207.107,0.0240,23.208
853,7,57,3.299,158.918,0.0236,19.580
853,8,58,2.352,99.901,0.0230,14.896
853,9,59,1.031,34.075,0.0221,9.361
853,10,60,0.946,0.000,0.0216,3.216
853,11,61,0.751,0.000,0.0208,0.623
853,12,62,0.521,0.000,0.0210,1.235
853,13,63,0.475,0.000,0.0207,0.623
853,14,64,0.964,0.000,0.0205,1.235
853,15,65,0.577,0.000,0.0207,0.623
854,0,51,0.459,0.000,0.0246,0.619
854,1,52,1.053,0.000,0.0245,1.226
854,2,53,0.782,258.819,0.0246,0.619
854,3,54,24.723,0.000,0.0245,25.738
854,4,55,20.213,241.181,0.0247,3.858
854,5,56,18.284,207.107,0.0240,23.208
854,6,57,36.007,158.918,0.0236,19.580
854,7,58,27.602,99.901,0.0230,14.896
854,8,59,17.770,34.075,0.0221,9.361
854,9,60,8.844,0.000,0.0216,3.216
854,10,61,1.647,0.000,0.0208,0.623
854,11,62,0.437,0.000,0.0210,1.235
854,12,63,0.073,0.000,0.0207,0.623
854,13,64,0.840,0.000,0.0205,1.235
854,14,65,0.752,0.000,0.0207,0.623
854,15,66,1.270,0.000,0.0208,1.235
855,0,52,0.793,0.000,0.0245,1.226
855,1,53,1.687,258.819,0.0246,0.619
855,2,54,2.856,0.000,0.0245,25.738
855,3,55,1.372,241.181,0.0247,3.858
855,4,56,3.504,207.107,0.0240,23.208
855,5,57,3.116,158.918,0.0236,19.580
855,6,58,2.649,99.901,0.0230,14.896
855,7,59,1.474,34.075,0.0221,9.361
855,8,60,0.389,0.000,0.0216,3.216
855,9,61,0.173,0.000,0.0208,0.623
855,10,62,0.494,0.000,0.0210,1.235
855,11,63,0.251,0.000,0.0207,0.623
855,12,64,0.571,0.000,0.0205,1.235
855,13,65,0.579,0.000,0.0207,0.623
855,14,66,0.252,0.000,0.0208,1.235
855,15,67,0.286,0.000,0.0207,0.623
856,0,53,1.154,258.819,0.0246,0.619
856,1,54,9.514,0.000,0.0245,25.738
856,2,55,7.946,241.181,0.0247,3.858
856,3,56,7.794,207.107,0.0240,23.208
856,4,57,15.295,158.918,0.0236,19.580
856,5,58,11.319,99.901,0.0230,14.896
856,6,59,6.928,34.075,0.0221,9.361
856,7,60,2.798,0.000,0.0216,3.216
856,8,61,0.779,0.000,0.0208,0.623
856,9,62,1.888,0.000,0.0210,1.235
856,10,63,2.291,0.000,0.0207,0.623
856,11,64,2.241,0.000,0.0205,1.235
856,12,65,2.060,0.000,0.0207,0.623
856,13,66,1.895,0.000,0.0208,1.235
856,14,67,1.640,0.000,0.0207,0.623
856,15,68,2.253,0.000,0.0208,1.236
857,0,54,1.193,0.000,0.0245,25.738
857,1,55,1.033,241.181,0.0247,3.858
857,2,56,0.637,207.107,0.0240,23.208
857,3,57,1.132,158.918,0.0236,19.580
857,4,58,0.483,99.901,0.0230,14.896
857,5,59,0.179,34.075,0.0221,9.361
857,6,60,0.573,0.000,0.0216,3.216
857,7,61,1.044,0.000,0.0208,0.623
857,8,62,0.845,0.000,0.0210,1.235
857,9,63,0.440,0.000,0.0207,0.623
857,10,64,0.510,0.000,0.0205,1.235
857,11,65,1.376,0.000,0.0207,0.623
857,12,66,0.504,0.000,0.0208,1.235
857,13,67,1.527,0.000,0.0207,0.623
857,14,68,0.160,0.000,0.0208,1.236
857,15,69,0.802,0.000,0.0206,0.623
858,0,55,1.030,241.181,0.0247,3.858
858,1,56,1.194,207.107,0.0240,23.208
858,2,57,1.097,158.918,0.0236,19.580
858,3,58,1.069,99.901,0.0230,14.896
858,4,59,0.870,34.075,0.0221,9.361
858,5,60,0.535,0.000,0.0216,3.216
858,6,61,0.294,0.000,0.0208,0.623
858,7,62,0.774,0.000,0.0210,1.235
858,8,63,0.233,0.000,0.0207,0.623
858,9,64,0.245,0.000,0.0205,1.235
858,10,65,0.405,0.000,0.0207,0.623
858,11,66,0.318,0.000,0.0208,1.235
858,12,67,0.376,0.000,0.0207,0.623
858,13,68,0.302,0.000,0.0208,1.236
858,14,69,2.410,0.000,0.0206,0.623
858,15,70,0.457,0.000,0.0206,1.235
859,0,56,0.706,207.107,0.0240,23.208
859,1,57,0.697,158.918,0.0236,19.580
859,2,58,0.816,99.901,0.0230,14.896
859,3,59,0.203,34.075,0.0221,9.361
859,4,60,0.271,0.000,0.0216,3.216
859,5,61,0.125,0.000,0.0208,0.623
859,6,62,0.116,0.000,0.0210,1.235
859,7,63,0.332,0.000,0.0207,0.623
859,8,64,0.278,0.000,0.0205,1.235
859,9,65,0.381,0.000,0.0207,0.623
859,10,66,0.507,0.000,0.0208,1.235
859,11,67,0.265,0.000,0.0207,0.623
859,12,68,0.371,0.000,0.0208,1.236
859,13,69,0.130,0.000,0.0206,0.623
859,14,70,0.367,0.000,0.0206,1.235
859,15,71,0.451,0.000,0.0204,0.623
860,0,57,1.934,158.918,0.0236,19.580
860,1,58,1.180,99.901,0.0230,14.896
860,2,59,0.832,34.075,0.0221,9.361
860,3,60,0.322,0.000,0.0216,3.216
860,4,61,0.304,0.000,0.0208,0.623
860,5,62,0.257,0.000,0.0210,1.235
860,6,63,0.201,0.000,0.0207,0.623
860,7,64,0.124,0.000,0.0205,1.235
860,8,65,0.159,0.000,0.0207,0.623
860,9,66,0.506,0.000,0.0208,1.235
860,10,67,0.310,0.000,0.0207,0.623
860,11,68,0.480,0.000,0.0208,1.236
860,12,69,0.666,0.000,0.0206,0.623
860,13,70,0.494,0.000,0.0206,1.235
860,14,71,0.586,0.000,0.0204,0.623
860,15,72,0.677,0.000,0.0206,1.236
861,0,58,0.939,99.901,0.0230,14.896
861,1,59,0.403,34.075,0.0221,9.361
861,2,60,0.141,0.000,0.0216,3.216
861,3,61,0.493,0.000,0.0208,0.623
861,4,62,0.201,0.000,0.0210,1.235
861,5,63,0.396,0.000,0.0207,0.623
861,6,64,0.219,0.000,0.0205,1.235
861,7,65,0.164,0.000,0.0207,0.623
861,8,66,0.627,0.000,0.0208,1.235
861,9,67,0.295,0.000,0.0207,0.623
861,10,68,0.731,0.000,0.0208,1.236
861,11,69,0.718,0.000,0.0206,0.623
861,12,70,0.219,0.000,0.0206,1.235
861,13,71,0.516,0.000,0.0204,0.623
861,14,72,0.188,0.000,0.0206,1.236
861,15,73,0.822,0.000,0.0206,0.623
862,0,59,1.905,34.075,0.0221,9.361
862,1,60,0.886,0.000,0.0216,3.216
862,2,61,0.515,0.000,0.0208,0.623
862,3,62,0.469,0.000,0.0210,1.235
862,4,63,0.710,0.000,0.0207,0.623
862,5,64,0.494,0.000,0.0205,1.235
862,6,65,0.972,0.000,0.0207,0.623
862,7,66,0.398,0.000,0.0208,1.235
862,8,67,0.577,0.000,0.0207,0.623
862,9,68,1.243,0.000,0.0208,1.236
862,10,69,0.330,0.000,0.0206,0.623
862,11,70,0.481,0.000,0.0206,1.235
862,12,71,0.899,0.000,0.0204,0.623
862,13,72,0.259,0.000,0.0206,1.236
862,14,73,2.831,0.000,0.0206,0.623
862,15,74,1.670,0.000,0.0207,1.235
863,0,60,5.377,0.000,0.0216,3.216
863,1,61,0.890,0.000,0.0208,0.623
863,2,62,0.415,0.000,0.0210,1.235
863,3,63,0.455,0.000,0.0207,0.623
863,4,64,0.161,0.000,0.0205,1.235
863,5,65,0.386,0.000,0.0207,0.623
863,6,66,0.409,0.000,0.0208,1.235
863,7,67,0.203,0.000,0.0207,0.623
863,8,68,0.397,0.000,0.0208,1.236
863,9,69,0.215,0.000,0.0206,0.623
863,10,70,0.890,0.000,0.0206,1.235
863,11,71,0.393,0.000,0.0204,0.623
863,12,72,0.499,0.000,0.0206,1.236
863,13,73,0.286,0.000,0.0206,0.623
863,14,74,2.091,0.000,0.0207,1.235
863,15,75,0.478,0.000,0.0208,0.622
864,0,61,0.755,0.000,0.0208,0.623
864,1,62,0.412,0.000,0.0210,1.235
864,2,63,0.409,0.000,0.0207,0.623
864,3,64,0.502,0.000,0.0205,1.235
864,4,65,0.235,0.000,0.0207,0.623
864,5,66,0.526,0.000,0.0208,1.235
864,6,67,0.537,0.000,0.0207,0.623
864,7,68,0.173,0.000,0.0208,1.236
864,8,69,0.286,0.000,0.0206,0.623
864,9,70,0.316,0.000,0.0206,1.235
864,10,71,0.247,0.000,0.0204,0.623
864,11,72,0.105,0.000,0.0206,1.236
864,12,73,0.823,0.000,0.0206,0.623
864,13,74,0.280,0.000,0.0207,1.235
864,14,75,0.516,0.000,0.0208,0.622
864,15,76,0.414,0.000,0.0208,0.617
865,0,62,0.273,0.000,0.0210,1.235
865,1,63,0.338,0.000,0.0207,0.623
865,2,64,0.215,0.000,0.0205,1.235
865,3,65,0.201,0.000,0.0207,0.623
865,4,66,0.630,0.000,0.0208,1.235
865,5,67,0.205,0.000,0.0207,0.623
865,6,68,0.179,0.000,0.0208,1.236
865,7,69,0.241,0.000,0.0206,0.623
865,8,70,0.259,0.000,0.0206,1.235
865,9,71,0.361,0.000,0.0204,0.623
865,10,72,0.365,0.000,0.0206,1.236
865,11,73,0.398,0.000,0.0206,0.623
865,12,74,0.178,0.000,0.0207,1.235
865,13,75,0.510,0.000,0.0208,0.622
865,14,76,0.906,0.000,0.0208,0.617
865,15,77,0.645,1000.000,0.0110,0.615
866,0,63,0.170,0.000,0.0207,0.623
866,1,64,0.814,0.000,0.0205,1.235
866,2,65,0.678,0.000,0.0207,0.623
866,3,66,0.223,0.000,0.0208,1.235
866,4,67,0.395,0.000,0.0207,0.623
866,5,68,0.597,0.000,0.0208,1.236
866,6,69,0.217,0.000,0.0206,0.623
866,7,70,0.204,0.000,0.0206,1.235
866,8,71,0.317,0.000,0.0204,0.623
866,9,72,0.805,0.000,0.0206,1.236
866,10,73,0.187,0.000,0.0206,0.623
866,11,74,0.304,0.000,0.0207,1.235
866,12,75,0.422,0.000,0.0208,0.622
866,13,76,0.385,0.000,0.0208,0.617
866,14,77,0.502,1000.000,0.0110,0.615
866,15,78,0.286,19.376,0.0110,1.938
867,0,64,1.091,0.000,0.0205,1.235
867,1,65,1.120,0.000,0.0207,0.623
867,2,66,1.756,0.000,0.0208,1.235
867,3,67,1.665,0.000,0.0207,0.623
867,4,68,1.138,0.000,0.0208,1.236
867,5,69,0.809,0.000,0.0206,0.623
867,6,70,1.127,0.000,0.0206,1.235
867,7,71,1.544,0.000,0.0204,0.623
867,8,72,1.055,0.000,0.0206,1.236
867,9,73,1.105,0.000,0.0206,0.623
867,10,74,0.702,0.000,0.0207,1.235
867,11,75,2.051,0.000,0.0208,0.622
867,12,76,2.445,0.000,0.0208,0.617
867,13,77,2.262,1000.000,0.0110,0.615
867,14,78,2.119,19.376,0.0110,1.938
868,0,65,0.288,0.000,0.0207,0.623
868,1,66,0.588,0.000,0.0208,1.235
868,2,67,0.367,0.000,0.0207,0.623
868,3,68,0.162,0.000,0.0208,1.236
868,4,69,0.552,0.000,0.0206,0.623
868,5,70,0.652,0.000,0.0206,1.235
868,6,71,0.308,0.000,0.0204,0.623
868,7,72,0.147,0.000,0.0206,1.236
868,8,73,0.897,0.000,0.0206,0.623
868,9,74,0.369,0.000,0.0207,1.235
868,10,75,0.363,0.000,0.0208,0.622
868,11,76,1.123,0.000,0.0208,0.617
868,12,77,0.531,1000.000,0.0110,0.615
868,13,78,0.708,19.376,0.0110,1.938
869,0,66,0.551,0.000,0.0208,1.235
869,1,67,0.960,0.000,0.0207,0.623
869,2,68,0.727,0.000,0.0208,1.236
869,3,69,1.775,0.000,0.0206,0.623
869,4,70,0.721,0.000,0.0206,1.235
869,5,71,0.191,0.000,0.0204,0.623
869,6,72,0.631,0.000,0.0206,1.236
869,7,73,0.575,0.000,0.0206,0.623
869,8,74,0.838,0.000,0.0207,1.235
869,9,75,0.613,0.000,0.0208,0.622
869,10,76,0.793,0.000,0.0208,0.617
869,11,77,0.756,1000.000,0.0110,0.615
869,12,78,0.773,19.376,0.0110,1.938
870,0,67,1.598,0.000,0.0207,0.623
870,1,68,0.802,0.000,0.0208,1.236
870,2,69,0.495,0.000,0.0206,0.623
870,3,70,0.424,0.000,0.0206,1.235
870,4,71,0.541,0.000,0.0204,0.623
870,5,72,0.318,0.000,0.0206,1.236
870,6,73,0.397,0.000,0.0206,0.623
870,7,74,0.300,0.000,0.0207,1.235
870,8,75,0.530,0.000,0.0208,0.622
870,9,76,0.502,0.000,0.0208,0.617
870,10,77,0.617,1000.000,0.0110,0.615
870,11,78,0.829,19.376,0.0110,1.938
871,0,68,2.113,0.000,0.0208,1.236
871,1,69,0.208,0.000,0.0206,0.623
871,2,70,0.289,0.000,0.0206,1.235
871,3,71,1.430,0.000,0.0204,0.623
871,4,72,0.512,0.000,0.0206,1.236
871,5,73,1.067,0.000,0.0206,0.623
871,6,74,1.264,0.000,0.0207,1.235
871,7,75,0.275,0.000,0.0208,0.622
871,8,76,1.013,0.000,0.0208,0.617
871,9,77,1.194,1000.000,0.0110,0.615
871,10,78,0.259,19.376,0.0110,1.938
872,0,69,0.712,0.000,0.0206,0.623
872,1,70,0.418,0.000,0.0206,1.235
872,2,71,0.151,0.000,0.0204,0.623
872,3,72,0.237,0.000,0.0206,1.236
872,4,73,0.246,0.000,0.0206,0.623
872,5,74,1.259,0.000,0.0207,1.235
872,6,75,0.573,0.000,0.0208,0.622
872,7,76,0.672,0.000,0.0208,0.617
872,8,77,0.636,1000.000,0.0110,0.615
872,9,78,0.630,19.376,0.0110,1.938
873,0,70,0.331,0.000,0.0206,1.235
873,1,71,0.337,0.000,0.0204,0.623
873,2,72,0.242,0.000,0.0206,1.236
873,3,73,1.195,0.000,0.0206,0.623
873,4,74,0.559,0.000,0.0207,1.235
873,5,75,0.362,0.000,0.0208,0.622
873,6,76,0.717,0.000,0.0208,0.617
873,7,77,1.281,1000.000,0.0110,0.615
873,8,78,1.366,19.376,0.0110,1.938
874,0,71,0.640,0.000,0.0204,0.623
874,1,72,1.055,0.000,0.0206,1.236
874,2,73,0.503,0.000,0.0206,0.623
874,3,74,0.458,0.000,0.0207,1.235
874,4,75,0.563,0.000,0.0208,0.622
874,5,76,1.222,0.000,0.0208,0.617
874,6,77,1.248,1000.000,0.0110,0.615
874,7,78,0.764,19.376,0.0110,1.938
875,0,72,0.071,0.000,0.0206,1.236
875,1,73,0.679,0.000,0.0206,0.623
875,2,74,0.361,0.000,0.0207,1.235
875,3,75,1.049,0.000,0.0208,0.622
875,4,76,0.814,0.000,0.0208,0.617
875,5,77,0.479,1000.000,0.0110,0.615
875,6,78,0.686,19.376,0.0110,1.938
876,0,73,0.279,0.000,0.0206,0.623
876,1,74,0.752,0.000,0.0207,1.235
876,2,75,0.772,0.000,0.0208,0.622
876,3,76,0.428,0.000,0.0208,0.617
876,4,77,1.391,1000.000,0.0110,0.615
876,5,78,1.596,19.376,0.0110,1.938
877,0,74,1.391,0.000,0.0207,1.235
877,1,75,1.241,0.000,0.0208,0.622
877,2,76,0.610,0.000,0.0208,0.617
877,3,77,0.709,1000.000,0.0110,0.615
877,4,78,2.101,19.376,0.0110,1.938
878,0,75,0.288,0.000,0.0208,0.622
878,1,76,1.112,0.000,0.0208,0.617
878,2,77,0.498,1000.000,0.0110,0.615
878,3,78,1.606,19.376,0.0110,1.938
879,0,76,0.510,0.000,0.0208,0.617
879,1,77,0.581,1000.000,0.0110,0.615
879,2,78,1.496,19.376,0.0110,1.938
880,0,77,1.386,1000.000,0.0110,0.615
880,1,78,1.879,19.376,0.0110,1.938
881,0,78,0.771,19.376,0.0110,1.938
883,0,0,99.705,1000.000,0.0104,1.272
883,1,1,3.907,36.995,0.0104,3.699
883,2,2,2.845,37.035,2.7184,3.703
883,3,3,155.609,1588.629,0.0135,158.863
883,4,4,136.536,1509.364,6.3736,150.936
883,5,5,39.915,921.584,4.4862,92.158
883,6,6,52.487,523.969,2.4004,52.397
883,7,7,1.794,0.034,0.0295,0.003
883,8,8,1.080,0.000,0.0304,0.000
883,9,9,1.090,0.000,0.0304,0.000
883,10,10,1.007,0.000,0.0304,0.000
883,11,11,0.508,0.000,0.0304,0.000
883,12,12,0.698,0.000,0.0304,0.000
883,13,13,1.306,0.000,0.0304,0.000
883,14,14,3.011,0.000,0.0304,0.000
883,15,15,1.608,0.000,0.0304,0.000
884,0,1,0.515,36.995,0.0104,3.699
884,1,2,0.718,37.035,2.7184,3.703
884,2,3,1.560,1588.629,0.0135,158.863
884,3,4,0.961,1509.364,6.3736,150.936
884,4,5,1.310,921.584,4.4862,92.158
884,5,6,5.664,523.969,2.4004,52.397
884,6,7,0.825,0.034,0.0295,0.003
884,7,8,1.083,0.000,0.0304,0.000
884,8,9,1.212,0.000,0.0304,0.000
884,9,10,0.952,0.000,0.0304,0.000
884,10,11,0.563,0.000,0.0304,0.000
884,11,12,0.750,0.000,0.0304,0.000
884,12,13,0.632,0.000,0.0304,0.000
884,13,14,0.924,0.000,0.0304,0.000
884,14,15,0.748,0.000,0.0304,0.000
884,15,16,0.867,3806.019,0.0304,0.000
885,0,2,0.897,37.035,2.7184,3.703
885,1,3,0.943,1588.629,0.0135,158.863
885,2,4,1.028,1509.364,6.3736,150.936
885,3,5,2.552,921.584,4.4862,92.158
885,4,6,10.384,523.969,2.4004,52.397
885,5,7,0.702,0.034,0.0295,0.003
885,6,8,0.880,0.000,0.0304,0.000
885,7,9,0.722,0.000,0.0304,0.000
885,8,10,0.975,0.000,0.0304,0.000
885,9,11,0.788,0.000,0.0304,0.000
885,10,12,1.159,0.000,0.0304,0.000
885,11,13,0.467,0.000,0.0304,0.000
885,12,14,0.645,0.000,0.0304,0.000
885,13,15,1.095,0.000,0.0304,0.000
885,14,16,0.545,3806.019,0.0304,0.000
885,15,17,1.133,0.000,0.0304,380.602
886,0,3,2.713,1588.629,0.0135,158.863
886,1,4,4.262,1509.364,6.3736,150.936
886,2,5,2.287,921.584,4.4862,92.158
886,3,6,11.889,523.969,2.4004,52.397
886,4,7,0.940,0.034,0.0295,0.003
886,5,8,1.671,0.000,0.0304,0.000
886,6,9,1.948,0.000,0.0304,0.000
886,7,10,1.414,0.000,0.0304,0.000
886,8,11,2.024,0.000,0.0304,0.000
886,9,12,2.888,0.000,0.0304,0.000
886,10,13,2.555,0.000,0.0304,0.000
886,11,14,2.560,0.000,0.0304,0.000
886,12,15,1.425,0.000,0.0304,0.000
886,13,16,1.487,3806.019,0.0304,0.000
886,14,17,2.678,0.000,0.0304,380.602
886,15,18,0.597,0.000,0.0304,201.317
887,0,4,1.457,1509.364,6.3736,150.936
887,1,5,7.004,921.584,4.4862,92.158
887,2,6,3.342,523.969,2.4004,52.397
887,3,7,3.154,0.034,0.0295,0.003
887,4,8,0.785,0.000,0.0304,0.000
887,5,9,1.971,0.000,0.0304,0.000
887,6,10,0.818,0.000,0.0304,0.000
887,7,11,1.400,0.000,0.0304,0.000
887,8,12,0.693,0.000,0.0304,0.000
887,9,13,1.867,0.000,0.0304,0.000
887,10,14,3.060,0.000,0.0304,0.000
887,11,15,1.347,0.000,0.0304,0.000
887,12,16,3.842,3806.019,0.0304,0.000
887,13,17,1.122,0.000,0.0304,380.602
887,14,18,4.587,0.000,0.0304,201.317
887,15,19,1.133,0.000,5.7607,76.422
888,0,5,0.336,921.584,4.4862,92.158
888,1,6,6.124,523.969,2.4004,52.397
888,2,7,0.302,0.034,0.0295,0.003
888,3,8,0.860,0.000,0.0304,0.000
888,4,9,0.513,0.000,0.0304,0.000
888,5,10,1.128,0.000,0.0304,0.000
888,6,11,0.857,0.000,0.0304,0.000
888,7,12,0.515,0.000,0.0304,0.000
888,8,13,0.764,0.000,0.0304,0.000
888,9,14,0.172,0.000,0.0304,0.000
888,10,15,0.474,0.000,0.0304,0.000
888,11,16,0.732,3806.019,0.0304,0.000
888,12,17,0.657,0.000,0.0304,380.602
888,13,18,0.521,0.000,0.0304,201.317
888,14,19,2.559,0.000,5.7607,76.422
888,15,20,2.303,258.819,3.6098,0.977
889,0,6,0.336,523.969,2.4004,52.397
889,1,7,0.896,0.034,0.0295,0.003
889,2,8,0.383,0.000,0.0304,0.000
889,3,9,0.875,0.000,0.0304,0.000
889,4,10,0.629,0.000,0.0304,0.000
889,5,11,0.994,0.000,0.0304,0.000
889,6,12,0.211,0.000,0.0304,0.000
889,7,13,0.449,0.000,0.0304,0.000
889,8,14,0.428,0.000,0.0304,0.000
889,9,15,1.329,0.000,0.0304,0.000
889,10,16,1.267,3806.019,0.0304,0.000
889,11,17,0.635,0.000,0.0304,380.602
889,12,18,0.264,0.000,0.0304,201.317
889,13,19,0.296,0.000,5.7607,76.422
889,14,20,0.676,258.819,3.6098,0.977
889,15,21,0.407,0.000,0.3237,26.396
890,0,7,0.311,0.034,0.0295,0.003
890,1,8,0.949,0.000,0.0304,0.000
890,2,9,0.785,0.000,0.0304,0.000
890,3,10,0.528,0.000,0.0304,0.000
890,4,11,1.174,0.000,0.0304,0.000
890,5,12,0.755,0.000,0.0304,0.000
890,6,13,0.296,0.000,0.0304,0.000
890,7,14,0.664,0.000,0.0304,0.000
890,8,15,0.442,0.000,0.0304,0.000
890,9,16,0.425,3806.019,0.0304,0.000
890,10,17,0.570,0.000,0.0304,380.602
890,11,18,0.665,0.000,0.0304,201.317
890,12,19,0.872,0.000,5.7607,76.422
890,13,20,1.057,258.819,3.6098,0.977
890,14,21,0.312,0.000,0.3237,26.396
890,15,22,0.312,241.181,0.0140,2.602
891,0,8,0.874,0.000,0.0304,0.000
891,1,9,0.664,0.000,0.0304,0.000
891,2,10,1.110,0.000,0.0304,0.000
891,3,11,0.729,0.000,0.0304,0.000
891,4,12,0.860,0.000,0.0304,0.000
891,5,13,0.974,0.000,0.0304,0.000
891,6,14,0.674,0.000,0.0304,0.000
891,7,15,1.828,0.000,0.0304,0.000
891,8,16,1.555,3806.019,0.0304,0.000
891,9,17,0.963,0.000,0.0304,380.602
891,10,18,0.691,0.000,0.0304,201.317
891,11,19,2.529,0.000,5.7607,76.422
891,12,20,2.115,258.819,3.6098,0.977
891,13,21,0.449,0.000,0.3237,26.396
891,14,22,1.082,241.181,0.0140,2.602
891,15,23,1.631,0.000,0.0135,23.900
892,0,9,1.237,0.000,0.0304,0.000
892,1,10,0.436,0.000,0.0304,0.000
892,2,11,1.121,0.000,0.0304,0.000
892,3,12,0.707,0.000,0.0304,0.000
892,4,13,0.528,0.000,0.0304,0.000
892,5,14,1.572,0.000,0.0304,0.000
892,6,15,0.328,0.000,0.0304,0.000
892,7,16,0.448,3806.019,0.0304,0.000
892,8,17,1.290,0.000,0.0304,380.602
892,9,18,0.864,0.000,0.0304,201.317
892,10,19,1.241,0.000,5.7607,76.422
892,11,20,0.283,258.819,3.6098,0.977
892,12,21,0.289,0.000,0.3237,26.396
892,13,22,0.242,241.181,0.0140,2.602
892,14,23,0.617,0.000,0.0135,23.900
892,15,24,1.795,207.107,0.0135,3.324
893,0,10,0.850,0.000,0.0304,0.000
893,1,11,2.175,0.000,0.0304,0.000
893,2,12,0.489,0.000,0.0304,0.000
893,3,13,0.835,0.000,0.0304,0.000
893,4,14,0.990,0.000,0.0304,0.000
893,5,15,0.473,0.000,0.0304,0.000
893,6,16,0.362,3806.019,0.0304,0.000
893,7,17,1.163,0.000,0.0304,380.602
893,8,18,0.393,0.000,0.0304,201.317
893,9,19,0.748,0.000,5.7607,76.422
893,10,20,0.863,258.819,3.6098,0.977
893,11,21,0.325,0.000,0.3237,26.396
893,12,22,0.744,241.181,0.0140,2.602
893,13,23,0.701,0.000,0.0135,23.900
893,14,24,0.369,207.107,0.0135,3.324
893,15,25,2.020,158.919,0.0128,20.206
894,0,11,2.091,0.000,0.0304,0.000
894,1,12,2.809,0.000,0.0304,0.000
894,2,13,0.306,0.000,0.0304,0.000
894,3,14,1.003,0.000,0.0304,0.000
894,4,15,0.793,0.000,0.0304,0.000
894,5,16,1.765,3806.019,0.0304,0.000
894,6,17,0.286,0.000,0.0304,380.602
894,7,18,0.109,0.000,0.0304,201.317
894,8,19,0.303,0.000,5.7607,76.422
894,9,20,0.799,258.819,3.6098,0.977
894,10,21,0.550,0.000,0.3237,26.396
894,11,22,1.235,241.181,0.0140,2.602
894,12,23,1.294,0.000,0.0135,23.900
894,13,24,1.111,207.107,0.0135,3.324
894,14,25,2.761,158.919,0.0128,20.206
894,15,26,0.709,99.900,0.0128,15.358
895,0,12,0.708,0.000,0.0304,0.000
895,1,13,0.707,0.000,0.0304,0.000
895,2,14,0.935,0.000,0.0304,0.000
895,3,15,1.101,0.000,0.0304,0.000
895,4,16,0.508,3806.019,0.0304,0.000
895,5,17,0.679,0.000,0.0304,380.602
895,6,18,0.202,0.000,0.0304,201.317
895,7,19,1.081,0.000,5.7607,76.422
895,8,20,0.321,258.819,3.6098,0.977
895,9,21,0.901,0.000,0.3237,26.396
895,10,22,0.657,241.181,0.0140,2.602
895,11,23,0.404,0.000,0.0135,23.900
895,12,24,0.128,207.107,0.0135,3.324
895,13,25,0.743,158.919,0.0128,20.206
895,14,26,0.199,99.900,0.0128,15.358
895,15,27,0.373,34.075,0.0122,9.608
896,0,13,1.836,0.000,0.0304,0.000
896,1,14,6.915,0.000,0.0304,0.000
896,2,15,337.268,0.000,0.0304,0.000
896,3,16,359.653,3806.019,0.0304,0.000
896,4,17,4.298,0.000,0.0304,380.602
896,5,18,2.213,0.000,0.0304,201.317
896,6,19,22.181,0.000,5.7607,76.422
896,7,20,23.435,258.819,3.6098,0.977
896,8,21,22.955,0.000,0.3237,26.396
896,9,22,22.669,241.181,0.0140,2.602
896,10,23,17.384,0.000,0.0135,23.900
896,11,24,34.784,207.107,0.0135,3.324
896,12,25,24.056,158.919,0.0128,20.206
896,13,26,11.728,99.900,0.0128,15.358
896,14,27,3.011,34.075,0.0122,9.608
896,15,28,4.559,0.000,0.0117,3.239
897,0,14,1.195,0.000,0.0304,0.000
897,1,15,0.960,0.000,0.0304,0.000
897,2,16,379.130,3806.019,0.0304,0.000
897,3,17,0.549,0.000,0.0304,380.602
897,4,18,0.718,0.000,0.0304,201.317
897,5,19,0.623,0.000,5.7607,76.422
897,6,20,26.056,258.819,3.6098,0.977
897,7,21,0.843,0.000,0.3237,26.396
897,8,22,23.759,241.181,0.0140,2.602
897,9,23,0.565,0.000,0.0135,23.900
897,10,24,20.875,207.107,0.0135,3.324
897,11,25,16.808,158.919,0.0128,20.206
897,12,26,9.590,99.900,0.0128,15.358
897,13,27,3.408,34.075,0.0122,9.608
897,14,28,0.041,0.000,0.0117,3.239
897,15,29,0.517,0.000,0.0114,3.223
898,0,15,1.590,0.000,0.0304,0.000
898,1,16,1.402,3806.019,0.0304,0.000
898,2,17,1.789,0.000,0.0304,380.602
898,3,18,1.812,0.000,0.0304,201.317
898,4,19,0.527,0.000,5.7607,76.422
898,5,20,0.893,258.819,3.6098,0.977
898,6,21,0.346,0.000,0.3237,26.396
898,7,22,0.445,241.181,0.0140,2.602
898,8,23,0.874,0.000,0.0135,23.900
898,9,24,1.214,207.107,0.0135,3.324
898,10,25,0.286,158.919,0.0128,20.206
898,11,26,1.137,99.900,0.0128,15.358
898,12,27,0.638,34.075,0.0122,9.608
898,13,28,0.536,0.000,0.0117,3.239
898,14,29,0.395,0.000,0.0114,3.223
898,15,30,0.902,0.000,0.0454,3.356
899,0,16,0.994,3806.019,0.0304,0.000
899,1,17,380.349,0.000,0.0304,380.602
899,2,18,0.678,0.000,0.0304,201.317
899,3,19,0.533,0.000,5.7607,76.422
899,4,20,0.564,258.819,3.6098,0.977
899,5,21,25.830,0.000,0.3237,26.396
899,6,22,0.469,241.181,0.0140,2.602
899,7,23,23.588,0.000,0.0135,23.900
899,8,24,0.311,207.107,0.0135,3.324
899,9,25,20.376,158.919,0.0128,20.206
899,10,26,15.828,99.900,0.0128,15.358
899,11,27,10.203,34.075,0.0122,9.608
899,12,28,3.436,0.000,0.0117,3.239
899,13,29,0.321,0.000,0.0114,3.223
899,14,30,0.300,0.000,0.0454,3.356
899,15,31,0.108,0.000,0.0177,3.231
900,0,17,35.289,0.000,0.0304,380.602
900,1,18,17.559,0.000,0.0304,201.317
900,2,19,0.137,0.000,5.7607,76.422
900,3,20,2.356,258.819,3.6098,0.977
900,4,21,4.126,0.000,0.3237,26.396
900,5,22,2.702,241.181,0.0140,2.602
900,6,23,2.800,0.000,0.0135,23.900
900,7,24,3.864,207.107,0.0135,3.324
900,8,25,3.998,158.919,0.0128,20.206
900,9,26,2.997,99.900,0.0128,15.358
900,10,27,3.936,34.075,0.0122,9.608
900,11,28,3.669,0.000,0.0117,3.239
900,12,29,3.562,0.000,0.0114,3.223
900,13,30,2.461,0.000,0.0454,3.356
900,14,31,3.243,0.000,0.0177,3.231
900,15,32,2.110,0.000,0.0253,3.381
901,0,18,4.877,0.000,0.0304,201.317
901,1,19,0.712,0.000,5.7607,76.422
901,2,20,0.681,258.819,3.6098,0.977
901,3,21,27.230,0.000,0.3237,26.396
901,4,22,1.018,241.181,0.0140,2.602
901,5,23,25.048,0.000,0.0135,23.900
901,6,24,0.754,207.107,0.0135,3.324
901,7,25,21.154,158.919,0.0128,20.206
901,8,26,16.879,99.900,0.0128,15.358
901,9,27,10.253,34.075,0.0122,9.608
901,10,28,4.094,0.000,0.0117,3.239
901,11,29,1.169,0.000,0.0114,3.223
901,12,30,0.577,0.000,0.0454,3.356
901,13,31,1.495,0.000,0.0177,3.231
901,14,32,1.440,0.000,0.0253,3.381
901,15,33,2.455,0.000,0.0186,3.232
902,0,19,0.894,0.000,5.7607,76.422
902,1,20,0.473,258.819,3.6098,0.977
902,2,21,1.557,0.000,0.3237,26.396
902,3,22,0.651,241.181,0.0140,2.602
902,4,23,0.544,0.000,0.0135,23.900
902,5,24,0.618,207.107,0.0135,3.324
902,6,25,0.526,158.919,0.0128,20.206
902,7,26,0.696,99.900,0.0128,15.358
902,8,27,0.842,34.075,0.0122,9.608
902,9,28,1.088,0.000,0.0117,3.239
902,10,29,1.038,0.000,0.0114,3.223
902,11,30,0.710,0.000,0.0454,3.356
902,12,31,0.251,0.000,0.0177,3.231
902,13,32,0.551,0.000,0.0253,3.381
902,14,33,0.850,0.000,0.0186,3.232
902,15,34,1.138,0.000,0.0252,3.384
903,0,20,0.629,258.819,3.6098,0.977
903,1,21,1.658,0.000,0.3237,26.396
903,2,22,2.124,241.181,0.0140,2.602
903,3,23,1.116,0.000,0.0135,23.900
903,4,24,0.812,207.107,0.0135,3.324
903,5,25,2.400,158.919,0.0128,20.206
903,6,26,0.674,99.900,0.0128,15.358
903,7,27,0.657,34.075,0.0122,9.608
903,8,28,0.439,0.000,0.0117,3.239
903,9,29,1.727,0.000,0.0114,3.223
903,10,30,0.801,0.000,0.0454,3.356
903,11,31,0.839,0.000,0.0177,3.231
903,12,32,0.946,0.000,0.0253,3.381
903,13,33,0.815,0.000,0.0186,3.232
903,14,34,1.236,0.000,0.0252,3.384
903,15,35,1.334,0.000,0.0175,3.232
904,0,21,0.266,0.000,0.3237,26.396
904,1,22,0.384,241.181,0.0140,2.602
904,2,23,0.349,0.000,0.0135,23.900
904,3,24,0.147,207.107,0.0135,3.324
904,4,25,0.548,158.919,0.0128,20.206
904,5,26,0.205,99.900,0.0128,15.358
904,6,27,0.344,34.075,0.0122,9.608
904,7,28,0.283,0.000,0.0117,3.239
904,8,29,0.455,0.000,0.0114,3.223
904,9,30,0.527,0.000,0.0454,3.356
904,10,31,0.542,0.000,0.0177,3.231
904,11,32,0.321,0.000,0.0253,3.381
904,12,33,0.342,0.000,0.0186,3.232
904,13,34,0.514,0.000,0.0252,3.384
904,14,35,0.216,0.000,0.0175,3.232
904,15,36,0.763,0.000,0.0252,3.384
905,0,22,0.396,241.181,0.0140,2.602
905,1,23,0.433,0.000,0.0135,23.900
905,2,24,0.562,207.107,0.0135,3.324
905,3,25,0.427,158.919,0.0128,20.206
905,4,26,0.137,99.900,0.0128,15.358
905,5,27,0.540,34.075,0.0122,9.608
905,6,28,0.286,0.000,0.0117,3.239
905,7,29,0.348,0.000,0.0114,3.223
905,8,30,0.286,0.000,0.0454,3.356
905,9,31,0.369,0.000,0.0177,3.231
905,10,32,0.184,0.000,0.0253,3.381
905,11,33,0.234,0.000,0.0186,3.232
905,12,34,0.309,0.000,0.0252,3.384
905,13,35,0.590,0.000,0.0175,3.232
905,14,36,0.271,0.000,0.0252,3.384
905,15,37,0.263,0.000,0.0182,3.231
906,0,23,0.374,0.000,0.0135,23.900
906,1,24,0.880,207.107,0.0135,3.324
906,2,25,0.320,158.919,0.0128,20.206
906,3,26,0.650,99.900,0.0128,15.358
906,4,27,0.541,34.075,0.0122,9.608
906,5,28,0.603,0.000,0.0117,3.239
906,6,29,0.225,0.000,0.0114,3.223
906,7,30,0.582,0.000,0.0454,3.356
906,8,31,0.607,0.000,0.0177,3.231
906,9,32,0.234,0.000,0.0253,3.381
906,10,33,0.523,0.000,0.0186,3.232
906,11,34,0.823,0.000,0.0252,3.384
906,12,35,0.559,0.000,0.0175,3.232
906,13,36,0.550,0.000,0.0252,3.384
906,14,37,0.376,0.000,0.0182,3.231
906,15,38,1.150,0.000,0.0251,3.384
907,0,24,1.248,207.107,0.0135,3.324
907,1,25,0.723,158.919,0.0128,20.206
907,2,26,0.559,99.900,0.0128,15.358
907,3,27,0.394,34.075,0.0122,9.608
907,4,28,0.558,0.000,0.0117,3.239
907,5,29,0.837,0.000,0.0114,3.223
907,6,30,0.850,0.000,0.0454,3.356
907,7,31,0.732,0.000,0.0177,3.231
907,8,32,0.635,0.000,0.0253,3.381
907,9,33,0.180,0.000,0.0186,3.232
907,10,34,1.164,0.000,0.0252,3.384
907,11,35,0.277,0.000,0.0175,3.232
907,12,36,0.699,0.000,0.0252,3.384
907,13,37,0.555,0.000,0.0182,3.231
907,14,38,0.872,0.000,0.0251,3.384
907,15,39,1.049,1000.000,0.0176,3.232
908,0,25,0.318,158.919,0.0128,20.206
908,1,26,0.387,99.900,0.0128,15.358
908,2,27,0.521,34.075,0.0122,9.608
908,3,28,0.301,0.000,0.0117,3.239
908,4,29,0.020,0.000,0.0114,3.223
908,5,30,0.556,0.000,0.0454,3.356
908,6,31,0.292,0.000,0.0177,3.231
908,7,32,0.706,0.000,0.0253,3.381
908,8,33,0.299,0.000,0.0186,3.232
908,9,34,0.539,0.000,0.0252,3.384
908,10,35,0.340,0.000,0.0175,3.232
908,11,36,0.173,0.000,0.0252,3.384
908,12,37,0.587,0.000,0.0182,3.231
908,13,38,0.634,0.000,0.0251,3.384
908,14,39,0.428,1000.000,0.0176,3.232
908,15,40,0.841,1035.572,0.0250,3.796
909,0,26,0.631,99.900,0.0128,15.358
909,1,27,1.638,34.075,0.0122,9.608
909,2,28,0.449,0.000,0.0117,3.239
909,3,29,0.360,0.000,0.0114,3.223
909,4,30,0.130,0.000,0.0454,3.356
909,5,31,0.267,0.000,0.0177,3.231
909,6,32,0.217,0.000,0.0253,3.381
909,7,33,0.665,0.000,0.0186,3.232
909,8,34,0.372,0.000,0.0252,3.384
909,9,35,0.112,0.000,0.0175,3.232
909,10,36,0.251,0.000,0.0252,3.384
909,11,37,0.304,0.000,0.0182,3.231
909,12,38,0.308,0.000,0.0251,3.384
909,13,39,0.273,1000.000,0.0176,3.232
909,14,40,0.344,1035.572,0.0250,3.796
909,15,41,32.307,0.000,1.9983,102.745
910,0,27,0.753,34.075,0.0122,9.608
910,1,28,0.718,0.000,0.0117,3.239
910,2,29,0.564,0.000,0.0114,3.223
910,3,30,0.416,0.000,0.0454,3.356
910,4,31,0.690,0.000,0.0177,3.231
910,5,32,0.279,0.000,0.0253,3.381
910,6,33,0.308,0.000,0.0186,3.232
910,7,34,0.543,0.000,0.0252,3.384
910,8,35,0.074,0.000,0.0175,3.232
910,9,36,0.848,0.000,0.0252,3.384
910,10,37,0.172,0.000,0.0182,3.231
910,11,38,0.356,0.000,0.0251,3.384
910,12,39,0.332,1000.000,0.0176,3.232
910,13,40,0.577,1035.572,0.0250,3.796
910,14,41,53.545,0.000,1.9983,102.745
910,15,42,4.733,0.000,4.4635,21.003
911,0,28,1.229,0.000,0.0117,3.239
911,1,29,0.565,0.000,0.0114,3.223
911,2,30,0.531,0.000,0.0454,3.356
911,3,31,0.442,0.000,0.0177,3.231
911,4,32,0.192,0.000,0.0253,3.381
911,5,33,0.382,0.000,0.0186,3.232
911,6,34,0.101,0.000,0.0252,3.384
911,7,35,0.276,0.000,0.0175,3.232
911,8,36,0.255,0.000,0.0252,3.384
911,9,37,0.227,0.000,0.0182,3.231
911,10,38,0.286,0.000,0.0251,3.384
911,11,39,0.524,1000.000,0.0176,3.232
911,12,40,0.894,1035.572,0.0250,3.796
911,13,41,36.221,0.000,1.9983,102.745
911,14,42,0.211,0.000,4.4635,21.003
911,15,43,0.431,0.000,3.0368,0.620
912,0,29,0.723,0.000,0.0114,3.223
912,1,30,0.448,0.000,0.0454,3.356
912,2,31,0.310,0.000,0.0177,3.231
912,3,32,0.236,0.000,0.0253,3.381
912,4,33,0.395,0.000,0.0186,3.232
912,5,34,0.565,0.000,0.0252,3.384
912,6,35,0.136,0.000,0.0175,3.232
912,7,36,0.628,0.000,0.0252,3.384
912,8,37,0.213,0.000,0.0182,3.231
912,9,38,0.243,0.000,0.0251,3.384
912,10,39,0.573,1000.000,0.0176,3.232
912,11,40,0.478,1035.572,0.0250,3.796
912,12,41,9.941,0.000,1.9983,102.745
912,13,42,0.586,0.000,4.4635,21.003
912,14,43,1.033,0.000,3.0368,0.620
912,15,44,0.646,0.000,0.0296,1.227
913,0,30,0.272,0.000,0.0454,3.356
913,1,31,0.349,0.000,0.0177,3.231
913,2,32,0.659,0.000,0.0253,3.381
913,3,33,0.514,0.000,0.0186,3.232
913,4,34,0.191,0.000,0.0252,3.384
913,5,35,0.641,0.000,0.0175,3.232
913,6,36,0.587,0.000,0.0252,3.384
913,7,37,0.253,0.000,0.0182,3.231
913,8,38,0.764,0.000,0.0251,3.384
913,9,39,0.729,1000.000,0.0176,3.232
913,10,40,0.316,1035.572,0.0250,3.796
913,11,41,21.420,0.000,1.9983,102.745
913,12,42,0.762,0.000,4.4635,21.003
913,13,43,0.279,0.000,3.0368,0.620
913,14,44,0.237,0.000,0.0296,1.227
913,15,45,0.160,0.000,0.0304,0.619
914,0,31,0.270,0.000,0.0177,3.231
914,1,32,0.114,0.000,0.0253,3.381
914,2,33,0.592,0.000,0.0186,3.232
914,3,34,0.046,0.000,0.0252,3.384
914,4,35,0.022,0.000,0.0175,3.232
914,5,36,0.574,0.000,0.0252,3.384
914,6,37,0.367,0.000,0.0182,3.231
914,7,38,0.308,0.000,0.0251,3.384
914,8,39,0.173,1000.000,0.0176,3.232
914,9,40,1.238,1035.572,0.0250,3.796
914,10,41,49.933,0.000,1.9983,102.745
914,11,42,0.546,0.000,4.4635,21.003
914,12,43,0.622,0.000,3.0368,0.620
914,13,44,0.806,0.000,0.0296,1.227
914,14,45,0.388,0.000,0.0304,0.619
914,15,46,0.733,0.000,0.0301,1.226
915,0,32,0.548,0.000,0.0253,3.381
915,1,33,0.354,0.000,0.0186,3.232
915,2,34,0.358,0.000,0.0252,3.384
915,3,35,0.192,0.000,0.0175,3.232
915,4,36,0.342,0.000,0.0252,3.384
915,5,37,0.066,0.000,0.0182,3.231
915,6,38,0.226,0.000,0.0251,3.384
915,7,39,0.415,1000.000,0.0176,3.232
915,8,40,1.078,1035.572,0.0250,3.796
915,9,41,30.056,0.000,1.9983,102.745
915,10,42,0.814,0.000,4.4635,21.003
915,11,43,0.424,0.000,3.0368,0.620
915,12,44,0.613,0.000,0.0296,1.227
915,13,45,0.169,0.000,0.0304,0.619
915,14,46,0.333,0.000,0.0301,1.226
915,15,47,0.390,0.000,0.0304,0.620
916,0,33,1.039,0.000,0.0186,3.232
916,1,34,1.720,0.000,0.0252,3.384
916,2,35,0.056,0.000,0.0175,3.232
916,3,36,1.149,0.000,0.0252,3.384
916,4,37,0.471,0.000,0.0182,3.231
916,5,38,0.988,0.000,0.0251,3.384
916,6,39,1.148,1000.000,0.0176,3.232
916,7,40,4.368,1035.572,0.0250,3.796
916,8,41,4.489,0.000,1.9983,102.745
916,9,42,0.822,0.000,4.4635,21.003
916,10,43,0.375,0.000,3.0368,0.620
916,11,44,1.156,0.000,0.0296,1.227
916,12,45,1.958,0.000,0.0304,0.619
916,13,46,0.902,0.000,0.0301,1.226
916,14,47,0.907,0.000,0.0304,0.620
916,15,48,0.733,0.000,0.0302,1.226
917,0,34,1.855,0.000,0.0252,3.384
917,1,35,1.399,0.000,0.0175,3.232
917,2,36,1.317,0.000,0.0252,3.384
917,3,37,0.930,0.000,0.0182,3.231
917,4,38,1.225,0.000,0.0251,3.384
917,5,39,1.949,1000.000,0.0176,3.232
917,6,40,0.721,1035.572,0.0250,3.796
917,7,41,8.552,0.000,1.9983,102.745
917,8,42,0.613,0.000,4.4635,21.003
917,9,43,0.454,0.000,3.0368,0.620
917,10,44,1.041,0.000,0.0296,1.227
917,11,45,0.958,0.000,0.0304,0.619
917,12,46,0.464,0.000,0.0301,1.226
917,13,47,0.715,0.000,0.0304,0.620
917,14,48,0.622,0.000,0.0302,1.226
917,15,49,0.763,0.000,0.0304,0.619
918,0,35,0.307,0.000,0.0175,3.232
918,1,36,0.480,0.000,0.0252,3.384
918,2,37,0.255,0.000,0.0182,3.231
918,3,38,0.515,0.000,0.0251,3.384
918,4,39,0.500,1000.000,0.0176,3.232
918,5,40,0.250,1035.572,0.0250,3.796
918,6,41,1.364,0.000,1.9983,102.745
918,7,42,0.825,0.000,4.4635,21.003
918,8,43,0.258,0.000,3.0368,0.620
918,9,44,0.550,0.000,0.0296,1.227
918,10,45,0.249,0.000,0.0304,0.619
918,11,46,0.736,0.000,0.0301,1.226
918,12,47,0.809,0.000,0.0304,0.620
918,13,48,0.343,0.000,0.0302,1.226
918,14,49,0.405,0.000,0.0304,0.619
918,15,50,1.066,0.000,0.0302,1.225
919,0,36,0.399,0.000,0.0252,3.384
919,1,37,0.171,0.000,0.0182,3.231
919,2,38,0.761,0.000,0.0251,3.384
919,3,39,1.396,1000.000,0.0176,3.232
919,4,40,2.275,1035.572,0.0250,3.796
919,5,41,2.489,0.000,1.9983,102.745
919,6,42,0.830,0.000,4.4635,21.003
919,7,43,0.844,0.000,3.0368,0.620
919,8,44,0.947,0.000,0.0296,1.227
919,9,45,0.610,0.000,0.0304,0.619
919,10,46,1.093,0.000,0.0301,1.226
919,11,47,0.340,0.000,0.0304,0.620
919,12,48,1.465,0.000,0.0302,1.226
919,13,49,1.167,0.000,0.0304,0.619
919,14,50,0.183,0.000,0.0302,1.225
919,15,51,1.994,0.000,0.0303,0.620
920,0,37,0.601,0.000,0.0182,3.231
920,1,38,0.593,0.000,0.0251,3.384
920,2,39,0.601,1000.000,0.0176,3.232
920,3,40,0.780,1035.572,0.0250,3.796
920,4,41,6.515,0.000,1.9983,102.745
920,5,42,0.419,0.000,4.4635,21.003
920,6,43,0.720,0.000,3.0368,0.620
920,7,44,0.409,0.000,0.0296,1.227
920,8,45,0.605,0.000,0.0304,0.619
920,9,46,0.386,0.000,0.0301,1.226
920,10,47,0.459,0.000,0.0304,0.620
920,11,48,0.211,0.000,0.0302,1.226
920,12,49,0.649,0.000,0.0304,0.619
920,13,50,0.285,0.000,0.0302,1.225
920,14,51,0.228,0.000,0.0303,0.620
920,15,52,0.690,0.000,0.0302,1.226
921,0,38,1.731,0.000,0.0251,3.384
921,1,39,1.175,1000.000,0.0176,3.232
921,2,40,1.843,1035.572,0.0250,3.796
921,3,41,24.763,0.000,1.9983,102.745
921,4,42,0.779,0.000,4.4635,21.003
921,5,43,1.529,0.000,3.0368,0.620
921,6,44,0.672,0.000,0.0296,1.227
921,7,45,0.743,0.000,0.0304,0.619
921,8,46,0.982,0.000,0.0301,1.226
921,9,47,0.942,0.000,0.0304,0.620
921,10,48,0.650,0.000,0.0302,1.226
921,11,49,0.250,0.000,0.0304,0.619
921,12,50,0.804,0.000,0.0302,1.225
921,13,51,0.601,0.000,0.0303,0.620
921,14,52,0.237,0.000,0.0302,1.226
921,15,53,0.859,258.819,0.0302,0.619
922,0,39,0.348,1000.000,0.0176,3.232
922,1,40,1.116,1035.572,0.0250,3.796
922,2,41,11.291,0.000,1.9983,102.745
922,3,42,1.890,0.000,4.4635,21.003
922,4,43,1.279,0.000,3.0368,0.620
922,5,44,1.020,0.000,0.0296,1.227
922,6,45,1.192,0.000,0.0304,0.619
922,7,46,0.186,0.000,0.0301,1.226
922,8,47,0.489,0.000,0.0304,0.620
922,9,48,0.416,0.000,0.0302,1.226
922,10,49,0.617,0.000,0.0304,0.619
922,11,50,0.532,0.000,0.0302,1.225
922,12,51,0.305,0.000,0.0303,0.620
922,13,52,0.087,0.000,0.0302,1.226
922,14,53,0.534,258.819,0.0302,0.619
922,15,54,1.932,0.000,0.0303,25.738
923,0,40,1.248,1035.572,0.0250,3.796
923,1,41,9.518,0.000,1.9983,102.745
923,2,42,3.916,0.000,4.4635,21.003
923,3,43,1.162,0.000,3.0368,0.620
923,4,44,0.826,0.000,0.0296,1.227
923,5,45,0.576,0.000,0.0304,0.619
923,6,46,2.131,0.000,0.0301,1.226
923,7,47,0.820,0.000,0.0304,0.620
923,8,48,0.997,0.000,0.0302,1.226
923,9,49,0.456,0.000,0.0304,0.619
923,10,50,0.460,0.000,0.0302,1.225
923,11,51,0.794,0.000,0.0303,0.620
923,12,52,0.718,0.000,0.0302,1.226
923,13,53,0.181,258.819,0.0302,0.619
923,14,54,3.742,0.000,0.0303,25.738
923,15,55,0.505,241.181,0.0303,3.856
924,0,41,3.796,0.000,1.9983,102.745
924,1,42,1.523,0.000,4.4635,21.003
924,2,43,1.309,0.000,3.0368,0.620
924,3,44,0.657,0.000,0.0296,1.227
924,4,45,0.738,0.000,0.0304,0.619
924,5,46,0.860,0.000,0.0301,1.226
924,6,47,0.386,0.000,0.0304,0.620
924,7,48,0.483,0.000,0.0302,1.226
924,8,49,0.178,0.000,0.0304,0.619
924,9,50,0.548,0.000,0.0302,1.225
924,10,51,0.830,0.000,0.0303,0.620
924,11,52,0.660,0.000,0.0302,1.226
924,12,53,0.230,258.819,0.0302,0.619
924,13,54,1.263,0.000,0.0303,25.738
924,14,55,1.251,241.181,0.0303,3.856
924,15,56,2.018,207.107,0.0294,23.208
925,0,42,1.532,0.000,4.4635,21.003
925,1,43,1.055,0.000,3.0368,0.620
925,2,44,1.424,0.000,0.0296,1.227
925,3,45,1.565,0.000,0.0304,0.619
925,4,46,0.730,0.000,0.0301,1.226
925,5,47,1.188,0.000,0.0304,0.620
925,6,48,1.043,0.000,0.0302,1.226
925,7,49,0.912,0.000,0.0304,0.619
925,8,50,0.729,0.000,0.0302,1.225
925,9,51,0.909,0.000,0.0303,0.620
925,10,52,1.465,0.000,0.0302,1.226
925,11,53,1.392,258.819,0.0302,0.619
925,12,54,1.705,0.000,0.0303,25.738
925,13,55,2.316,241.181,0.0303,3.856
925,14,56,1.675,207.107,0.0294,23.208
925,15,57,1.146,158.918,0.0291,19.580
926,0,43,1.524,0.000,3.0368,0.620
926,1,44,0.121,0.000,0.0296,1.227
926,2,45,0.221,0.000,0.0304,0.619
926,3,46,0.556,0.000,0.0301,1.226
926,4,47,0.655,0.000,0.0304,0.620
926,5,48,0.082,0.000,0.0302,1.226
926,6,49,0.504,0.000,0.0304,0.619
926,7,50,0.233,0.000,0.0302,1.225
926,8,51,0.420,0.000,0.0303,0.620
926,9,52,0.343,0.000,0.0302,1.226
926,10,53,0.603,258.819,0.0302,0.619
926,11,54,0.540,0.000,0.0303,25.738
926,12,55,0.446,241.181,0.0303,3.856
926,13,56,0.415,207.107,0.0294,23.208
926,14,57,0.322,158.918,0.0291,19.580
926,15,58,0.758,99.901,0.0282,14.896
927,0,44,1.196,0.000,0.0296,1.227
927,1,45,3.670,0.000,0.0304,0.619
927,2,46,1.803,0.000,0.0301,1.226
927,3,47,0.469,0.000,0.0304,0.620
927,4,48,0.796,0.000,0.0302,1.226
927,5,49,0.520,0.000,0.0304,0.619
927,6,50,0.838,0.000,0.0302,1.225
927,7,51,0.253,0.000,0.0303,0.620
927,8,52,1.100,0.000,0.0302,1.226
927,9,53,0.274,258.819,0.0302,0.619
927,10,54,1.400,0.000,0.0303,25.738
927,11,55,0.838,241.181,0.0303,3.856
927,12,56,1.001,207.107,0.0294,23.208
927,13,57,0.932,158.918,0.0291,19.580
927,14,58,0.580,99.901,0.0282,14.896
927,15,59,0.675,34.075,0.0271,9.361
928,0,45,1.419,0.000,0.0304,0.619
928,1,46,0.358,0.000,0.0301,1.226
928,2,47,0.371,0.000,0.0304,0.620
928,3,48,0.263,0.000,0.0302,1.226
928,4,49,0.256,0.000,0.0304,0.619
928,5,50,0.448,0.000,0.0302,1.225
928,6,51,0.490,0.000,0.0303,0.620
928,7,52,0.246,0.000,0.0302,1.226
928,8,53,0.534,258.819,0.0302,0.619
928,9,54,0.395,0.000,0.0303,25.738
928,10,55,0.493,241.181,0.0303,3.856
928,11,56,0.512,207.107,0.0294,23.208
928,12,57,0.242,158.918,0.0291,19.580
928,13,58,0.617,99.901,0.0282,14.896
928,14,59,0.374,34.075,0.0271,9.361
928,15,60,0.265,0.000,0.0263,3.216
929,0,46,0.549,0.000,0.0301,1.226
929,1,47,1.012,0.000,0.0304,0.620
929,2,48,0.273,0.000,0.0302,1.226
929,3,49,0.377,0.000,0.0304,0.619
929,4,50,0.590,0.000,0.0302,1.225
929,5,51,0.665,0.000,0.0303,0.620
929,6,52,0.199,0.000,0.0302,1.226
929,7,53,1.612,258.819,0.0302,0.619
929,8,54,0.880,0.000,0.0303,25.738
929,9,55,2.270,241.181,0.0303,3.856
929,10,56,1.528,207.107,0.0294,23.208
929,11,57,1.558,158.918,0.0291,19.580
929,12,58,1.248,99.901,0.0282,14.896
929,13,59,1.130,34.075,0.0271,9.361
929,14,60,0.489,0.000,0.0263,3.216
929,15,61,0.150,0.000,0.0254,0.622
930,0,47,2.409,0.000,0.0304,0.620
930,1,48,0.514,0.000,0.0302,1.226
930,2,49,0.442,0.000,0.0304,0.619
930,3,50,2.059,0.000,0.0302,1.225
930,4,51,0.880,0.000,0.0303,0.620
930,5,52,0.934,0.000,0.0302,1.226
930,6,53,0.309,258.819,0.0302,0.619
930,7,54,0.999,0.000,0.0303,25.738
930,8,55,0.381,241.181,0.0303,3.856
930,9,56,0.418,207.107,0.0294,23.208
930,10,57,0.648,158.918,0.0291,19.580
930,11,58,0.596,99.901,0.0282,14.896
930,12,59,0.423,34.075,0.0271,9.361
930,13,60,0.948,0.000,0.0263,3.216
930,14,61,1.387,0.000,0.0254,0.622
930,15,62,0.280,0.000,0.0256,1.235
931,0,48,0.587,0.000,0.0302,1.226
931,1,49,0.143,0.000,0.0304,0.619
931,2,50,0.178,0.000,0.0302,1.225
931,3,51,0.318,0.000,0.0303,0.620
931,4,52,0.213,0.000,0.0302,1.226
931,5,53,0.610,258.819,0.0302,0.619
931,6,54,1.542,0.000,0.0303,25.738
931,7,55,0.978,241.181,0.0303,3.856
931,8,56,1.245,207.107,0.0294,23.208
931,9,57,0.818,158.918,0.0291,19.580
931,10,58,0.486,99.901,0.0282,14.896
931,11,59,0.749,34.075,0.0271,9.361
931,12,60,0.517,0.000,0.0263,3.216
931,13,61,0.494,0.000,0.0254,0.622
931,14,62,0.304,0.000,0.0256,1.235
931,15,63,0.816,0.000,0.0255,0.622
932,0,49,1.281,0.000,0.0304,0.619
932,1,50,0.589,0.000,0.0302,1.225
932,2,51,1.237,0.000,0.0303,0.620
932,3,52,0.425,0.000,0.0302,1.226
932,4,53,0.785,258.819,0.0302,0.619
932,5,54,0.401,0.000,0.0303,25.738
932,6,55,0.971,241.181,0.0303,3.856
932,7,56,0.466,207.107,0.0294,23.208
932,8,57,1.313,158.918,0.0291,19.580
932,9,58,0.609,99.901,0.0282,14.896
932,10,59,0.418,34.075,0.0271,9.361
932,11,60,0.919,0.000,0.0263,3.216
932,12,61,0.418,0.000,0.0254,0.622
932,13,62,0.454,0.000,0.0256,1.235
932,14,63,0.449,0.000,0.0255,0.622
932,15,64,0.237,0.000,0.0254,1.234
933,0,50,0.279,0.000,0.0302,1.225
933,1,51,0.059,0.000,0.0303,0.620
933,2,52,0.336,0.000,0.0302,1.226
933,3,53,0.203,258.819,0.0302,0.619
933,4,54,1.691,0.000,0.0303,25.738
933,5,55,1.614,241.181,0.0303,3.856
933,6,56,0.996,207.107,0.0294,23.208
933,7,57,1.339,158.918,0.0291,19.580
933,8,58,1.302,99.901,0.0282,14.896
933,9,59,0.487,34.075,0.0271,9.361
933,10,60,0.219,0.000,0.0263,3.216
933,11,61,0.231,0.000,0.0254,0.622
933,12,62,0.653,0.000,0.0256,1.235
933,13,63,0.375,0.000,0.0255,0.622
933,14,64,0.209,0.000,0.0254,1.234
933,15,65,0.343,0.000,0.0254,0.621
934,0,51,0.290,0.000,0.0303,0.620
934,1,52,0.469,0.000,0.0302,1.226
934,2,53,0.726,258.819,0.0302,0.619
934,3,54,0.817,0.000,0.0303,25.738
934,4,55,1.275,241.181,0.0303,3.856
934,5,56,0.981,207.107,0.0294,23.208
934,6,57,1.305,158.918,0.0291,19.580
934,7,58,0.700,99.901,0.0282,14.896
934,8,59,0.930,34.075,0.0271,9.361
934,9,60,0.340,0.000,0.0263,3.216
934,10,61,0.449,0.000,0.0254,0.622
934,11,62,0.576,0.000,0.0256,1.235
934,12,63,0.400,0.000,0.0255,0.622
934,13,64,0.308,0.000,0.0254,1.234
934,14,65,0.713,0.000,0.0254,0.621
934,15,66,1.526,0.000,0.0252,1.233
935,0,52,0.766,0.000,0.0302,1.226
935,1,53,0.731,258.819,0.0302,0.619
935,2,54,0.606,0.000,0.0303,25.738
935,3,55,0.965,241.181,0.0303,3.856
935,4,56,0.430,207.107,0.0294,23.208
935,5,57,0.450,158.918,0.0291,19.580
935,6,58,0.565,99.901,0.0282,14.896
935,7,59,0.717,34.075,0.0271,9.361
935,8,60,0.724,0.000,0.0263,3.216
935,9,61,0.852,0.000,0.0254,0.622
935,10,62,0.496,0.000,0.0256,1.235
935,11,63,0.368,0.000,0.0255,0.622
935,12,64,0.541,0.000,0.0254,1.234
935,13,65,0.206,0.000,0.0254,0.621
935,14,66,1.078,0.000,0.0252,1.233
935,15,67,0.419,0.000,0.0254,0.623
936,0,53,0.851,258.819,0.0302,0.619
936,1,54,1.703,0.000,0.0303,25.738
936,2,55,1.740,241.181,0.0303,3.856
936,3,56,0.621,207.107,0.0294,23.208
936,4,57,1.481,158.918,0.0291,19.580
936,5,58,1.135,99.901,0.0282,14.896
936,6,59,0.440,34.075,0.0271,9.361
936,7,60,0.415,0.000,0.0263,3.216
936,8,61,0.474,0.000,0.0254,0.622
936,9,62,0.486,0.000,0.0256,1.235
936,10,63,0.496,0.000,0.0255,0.622
936,11,64,0.252,0.000,0.0254,1.234
936,12,65,0.332,0.000,0.0254,0.621
936,13,66,0.843,0.000,0.0252,1.233
936,14,67,0.570,0.000,0.0254,0.623
936,15,68,0.260,0.000,0.0251,1.235
937,0,54,0.136,0.000,0.0303,25.738
937,1,55,0.370,241.181,0.0303,3.856
937,2,56,0.465,207.107,0.0294,23.208
937,3,57,0.255,158.918,0.0291,19.580
937,4,58,0.364,99.901,0.0282,14.896
937,5,59,0.508,34.075,0.0271,9.361
937,6,60,0.589,0.000,0.0263,3.216
937,7,61,0.123,0.000,0.0254,0.622
937,8,62,0.289,0.000,0.0256,1.235
937,9,63,0.273,0.000,0.0255,0.622
937,10,64,0.200,0.000,0.0254,1.234
937,11,65,0.085,0.000,0.0254,0.621
937,12,66,0.431,0.000,0.0252,1.233
937,13,67,0.216,0.000,0.0254,0.623
937,14,68,0.303,0.000,0.0251,1.235
937,15,69,0.349,0.000,0.0250,0.623
938,0,55,0.909,241.181,0.0303,3.856
938,1,56,0.252,207.107,0.0294,23.208
938,2,57,0.413,158.918,0.0291,19.580
938,3,58,0.261,99.901,0.0282,14.896
938,4,59,0.664,34.075,0.0271,9.361
938,5,60,0.347,0.000,0.0263,3.216
938,6,61,0.249,0.000,0.0254,0.622
938,7,62,0.439,0.000,0.0256,1.235
938,8,63,0.253,0.000,0.0255,0.622
938,9,64,0.213,0.000,0.0254,1.234
938,10,65,0.094,0.000,0.0254,0.621
938,11,66,0.401,0.000,0.0252,1.233
938,12,67,0.191,0.000,0.0254,0.623
938,13,68,0.726,0.000,0.0251,1.235
938,14,69,0.974,0.000,0.0250,0.623
938,15,70,0.327,0.000,0.0254,1.235
939,0,56,0.988,207.107,0.0294,23.208
939,1,57,0.628,158.918,0.0291,19.580
939,2,58,0.754,99.901,0.0282,14.896
939,3,59,0.503,34.075,0.0271,9.361
939,4,60,0.343,0.000,0.0263,3.216
939,5,61,0.465,0.000,0.0254,0.622
939,6,62,0.926,0.000,0.0256,1.235
939,7,63,0.425,0.000,0.0255,0.622
939,8,64,0.649,0.000,0.0254,1.234
939,9,65,0.417,0.000,0.0254,0.621
939,10,66,0.476,0.000,0.0252,1.233
939,11,67,0.290,0.000,0.0254,0.623
939,12,68,0.357,0.000,0.0251,1.235
939,13,69,0.643,0.000,0.0250,0.623
939,14,70,0.396,0.000,0.0254,1.235
939,15,71,0.347,0.000,0.0253,0.622
940,0,57,0.239,158.918,0.0291,19.580
940,1,58,0.233,99.901,0.0282,14.896
940,2,59,0.378,34.075,0.0271,9.361
940,3,60,0.244,0.000,0.0263,3.216
940,4,61,0.321,0.000,0.0254,0.622
940,5,62,0.228,0.000,0.0256,1.235
940,6,63,0.400,0.000,0.0255,0.622
940,7,64,0.343,0.000,0.0254,1.234
940,8,65,0.315,0.000,0.0254,0.621
940,9,66,0.543,0.000,0.0252,1.233
940,10,67,0.274,0.000,0.0254,0.623
940,11,68,0.396,0.000,0.0251,1.235
940,12,69,0.283,0.000,0.0250,0.623
940,13,70,1.006,0.000,0.0254,1.235
940,14,71,0.125,0.000,0.0253,0.622
940,15,72,0.297,0.000,0.0252,1.234
941,0,58,0.255,99.901,0.0282,14.896
941,1,59,0.246,34.075,0.0271,9.361
941,2,60,0.283,0.000,0.0263,3.216
941,3,61,0.265,0.000,0.0254,0.622
941,4,62,0.262,0.000,0.0256,1.235
941,5,63,0.227,0.000,0.0255,0.622
941,6,64,0.557,0.000,0.0254,1.234
941,7,65,0.509,0.000,0.0254,0.621
941,8,66,0.489,0.000,0.0252,1.233
941,9,67,0.553,0.000,0.0254,0.623
941,10,68,0.567,0.000,0.0251,1.235
941,11,69,0.385,0.000,0.0250,0.623
941,12,70,0.084,0.000,0.0254,1.235
941,13,71,0.893,0.000,0.0253,0.622
941,14,72,1.109,0.000,0.0252,1.234
941,15,73,0.400,0.000,0.0251,0.622
942,0,59,0.219,34.075,0.0271,9.361
942,1,60,0.560,0.000,0.0263,3.216
942,2,61,0.691,0.000,0.0254,0.622
942,3,62,0.336,0.000,0.0256,1.235
942,4,63,0.187,0.000,0.0255,0.622
942,5,64,0.172,0.000,0.0254,1.234
942,6,65,0.355,0.000,0.0254,0.621
942,7,66,0.373,0.000,0.0252,1.233
942,8,67,0.145,0.000,0.0254,0.623
942,9,68,0.166,0.000,0.0251,1.235
942,10,69,0.685,0.000,0.0250,0.623
942,11,70,0.319,0.000,0.0254,1.235
942,12,71,0.506,0.000,0.0253,0.622
942,13,72,0.454,0.000,0.0252,1.234
942,14,73,0.764,0.000,0.0251,0.622
942,15,74,0.653,0.000,0.0253,1.234
943,0,60,0.490,0.000,0.0263,3.216
943,1,61,1.004,0.000,0.0254,0.622
943,2,62,0.576,0.000,0.0256,1.235
943,3,63,0.497,0.000,0.0255,0.622
943,4,64,0.561,0.000,0.0254,1.234
943,5,65,0.880,0.000,0.0254,0.621
943,6,66,0.576,0.000,0.0252,1.233
943,7,67,0.407,0.000,0.0254,0.623
943,8,68,0.386,0.000,0.0251,1.235
943,9,69,0.237,0.000,0.0250,0.623
943,10,70,0.561,0.000,0.0254,1.235
943,11,71,0.298,0.000,0.0253,0.622
943,12,72,0.261,0.000,0.0252,1.234
943,13,73,0.229,0.000,0.0251,0.622
943,14,74,0.463,0.000,0.0253,1.234
943,15,75,0.315,0.000,0.0254,0.622
944,0,61,0.089,0.000,0.0254,0.622
944,1,62,0.511,0.000,0.0256,1.235
944,2,63,0.155,0.000,0.0255,0.622
944,3,64,0.396,0.000,0.0254,1.234
944,4,65,0.414,0.000,0.0254,0.621
944,5,66,0.212,0.000,0.0252,1.233
944,6,67,0.159,0.000,0.0254,0.623
944,7,68,0.693,0.000,0.0251,1.235
944,8,69,0.180,0.000,0.0250,0.623
944,9,70,0.522,0.000,0.0254,1.235
944,10,71,0.248,0.000,0.0253,0.622
944,11,72,0.443,0.000,0.0252,1.234
944,12,73,0.400,0.000,0.0251,0.622
944,13,74,0.353,0.000,0.0253,1.234
944,14,75,0.965,0.000,0.0254,0.622
944,15,76,1.172,0.000,0.0252,0.616
945,0,62,2.733,0.000,0.0256,1.235
945,1,63,0.591,0.000,0.0255,0.622
945,2,64,0.422,0.000,0.0254,1.234
945,3,65,0.313,0.000,0.0254,0.621
945,4,66,0.478,0.000,0.0252,1.233
945,5,67,0.427,0.000,0.0254,0.623
945,6,68,0.135,0.000,0.0251,1.235
945,7,69,0.053,0.000,0.0250,0.623
945,8,70,0.229,0.000,0.0254,1.235
945,9,71,0.329,0.000,0.0253,0.622
945,10,72,0.292,0.000,0.0252,1.234
945,11,73,0.538,0.000,0.0251,0.622
945,12,74,0.338,0.000,0.0253,1.234
945,13,75,0.293,0.000,0.0254,0.622
945,14,76,0.232,0.000,0.0252,0.616
945,15,77,1.520,1000.000,0.0110,0.615
946,0,63,0.513,0.000,0.0255,0.622
946,1,64,1.061,0.000,0.0254,1.234
946,2,65,0.279,0.000,0.0254,0.621
946,3,66,0.285,0.000,0.0252,1.233
946,4,67,0.847,0.000,0.0254,0.623
946,5,68,0.661,0.000,0.0251,1.235
946,6,69,0.206,0.000,0.0250,0.623
946,7,70,0.288,0.000,0.0254,1.235
946,8,71,0.829,0.000,0.0253,0.622
946,9,72,0.563,0.000,0.0252,1.234
946,10,73,0.456,0.000,0.0251,0.622
946,11,74,0.394,0.000,0.0253,1.234
946,12,75,0.598,0.000,0.0254,0.622
946,13,76,0.833,0.000,0.0252,0.616
946,14,77,0.961,1000.000,0.0110,0.615
946,15,78,1.143,19.300,0.0110,1.930
947,0,64,0.307,0.000,0.0254,1.234
947,1,65,0.373,0.000,0.0254,0.621
947,2,66,0.334,0.000,0.0252,1.233
947,3,67,0.409,0.000,0.0254,0.623
947,4,68,0.182,0.000,0.0251,1.235
947,5,69,0.051,0.000,0.0250,0.623
947,6,70,0.387,0.000,0.0254,1.235
947,7,71,0.420,0.000,0.0253,0.622
947,8,72,0.424,0.000,0.0252,1.234
947,9,73,0.292,0.000,0.0251,0.622
947,10,74,0.070,0.000,0.0253,1.234
947,11,75,0.251,0.000,0.0254,0.622
947,12,76,0.418,0.000,0.0252,0.616
947,13,77,0.231,1000.000,0.0110,0.615
947,14,78,0.320,19.300,0.0110,1.930
948,0,65,0.610,0.000,0.0254,0.621
948,1,66,0.519,0.000,0.0252,1.233
948,2,67,0.234,0.000,0.0254,0.623
948,3,68,0.222,0.000,0.0251,1.235
948,4,69,0.198,0.000,0.0250,0.623
948,5,70,0.515,0.000,0.0254,1.235
948,6,71,0.792,0.000,0.0253,0.622
948,7,72,0.144,0.000,0.0252,1.234
948,8,73,0.832,0.000,0.0251,0.622
948,9,74,0.319,0.000,0.0253,1.234
948,10,75,0.191,0.000,0.0254,0.622
948,11,76,0.517,0.000,0.0252,0.616
948,12,77,0.350,1000.000,0.0110,0.615
948,13,78,0.796,19.300,0.0110,1.930
949,0,66,0.521,0.000,0.0252,1.233
949,1,67,0.654,0.000,0.0254,0.623
949,2,68,0.887,0.000,0.0251,1.235
949,3,69,0.913,0.000,0.0250,0.623
949,4,70,1.204,0.000,0.0254,1.235
949,5,71,0.975,0.000,0.0253,0.622
949,6,72,1.033,0.000,0.0252,1.234
949,7,73,1.526,0.000,0.0251,0.622
949,8,74,1.287,0.000,0.0253,1.234
949,9,75,1.564,0.000,0.0254,0.622
949,10,76,1.718,0.000,0.0252,0.616
949,11,77,3.013,1000.000,0.0110,0.615
949,12,78,1.319,19.300,0.0110,1.930
950,0,67,0.327,0.000,0.0254,0.623
950,1,68,0.353,0.000,0.0251,1.235
950,2,69,0.661,0.000,0.0250,0.623
950,3,70,0.598,0.000,0.0254,1.235
950,4,71,0.515,0.000,0.0253,0.622
950,5,72,0.622,0.000,0.0252,1.234
950,6,73,0.676,0.000,0.0251,0.622
950,7,74,0.338,0.000,0.0253,1.234
950,8,75,0.551,0.000,0.0254,0.622
950,9,76,0.451,0.000,0.0252,0.616
950,10,77,0.454,1000.000,0.0110,0.615
950,11,78,0.194,19.300,0.0110,1.930
951,0,68,0.776,0.000,0.0251,1.235
951,1,69,0.418,0.000,0.0250,0.623
951,2,70,0.451,0.000,0.0254,1.235
951,3,71,1.086,0.000,0.0253,0.622
951,4,72,0.832,0.000,0.0252,1.234
951,5,73,0.475,0.000,0.0251,0.622
951,6,74,0.388,0.000,0.0253,1.234
951,7,75,0.477,0.000,0.0254,0.622
951,8,76,0.683,0.000,0.0252,0.616
951,9,77,0.699,1000.000,0.0110,0.615
951,10,78,1.818,19.300,0.0110,1.930
952,0,69,0.517,0.000,0.0250,0.623
952,1,70,0.342,0.000,0.0254,1.235
952,2,71,0.469,0.000,0.0253,0.622
952,3,72,0.507,0.000,0.0252,1.234
952,4,73,0.524,0.000,0.0251,0.622
952,5,74,0.499,0.000,0.0253,1.234
952,6,75,0.846,0.000,0.0254,0.622
952,7,76,0.801,0.000,0.0252,0.616
952,8,77,0.935,1000.000,0.0110,0.615
952,9,78,0.829,19.300,0.0110,1.930
953,0,70,0.427,0.000,0.0254,1.235
953,1,71,0.483,0.000,0.0253,0.622
953,2,72,0.440,0.000,0.0252,1.234
953,3,73,0.432,0.000,0.0251,0.622
953,4,74,0.400,0.000,0.0253,1.234
953,5,75,0.681,0.000,0.0254,0.622
953,6,76,0.579,0.000,0.0252,0.616
953,7,77,0.094,1000.000,0.0110,0.615
953,8,78,0.480,19.300,0.0110,1.930
954,0,71,0.599,0.000,0.0253,0.622
954,1,72,0.501,0.000,0.0252,1.234
954,2,73,0.503,0.000,0.0251,0.622
954,3,74,1.703,0.000,0.0253,1.234
954,4,75,0.827,0.000,0.0254,0.622
954,5,76,0.793,0.000,0.0252,0.616
954,6,77,0.514,1000.000,0.0110,0.615
954,7,78,1.452,19.300,0.0110,1.930
955,0,72,0.692,0.000,0.0252,1.234
955,1,73,0.966,0.000,0.0251,0.622
955,2,74,0.153,0.000,0.0253,1.234
955,3,75,0.887,0.000,0.0254,0.622
955,4,76,0.453,0.000,0.0252,0.616
955,5,77,0.917,1000.000,0.0110,0.615
955,6,78,0.834,19.300,0.0110,1.930
956,0,73,0.827,0.000,0.0251,0.622
956,1,74,0.420,0.000,0.0253,1.234
956,2,75,0.582,0.000,0.0254,0.622
956,3,76,0.961,0.000,0.0252,0.616
956,4,77,0.464,1000.000,0.0110,0.615
956,5,78,0.860,19.300,0.0110,1.930
957,0,74,1.418,0.000,0.0253,1.234
957,1,75,0.831,0.000,0.0254,0.622
957,2,76,1.695,0.000,0.0252,0.616
957,3,77,0.550,1000.000,0.0110,0.615
957,4,78,100.548,19.300,0.0110,1.930
958,0,75,1.231,0.000,0.0254,0.622
958,1,76,1.142,0.000,0.0252,0.616
958,2,77,1.424,1000.000,0.0110,0.615
958,3,78,0.369,19.300,0.0110,1.930
959,0,76,0.656,0.000,0.0252,0.616
959,1,77,0.662,1000.000,0.0110,0.615
959,2,78,1.380,19.300,0.0110,1.930
960,0,77,1.532,1000.000,0.0110,0.615
960,1,78,0.415,19.300,0.0110,1.930
961,0,78,1.935,19.300,0.0110,1.930
963,0,0,0.577,1000.000,0.0104,2.012
963,1,1,0.802,31.813,0.0103,3.181
963,2,2,0.566,31.852,2.7129,3.185
963,3,3,0.478,1583.905,0.0134,158.390
963,4,4,0.603,1518.569,6.3734,151.857
963,5,5,1.951,898.253,4.4851,89.825
963,6,6,6.936,550.678,2.4004,55.068
963,7,7,1.329,0.042,0.0294,0.004
963,8,8,0.317,0.000,0.0304,0.000
963,9,9,0.533,0.000,0.0304,0.000
963,10,10,0.588,0.000,0.0304,0.000
963,11,11,0.666,0.000,0.0304,0.000
963,12,12,0.729,0.000,0.0304,0.000
963,13,13,0.454,0.000,0.0304,0.000
963,14,14,0.924,0.000,0.0304,0.000
963,15,15,2.355,0.000,0.0304,0.000
964,0,1,100.373,31.813,0.0103,3.181
964,1,2,4.115,31.852,2.7129,3.185
964,2,3,5.319,1583.905,0.0134,158.390
964,3,4,155.043,1518.569,6.3734,151.857
964,4,5,135.625,898.253,4.4851,89.825
964,5,6,38.483,550.678,2.4004,55.068
964,6,7,47.318,0.042,0.0294,0.004
964,7,8,1.257,0.000,0.0304,0.000
964,8,9,0.927,0.000,0.0304,0.000
964,9,10,2.367,0.000,0.0304,0.000
964,10,11,1.133,0.000,0.0304,0.000
964,11,12,0.570,0.000,0.0304,0.000
964,12,13,0.898,0.000,0.0304,0.000
964,13,14,1.082,0.000,0.0304,0.000
964,14,15,1.941,0.000,0.0304,0.000
964,15,16,1.983,3806.017,0.0304,0.000
965,0,2,0.847,31.852,2.7129,3.185
965,1,3,0.998,1583.905,0.0134,158.390
965,2,4,2.949,1518.569,6.3734,151.857
965,3,5,0.846,898.253,4.4851,89.825
965,4,6,10.439,550.678,2.4004,55.068
965,5,7,0.793,0.042,0.0294,0.004
965,6,8,0.495,0.000,0.0304,0.000
965,7,9,0.434,0.000,0.0304,0.000
965,8,10,0.657,0.000,0.0304,0.000
965,9,11,0.400,0.000,0.0304,0.000
965,10,12,0.690,0.000,0.0304,0.000
965,11,13,0.515,0.000,0.0304,0.000
965,12,14,0.253,0.000,0.0304,0.000
965,13,15,1.422,0.000,0.0304,0.000
965,14,16,0.574,3806.017,0.0304,0.000
965,15,17,0.958,0.000,0.0304,380.602
966,0,3,2.305,1583.905,0.0134,158.390
966,1,4,0.672,1518.569,6.3734,151.857
966,2,5,1.560,898.253,4.4851,89.825
966,3,6,9.141,550.678,2.4004,55.068
966,4,7,0.676,0.042,0.0294,0.004
966,5,8,0.250,0.000,0.0304,0.000
966,6,9,0.636,0.000,0.0304,0.000
966,7,10,0.265,0.000,0.0304,0.000
966,8,11,0.705,0.000,0.0304,0.000
966,9,12,0.156,0.000,0.0304,0.000
966,10,13,0.651,0.000,0.0304,0.000
966,11,14,0.688,0.000,0.0304,0.000
966,12,15,0.643,0.000,0.0304,0.000
966,13,16,0.609,3806.017,0.0304,0.000
966,14,17,2.615,0.000,0.0304,380.602
966,15,18,3.382,0.000,0.0304,201.317
967,0,4,2.367,1518.569,6.3734,151.857
967,1,5,1.840,898.253,4.4851,89.825
967,2,6,10.065,550.678,2.4004,55.068
967,3,7,0.484,0.042,0.0294,0.004
967,4,8,0.678,0.000,0.0304,0.000
967,5,9,0.606,0.000,0.0304,0.000
967,6,10,0.496,0.000,0.0304,0.000
967,7,11,0.447,0.000,0.0304,0.000
967,8,12,0.559,0.000,0.0304,0.000
967,9,13,0.880,0.000,0.0304,0.000
967,10,14,1.306,0.000,0.0304,0.000
967,11,15,0.639,0.000,0.0304,0.000
967,12,16,0.514,3806.017,0.0304,0.000
967,13,17,1.408,0.000,0.0304,380.602
967,14,18,0.672,0.000,0.0304,201.317
967,15,19,0.700,0.000,5.7607,76.421
968,0,5,1.809,898.253,4.4851,89.825
968,1,6,7.980,550.678,2.4004,55.068
968,2,7,0.625,0.042,0.0294,0.004
968,3,8,0.270,0.000,0.0304,0.000
968,4,9,0.473,0.000,0.0304,0.000
968,5,10,0.594,0.000,0.0304,0.000
968,6,11,0.669,0.000,0.0304,0.000
968,7,12,0.401,0.000,0.0304,0.000
968,8,13,0.511,0.000,0.0304,0.000
968,9,14,0.812,0.000,0.0304,0.000
968,10,15,0.754,0.000,0.0304,0.000
968,11,16,0.610,3806.017,0.0304,0.000
968,12,17,1.152,0.000,0.0304,380.602
968,13,18,0.870,0.000,0.0304,201.317
968,14,19,0.544,0.000,5.7607,76.421
968,15,20,0.151,258.819,3.6098,0.965
969,0,6,0.589,550.678,2.4004,55.068
969,1,7,2.749,0.042,0.0294,0.004
969,2,8,0.727,0.000,0.0304,0.000
969,3,9,0.735,0.000,0.0304,0.000
969,4,10,1.298,0.000,0.0304,0.000
969,5,11,0.787,0.000,0.0304,0.000
969,6,12,1.177,0.000,0.0304,0.000
969,7,13,1.890,0.000,0.0304,0.000
969,8,14,0.851,0.000,0.0304,0.000
969,9,15,2.581,0.000,0.0304,0.000
969,10,16,1.110,3806.017,0.0304,0.000
969,11,17,1.902,0.000,0.0304,380.602
969,12,18,0.787,0.000,0.0304,201.317
969,13,19,1.616,0.000,5.7607,76.421
969,14,20,0.715,258.819,3.6098,0.965
969,15,21,0.325,0.000,0.3201,26.388
970,0,7,0.365,0.042,0.0294,0.004
970,1,8,0.886,0.000,0.0304,0.000
970,2,9,1.332,0.000,0.0304,0.000
970,3,10,0.671,0.000,0.0304,0.000
970,4,11,1.122,0.000,0.0304,0.000
970,5,12,0.516,0.000,0.0304,0.000
970,6,13,0.182,0.000,0.0304,0.000
970,7,14,0.675,0.000,0.0304,0.000
970,8,15,1.216,0.000,0.0304,0.000
970,9,16,0.537,3806.017,0.0304,0.000
970,10,17,1.581,0.000,0.0304,380.602
970,11,18,0.472,0.000,0.0304,201.317
970,12,19,0.865,0.000,5.7607,76.421
970,13,20,0.595,258.819,3.6098,0.965
970,14,21,0.618,0.000,0.3201,26.388
970,15,22,0.217,241.181,0.0140,2.599
971,0,8,1.546,0.000,0.0304,0.000
971,1,9,0.170,0.000,0.0304,0.000
971,2,10,0.857,0.000,0.0304,0.000
971,3,11,0.950,0.000,0.0304,0.000
971,4,12,0.601,0.000,0.0304,0.000
971,5,13,1.097,0.000,0.0304,0.000
971,6,14,0.613,0.000,0.0304,0.000
971,7,15,1.326,0.000,0.0304,0.000
971,8,16,0.910,3806.017,0.0304,0.000
971,9,17,0.789,0.000,0.0304,380.602
971,10,18,0.912,0.000,0.0304,201.317
971,11,19,0.780,0.000,5.7607,76.421
971,12,20,1.023,258.819,3.6098,0.965
971,13,21,0.523,0.000,0.3201,26.388
971,14,22,0.523,241.181,0.0140,2.599
971,15,23,0.357,0.000,0.0135,23.893
972,0,9,0.390,0.000,0.0304,0.000
972,1,10,0.587,0.000,0.0304,0.000
972,2,11,0.570,0.000,0.0304,0.000
972,3,12,0.934,0.000,0.0304,0.000
972,4,13,0.745,0.000,0.0304,0.000
972,5,14,1.132,0.000,0.0304,0.000
972,6,15,0.649,0.000,0.0304,0.000
972,7,16,0.473,3806.017,0.0304,0.000
972,8,17,0.270,0.000,0.0304,380.602
972,9,18,0.590,0.000,0.0304,201.317
972,10,19,0.382,0.000,5.7607,76.421
972,11,20,0.574,258.819,3.6098,0.965
972,12,21,0.305,0.000,0.3201,26.388
972,13,22,0.744,241.181,0.0140,2.599
972,14,23,0.221,0.000,0.0135,23.893
972,15,24,0.180,207.107,0.0135,3.322
973,0,10,1.135,0.000,0.0304,0.000
973,1,11,2.118,0.000,0.0304,0.000
973,2,12,0.997,0.000,0.0304,0.000
973,3,13,0.499,0.000,0.0304,0.000
973,4,14,0.481,0.000,0.0304,0.000
973,5,15,0.587,0.000,0.0304,0.000
973,6,16,1.686,3806.017,0.0304,0.000
973,7,17,0.599,0.000,0.0304,380.602
973,8,18,0.482,0.000,0.0304,201.317
973,9,19,0.415,0.000,5.7607,76.421
973,10,20,0.273,258.819,3.6098,0.965
973,11,21,0.400,0.000,0.3201,26.388
973,12,22,0.593,241.181,0.0140,2.599
973,13,23,0.170,0.000,0.0135,23.893
973,14,24,0.203,207.107,0.0135,3.322
973,15,25,0.090,158.919,0.0128,20.200
974,0,11,1.836,0.000,0.0304,0.000
974,1,12,1.962,0.000,0.0304,0.000
974,2,13,4.318,0.000,0.0304,0.000
974,3,14,3.621,0.000,0.0304,0.000
974,4,15,3.513,0.000,0.0304,0.000
974,5,16,3.697,3806.017,0.0304,0.000
974,6,17,373.930,0.000,0.0304,380.602
974,7,18,2.382,0.000,0.0304,201.317
974,8,19,1.163,0.000,5.7607,76.421
974,9,20,3.962,258.819,3.6098,0.965
974,10,21,24.606,0.000,0.3201,26.388
974,11,22,1.104,241.181,0.0140,2.599
974,12,23,23.390,0.000,0.0135,23.893
974,13,24,1.697,207.107,0.0135,3.322
974,14,25,18.638,158.919,0.0128,20.200
974,15,26,14.385,99.900,0.0128,15.354
975,0,12,2.353,0.000,0.0304,0.000
975,1,13,0.623,0.000,0.0304,0.000
975,2,14,1.044,0.000,0.0304,0.000
975,3,15,0.816,0.000,0.0304,0.000
975,4,16,0.904,3806.017,0.0304,0.000
975,5,17,4.551,0.000,0.0304,380.602
975,6,18,1.103,0.000,0.0304,201.317
975,7,19,0.833,0.000,5.7607,76.421
975,8,20,0.649,258.819,3.6098,0.965
975,9,21,0.413,0.000,0.3201,26.388
975,10,22,0.747,241.181,0.0140,2.599
975,11,23,0.617,0.000,0.0135,23.893
975,12,24,0.614,207.107,0.0135,3.322
975,13,25,0.034,158.919,0.0128,20.200
975,14,26,0.627,99.900,0.0128,15.354
975,15,27,0.030,34.075,0.0122,9.606
976,0,13,3.605,0.000,0.0304,0.000
976,1,14,1.938,0.000,0.0304,0.000
976,2,15,1.647,0.000,0.0304,0.000
976,3,16,1.536,3806.017,0.0304,0.000
976,4,17,379.911,0.000,0.0304,380.602
976,5,18,1.509,0.000,0.0304,201.317
976,6,19,0.718,0.000,5.7607,76.421
976,7,20,0.914,258.819,3.6098,0.965
976,8,21,24.500,0.000,0.3201,26.388
976,9,22,0.590,241.181,0.0140,2.599
976,10,23,23.696,0.000,0.0135,23.893
976,11,24,0.272,207.107,0.0135,3.322
976,12,25,19.863,158.919,0.0128,20.200
976,13,26,15.902,99.900,0.0128,15.354
976,14,27,9.634,34.075,0.0122,9.606
976,15,28,2.911,0.000,0.0117,3.239
977,0,14,0.748,0.000,0.0304,0.000
977,1,15,2.536,0.000,0.0304,0.000
977,2,16,1.460,3806.017,0.0304,0.000
977,3,17,7.397,0.000,0.0304,380.602
977,4,18,5.921,0.000,0.0304,201.317
977,5,19,2.244,0.000,5.7607,76.421
977,6,20,2.029,258.819,3.6098,0.965
977,7,21,2.442,0.000,0.3201,26.388
977,8,22,1.700,241.181,0.0140,2.599
977,9,23,1.660,0.000,0.0135,23.893
977,10,24,1.136,207.107,0.0135,3.322
977,11,25,1.691,158.919,0.0128,20.200
977,12,26,2.252,99.900,0.0128,15.354
977,13,27,2.310,34.075,0.0122,9.606
977,14,28,2.107,0.000,0.0117,3.239
977,15,29,1.973,0.000,0.0114,3.159
978,0,15,0.381,0.000,0.0304,0.000
978,1,16,1.634,3806.017,0.0304,0.000
978,2,17,381.056,0.000,0.0304,380.602
978,3,18,0.550,0.000,0.0304,201.317
978,4,19,0.821,0.000,5.7607,76.421
978,5,20,0.342,258.819,3.6098,0.965
978,6,21,26.099,0.000,0.3201,26.388
978,7,22,0.513,241.181,0.0140,2.599
978,8,23,24.184,0.000,0.0135,23.893
978,9,24,0.130,207.107,0.0135,3.322
978,10,25,20.931,158.919,0.0128,20.200
978,11,26,16.082,99.900,0.0128,15.354
978,12,27,9.738,34.075,0.0122,9.606
978,13,28,4.404,0.000,0.0117,3.239
978,14,29,0.088,0.000,0.0114,3.159
978,15,30,0.319,0.000,0.0448,3.231
979,0,16,3.447,3806.017,0.0304,0.000
979,1,17,377.400,0.000,0.0304,380.602
979,2,18,370.695,0.000,0.0304,201.317
979,3,19,1.453,0.000,5.7607,76.421
979,4,20,1.439,258.819,3.6098,0.965
979,5,21,25.097,0.000,0.3201,26.388
979,6,22,24.606,241.181,0.0140,2.599
979,7,23,22.018,0.000,0.0135,23.893
979,8,24,23.551,207.107,0.0135,3.322
979,9,25,20.488,158.919,0.0128,20.200
979,10,26,36.328,99.900,0.0128,15.354
979,11,27,26.500,34.075,0.0122,9.606
979,12,28,12.281,0.000,0.0117,3.239
979,13,29,3.337,0.000,0.0114,3.159
979,14,30,1.338,0.000,0.0448,3.231
979,15,31,0.768,0.000,0.0188,3.259
980,0,17,0.317,0.000,0.0304,380.602
980,1,18,0.394,0.000,0.0304,201.317
980,2,19,0.704,0.000,5.7607,76.421
980,3,20,0.445,258.819,3.6098,0.965
980,4,21,0.640,0.000,0.3201,26.388
980,5,22,0.347,241.181,0.0140,2.599
980,6,23,0.377,0.000,0.0135,23.893
980,7,24,0.368,207.107,0.0135,3.322
980,8,25,0.734,158.919,0.0128,20.200
980,9,26,0.434,99.900,0.0128,15.354
980,10,27,0.579,34.075,0.0122,9.606
980,11,28,0.114,0.000,0.0117,3.239
980,12,29,0.600,0.000,0.0114,3.159
980,13,30,0.139,0.000,0.0448,3.231
980,14,31,0.296,0.000,0.0188,3.259
980,15,32,0.229,0.000,0.0223,3.356
981,0,18,0.594,0.000,0.0304,201.317
981,1,19,0.228,0.000,5.7607,76.421
981,2,20,0.779,258.819,3.6098,0.965
981,3,21,0.436,0.000,0.3201,26.388
981,4,22,1.482,241.181,0.0140,2.599
981,5,23,0.749,0.000,0.0135,23.893
981,6,24,1.411,207.107,0.0135,3.322
981,7,25,0.142,158.919,0.0128,20.200
981,8,26,0.813,99.900,0.0128,15.354
981,9,27,0.696,34.075,0.0122,9.606
981,10,28,0.537,0.000,0.0117,3.239
981,11,29,0.497,0.000,0.0114,3.159
981,12,30,0.621,0.000,0.0448,3.231
981,13,31,1.795,0.000,0.0188,3.259
981,14,32,1.436,0.000,0.0223,3.356
981,15,33,2.814,0.000,0.0424,3.275
982,0,19,3.014,0.000,5.7607,76.421
982,1,20,0.800,258.819,3.6098,0.965
982,2,21,0.572,0.000,0.3201,26.388
982,3,22,0.700,241.181,0.0140,2.599
982,4,23,0.617,0.000,0.0135,23.893
982,5,24,0.737,207.107,0.0135,3.322
982,6,25,0.481,158.919,0.0128,20.200
982,7,26,0.558,99.900,0.0128,15.354
982,8,27,0.321,34.075,0.0122,9.606
982,9,28,0.617,0.000,0.0117,3.239
982,10,29,0.236,0.000,0.0114,3.159
982,11,30,0.513,0.000,0.0448,3.231
982,12,31,0.179,0.000,0.0188,3.259
982,13,32,0.462,0.000,0.0223,3.356
982,14,33,3.276,0.000,0.0424,3.275
982,15,34,0.684,0.000,0.0261,3.456
983,0,20,0.062,258.819,3.6098,0.965
983,1,21,0.783,0.000,0.3201,26.388
983,2,22,0.501,241.181,0.0140,2.599
983,3,23,0.471,0.000,0.0135,23.893
983,4,24,0.174,207.107,0.0135,3.322
983,5,25,1.166,158.919,0.0128,20.200
983,6,26,0.554,99.900,0.0128,15.354
983,7,27,0.911,34.075,0.0122,9.606
983,8,28,0.363,0.000,0.0117,3.239
983,9,29,0.481,0.000,0.0114,3.159
983,10,30,0.511,0.000,0.0448,3.231
983,11,31,0.577,0.000,0.0188,3.259
983,12,32,0.684,0.000,0.0223,3.356
983,13,33,0.702,0.000,0.0424,3.275
983,14,34,0.485,0.000,0.0261,3.456
983,15,35,0.559,0.000,0.0295,3.307
984,0,21,0.284,0.000,0.3201,26.388
984,1,22,0.676,241.181,0.0140,2.599
984,2,23,0.019,0.000,0.0135,23.893
984,3,24,0.405,207.107,0.0135,3.322
984,4,25,0.300,158.919,0.0128,20.200
984,5,26,0.811,99.900,0.0128,15.354
984,6,27,0.236,34.075,0.0122,9.606
984,7,28,0.673,0.000,0.0117,3.239
984,8,29,0.606,0.000,0.0114,3.159
984,9,30,0.601,0.000,0.0448,3.231
984,10,31,2.130,0.000,0.0188,3.259
984,11,32,0.106,0.000,0.0223,3.356
984,12,33,0.615,0.000,0.0424,3.275
984,13,34,0.400,0.000,0.0261,3.456
984,14,35,1.999,0.000,0.0295,3.307
984,15,36,0.899,0.000,0.0474,3.478
985,0,22,0.613,241.181,0.0140,2.599
985,1,23,0.448,0.000,0.0135,23.893
985,2,24,0.928,207.107,0.0135,3.322
985,3,25,0.667,158.919,0.0128,20.200
985,4,26,0.489,99.900,0.0128,15.354
985,5,27,1.029,34.075,0.0122,9.606
985,6,28,0.904,0.000,0.0117,3.239
985,7,29,0.696,0.000,0.0114,3.159
985,8,30,0.698,0.000,0.0448,3.231
985,9,31,1.022,0.000,0.0188,3.259
985,10,32,0.904,0.000,0.0223,3.356
985,11,33,0.445,0.000,0.0424,3.275
985,12,34,0.826,0.000,0.0261,3.456
985,13,35,1.265,0.000,0.0295,3.307
985,14,36,3.453,0.000,0.0474,3.478
985,15,37,2.164,0.000,0.0194,3.300
986,0,23,0.414,0.000,0.0135,23.893
986,1,24,0.519,207.107,0.0135,3.322
986,2,25,0.518,158.919,0.0128,20.200
986,3,26,1.140,99.900,0.0128,15.354
986,4,27,0.812,34.075,0.0122,9.606
986,5,28,0.274,0.000,0.0117,3.239
986,6,29,1.351,0.000,0.0114,3.159
986,7,30,0.423,0.000,0.0448,3.231
986,8,31,0.241,0.000,0.0188,3.259
986,9,32,0.470,0.000,0.0223,3.356
986,10,33,0.214,0.000,0.0424,3.275
986,11,34,0.304,0.000,0.0261,3.456
986,12,35,1.154,0.000,0.0295,3.307
986,13,36,1.574,0.000,0.0474,3.478
986,14,37,0.203,0.000,0.0194,3.300
986,15,38,0.446,0.000,0.0295,3.399
987,0,24,0.300,207.107,0.0135,3.322
987,1,25,0.374,158.919,0.0128,20.200
987,2,26,0.253,99.900,0.0128,15.354
987,3,27,0.413,34.075,0.0122,9.606
987,4,28,0.145,0.000,0.0117,3.239
987,5,29,0.194,0.000,0.0114,3.159
987,6,30,0.258,0.000,0.0448,3.231
987,7,31,0.549,0.000,0.0188,3.259
987,8,32,0.011,0.000,0.0223,3.356
987,9,33,0.274,0.000,0.0424,3.275
987,10,34,0.039,0.000,0.0261,3.456
987,11,35,0.137,0.000,0.0295,3.307
987,12,36,0.395,0.000,0.0474,3.478
987,13,37,0.043,0.000,0.0194,3.300
987,14,38,0.175,0.000,0.0295,3.399
987,15,39,0.116,1000.000,0.0305,3.302
988,0,25,0.485,158.919,0.0128,20.200
988,1,26,0.251,99.900,0.0128,15.354
988,2,27,0.545,34.075,0.0122,9.606
988,3,28,0.399,0.000,0.0117,3.239
988,4,29,0.240,0.000,0.0114,3.159
988,5,30,0.555,0.000,0.0448,3.231
988,6,31,0.084,0.000,0.0188,3.259
988,7,32,0.806,0.000,0.0223,3.356
988,8,33,0.314,0.000,0.0424,3.275
988,9,34,0.627,0.000,0.0261,3.456
988,10,35,0.429,0.000,0.0295,3.307
988,11,36,0.132,0.000,0.0474,3.478
988,12,37,0.608,0.000,0.0194,3.300
988,13,38,0.351,0.000,0.0295,3.399
988,14,39,1.489,1000.000,0.0305,3.302
988,15,40,0.855,1035.569,0.0451,3.318
989,0,26,0.563,99.900,0.0128,15.354
989,1,27,0.322,34.075,0.0122,9.606
989,2,28,0.843,0.000,0.0117,3.239
989,3,29,0.562,0.000,0.0114,3.159
989,4,30,0.059,0.000,0.0448,3.231
989,5,31,0.480,0.000,0.0188,3.259
989,6,32,0.773,0.000,0.0223,3.356
989,7,33,0.480,0.000,0.0424,3.275
989,8,34,0.429,0.000,0.0261,3.456
989,9,35,0.505,0.000,0.0295,3.307
989,10,36,0.757,0.000,0.0474,3.478
989,11,37,0.358,0.000,0.0194,3.300
989,12,38,0.278,0.000,0.0295,3.399
989,13,39,1.025,1000.000,0.0305,3.302
989,14,40,0.776,1035.569,0.0451,3.318
989,15,41,81.129,0.000,2.0376,102.628
990,0,27,0.464,34.075,0.0122,9.606
990,1,28,0.304,0.000,0.0117,3.239
990,2,29,0.300,0.000,0.0114,3.159
990,3,30,0.420,0.000,0.0448,3.231
990,4,31,0.320,0.000,0.0188,3.259
990,5,32,0.369,0.000,0.0223,3.356
990,6,33,0.175,0.000,0.0424,3.275
990,7,34,0.529,0.000,0.0261,3.456
990,8,35,0.035,0.000,0.0295,3.307
990,9,36,0.418,0.000,0.0474,3.478
990,10,37,0.097,0.000,0.0194,3.300
990,11,38,0.130,0.000,0.0295,3.399
990,12,39,0.278,1000.000,0.0305,3.302
990,13,40,0.812,1035.569,0.0451,3.318
990,14,41,72.132,0.000,2.0376,102.628
990,15,42,0.989,0.000,4.4666,20.502
991,0,28,0.873,0.000,0.0117,3.239
991,1,29,0.530,0.000,0.0114,3.159
991,2,30,0.703,0.000,0.0448,3.231
991,3,31,0.375,0.000,0.0188,3.259
991,4,32,0.585,0.000,0.0223,3.356
991,5,33,0.528,0.000,0.0424,3.275
991,6,34,0.151,0.000,0.0261,3.456
991,7,35,0.428,0.000,0.0295,3.307
991,8,36,0.771,0.000,0.0474,3.478
991,9,37,0.048,0.000,0.0194,3.300
991,10,38,0.999,0.000,0.0295,3.399
991,11,39,0.403,1000.000,0.0305,3.302
991,12,40,0.261,1035.569,0.0451,3.318
991,13,41,2.157,0.000,2.0376,102.628
991,14,42,0.700,0.000,4.4666,20.502
991,15,43,0.246,0.000,3.0673,0.589
992,0,29,0.337,0.000,0.0114,3.159
992,1,30,1.271,0.000,0.0448,3.231
992,2,31,0.499,0.000,0.0188,3.259
992,3,32,0.657,0.000,0.0223,3.356
992,4,33,0.221,0.000,0.0424,3.275
992,5,34,0.536,0.000,0.0261,3.456
992,6,35,0.395,0.000,0.0295,3.307
992,7,36,0.390,0.000,0.0474,3.478
992,8,37,0.418,0.000,0.0194,3.300
992,9,38,0.313,0.000,0.0295,3.399
992,10,39,0.091,1000.000,0.0305,3.302
992,11,40,0.608,1035.569,0.0451,3.318
992,12,41,98.980,0.000,2.0376,102.628
992,13,42,0.799,0.000,4.4666,20.502
992,14,43,0.731,0.000,3.0673,0.589
992,15,44,1.027,0.000,0.0238,1.163
993,0,30,0.458,0.000,0.0448,3.231
993,1,31,0.591,0.000,0.0188,3.259
993,2,32,0.114,0.000,0.0223,3.356
993,3,33,0.413,0.000,0.0424,3.275
993,4,34,0.067,0.000,0.0261,3.456
993,5,35,0.072,0.000,0.0295,3.307
993,6,36,0.317,0.000,0.0474,3.478
993,7,37,0.297,0.000,0.0194,3.300
993,8,38,0.152,0.000,0.0295,3.399
993,9,39,0.909,1000.000,0.0305,3.302
993,10,40,1.044,1035.569,0.0451,3.318
993,11,41,89.992,0.000,2.0376,102.628
993,12,42,0.224,0.000,4.4666,20.502
993,13,43,0.355,0.000,3.0673,0.589
993,14,44,0.355,0.000,0.0238,1.163
993,15,45,3.714,0.000,0.0243,0.587
994,0,31,0.533,0.000,0.0188,3.259
994,1,32,0.121,0.000,0.0223,3.356
994,2,33,0.441,0.000,0.0424,3.275
994,3,34,0.039,0.000,0.0261,3.456
994,4,35,0.279,0.000,0.0295,3.307
994,5,36,0.125,0.000,0.0474,3.478
994,6,37,0.200,0.000,0.0194,3.300
994,7,38,0.870,0.000,0.0295,3.399
994,8,39,1.233,1000.000,0.0305,3.302
994,9,40,2.486,1035.569,0.0451,3.318
994,10,41,32.821,0.000,2.0376,102.628
994,11,42,1.156,0.000,4.4666,20.502
994,12,43,0.524,0.000,3.0673,0.589
994,13,44,0.913,0.000,0.0238,1.163
994,14,45,0.258,0.000,0.0243,0.587
994,15,46,0.476,0.000,0.0242,1.161
995,0,32,5.909,0.000,0.0223,3.356
995,1,33,3.873,0.000,0.0424,3.275
995,2,34,1.172,0.000,0.0261,3.456
995,3,35,1.170,0.000,0.0295,3.307
995,4,36,0.663,0.000,0.0474,3.478
995,5,37,0.352,0.000,0.0194,3.300
995,6,38,1.114,0.000,0.0295,3.399
995,7,39,0.777,1000.000,0.0305,3.302
995,8,40,0.957,1035.569,0.0451,3.318
995,9,41,104.055,0.000,2.0376,102.628
995,10,42,0.564,0.000,4.4666,20.502
995,11,43,0.485,0.000,3.0673,0.589
995,12,44,0.789,0.000,0.0238,1.163
995,13,45,1.144,0.000,0.0243,0.587
995,14,46,0.800,0.000,0.0242,1.161
995,15,47,2.493,0.000,0.0242,0.588
996,0,33,2.066,0.000,0.0424,3.275
996,1,34,1.486,0.000,0.0261,3.456
996,2,35,2.513,0.000,0.0295,3.307
996,3,36,4.306,0.000,0.0474,3.478
996,4,37,0.782,0.000,0.0194,3.300
996,5,38,1.150,0.000,0.0295,3.399
996,6,39,4.849,1000.000,0.0305,3.302
996,7,40,0.275,1035.569,0.0451,3.318
996,8,41,47.608,0.000,2.0376,102.628
996,9,42,4.299,0.000,4.4666,20.502
996,10,43,1.940,0.000,3.0673,0.589
996,11,44,2.080,0.000,0.0238,1.163
996,12,45,4.016,0.000,0.0243,0.587
996,13,46,2.124,0.000,0.0242,1.161
996,14,47,1.566,0.000,0.0242,0.588
996,15,48,6.479,0.000,0.0240,1.161
997,0,34,0.056,0.000,0.0261,3.456
997,1,35,0.248,0.000,0.0295,3.307
997,2,36,0.666,0.000,0.0474,3.478
997,3,37,1.122,0.000,0.0194,3.300
997,4,38,0.308,0.000,0.0295,3.399
997,5,39,0.386,1000.000,0.0305,3.302
997,6,40,0.636,1035.569,0.0451,3.318
997,7,41,1.048,0.000,2.0376,102.628
997,8,42,0.259,0.000,4.4666,20.502
997,9,43,2.499,0.000,3.0673,0.589
997,10,44,1.652,0.000,0.0238,1.163
997,11,45,1.702,0.000,0.0243,0.587
997,12,46,2.115,0.000,0.0242,1.161
997,13,47,0.743,0.000,0.0242,0.588
997,14,48,0.273,0.000,0.0240,1.161
997,15,49,0.134,0.000,0.0242,0.588
998,0,35,0.304,0.000,0.0295,3.307
998,1,36,0.552,0.000,0.0474,3.478
998,2,37,0.606,0.000,0.0194,3.300
998,3,38,0.620,0.000,0.0295,3.399
998,4,39,1.148,1000.000,0.0305,3.302
998,5,40,1.215,1035.569,0.0451,3.318
998,6,41,2.907,0.000,2.0376,102.628
998,7,42,0.338,0.000,4.4666,20.502
998,8,43,0.424,0.000,3.0673,0.589
998,9,44,0.704,0.000,0.0238,1.163
998,10,45,0.785,0.000,0.0243,0.587
998,11,46,0.257,0.000,0.0242,1.161
998,12,47,0.360,0.000,0.0242,0.588
998,13,48,0.493,0.000,0.0240,1.161
998,14,49,0.463,0.000,0.0242,0.588
998,15,50,0.470,0.000,0.0241,1.162
999,0,36,0.678,0.000,0.0474,3.478
999,1,37,0.516,0.000,0.0194,3.300
999,2,38,1.898,0.000,0.0295,3.399
999,3,39,1.763,1000.000,0.0305,3.302
999,4,40,0.143,1035.569,0.0451,3.318
999,5,41,5.245,0.000,2.0376,102.628
999,6,42,0.713,0.000,4.4666,20.502
999,7,43,0.851,0.000,3.0673,0.589
999,8,44,0.713,0.000,0.0238,1.163
999,9,45,2.288,0.000,0.0243,0.587
999,10,46,0.862,0.000,0.0242,1.161
999,11,47,0.424,0.000,0.0242,0.588
999,12,48,0.701,0.000,0.0240,1.161
999,13,49,0.566,0.000,0.0242,0.588
999,14,50,0.918,0.000,0.0241,1.162
999,15,51,0.825,0.000,0.0241,0.587
1000,0,37,0.485,0.000,0.0194,3.300
1000,1,38,0.379,0.000,0.0295,3.399
1000,2,39,0.904,1000.000,0.0305,3.302
1000,3,40,0.170,1035.569,0.0451,3.318
1000,4,41,7.895,0.000,2.0376,102.628
1000,5,42,1.100,0.000,4.4666,20.502
1000,6,43,0.427,0.000,3.0673,0.589
1000,7,44,0.652,0.000,0.0238,1.163
1000,8,45,0.333,0.000,0.0243,0.587
1000,9,46,0.560,0.000,0.0242,1.161
1000,10,47,0.298,0.000,0.0242,0.588
1000,11,48,0.635,0.000,0.0240,1.161
1000,12,49,0.801,0.000,0.0242,0.588
1000,13,50,0.484,0.000,0.0241,1.162
1000,14,51,0.750,0.000,0.0241,0.587
1000,15,52,0.222,0.000,0.0241,1.161
1001,0,38,0.888,0.000,0.0295,3.399
1001,1,39,0.922,1000.000,0.0305,3.302
1001,2,40,1.124,1035.569,0.0451,3.318
1001,3,41,32.200,0.000,2.0376,102.628
1001,4,42,0.655,0.000,4.4666,20.502
1001,5,43,0.844,0.000,3.0673,0.589
1001,6,44,0.599,0.000,0.0238,1.163
1001,7,45,0.963,0.000,0.0243,0.587
1001,8,46,0.564,0.000,0.0242,1.161
1001,9,47,0.591,0.000,0.0242,0.588
1001,10,48,0.468,0.000,0.0240,1.161
1001,11,49,0.240,0.000,0.0242,0.588
1001,12,50,1.337,0.000,0.0241,1.162
1001,13,51,0.425,0.000,0.0241,0.587
1001,14,52,0.515,0.000,0.0241,1.161
1001,15,53,1.112,258.819,0.0242,0.587
1002,0,39,0.690,1000.000,0.0305,3.302
1002,1,40,0.462,1035.569,0.0451,3.318
1002,2,41,6.102,0.000,2.0376,102.628
1002,3,42,0.954,0.000,4.4666,20.502
1002,4,43,1.046,0.000,3.0673,0.589
1002,5,44,0.560,0.000,0.0238,1.163
1002,6,45,1.509,0.000,0.0243,0.587
1002,7,46,1.260,0.000,0.0242,1.161
1002,8,47,1.041,0.000,0.0242,0.588
1002,9,48,0.763,0.000,0.0240,1.161
1002,10,49,0.850,0.000,0.0242,0.588
1002,11,50,0.343,0.000,0.0241,1.162
1002,12,51,0.784,0.000,0.0241,0.587
1002,13,52,0.257,0.000,0.0241,1.161
1002,14,53,0.192,258.819,0.0242,0.587
1002,15,54,2.020,0.000,0.0240,25.738
1003,0,40,1.446,1035.569,0.0451,3.318
1003,1,41,2.903,0.000,2.0376,102.628
1003,2,42,1.832,0.000,4.4666,20.502
1003,3,43,1.136,0.000,3.0673,0.589
1003,4,44,1.363,0.000,0.0238,1.163
1003,5,45,0.650,0.000,0.0243,0.587
1003,6,46,0.549,0.000,0.0242,1.161
1003,7,47,0.826,0.000,0.0242,0.588
1003,8,48,0.980,0.000,0.0240,1.161
1003,9,49,0.865,0.000,0.0242,0.588
1003,10,50,0.818,0.000,0.0241,1.162
1003,11,51,0.440,0.000,0.0241,0.587
1003,12,52,0.502,0.000,0.0241,1.161
1003,13,53,0.955,258.819,0.0242,0.587
1003,14,54,2.993,0.000,0.0240,25.738
1003,15,55,1.124,241.181,0.0241,3.800
1004,0,41,14.063,0.000,2.0376,102.628
1004,1,42,2.254,0.000,4.4666,20.502
1004,2,43,1.145,0.000,3.0673,0.589
1004,3,44,0.310,0.000,0.0238,1.163
1004,4,45,0.523,0.000,0.0243,0.587
1004,5,46,1.626,0.000,0.0242,1.161
1004,6,47,1.283,0.000,0.0242,0.588
1004,7,48,0.790,0.000,0.0240,1.161
1004,8,49,0.752,0.000,0.0242,0.588
1004,9,50,0.491,0.000,0.0241,1.162
1004,10,51,0.832,0.000,0.0241,0.587
1004,11,52,1.382,0.000,0.0241,1.161
1004,12,53,0.630,258.819,0.0242,0.587
1004,13,54,3.577,0.000,0.0240,25.738
1004,14,55,2.180,241.181,0.0241,3.800
1004,15,56,2.972,0.000,0.0234,23.202
1005,0,42,0.336,0.000,4.4666,20.502
1005,1,43,0.176,0.000,3.0673,0.589
1005,2,44,0.456,0.000,0.0238,1.163
1005,3,45,0.430,0.000,0.0243,0.587
1005,4,46,0.548,0.000,0.0242,1.161
1005,5,47,0.515,0.000,0.0242,0.588
1005,6,48,0.339,0.000,0.0240,1.161
1005,7,49,0.711,0.000,0.0242,0.588
1005,8,50,0.322,0.000,0.0241,1.162
1005,9,51,0.203,0.000,0.0241,0.587
1005,10,52,0.179,0.000,0.0241,1.161
1005,11,53,0.743,258.819,0.0242,0.587
1005,12,54,0.624,0.000,0.0240,25.738
1005,13,55,0.430,241.181,0.0241,3.800
1005,14,56,0.393,0.000,0.0234,23.202
1005,15,57,19.134,207.107,0.0231,4.416
1006,0,43,0.894,0.000,3.0673,0.589
1006,1,44,1.333,0.000,0.0238,1.163
1006,2,45,1.134,0.000,0.0243,0.587
1006,3,46,1.267,0.000,0.0242,1.161
1006,4,47,0.650,0.000,0.0242,0.588
1006,5,48,1.031,0.000,0.0240,1.161
1006,6,49,0.532,0.000,0.0242,0.588
1006,7,50,0.379,0.000,0.0241,1.162
1006,8,51,0.658,0.000,0.0241,0.587
1006,9,52,0.695,0.000,0.0241,1.161
1006,10,53,0.626,258.819,0.0242,0.587
1006,11,54,2.081,0.000,0.0240,25.738
1006,12,55,1.642,241.181,0.0241,3.800
1006,13,56,1.460,0.000,0.0234,23.202
1006,14,57,16.256,207.107,0.0231,4.416
1006,15,58,12.693,158.918,0.0224,19.574
1007,0,44,1.286,0.000,0.0238,1.163
1007,1,45,0.308,0.000,0.0243,0.587
1007,2,46,0.420,0.000,0.0242,1.161
1007,3,47,1.119,0.000,0.0242,0.588
1007,4,48,0.658,0.000,0.0240,1.161
1007,5,49,0.892,0.000,0.0242,0.588
1007,6,50,1.107,0.000,0.0241,1.162
1007,7,51,0.505,0.000,0.0241,0.587
1007,8,52,0.865,0.000,0.0241,1.161
1007,9,53,1.506,258.819,0.0242,0.587
1007,10,54,0.291,0.000,0.0240,25.738
1007,11,55,1.196,241.181,0.0241,3.800
1007,12,56,1.436,0.000,0.0234,23.202
1007,13,57,8.206,207.107,0.0231,4.416
1007,14,58,6.163,158.918,0.0224,19.574
1007,15,59,4.426,99.901,0.0223,14.891
1008,0,45,0.726,0.000,0.0243,0.587
1008,1,46,0.581,0.000,0.0242,1.161
1008,2,47,0.984,0.000,0.0242,0.588
1008,3,48,1.356,0.000,0.0240,1.161
1008,4,49,0.377,0.000,0.0242,0.588
1008,5,50,0.739,0.000,0.0241,1.162
1008,6,51,0.611,0.000,0.0241,0.587
1008,7,52,0.942,0.000,0.0241,1.161
1008,8,53,0.975,258.819,0.0242,0.587
1008,9,54,1.709,0.000,0.0240,25.738
1008,10,55,1.189,241.181,0.0241,3.800
1008,11,56,0.303,0.000,0.0234,23.202
1008,12,57,3.875,207.107,0.0231,4.416
1008,13,58,3.133,158.918,0.0224,19.574
1008,14,59,2.522,99.901,0.0223,14.891
1008,15,60,1.742,34.075,0.0215,9.358
1009,0,46,0.302,0.000,0.0242,1.161
1009,1,47,0.780,0.000,0.0242,0.588
1009,2,48,0.746,0.000,0.0240,1.161
1009,3,49,0.459,0.000,0.0242,0.588
1009,4,50,0.571,0.000,0.0241,1.162
1009,5,51,0.311,0.000,0.0241,0.587
1009,6,52,0.852,0.000,0.0241,1.161
1009,7,53,1.394,258.819,0.0242,0.587
1009,8,54,0.451,0.000,0.0240,25.738
1009,9,55,4.148,241.181,0.0241,3.800
1009,10,56,2.198,0.000,0.0234,23.202
1009,11,57,12.610,207.107,0.0231,4.416
1009,12,58,10.892,158.918,0.0224,19.574
1009,13,59,7.177,99.901,0.0223,14.891
1009,14,60,1.920,34.075,0.0215,9.358
1009,15,61,0.852,0.000,0.0208,3.210
1010,0,47,0.519,0.000,0.0242,0.588
1010,1,48,0.855,0.000,0.0240,1.161
1010,2,49,0.440,0.000,0.0242,0.588
1010,3,50,0.350,0.000,0.0241,1.162
1010,4,51,0.297,0.000,0.0241,0.587
1010,5,52,0.680,0.000,0.0241,1.161
1010,6,53,0.871,258.819,0.0242,0.587
1010,7,54,0.855,0.000,0.0240,25.738
1010,8,55,0.794,241.181,0.0241,3.800
1010,9,56,0.660,0.000,0.0234,23.202
1010,10,57,20.339,207.107,0.0231,4.416
1010,11,58,15.708,158.918,0.0224,19.574
1010,12,59,9.782,99.901,0.0223,14.891
1010,13,60,3.059,34.075,0.0215,9.358
1010,14,61,0.726,0.000,0.0208,3.210
1010,15,62,0.290,0.000,0.0206,0.591
1011,0,48,0.734,0.000,0.0240,1.161
1011,1,49,0.503,0.000,0.0242,0.588
1011,2,50,1.122,0.000,0.0241,1.162
1011,3,51,1.121,0.000,0.0241,0.587
1011,4,52,2.477,0.000,0.0241,1.161
1011,5,53,3.233,258.819,0.0242,0.587
1011,6,54,3.435,0.000,0.0240,25.738
1011,7,55,2.752,241.181,0.0241,3.800
1011,8,56,2.777,0.000,0.0234,23.202
1011,9,57,23.690,207.107,0.0231,4.416
1011,10,58,18.283,158.918,0.0224,19.574
1011,11,59,10.779,99.901,0.0223,14.891
1011,12,60,3.579,34.075,0.0215,9.358
1011,13,61,0.515,0.000,0.0208,3.210
1011,14,62,0.645,0.000,0.0206,0.591
1011,15,63,0.282,0.000,0.0204,1.171
1012,0,49,0.246,0.000,0.0242,0.588
1012,1,50,0.305,0.000,0.0241,1.162
1012,2,51,0.808,0.000,0.0241,0.587
1012,3,52,0.968,0.000,0.0241,1.161
1012,4,53,0.898,258.819,0.0242,0.587
1012,5,54,1.160,0.000,0.0240,25.738
1012,6,55,1.338,241.181,0.0241,3.800
1012,7,56,0.984,0.000,0.0234,23.202
1012,8,57,2.548,207.107,0.0231,4.416
1012,9,58,3.097,158.918,0.0224,19.574
1012,10,59,1.521,99.901,0.0223,14.891
1012,11,60,1.062,34.075,0.0215,9.358
1012,12,61,0.622,0.000,0.0208,3.210
1012,13,62,0.345,0.000,0.0206,0.591
1012,14,63,0.708,0.000,0.0204,1.171
1012,15,64,0.585,0.000,0.0204,0.590
1013,0,50,5.050,0.000,0.0241,1.162
1013,1,51,0.574,0.000,0.0241,0.587
1013,2,52,0.433,0.000,0.0241,1.161
1013,3,53,1.146,258.819,0.0242,0.587
1013,4,54,2.481,0.000,0.0240,25.738
1013,5,55,1.538,241.181,0.0241,3.800
1013,6,56,2.187,0.000,0.0234,23.202
1013,7,57,1.113,207.107,0.0231,4.416
1013,8,58,1.121,158.918,0.0224,19.574
1013,9,59,1.791,99.901,0.0223,14.891
1013,10,60,0.988,34.075,0.0215,9.358
1013,11,61,1.718,0.000,0.0208,3.210
1013,12,62,1.694,0.000,0.0206,0.591
1013,13,63,0.617,0.000,0.0204,1.171
1013,14,64,2.510,0.000,0.0204,0.590
1013,15,65,1.037,0.000,0.0201,1.170
1014,0,51,0.824,0.000,0.0241,0.587
1014,1,52,1.628,0.000,0.0241,1.161
1014,2,53,1.037,258.819,0.0242,0.587
1014,3,54,1.313,0.000,0.0240,25.738
1014,4,55,2.031,241.181,0.0241,3.800
1014,5,56,1.390,0.000,0.0234,23.202
1014,6,57,2.103,207.107,0.0231,4.416
1014,7,58,1.205,158.918,0.0224,19.574
1014,8,59,2.374,99.901,0.0223,14.891
1014,9,60,0.987,34.075,0.0215,9.358
1014,10,61,1.091,0.000,0.0208,3.210
1014,11,62,0.593,0.000,0.0206,0.591
1014,12,63,0.227,0.000,0.0204,1.171
1014,13,64,0.489,0.000,0.0204,0.590
1014,14,65,0.538,0.000,0.0201,1.170
1014,15,66,1.091,0.000,0.0203,0.589
1015,0,52,1.020,0.000,0.0241,1.161
1015,1,53,0.418,258.819,0.0242,0.587
1015,2,54,1.170,0.000,0.0240,25.738
1015,3,55,0.769,241.181,0.0241,3.800
1015,4,56,0.384,0.000,0.0234,23.202
1015,5,57,1.610,207.107,0.0231,4.416
1015,6,58,1.763,158.918,0.0224,19.574
1015,7,59,0.609,99.901,0.0223,14.891
1015,8,60,0.371,34.075,0.0215,9.358
1015,9,61,0.398,0.000,0.0208,3.210
1015,10,62,0.506,0.000,0.0206,0.591
1015,11,63,0.781,0.000,0.0204,1.171
1015,12,64,0.199,0.000,0.0204,0.590
1015,13,65,0.234,0.000,0.0201,1.170
1015,14,66,1.037,0.000,0.0203,0.589
1015,15,67,1.816,0.000,0.0203,1.168
1016,0,53,0.371,258.819,0.0242,0.587
1016,1,54,0.758,0.000,0.0240,25.738
1016,2,55,1.618,241.181,0.0241,3.800
1016,3,56,0.636,0.000,0.0234,23.202
1016,4,57,1.094,207.107,0.0231,4.416
1016,5,58,0.641,158.918,0.0224,19.574
1016,6,59,0.890,99.901,0.0223,14.891
1016,7,60,0.763,34.075,0.0215,9.358
1016,8,61,0.411,0.000,0.0208,3.210
1016,9,62,0.066,0.000,0.0206,0.591
1016,10,63,0.309,0.000,0.0204,1.171
1016,11,64,0.844,0.000,0.0204,0.590
1016,12,65,0.498,0.000,0.0201,1.170
1016,13,66,0.610,0.000,0.0203,0.589
1016,14,67,0.530,0.000,0.0203,1.168
1016,15,68,0.789,0.000,0.0201,0.591
1017,0,54,0.572,0.000,0.0240,25.738
1017,1,55,0.738,241.181,0.0241,3.800
1017,2,56,0.511,0.000,0.0234,23.202
1017,3,57,0.707,207.107,0.0231,4.416
1017,4,58,0.822,158.918,0.0224,19.574
1017,5,59,0.708,99.901,0.0223,14.891
1017,6,60,0.500,34.075,0.0215,9.358
1017,7,61,0.607,0.000,0.0208,3.210
1017,8,62,0.154,0.000,0.0206,0.591
1017,9,63,0.748,0.000,0.0204,1.171
1017,10,64,0.855,0.000,0.0204,0.590
1017,11,65,0.516,0.000,0.0201,1.170
1017,12,66,0.501,0.000,0.0203,0.589
1017,13,67,0.284,0.000,0.0203,1.168
1017,14,68,0.504,0.000,0.0201,0.591
1017,15,69,0.337,0.000,0.0202,1.171
1018,0,55,1.914,241.181,0.0241,3.800
1018,1,56,0.901,0.000,0.0234,23.202
1018,2,57,0.459,207.107,0.0231,4.416
1018,3,58,0.871,158.918,0.0224,19.574
1018,4,59,1.002,99.901,0.0223,14.891
1018,5,60,0.360,34.075,0.0215,9.358
1018,6,61,0.402,0.000,0.0208,3.210
1018,7,62,0.698,0.000,0.0206,0.591
1018,8,63,0.748,0.000,0.0204,1.171
1018,9,64,0.753,0.000,0.0204,0.590
1018,10,65,0.421,0.000,0.0201,1.170
1018,11,66,0.432,0.000,0.0203,0.589
1018,12,67,0.700,0.000,0.0203,1.168
1018,13,68,0.273,0.000,0.0201,0.591
1018,14,69,0.714,0.000,0.0202,1.171
1018,15,70,0.870,0.000,0.0203,0.589
1019,0,56,0.682,0.000,0.0234,23.202
1019,1,57,1.013,207.107,0.0231,4.416
1019,2,58,1.167,158.918,0.0224,19.574
1019,3,59,0.793,99.901,0.0223,14.891
1019,4,60,0.400,34.075,0.0215,9.358
1019,5,61,0.216,0.000,0.0208,3.210
1019,6,62,0.715,0.000,0.0206,0.591
1019,7,63,0.075,0.000,0.0204,1.171
1019,8,64,0.552,0.000,0.0204,0.590
1019,9,65,0.355,0.000,0.0201,1.170
1019,10,66,0.114,0.000,0.0203,0.589
1019,11,67,0.306,0.000,0.0203,1.168
1019,12,68,0.603,0.000,0.0201,0.591
1019,13,69,0.211,0.000,0.0202,1.171
1019,14,70,0.503,0.000,0.0203,0.589
1019,15,71,0.365,0.000,0.0202,1.169
1020,0,57,2.231,207.107,0.0231,4.416
1020,1,58,2.047,158.918,0.0224,19.574
1020,2,59,1.497,99.901,0.0223,14.891
1020,3,60,0.259,34.075,0.0215,9.358
1020,4,61,0.796,0.000,0.0208,3.210
1020,5,62,0.828,0.000,0.0206,0.591
1020,6,63,0.464,0.000,0.0204,1.171
1020,7,64,0.847,0.000,0.0204,0.590
1020,8,65,0.730,0.000,0.0201,1.170
1020,9,66,0.401,0.000,0.0203,0.589
1020,10,67,0.432,0.000,0.0203,1.168
1020,11,68,0.635,0.000,0.0201,0.591
1020,12,69,0.759,0.000,0.0202,1.171
1020,13,70,0.596,0.000,0.0203,0.589
1020,14,71,0.734,0.000,0.0202,1.169
1020,15,72,1.823,0.000,0.0203,0.590
1021,0,58,4.631,158.918,0.0224,19.574
1021,1,59,3.832,99.901,0.0223,14.891
1021,2,60,1.447,34.075,0.0215,9.358
1021,3,61,0.628,0.000,0.0208,3.210
1021,4,62,0.811,0.000,0.0206,0.591
1021,5,63,1.199,0.000,0.0204,1.171
1021,6,64,0.419,0.000,0.0204,0.590
1021,7,65,1.116,0.000,0.0201,1.170
1021,8,66,0.543,0.000,0.0203,0.589
1021,9,67,0.425,0.000,0.0203,1.168
1021,10,68,0.597,0.000,0.0201,0.591
1021,11,69,1.227,0.000,0.0202,1.171
1021,12,70,0.832,0.000,0.0203,0.589
1021,13,71,0.684,0.000,0.0202,1.169
1021,14,72,1.542,0.000,0.0203,0.590
1021,15,73,0.495,0.000,0.0201,1.169
1022,0,59,4.974,99.901,0.0223,14.891
1022,1,60,3.690,34.075,0.0215,9.358
1022,2,61,1.865,0.000,0.0208,3.210
1022,3,62,1.305,0.000,0.0206,0.591
1022,4,63,1.010,0.000,0.0204,1.171
1022,5,64,0.903,0.000,0.0204,0.590
1022,6,65,0.823,0.000,0.0201,1.170
1022,7,66,1.040,0.000,0.0203,0.589
1022,8,67,0.814,0.000,0.0203,1.168
1022,9,68,0.342,0.000,0.0201,0.591
1022,10,69,1.967,0.000,0.0202,1.171
1022,11,70,0.409,0.000,0.0203,0.589
1022,12,71,0.220,0.000,0.0202,1.169
1022,13,72,1.009,0.000,0.0203,0.590
1022,14,73,0.608,0.000,0.0201,1.169
1022,15,74,1.658,0.000,0.0199,0.588
1023,0,60,1.067,34.075,0.0215,9.358
1023,1,61,1.235,0.000,0.0208,3.210
1023,2,62,0.282,0.000,0.0206,0.591
1023,3,63,0.577,0.000,0.0204,1.171
1023,4,64,0.270,0.000,0.0204,0.590
1023,5,65,0.327,0.000,0.0201,1.170
1023,6,66,0.239,0.000,0.0203,0.589
1023,7,67,0.206,0.000,0.0203,1.168
1023,8,68,0.252,0.000,0.0201,0.591
1023,9,69,0.412,0.000,0.0202,1.171
1023,10,70,0.730,0.000,0.0203,0.589
1023,11,71,0.284,0.000,0.0202,1.169
1023,12,72,0.461,0.000,0.0203,0.590
1023,13,73,0.402,0.000,0.0201,1.169
1023,14,74,0.517,0.000,0.0199,0.588
1023,15,75,1.292,0.000,0.0201,1.168
1024,0,61,0.525,0.000,0.0208,3.210
1024,1,62,0.528,0.000,0.0206,0.591
1024,2,63,0.909,0.000,0.0204,1.171
1024,3,64,0.319,0.000,0.0204,0.590
1024,4,65,0.485,0.000,0.0201,1.170
1024,5,66,0.370,0.000,0.0203,0.589
1024,6,67,0.471,0.000,0.0203,1.168
1024,7,68,0.514,0.000,0.0201,0.591
1024,8,69,0.348,0.000,0.0202,1.171
1024,9,70,0.406,0.000,0.0203,0.589
1024,10,71,0.227,0.000,0.0202,1.169
1024,11,72,0.558,0.000,0.0203,0.590
1024,12,73,0.435,0.000,0.0201,1.169
1024,13,74,0.386,0.000,0.0199,0.588
1024,14,75,0.337,0.000,0.0201,1.168
1024,15,76,0.366,0.000,0.0203,0.589
1025,0,62,0.600,0.000,0.0206,0.591
1025,1,63,0.590,0.000,0.0204,1.171
1025,2,64,0.380,0.000,0.0204,0.590
1025,3,65,0.606,0.000,0.0201,1.170
1025,4,66,0.646,0.000,0.0203,0.589
1025,5,67,0.223,0.000,0.0203,1.168
1025,6,68,0.281,0.000,0.0201,0.591
1025,7,69,0.413,0.000,0.0202,1.171
1025,8,70,0.343,0.000,0.0203,0.589
1025,9,71,0.337,0.000,0.0202,1.169
1025,10,72,0.209,0.000,0.0203,0.590
1025,11,73,0.431,0.000,0.0201,1.169
1025,12,74,0.332,0.000,0.0199,0.588
1025,13,75,0.446,0.000,0.0201,1.168
1025,14,76,0.471,0.000,0.0203,0.589
1025,15,77,1.212,0.000,0.0202,0.584
1026,0,63,0.475,0.000,0.0204,1.171
1026,1,64,0.676,0.000,0.0204,0.590
1026,2,65,0.384,0.000,0.0201,1.170
1026,3,66,0.754,0.000,0.0203,0.589
1026,4,67,0.620,0.000,0.0203,1.168
1026,5,68,0.208,0.000,0.0201,0.591
1026,6,69,0.458,0.000,0.0202,1.171
1026,7,70,0.570,0.000,0.0203,0.589
1026,8,71,0.165,0.000,0.0202,1.169
1026,9,72,0.628,0.000,0.0203,0.590
1026,10,73,0.165,0.000,0.0201,1.169
1026,11,74,0.555,0.000,0.0199,0.588
1026,12,75,0.398,0.000,0.0201,1.168
1026,13,76,1.081,0.000,0.0203,0.589
1026,14,77,1.780,0.000,0.0202,0.584
1026,15,78,0.823,1000.000,0.0110,0.583
1027,0,64,0.713,0.000,0.0204,0.590
1027,1,65,0.290,0.000,0.0201,1.170
1027,2,66,0.692,0.000,0.0203,0.589
1027,3,67,0.281,0.000,0.0203,1.168
1027,4,68,0.325,0.000,0.0201,0.591
1027,5,69,0.532,0.000,0.0202,1.171
1027,6,70,0.193,0.000,0.0203,0.589
1027,7,71,0.355,0.000,0.0202,1.169
1027,8,72,0.304,0.000,0.0203,0.590
1027,9,73,0.202,0.000,0.0201,1.169
1027,10,74,0.288,0.000,0.0199,0.588
1027,11,75,0.526,0.000,0.0201,1.168
1027,12,76,0.464,0.000,0.0203,0.589
1027,13,77,0.326,0.000,0.0202,0.584
1027,14,78,0.395,1000.000,0.0110,0.583
1027,15,79,0.788,18.295,0.0110,1.829
1028,0,65,1.182,0.000,0.0201,1.170
1028,1,66,0.380,0.000,0.0203,0.589
1028,2,67,0.565,0.000,0.0203,1.168
1028,3,68,0.454,0.000,0.0201,0.591
1028,4,69,0.434,0.000,0.0202,1.171
1028,5,70,0.712,0.000,0.0203,0.589
1028,6,71,0.909,0.000,0.0202,1.169
1028,7,72,0.562,0.000,0.0203,0.590
1028,8,73,0.128,0.000,0.0201,1.169
1028,9,74,0.385,0.000,0.0199,0.588
1028,10,75,0.592,0.000,0.0201,1.168
1028,11,76,0.533,0.000,0.0203,0.589
1028,12,77,1.002,0.000,0.0202,0.584
1028,13,78,0.327,1000.000,0.0110,0.583
1028,14,79,0.660,18.295,0.0110,1.829
1029,0,66,0.446,0.000,0.0203,0.589
1029,1,67,0.918,0.000,0.0203,1.168
1029,2,68,0.165,0.000,0.0201,0.591
1029,3,69,0.858,0.000,0.0202,1.171
1029,4,70,0.537,0.000,0.0203,0.589
1029,5,71,0.777,0.000,0.0202,1.169
1029,6,72,0.531,0.000,0.0203,0.590
1029,7,73,0.335,0.000,0.0201,1.169
1029,8,74,0.240,0.000,0.0199,0.588
1029,9,75,0.805,0.000,0.0201,1.168
1029,10,76,0.462,0.000,0.0203,0.589
1029,11,77,0.596,0.000,0.0202,0.584
1029,12,78,0.658,1000.000,0.0110,0.583
1029,13,79,0.318,18.295,0.0110,1.829
1030,0,67,0.258,0.000,0.0203,1.168
1030,1,68,0.425,0.000,0.0201,0.591
1030,2,69,0.765,0.000,0.0202,1.171
1030,3,70,0.450,0.000,0.0203,0.589
1030,4,71,0.493,0.000,0.0202,1.169
1030,5,72,0.732,0.000,0.0203,0.590
1030,6,73,0.473,0.000,0.0201,1.169
1030,7,74,0.455,0.000,0.0199,0.588
1030,8,75,0.899,0.000,0.0201,1.168
1030,9,76,0.580,0.000,0.0203,0.589
1030,10,77,0.317,0.000,0.0202,0.584
1030,11,78,0.651,1000.000,0.0110,0.583
1030,12,79,0.378,18.295,0.0110,1.829
1031,0,68,1.391,0.000,0.0201,0.591
1031,1,69,1.150,0.000,0.0202,1.171
1031,2,70,0.457,0.000,0.0203,0.589
1031,3,71,0.602,0.000,0.0202,1.169
1031,4,72,0.338,0.000,0.0203,0.590
1031,5,73,0.463,0.000,0.0201,1.169
1031,6,74,0.402,0.000,0.0199,0.588
1031,7,75,0.580,0.000,0.0201,1.168
1031,8,76,0.226,0.000,0.0203,0.589
1031,9,77,1.452,0.000,0.0202,0.584
1031,10,78,0.519,1000.000,0.0110,0.583
1031,11,79,0.357,18.295,0.0110,1.829
1032,0,69,0.781,0.000,0.0202,1.171
1032,1,70,3.079,0.000,0.0203,0.589
1032,2,71,0.424,0.000,0.0202,1.169
1032,3,72,0.697,0.000,0.0203,0.590
1032,4,73,1.561,0.000,0.0201,1.169
1032,5,74,0.917,0.000,0.0199,0.588
1032,6,75,0.942,0.000,0.0201,1.168
1032,7,76,0.999,0.000,0.0203,0.589
1032,8,77,0.655,0.000,0.0202,0.584
1032,9,78,0.556,1000.000,0.0110,0.583
1032,10,79,1.573,18.295,0.0110,1.829
1033,0,70,0.693,0.000,0.0203,0.589
1033,1,71,0.251,0.000,0.0202,1.169
1033,2,72,0.242,0.000,0.0203,0.590
1033,3,73,0.880,0.000,0.0201,1.169
1033,4,74,0.979,0.000,0.0199,0.588
1033,5,75,0.383,0.000,0.0201,1.168
1033,6,76,0.256,0.000,0.0203,0.589
1033,7,77,1.423,0.000,0.0202,0.584
1033,8,78,0.832,1000.000,0.0110,0.583
1033,9,79,0.565,18.295,0.0110,1.829
1034,0,71,0.349,0.000,0.0202,1.169
1034,1,72,0.448,0.000,0.0203,0.590
1034,2,73,0.741,0.000,0.0201,1.169
1034,3,74,0.542,0.000,0.0199,0.588
1034,4,75,0.648,0.000,0.0201,1.168
1034,5,76,0.678,0.000,0.0203,0.589
1034,6,77,0.785,0.000,0.0202,0.584
1034,7,78,1.274,1000.000,0.0110,0.583
1034,8,79,1.245,18.295,0.0110,1.829
1035,0,72,0.314,0.000,0.0203,0.590
1035,1,73,0.615,0.000,0.0201,1.169
1035,2,74,0.638,0.000,0.0199,0.588
1035,3,75,0.572,0.000,0.0201,1.168
1035,4,76,0.594,0.000,0.0203,0.589
1035,5,77,0.644,0.000,0.0202,0.584
1035,6,78,0.453,1000.000,0.0110,0.583
1035,7,79,0.634,18.295,0.0110,1.829
1036,0,73,1.949,0.000,0.0201,1.169
1036,1,74,0.520,0.000,0.0199,0.588
1036,2,75,0.277,0.000,0.0201,1.168
1036,3,76,0.736,0.000,0.0203,0.589
1036,4,77,0.802,0.000,0.0202,0.584
1036,5,78,0.825,1000.000,0.0110,0.583
1036,6,79,1.717,18.295,0.0110,1.829
1037,0,74,0.918,0.000,0.0199,0.588
1037,1,75,0.749,0.000,0.0201,1.168
1037,2,76,1.324,0.000,0.0203,0.589
1037,3,77,0.820,0.000,0.0202,0.584
1037,4,78,1.495,1000.000,0.0110,0.583
1037,5,79,99.945,18.295,0.0110,1.829
1038,0,75,3.157,0.000,0.0201,1.168
1038,1,76,0.519,0.000,0.0203,0.589
1038,2,77,1.651,0.000,0.0202,0.584
1038,3,78,0.571,1000.000,0.0110,0.583
1038,4,79,0.205,18.295,0.0110,1.829
1039,0,76,0.734,0.000,0.0203,0.589
1039,1,77,1.916,0.000,0.0202,0.584
1039,2,78,0.959,1000.000,0.0110,0.583
1039,3,79,100.976,18.295,0.0110,1.829
1040,0,77,0.798,0.000,0.0202,0.584
1040,1,78,2.279,1000.000,0.0110,0.583
1040,2,79,101.389,18.295,0.0110,1.829
1041,0,78,2.178,1000.000,0.0110,0.583
1041,1,79,2.701,18.295,0.0110,1.829
1042,0,79,1.535,18.295,0.0110,1.829
1044,0,0,100.556,1000.000,0.0106,1.329
1044,1,1,3.244,36.826,0.0106,3.683
1044,2,2,4.661,36.869,2.7141,3.687
1044,3,3,156.575,1606.076,0.0139,160.608
1044,4,4,137.416,1474.079,6.3744,147.408
1044,5,5,46.614,1003.700,4.4897,100.370
1044,6,6,43.725,431.600,2.4004,43.160
1044,7,7,0.975,0.006,0.0300,0.001
1044,8,8,0.539,0.003,0.0304,0.000
1044,9,9,0.537,0.002,0.0304,0.000
1044,10,10,1.462,0.000,0.0304,0.000
1044,11,11,0.940,0.000,0.0304,0.000
1044,12,12,1.871,0.000,0.0304,0.000
1044,13,13,1.266,0.000,0.0304,0.000
1044,14,14,1.234,0.000,0.0304,0.000
1044,15,15,1.688,0.000,0.0304,0.000
1045,0,1,99.328,36.826,0.0106,3.683
1045,1,2,4.013,36.869,2.7141,3.687
1045,2,3,3.457,1606.076,0.0139,160.608
1045,3,4,157.554,1474.079,6.3744,147.408
1045,4,5,137.357,1003.700,4.4897,100.370
1045,5,6,48.542,431.600,2.4004,43.160
1045,6,7,52.277,0.006,0.0300,0.001
1045,7,8,0.520,0.003,0.0304,0.000
1045,8,9,0.681,0.002,0.0304,0.000
1045,9,10,0.709,0.000,0.0304,0.000
1045,10,11,0.751,0.000,0.0304,0.000
1045,11,12,0.681,0.000,0.0304,0.000
1045,12,13,0.447,0.000,0.0304,0.000
1045,13,14,0.301,0.000,0.0304,0.000
1045,14,15,0.532,0.000,0.0304,0.000
1045,15,16,0.222,3806.018,0.0304,0.000
1046,0,2,0.629,36.869,2.7141,3.687
1046,1,3,1.556,1606.076,0.0139,160.608
1046,2,4,1.615,1474.079,6.3744,147.408
1046,3,5,1.763,1003.700,4.4897,100.370
1046,4,6,8.826,431.600,2.4004,43.160
1046,5,7,1.659,0.006,0.0300,0.001
1046,6,8,0.135,0.003,0.0304,0.000
1046,7,9,0.578,0.002,0.0304,0.000
1046,8,10,0.299,0.000,0.0304,0.000
1046,9,11,0.324,0.000,0.0304,0.000
1046,10,12,0.273,0.000,0.0304,0.000
1046,11,13,0.923,0.000,0.0304,0.000
1046,12,14,0.617,0.000,0.0304,0.000
1046,13,15,0.329,0.000,0.0304,0.000
1046,14,16,0.403,3806.018,0.0304,0.000
1046,15,17,0.832,0.000,0.0304,380.602
1047,0,3,1.083,1606.076,0.0139,160.608
1047,1,4,0.084,1474.079,6.3744,147.408
1047,2,5,1.291,1003.700,4.4897,100.370
1047,3,6,0.606,431.600,2.4004,43.160
1047,4,7,0.473,0.006,0.0300,0.001
1047,5,8,0.761,0.003,0.0304,0.000
1047,6,9,0.556,0.002,0.0304,0.000
1047,7,10,0.426,0.000,0.0304,0.000
1047,8,11,0.504,0.000,0.0304,0.000
1047,9,12,0.713,0.000,0.0304,0.000
1047,10,13,0.843,0.000,0.0304,0.000
1047,11,14,0.512,0.000,0.0304,0.000
1047,12,15,1.031,0.000,0.0304,0.000
1047,13,16,2.451,3806.018,0.0304,0.000
1047,14,17,0.599,0.000,0.0304,380.602
1047,15,18,1.522,0.000,0.0304,201.317
1048,0,4,0.891,1474.079,6.3744,147.408
1048,1,5,1.786,1003.700,4.4897,100.370
1048,2,6,5.955,431.600,2.4004,43.160
1048,3,7,1.180,0.006,0.0300,0.001
1048,4,8,1.460,0.003,0.0304,0.000
1048,5,9,0.712,0.002,0.0304,0.000
1048,6,10,0.223,0.000,0.0304,0.000
1048,7,11,0.990,0.000,0.0304,0.000
1048,8,12,0.654,0.000,0.0304,0.000
1048,9,13,0.897,0.000,0.0304,0.000
1048,10,14,1.802,0.000,0.0304,0.000
1048,11,15,0.971,0.000,0.0304,0.000
1048,12,16,0.976,3806.018,0.0304,0.000
1048,13,17,0.362,0.000,0.0304,380.602
1048,14,18,0.753,0.000,0.0304,201.317
1048,15,19,0.598,0.000,5.7607,76.421
1049,0,5,1.722,1003.700,4.4897,100.370
1049,1,6,0.496,431.600,2.4004,43.160
1049,2,7,1.047,0.006,0.0300,0.001
1049,3,8,0.791,0.003,0.0304,0.000
1049,4,9,0.333,0.002,0.0304,0.000
1049,5,10,0.636,0.000,0.0304,0.000
1049,6,11,1.006,0.000,0.0304,0.000
1049,7,12,0.669,0.000,0.0304,0.000
1049,8,13,0.938,0.000,0.0304,0.000
1049,9,14,0.194,0.000,0.0304,0.000
1049,10,15,0.255,0.000,0.0304,0.000
1049,11,16,0.864,3806.018,0.0304,0.000
1049,12,17,0.778,0.000,0.0304,380.602
1049,13,18,0.984,0.000,0.0304,201.317
1049,14,19,0.606,0.000,5.7607,76.421
1049,15,20,0.755,258.819,3.6098,0.971
1050,0,6,1.795,431.600,2.4004,43.160
1050,1,7,0.451,0.006,0.0300,0.001
1050,2,8,0.576,0.003,0.0304,0.000
1050,3,9,0.706,0.002,0.0304,0.000
1050,4,10,0.892,0.000,0.0304,0.000
1050,5,11,0.735,0.000,0.0304,0.000
1050,6,12,1.091,0.000,0.0304,0.000
1050,7,13,0.504,0.000,0.0304,0.000
1050,8,14,0.995,0.000,0.0304,0.000
1050,9,15,0.753,0.000,0.0304,0.000
1050,10,16,0.721,3806.018,0.0304,0.000
1050,11,17,0.895,0.000,0.0304,380.602
1050,12,18,0.734,0.000,0.0304,201.317
1050,13,19,0.822,0.000,5.7607,76.421
1050,14,20,0.963,258.819,3.6098,0.971
1050,15,21,0.818,0.000,0.3218,26.392
1051,0,7,1.668,0.006,0.0300,0.001
1051,1,8,0.515,0.003,0.0304,0.000
1051,2,9,0.220,0.002,0.0304,0.000
1051,3,10,0.539,0.000,0.0304,0.000
1051,4,11,0.297,0.000,0.0304,0.000
1051,5,12,1.313,0.000,0.0304,0.000
1051,6,13,0.601,0.000,0.0304,0.000
1051,7,14,0.624,0.000,0.0304,0.000
1051,8,15,0.517,0.000,0.0304,0.000
1051,9,16,1.719,3806.018,0.0304,0.000
1051,10,17,0.773,0.000,0.0304,380.602
1051,11,18,1.154,0.000,0.0304,201.317
1051,12,19,0.261,0.000,5.7607,76.421
1051,13,20,0.924,258.819,3.6098,0.971
1051,14,21,0.310,0.000,0.3218,26.392
1051,15,22,0.273,241.181,0.0140,2.602
1052,0,8,2.567,0.003,0.0304,0.000
1052,1,9,0.514,0.002,0.0304,0.000
1052,2,10,0.201,0.000,0.0304,0.000
1052,3,11,0.458,0.000,0.0304,0.000
1052,4,12,0.544,0.000,0.0304,0.000
1052,5,13,0.924,0.000,0.0304,0.000
1052,6,14,2.039,0.000,0.0304,0.000
1052,7,15,0.616,0.000,0.0304,0.000
1052,8,16,1.196,3806.018,0.0304,0.000
1052,9,17,0.662,0.000,0.0304,380.602
1052,10,18,1.101,0.000,0.0304,201.317
1052,11,19,0.384,0.000,5.7607,76.421
1052,12,20,0.550,258.819,3.6098,0.971
1052,13,21,0.380,0.000,0.3218,26.392
1052,14,22,0.967,241.181,0.0140,2.602
1052,15,23,1.289,0.000,0.0135,23.897
1053,0,9,0.296,0.002,0.0304,0.000
1053,1,10,0.234,0.000,0.0304,0.000
1053,2,11,0.258,0.000,0.0304,0.000
1053,3,12,0.442,0.000,0.0304,0.000
1053,4,13,0.184,0.000,0.0304,0.000
1053,5,14,0.655,0.000,0.0304,0.000
1053,6,15,1.552,0.000,0.0304,0.000
1053,7,16,1.444,3806.018,0.0304,0.000
1053,8,17,0.436,0.000,0.0304,380.602
1053,9,18,0.172,0.000,0.0304,201.317
1053,10,19,0.381,0.000,5.7607,76.421
1053,11,20,0.690,258.819,3.6098,0.971
1053,12,21,0.212,0.000,0.3218,26.392
1053,13,22,0.288,241.181,0.0140,2.602
1053,14,23,0.433,0.000,0.0135,23.897
1053,15,24,0.220,207.107,0.0135,3.325
1054,0,10,1.323,0.000,0.0304,0.000
1054,1,11,0.547,0.000,0.0304,0.000
1054,2,12,0.217,0.000,0.0304,0.000
1054,3,13,0.639,0.000,0.0304,0.000
1054,4,14,0.475,0.000,0.0304,0.000
1054,5,15,0.461,0.000,0.0304,0.000
1054,6,16,0.915,3806.018,0.0304,0.000
1054,7,17,0.184,0.000,0.0304,380.602
1054,8,18,1.087,0.000,0.0304,201.317
1054,9,19,0.439,0.000,5.7607,76.421
1054,10,20,0.400,258.819,3.6098,0.971
1054,11,21,0.279,0.000,0.3218,26.392
1054,12,22,0.440,241.181,0.0140,2.602
1054,13,23,0.331,0.000,0.0135,23.897
1054,14,24,0.602,207.107,0.0135,3.325
1054,15,25,0.497,158.919,0.0128,20.203
1055,0,11,1.180,0.000,0.0304,0.000
1055,1,12,1.691,0.000,0.0304,0.000
1055,2,13,1.448,0.000,0.0304,0.000
1055,3,14,0.942,0.000,0.0304,0.000
1055,4,15,4.321,0.000,0.0304,0.000
1055,5,16,2.189,3806.018,0.0304,0.000
1055,6,17,3.313,0.000,0.0304,380.602
1055,7,18,0.801,0.000,0.0304,201.317
1055,8,19,1.010,0.000,5.7607,76.421
1055,9,20,0.269,258.819,3.6098,0.971
1055,10,21,0.542,0.000,0.3218,26.392
1055,11,22,1.411,241.181,0.0140,2.602
1055,12,23,0.601,0.000,0.0135,23.897
1055,13,24,0.877,207.107,0.0135,3.325
1055,14,25,1.696,158.919,0.0128,20.203
1055,15,26,0.268,99.900,0.0128,15.356
1056,0,12,0.230,0.000,0.0304,0.000
1056,1,13,0.503,0.000,0.0304,0.000
1056,2,14,0.208,0.000,0.0304,0.000
1056,3,15,0.583,0.000,0.0304,0.000
1056,4,16,0.590,3806.018,0.0304,0.000
1056,5,17,0.769,0.000,0.0304,380.602
1056,6,18,0.507,0.000,0.0304,201.317
1056,7,19,0.516,0.000,5.7607,76.421
1056,8,20,0.587,258.819,3.6098,0.971
1056,9,21,0.228,0.000,0.3218,26.392
1056,10,22,0.028,241.181,0.0140,2.602
1056,11,23,0.511,0.000,0.0135,23.897
1056,12,24,0.516,207.107,0.0135,3.325
1056,13,25,0.420,158.919,0.0128,20.203
1056,14,26,0.114,99.900,0.0128,15.356
1056,15,27,1.176,34.075,0.0122,9.607
1057,0,13,0.971,0.000,0.0304,0.000
1057,1,14,0.370,0.000,0.0304,0.000
1057,2,15,0.645,0.000,0.0304,0.000
1057,3,16,1.470,3806.018,0.0304,0.000
1057,4,17,0.501,0.000,0.0304,380.602
1057,5,18,0.479,0.000,0.0304,201.317
1057,6,19,0.690,0.000,5.7607,76.421
1057,7,20,0.371,258.819,3.6098,0.971
1057,8,21,0.240,0.000,0.3218,26.392
1057,9,22,0.490,241.181,0.0140,2.602
1057,10,23,0.311,0.000,0.0135,23.897
1057,11,24,0.507,207.107,0.0135,3.325
1057,12,25,0.280,158.919,0.0128,20.203
1057,13,26,0.711,99.900,0.0128,15.356
1057,14,27,0.564,34.075,0.0122,9.607
1057,15,28,0.585,0.000,0.0117,3.239
1058,0,14,0.522,0.000,0.0304,0.000
1058,1,15,0.741,0.000,0.0304,0.000
1058,2,16,0.651,3806.018,0.0304,0.000
1058,3,17,379.982,0.000,0.0304,380.602
1058,4,18,1.136,0.000,0.0304,201.317
1058,5,19,1.006,0.000,5.7607,76.421
1058,6,20,0.419,258.819,3.6098,0.971
1058,7,21,25.786,0.000,0.3218,26.392
1058,8,22,0.633,241.181,0.0140,2.602
1058,9,23,24.552,0.000,0.0135,23.897
1058,10,24,0.760,207.107,0.0135,3.325
1058,11,25,20.885,158.919,0.0128,20.203
1058,12,26,16.557,99.900,0.0128,15.356
1058,13,27,10.763,34.075,0.0122,9.607
1058,14,28,2.696,0.000,0.0117,3.239
1058,15,29,0.614,0.000,0.0114,3.177
1059,0,15,1.377,0.000,0.0304,0.000
1059,1,16,3.169,3806.018,0.0304,0.000
1059,2,17,3.549,0.000,0.0304,380.602
1059,3,18,0.646,0.000,0.0304,201.317
1059,4,19,1.139,0.000,5.7607,76.421
1059,5,20,1.224,258.819,3.6098,0.971
1059,6,21,0.779,0.000,0.3218,26.392
1059,7,22,0.657,241.181,0.0140,2.602
1059,8,23,1.212,0.000,0.0135,23.897
1059,9,24,0.831,207.107,0.0135,3.325
1059,10,25,0.543,158.919,0.0128,20.203
1059,11,26,1.488,99.900,0.0128,15.356
1059,12,27,1.027,34.075,0.0122,9.607
1059,13,28,1.252,0.000,0.0117,3.239
1059,14,29,0.754,0.000,0.0114,3.177
1059,15,30,1.860,0.000,0.1165,3.306
1060,0,16,0.986,3806.018,0.0304,0.000
1060,1,17,0.347,0.000,0.0304,380.602
1060,2,18,0.461,0.000,0.0304,201.317
1060,3,19,0.439,0.000,5.7607,76.421
1060,4,20,0.759,258.819,3.6098,0.971
1060,5,21,0.796,0.000,0.3218,26.392
1060,6,22,0.385,241.181,0.0140,2.602
1060,7,23,0.268,0.000,0.0135,23.897
1060,8,24,0.256,207.107,0.0135,3.325
1060,9,25,0.339,158.919,0.0128,20.203
1060,10,26,0.432,99.900,0.0128,15.356
1060,11,27,0.153,34.075,0.0122,9.607
1060,12,28,0.662,0.000,0.0117,3.239
1060,13,29,0.144,0.000,0.0114,3.177
1060,14,30,0.283,0.000,0.1165,3.306
1060,15,31,0.009,0.000,0.0243,3.242
1061,0,17,1.017,0.000,0.0304,380.602
1061,1,18,0.200,0.000,0.0304,201.317
1061,2,19,0.322,0.000,5.7607,76.421
1061,3,20,0.710,258.819,3.6098,0.971
1061,4,21,0.273,0.000,0.3218,26.392
1061,5,22,0.493,241.181,0.0140,2.602
1061,6,23,0.338,0.000,0.0135,23.897
1061,7,24,0.577,207.107,0.0135,3.325
1061,8,25,0.345,158.919,0.0128,20.203
1061,9,26,0.340,99.900,0.0128,15.356
1061,10,27,0.204,34.075,0.0122,9.607
1061,11,28,0.248,0.000,0.0117,3.239
1061,12,29,0.362,0.000,0.0114,3.177
1061,13,30,0.700,0.000,0.1165,3.306
1061,14,31,0.735,0.000,0.0243,3.242
1061,15,32,0.639,0.000,0.0226,3.403
1062,0,18,0.144,0.000,0.0304,201.317
1062,1,19,0.443,0.000,5.7607,76.421
1062,2,20,0.321,258.819,3.6098,0.971
1062,3,21,26.172,0.000,0.3218,26.392
1062,4,22,0.744,241.181,0.0140,2.602
1062,5,23,24.445,0.000,0.0135,23.897
1062,6,24,0.237,207.107,0.0135,3.325
1062,7,25,20.828,158.919,0.0128,20.203
1062,8,26,16.465,99.900,0.0128,15.356
1062,9,27,9.682,34.075,0.0122,9.607
1062,10,28,3.129,0.000,0.0117,3.239
1062,11,29,0.501,0.000,0.0114,3.177
1062,12,30,0.260,0.000,0.1165,3.306
1062,13,31,0.124,0.000,0.0243,3.242
1062,14,32,0.060,0.000,0.0226,3.403
1062,15,33,0.420,0.000,0.0233,3.243
1063,0,19,1.390,0.000,5.7607,76.421
1063,1,20,0.410,258.819,3.6098,0.971
1063,2,21,0.442,0.000,0.3218,26.392
1063,3,22,0.420,241.181,0.0140,2.602
1063,4,23,0.159,0.000,0.0135,23.897
1063,5,24,0.361,207.107,0.0135,3.325
1063,6,25,0.471,158.919,0.0128,20.203
1063,7,26,0.221,99.900,0.0128,15.356
1063,8,27,0.696,34.075,0.0122,9.607
1063,9,28,0.265,0.000,0.0117,3.239
1063,10,29,0.605,0.000,0.0114,3.177
1063,11,30,0.425,0.000,0.1165,3.306
1063,12,31,0.216,0.000,0.0243,3.242
1063,13,32,0.337,0.000,0.0226,3.403
1063,14,33,0.245,0.000,0.0233,3.243
1063,15,34,0.411,0.000,0.0236,3.401
1064,0,20,0.649,258.819,3.6098,0.971
1064,1,21,0.505,0.000,0.3218,26.392
1064,2,22,0.573,241.181,0.0140,2.602
1064,3,23,0.509,0.000,0.0135,23.897
1064,4,24,0.130,207.107,0.0135,3.325
1064,5,25,0.447,158.919,0.0128,20.203
1064,6,26,0.415,99.900,0.0128,15.356
1064,7,27,0.107,34.075,0.0122,9.607
1064,8,28,0.120,0.000,0.0117,3.239
1064,9,29,0.036,0.000,0.0114,3.177
1064,10,30,0.101,0.000,0.1165,3.306
1064,11,31,0.459,0.000,0.0243,3.242
1064,12,32,0.085,0.000,0.0226,3.403
1064,13,33,0.137,0.000,0.0233,3.243
1064,14,34,0.175,0.000,0.0236,3.401
1064,15,35,0.537,0.000,0.0255,3.243
1065,0,21,0.595,0.000,0.3218,26.392
1065,1,22,0.574,241.181,0.0140,2.602
1065,2,23,0.315,0.000,0.0135,23.897
1065,3,24,0.148,207.107,0.0135,3.325
1065,4,25,0.367,158.919,0.0128,20.203
1065,5,26,0.286,99.900,0.0128,15.356
1065,6,27,0.339,34.075,0.0122,9.607
1065,7,28,0.335,0.000,0.0117,3.239
1065,8,29,0.425,0.000,0.0114,3.177
1065,9,30,0.498,0.000,0.1165,3.306
1065,10,31,0.115,0.000,0.0243,3.242
1065,11,32,0.412,0.000,0.0226,3.403
1065,12,33,0.044,0.000,0.0233,3.243
1065,13,34,0.175,0.000,0.0236,3.401
1065,14,35,0.158,0.000,0.0255,3.243
1065,15,36,0.214,0.000,0.0245,3.404
1066,0,22,0.150,241.181,0.0140,2.602
1066,1,23,0.209,0.000,0.0135,23.897
1066,2,24,0.282,207.107,0.0135,3.325
1066,3,25,0.450,158.919,0.0128,20.203
1066,4,26,0.050,99.900,0.0128,15.356
1066,5,27,0.326,34.075,0.0122,9.607
1066,6,28,0.308,0.000,0.0117,3.239
1066,7,29,0.105,0.000,0.0114,3.177
1066,8,30,0.297,0.000,0.1165,3.306
1066,9,31,0.353,0.000,0.0243,3.242
1066,10,32,0.446,0.000,0.0226,3.403
1066,11,33,0.104,0.000,0.0233,3.243
1066,12,34,0.003,0.000,0.0236,3.401
1066,13,35,0.142,0.000,0.0255,3.243
1066,14,36,0.143,0.000,0.0245,3.404
1066,15,37,0.586,0.000,0.0233,3.243
1067,0,23,0.694,0.000,0.0135,23.897
1067,1,24,2.604,207.107,0.0135,3.325
1067,2,25,0.049,158.919,0.0128,20.203
1067,3,26,0.388,99.900,0.0128,15.356
1067,4,27,0.191,34.075,0.0122,9.607
1067,5,28,0.355,0.000,0.0117,3.239
1067,6,29,0.467,0.000,0.0114,3.177
1067,7,30,0.781,0.000,0.1165,3.306
1067,8,31,0.397,0.000,0.0243,3.242
1067,9,32,0.328,0.000,0.0226,3.403
1067,10,33,0.230,0.000,0.0233,3.243
1067,11,34,0.514,0.000,0.0236,3.401
1067,12,35,0.243,0.000,0.0255,3.243
1067,13,36,0.048,0.000,0.0245,3.404
1067,14,37,0.530,0.000,0.0233,3.243
1067,15,38,0.289,0.000,0.0253,3.397
1068,0,24,0.542,207.107,0.0135,3.325
1068,1,25,0.175,158.919,0.0128,20.203
1068,2,26,0.345,99.900,0.0128,15.356
1068,3,27,1.062,34.075,0.0122,9.607
1068,4,28,0.448,0.000,0.0117,3.239
1068,5,29,0.257,0.000,0.0114,3.177
1068,6,30,0.473,0.000,0.1165,3.306
1068,7,31,0.122,0.000,0.0243,3.242
1068,8,32,0.055,0.000,0.0226,3.403
1068,9,33,0.385,0.000,0.0233,3.243
1068,10,34,0.122,0.000,0.0236,3.401
1068,11,35,0.298,0.000,0.0255,3.243
1068,12,36,0.267,0.000,0.0245,3.404
1068,13,37,0.251,0.000,0.0233,3.243
1068,14,38,0.458,0.000,0.0253,3.397
1068,15,39,1.283,1000.000,0.0236,3.243
1069,0,25,0.102,158.919,0.0128,20.203
1069,1,26,0.398,99.900,0.0128,15.356
1069,2,27,0.743,34.075,0.0122,9.607
1069,3,28,0.919,0.000,0.0117,3.239
1069,4,29,0.372,0.000,0.0114,3.177
1069,5,30,0.662,0.000,0.1165,3.306
1069,6,31,0.666,0.000,0.0243,3.242
1069,7,32,0.803,0.000,0.0226,3.403
1069,8,33,0.626,0.000,0.0233,3.243
1069,9,34,0.704,0.000,0.0236,3.401
1069,10,35,0.500,0.000,0.0255,3.243
1069,11,36,0.518,0.000,0.0245,3.404
1069,12,37,0.824,0.000,0.0233,3.243
1069,13,38,0.061,0.000,0.0253,3.397
1069,14,39,0.991,1000.000,0.0236,3.243
1069,15,40,2.115,1035.570,0.0221,3.975
1070,0,26,0.276,99.900,0.0128,15.356
1070,1,27,0.122,34.075,0.0122,9.607
1070,2,28,0.362,0.000,0.0117,3.239
1070,3,29,0.230,0.000,0.0114,3.177
1070,4,30,0.523,0.000,0.1165,3.306
1070,5,31,0.121,0.000,0.0243,3.242
1070,6,32,0.087,0.000,0.0226,3.403
1070,7,33,0.026,0.000,0.0233,3.243
1070,8,34,0.040,0.000,0.0236,3.401
1070,9,35,0.064,0.000,0.0255,3.243
1070,10,36,0.004,0.000,0.0245,3.404
1070,11,37,0.051,0.000,0.0233,3.243
1070,12,38,0.261,0.000,0.0253,3.397
1070,13,39,0.194,1000.000,0.0236,3.243
1070,14,40,0.184,1035.570,0.0221,3.975
1070,15,41,15.517,0.000,2.0033,102.708
1071,0,27,0.683,34.075,0.0122,9.607
1071,1,28,0.929,0.000,0.0117,3.239
1071,2,29,0.318,0.000,0.0114,3.177
1071,3,30,0.524,0.000,0.1165,3.306
1071,4,31,0.150,0.000,0.0243,3.242
1071,5,32,0.736,0.000,0.0226,3.403
1071,6,33,0.580,0.000,0.0233,3.243
1071,7,34,1.601,0.000,0.0236,3.401
1071,8,35,0.856,0.000,0.0255,3.243
1071,9,36,1.047,0.000,0.0245,3.404
1071,10,37,1.814,0.000,0.0233,3.243
1071,11,38,2.269,0.000,0.0253,3.397
1071,12,39,3.271,1000.000,0.0236,3.243
1071,13,40,2.732,1035.570,0.0221,3.975
1071,14,41,92.329,0.000,2.0033,102.708
1071,15,42,3.131,0.000,4.4637,20.899
1072,0,28,0.392,0.000,0.0117,3.239
1072,1,29,0.201,0.000,0.0114,3.177
1072,2,30,0.279,0.000,0.1165,3.306
1072,3,31,0.432,0.000,0.0243,3.242
1072,4,32,0.090,0.000,0.0226,3.403
1072,5,33,0.100,0.000,0.0233,3.243
1072,6,34,0.256,0.000,0.0236,3.401
1072,7,35,0.339,0.000,0.0255,3.243
1072,8,36,0.263,0.000,0.0245,3.404
1072,9,37,0.372,0.000,0.0233,3.243
1072,10,38,0.486,0.000,0.0253,3.397
1072,11,39,1.046,1000.000,0.0236,3.243
1072,12,40,0.783,1035.570,0.0221,3.975
1072,13,41,103.866,0.000,2.0033,102.708
1072,14,42,0.294,0.000,4.4637,20.899
1072,15,43,0.624,0.000,3.0410,0.614
1073,0,29,0.476,0.000,0.0114,3.177
1073,1,30,0.468,0.000,0.1165,3.306
1073,2,31,0.424,0.000,0.0243,3.242
1073,3,32,1.180,0.000,0.0226,3.403
1073,4,33,0.576,0.000,0.0233,3.243
1073,5,34,0.539,0.000,0.0236,3.401
1073,6,35,0.271,0.000,0.0255,3.243
1073,7,36,0.549,0.000,0.0245,3.404
1073,8,37,0.384,0.000,0.0233,3.243
1073,9,38,0.100,0.000,0.0253,3.397
1073,10,39,0.459,1000.000,0.0236,3.243
1073,11,40,0.382,1035.570,0.0221,3.975
1073,12,41,84.213,0.000,2.0033,102.708
1073,13,42,0.444,0.000,4.4637,20.899
1073,14,43,0.697,0.000,3.0410,0.614
1073,15,44,0.205,0.000,0.0292,1.215
1074,0,30,2.599,0.000,0.1165,3.306
1074,1,31,1.984,0.000,0.0243,3.242
1074,2,32,0.094,0.000,0.0226,3.403
1074,3,33,1.047,0.000,0.0233,3.243
1074,4,34,0.452,0.000,0.0236,3.401
1074,5,35,0.622,0.000,0.0255,3.243
1074,6,36,0.340,0.000,0.0245,3.404
1074,7,37,0.922,0.000,0.0233,3.243
1074,8,38,0.215,0.000,0.0253,3.397
1074,9,39,0.184,1000.000,0.0236,3.243
1074,10,40,0.673,1035.570,0.0221,3.975
1074,11,41,13.448,0.000,2.0033,102.708
1074,12,42,1.354,0.000,4.4637,20.899
1074,13,43,1.715,0.000,3.0410,0.614
1074,14,44,1.521,0.000,0.0292,1.215
1074,15,45,0.853,0.000,0.0301,0.614
1075,0,31,1.140,0.000,0.0243,3.242
1075,1,32,0.620,0.000,0.0226,3.403
1075,2,33,0.558,0.000,0.0233,3.243
1075,3,34,0.249,0.000,0.0236,3.401
1075,4,35,0.591,0.000,0.0255,3.243
1075,5,36,0.182,0.000,0.0245,3.404
1075,6,37,0.629,0.000,0.0233,3.243
1075,7,38,0.533,0.000,0.0253,3.397
1075,8,39,1.037,1000.000,0.0236,3.243
1075,9,40,0.176,1035.570,0.0221,3.975
1075,10,41,3.032,0.000,2.0033,102.708
1075,11,42,0.769,0.000,4.4637,20.899
1075,12,43,0.611,0.000,3.0410,0.614
1075,13,44,0.670,0.000,0.0292,1.215
1075,14,45,0.890,0.000,0.0301,0.614
1075,15,46,0.977,0.000,0.0299,1.214
1076,0,32,0.769,0.000,0.0226,3.403
1076,1,33,1.305,0.000,0.0233,3.243
1076,2,34,0.263,0.000,0.0236,3.401
1076,3,35,0.642,0.000,0.0255,3.243
1076,4,36,0.465,0.000,0.0245,3.404
1076,5,37,0.733,0.000,0.0233,3.243
1076,6,38,0.653,0.000,0.0253,3.397
1076,7,39,0.312,1000.000,0.0236,3.243
1076,8,40,1.015,1035.570,0.0221,3.975
1076,9,41,13.252,0.000,2.0033,102.708
1076,10,42,0.266,0.000,4.4637,20.899
1076,11,43,1.327,0.000,3.0410,0.614
1076,12,44,0.595,0.000,0.0292,1.215
1076,13,45,0.908,0.000,0.0301,0.614
1076,14,46,0.719,0.000,0.0299,1.214
1076,15,47,0.360,0.000,0.0300,0.613
1077,0,33,0.299,0.000,0.0233,3.243
1077,1,34,0.615,0.000,0.0236,3.401
1077,2,35,0.458,0.000,0.0255,3.243
1077,3,36,0.304,0.000,0.0245,3.404
1077,4,37,0.612,0.000,0.0233,3.243
1077,5,38,0.460,0.000,0.0253,3.397
1077,6,39,0.207,1000.000,0.0236,3.243
1077,7,40,0.747,1035.570,0.0221,3.975
1077,8,41,7.302,0.000,2.0033,102.708
1077,9,42,0.871,0.000,4.4637,20.899
1077,10,43,0.619,0.000,3.0410,0.614
1077,11,44,1.104,0.000,0.0292,1.215
1077,12,45,0.860,0.000,0.0301,0.614
1077,13,46,0.560,0.000,0.0299,1.214
1077,14,47,1.064,0.000,0.0300,0.613
1077,15,48,1.367,0.000,0.0298,1.214
1078,0,34,0.132,0.000,0.0236,3.401
1078,1,35,0.289,0.000,0.0255,3.243
1078,2,36,0.259,0.000,0.0245,3.404
1078,3,37,0.563,0.000,0.0233,3.243
1078,4,38,0.628,0.000,0.0253,3.397
1078,5,39,0.476,1000.000,0.0236,3.243
1078,6,40,0.597,1035.570,0.0221,3.975
1078,7,41,1.046,0.000,2.0033,102.708
1078,8,42,1.465,0.000,4.4637,20.899
1078,9,43,0.666,0.000,3.0410,0.614
1078,10,44,1.025,0.000,0.0292,1.215
1078,11,45,0.283,0.000,0.0301,0.614
1078,12,46,0.347,0.000,0.0299,1.214
1078,13,47,0.489,0.000,0.0300,0.613
1078,14,48,0.419,0.000,0.0298,1.214
1078,15,49,0.546,0.000,0.0302,0.613
1079,0,35,3.142,0.000,0.0255,3.243
1079,1,36,2.536,0.000,0.0245,3.404
1079,2,37,3.093,0.000,0.0233,3.243
1079,3,38,2.268,0.000,0.0253,3.397
1079,4,39,5.446,1000.000,0.0236,3.243
1079,5,40,1.585,1035.570,0.0221,3.975
1079,6,41,5.720,0.000,2.0033,102.708
1079,7,42,1.507,0.000,4.4637,20.899
1079,8,43,1.219,0.000,3.0410,0.614
1079,9,44,1.984,0.000,0.0292,1.215
1079,10,45,0.913,0.000,0.0301,0.614
1079,11,46,0.670,0.000,0.0299,1.214
1079,12,47,0.696,0.000,0.0300,0.613
1079,13,48,0.195,0.000,0.0298,1.214
1079,14,49,2.015,0.000,0.0302,0.613
1079,15,50,0.627,0.000,0.0299,1.213
1080,0,36,0.340,0.000,0.0245,3.404
1080,1,37,0.402,0.000,0.0233,3.243
1080,2,38,0.650,0.000,0.0253,3.397
1080,3,39,0.106,1000.000,0.0236,3.243
1080,4,40,0.089,1035.570,0.0221,3.975
1080,5,41,2.369,0.000,2.0033,102.708
1080,6,42,2.589,0.000,4.4637,20.899
1080,7,43,0.253,0.000,3.0410,0.614
1080,8,44,0.986,0.000,0.0292,1.215
1080,9,45,1.685,0.000,0.0301,0.614
1080,10,46,0.613,0.000,0.0299,1.214
1080,11,47,0.580,0.000,0.0300,0.613
1080,12,48,0.801,0.000,0.0298,1.214
1080,13,49,0.568,0.000,0.0302,0.613
1080,14,50,0.942,0.000,0.0299,1.213
1080,15,51,0.394,0.000,0.0301,0.613
1081,0,37,3.083,0.000,0.0233,3.243
1081,1,38,1.025,0.000,0.0253,3.397
1081,2,39,1.037,1000.000,0.0236,3.243
1081,3,40,2.412,1035.570,0.0221,3.975
1081,4,41,37.640,0.000,2.0033,102.708
1081,5,42,2.962,0.000,4.4637,20.899
1081,6,43,0.659,0.000,3.0410,0.614
1081,7,44,1.652,0.000,0.0292,1.215
1081,8,45,1.257,0.000,0.0301,0.614
1081,9,46,1.066,0.000,0.0299,1.214
1081,10,47,1.382,0.000,0.0300,0.613
1081,11,48,0.854,0.000,0.0298,1.214
1081,12,49,1.093,0.000,0.0302,0.613
1081,13,50,1.067,0.000,0.0299,1.213
1081,14,51,0.849,0.000,0.0301,0.613
1081,15,52,1.129,0.000,0.0299,1.214
1082,0,38,1.700,0.000,0.0253,3.397
1082,1,39,1.420,1000.000,0.0236,3.243
1082,2,40,1.668,1035.570,0.0221,3.975
1082,3,41,16.475,0.000,2.0033,102.708
1082,4,42,0.692,0.000,4.4637,20.899
1082,5,43,1.746,0.000,3.0410,0.614
1082,6,44,0.775,0.000,0.0292,1.215
1082,7,45,0.069,0.000,0.0301,0.614
1082,8,46,0.384,0.000,0.0299,1.214
1082,9,47,0.533,0.000,0.0300,0.613
1082,10,48,0.975,0.000,0.0298,1.214
1082,11,49,0.217,0.000,0.0302,0.613
1082,12,50,0.397,0.000,0.0299,1.213
1082,13,51,0.275,0.000,0.0301,0.613
1082,14,52,0.293,0.000,0.0299,1.214
1082,15,53,0.405,258.819,0.0300,0.614
1083,0,39,0.328,1000.000,0.0236,3.243
1083,1,40,1.400,1035.570,0.0221,3.975
1083,2,41,21.098,0.000,2.0033,102.708
1083,3,42,0.955,0.000,4.4637,20.899
1083,4,43,1.406,0.000,3.0410,0.614
1083,5,44,0.730,0.000,0.0292,1.215
1083,6,45,0.923,0.000,0.0301,0.614
1083,7,46,0.445,0.000,0.0299,1.214
1083,8,47,0.546,0.000,0.0300,0.613
1083,9,48,1.133,0.000,0.0298,1.214
1083,10,49,0.467,0.000,0.0302,0.613
1083,11,50,0.349,0.000,0.0299,1.213
1083,12,51,0.290,0.000,0.0301,0.613
1083,13,52,0.778,0.000,0.0299,1.214
1083,14,53,0.558,258.819,0.0300,0.614
1083,15,54,8.466,0.000,0.0299,25.738
1084,0,40,1.584,1035.570,0.0221,3.975
1084,1,41,22.054,0.000,2.0033,102.708
1084,2,42,4.205,0.000,4.4637,20.899
1084,3,43,1.883,0.000,3.0410,0.614
1084,4,44,3.112,0.000,0.0292,1.215
1084,5,45,1.293,0.000,0.0301,0.614
1084,6,46,2.399,0.000,0.0299,1.214
1084,7,47,0.295,0.000,0.0300,0.613
1084,8,48,1.203,0.000,0.0298,1.214
1084,9,49,0.811,0.000,0.0302,0.613
1084,10,50,0.863,0.000,0.0299,1.213
1084,11,51,0.343,0.000,0.0301,0.613
1084,12,52,0.766,0.000,0.0299,1.214
1084,13,53,1.383,258.819,0.0300,0.614
1084,14,54,5.592,0.000,0.0299,25.738
1084,15,55,0.772,241.181,0.0301,3.847
1085,0,41,66.839,0.000,2.0033,102.708
1085,1,42,3.920,0.000,4.4637,20.899
1085,2,43,3.498,0.000,3.0410,0.614
1085,3,44,1.475,0.000,0.0292,1.215
1085,4,45,2.426,0.000,0.0301,0.614
1085,5,46,1.735,0.000,0.0299,1.214
1085,6,47,1.022,0.000,0.0300,0.613
1085,7,48,1.607,0.000,0.0298,1.214
1085,8,49,2.351,0.000,0.0302,0.613
1085,9,50,1.151,0.000,0.0299,1.213
1085,10,51,0.543,0.000,0.0301,0.613
1085,11,52,1.387,0.000,0.0299,1.214
1085,12,53,0.833,258.819,0.0300,0.614
1085,13,54,17.522,0.000,0.0299,25.738
1085,14,55,2.325,241.181,0.0301,3.847
1085,15,56,16.326,207.107,0.0291,23.207
1086,0,42,0.180,0.000,4.4637,20.899
1086,1,43,0.419,0.000,3.0410,0.614
1086,2,44,0.494,0.000,0.0292,1.215
1086,3,45,0.394,0.000,0.0301,0.614
1086,4,46,0.532,0.000,0.0299,1.214
1086,5,47,0.604,0.000,0.0300,0.613
1086,6,48,0.454,0.000,0.0298,1.214
1086,7,49,0.437,0.000,0.0302,0.613
1086,8,50,0.665,0.000,0.0299,1.213
1086,9,51,0.878,0.000,0.0301,0.613
1086,10,52,0.742,0.000,0.0299,1.214
1086,11,53,0.275,258.819,0.0300,0.614
1086,12,54,1.145,0.000,0.0299,25.738
1086,13,55,0.689,241.181,0.0301,3.847
1086,14,56,0.636,207.107,0.0291,23.207
1086,15,57,1.578,158.918,0.0287,19.579
1087,0,43,0.874,0.000,3.0410,0.614
1087,1,44,0.674,0.000,0.0292,1.215
1087,2,45,1.534,0.000,0.0301,0.614
1087,3,46,0.564,0.000,0.0299,1.214
1087,4,47,0.366,0.000,0.0300,0.613
1087,5,48,0.615,0.000,0.0298,1.214
1087,6,49,0.302,0.000,0.0302,0.613
1087,7,50,0.346,0.000,0.0299,1.213
1087,8,51,0.278,0.000,0.0301,0.613
1087,9,52,0.554,0.000,0.0299,1.214
1087,10,53,0.544,258.819,0.0300,0.614
1087,11,54,0.529,0.000,0.0299,25.738
1087,12,55,0.434,241.181,0.0301,3.847
1087,13,56,0.501,207.107,0.0291,23.207
1087,14,57,1.071,158.918,0.0287,19.579
1087,15,58,1.286,99.901,0.0278,14.894
1088,0,44,0.217,0.000,0.0292,1.215
1088,1,45,0.123,0.000,0.0301,0.614
1088,2,46,0.629,0.000,0.0299,1.214
1088,3,47,0.224,0.000,0.0300,0.613
1088,4,48,0.119,0.000,0.0298,1.214
1088,5,49,0.762,0.000,0.0302,0.613
1088,6,50,0.457,0.000,0.0299,1.213
1088,7,51,0.525,0.000,0.0301,0.613
1088,8,52,0.612,0.000,0.0299,1.214
1088,9,53,0.220,258.819,0.0300,0.614
1088,10,54,0.210,0.000,0.0299,25.738
1088,11,55,0.218,241.181,0.0301,3.847
1088,12,56,0.361,207.107,0.0291,23.207
1088,13,57,0.267,158.918,0.0287,19.579
1088,14,58,0.216,99.901,0.0278,14.894
1088,15,59,0.401,34.075,0.0267,9.360
1089,0,45,0.583,0.000,0.0301,0.614
1089,1,46,0.136,0.000,0.0299,1.214
1089,2,47,0.258,0.000,0.0300,0.613
1089,3,48,0.342,0.000,0.0298,1.214
1089,4,49,0.355,0.000,0.0302,0.613
1089,5,50,0.459,0.000,0.0299,1.213
1089,6,51,0.097,0.000,0.0301,0.613
1089,7,52,0.257,0.000,0.0299,1.214
1089,8,53,0.394,258.819,0.0300,0.614
1089,9,54,0.894,0.000,0.0299,25.738
1089,10,55,0.352,241.181,0.0301,3.847
1089,11,56,0.389,207.107,0.0291,23.207
1089,12,57,0.345,158.918,0.0287,19.579
1089,13,58,0.489,99.901,0.0278,14.894
1089,14,59,0.858,34.075,0.0267,9.360
1089,15,60,0.450,0.000,0.0255,3.215
1090,0,46,0.220,0.000,0.0299,1.214
1090,1,47,0.271,0.000,0.0300,0.613
1090,2,48,0.483,0.000,0.0298,1.214
1090,3,49,0.332,0.000,0.0302,0.613
1090,4,50,0.440,0.000,0.0299,1.213
1090,5,51,0.626,0.000,0.0301,0.613
1090,6,52,0.822,0.000,0.0299,1.214
1090,7,53,0.495,258.819,0.0300,0.614
1090,8,54,1.311,0.000,0.0299,25.738
1090,9,55,0.589,241.181,0.0301,3.847
1090,10,56,0.905,207.107,0.0291,23.207
1090,11,57,0.753,158.918,0.0287,19.579
1090,12,58,0.883,99.901,0.0278,14.894
1090,13,59,0.521,34.075,0.0267,9.360
1090,14,60,2.001,0.000,0.0255,3.215
1090,15,61,0.330,0.000,0.0252,0.617
1091,0,47,0.236,0.000,0.0300,0.613
1091,1,48,0.715,0.000,0.0298,1.214
1091,2,49,0.458,0.000,0.0302,0.613
1091,3,50,0.559,0.000,0.0299,1.213
1091,4,51,0.691,0.000,0.0301,0.613
1091,5,52,1.400,0.000,0.0299,1.214
1091,6,53,0.936,258.819,0.0300,0.614
1091,7,54,0.920,0.000,0.0299,25.738
1091,8,55,1.174,241.181,0.0301,3.847
1091,9,56,0.459,207.107,0.0291,23.207
1091,10,57,0.552,158.918,0.0287,19.579
1091,11,58,0.479,99.901,0.0278,14.894
1091,12,59,0.400,34.075,0.0267,9.360
1091,13,60,0.383,0.000,0.0255,3.215
1091,14,61,2.625,0.000,0.0252,0.617
1091,15,62,0.683,0.000,0.0250,1.223
1092,0,48,0.695,0.000,0.0298,1.214
1092,1,49,0.579,0.000,0.0302,0.613
1092,2,50,1.019,0.000,0.0299,1.213
1092,3,51,0.753,0.000,0.0301,0.613
1092,4,52,2.482,0.000,0.0299,1.214
1092,5,53,5.285,258.819,0.0300,0.614
1092,6,54,5.315,0.000,0.0299,25.738
1092,7,55,5.532,241.181,0.0301,3.847
1092,8,56,7.144,207.107,0.0291,23.207
1092,9,57,6.223,158.918,0.0287,19.579
1092,10,58,4.094,99.901,0.0278,14.894
1092,11,59,1.200,34.075,0.0267,9.360
1092,12,60,0.790,0.000,0.0255,3.215
1092,13,61,0.682,0.000,0.0252,0.617
1092,14,62,1.031,0.000,0.0250,1.223
1092,15,63,1.394,0.000,0.0250,0.616
1093,0,49,0.871,0.000,0.0302,0.613
1093,1,50,0.788,0.000,0.0299,1.213
1093,2,51,0.385,0.000,0.0301,0.613
1093,3,52,0.535,0.000,0.0299,1.214
1093,4,53,0.889,258.819,0.0300,0.614
1093,5,54,0.836,0.000,0.0299,25.738
1093,6,55,1.609,241.181,0.0301,3.847
1093,7,56,1.198,207.107,0.0291,23.207
1093,8,57,1.603,158.918,0.0287,19.579
1093,9,58,1.110,99.901,0.0278,14.894
1093,10,59,0.786,34.075,0.0267,9.360
1093,11,60,0.433,0.000,0.0255,3.215
1093,12,61,0.194,0.000,0.0252,0.617
1093,13,62,0.570,0.000,0.0250,1.223
1093,14,63,0.291,0.000,0.0250,0.616
1093,15,64,0.217,0.000,0.0248,1.222
1094,0,50,1.365,0.000,0.0299,1.213
1094,1,51,1.160,0.000,0.0301,0.613
1094,2,52,0.657,0.000,0.0299,1.214
1094,3,53,1.302,258.819,0.0300,0.614
1094,4,54,1.783,0.000,0.0299,25.738
1094,5,55,1.668,241.181,0.0301,3.847
1094,6,56,1.350,207.107,0.0291,23.207
1094,7,57,1.870,158.918,0.0287,19.579
1094,8,58,1.054,99.901,0.0278,14.894
1094,9,59,0.693,34.075,0.0267,9.360
1094,10,60,1.015,0.000,0.0255,3.215
1094,11,61,0.491,0.000,0.0252,0.617
1094,12,62,0.719,0.000,0.0250,1.223
1094,13,63,1.530,0.000,0.0250,0.616
1094,14,64,1.211,0.000,0.0248,1.222
1094,15,65,0.356,0.000,0.0249,0.616
1095,0,51,0.554,0.000,0.0301,0.613
1095,1,52,2.382,0.000,0.0299,1.214
1095,2,53,2.124,258.819,0.0300,0.614
1095,3,54,7.855,0.000,0.0299,25.738
1095,4,55,7.143,241.181,0.0301,3.847
1095,5,56,9.467,207.107,0.0291,23.207
1095,6,57,10.506,158.918,0.0287,19.579
1095,7,58,7.277,99.901,0.0278,14.894
1095,8,59,4.085,34.075,0.0267,9.360
1095,9,60,1.415,0.000,0.0255,3.215
1095,10,61,0.381,0.000,0.0252,0.617
1095,11,62,0.541,0.000,0.0250,1.223
1095,12,63,0.535,0.000,0.0250,0.616
1095,13,64,0.515,0.000,0.0248,1.222
1095,14,65,0.476,0.000,0.0249,0.616
1095,15,66,0.338,0.000,0.0249,1.222
1096,0,52,1.450,0.000,0.0299,1.214
1096,1,53,3.155,258.819,0.0300,0.614
1096,2,54,5.985,0.000,0.0299,25.738
1096,3,55,1.819,241.181,0.0301,3.847
1096,4,56,6.815,207.107,0.0291,23.207
1096,5,57,6.823,158.918,0.0287,19.579
1096,6,58,5.331,99.901,0.0278,14.894
1096,7,59,2.962,34.075,0.0267,9.360
1096,8,60,1.090,0.000,0.0255,3.215
1096,9,61,0.558,0.000,0.0252,0.617
1096,10,62,0.656,0.000,0.0250,1.223
1096,11,63,0.678,0.000,0.0250,0.616
1096,12,64,0.749,0.000,0.0248,1.222
1096,13,65,1.098,0.000,0.0249,0.616
1096,14,66,1.172,0.000,0.0249,1.222
1096,15,67,0.849,0.000,0.0248,0.616
1097,0,53,2.424,258.819,0.0300,0.614
1097,1,54,8.696,0.000,0.0299,25.738
1097,2,55,6.881,241.181,0.0301,3.847
1097,3,56,7.088,207.107,0.0291,23.207
1097,4,57,12.233,158.918,0.0287,19.579
1097,5,58,8.811,99.901,0.0278,14.894
1097,6,59,5.017,34.075,0.0267,9.360
1097,7,60,1.240,0.000,0.0255,3.215
1097,8,61,1.125,0.000,0.0252,0.617
1097,9,62,1.119,0.000,0.0250,1.223
1097,10,63,0.390,0.000,0.0250,0.616
1097,11,64,0.398,0.000,0.0248,1.222
1097,12,65,0.330,0.000,0.0249,0.616
1097,13,66,0.396,0.000,0.0249,1.222
1097,14,67,0.667,0.000,0.0248,0.616
1097,15,68,1.443,0.000,0.0249,1.222
1098,0,54,0.906,0.000,0.0299,25.738
1098,1,55,0.771,241.181,0.0301,3.847
1098,2,56,0.603,207.107,0.0291,23.207
1098,3,57,1.172,158.918,0.0287,19.579
1098,4,58,0.950,99.901,0.0278,14.894
1098,5,59,0.354,34.075,0.0267,9.360
1098,6,60,0.430,0.000,0.0255,3.215
1098,7,61,0.228,0.000,0.0252,0.617
1098,8,62,0.431,0.000,0.0250,1.223
1098,9,63,0.432,0.000,0.0250,0.616
1098,10,64,0.205,0.000,0.0248,1.222
1098,11,65,0.292,0.000,0.0249,0.616
1098,12,66,0.346,0.000,0.0249,1.222
1098,13,67,1.116,0.000,0.0248,0.616
1098,14,68,1.262,0.000,0.0249,1.222
1098,15,69,0.279,0.000,0.0248,0.616
1099,0,55,0.789,241.181,0.0301,3.847
1099,1,56,1.272,207.107,0.0291,23.207
1099,2,57,0.942,158.918,0.0287,19.579
1099,3,58,0.858,99.901,0.0278,14.894
1099,4,59,0.617,34.075,0.0267,9.360
1099,5,60,0.283,0.000,0.0255,3.215
1099,6,61,0.470,0.000,0.0252,0.617
1099,7,62,0.561,0.000,0.0250,1.223
1099,8,63,0.258,0.000,0.0250,0.616
1099,9,64,0.212,0.000,0.0248,1.222
1099,10,65,0.593,0.000,0.0249,0.616
1099,11,66,0.166,0.000,0.0249,1.222
1099,12,67,0.272,0.000,0.0248,0.616
1099,13,68,0.445,0.000,0.0249,1.222
1099,14,69,0.219,0.000,0.0248,0.616
1099,15,70,1.332,0.000,0.0249,1.222
1100,0,56,0.854,207.107,0.0291,23.207
1100,1,57,1.513,158.918,0.0287,19.579
1100,2,58,2.883,99.901,0.0278,14.894
1100,3,59,0.416,34.075,0.0267,9.360
1100,4,60,0.470,0.000,0.0255,3.215
1100,5,61,0.444,0.000,0.0252,0.617
1100,6,62,0.511,0.000,0.0250,1.223
1100,7,63,1.355,0.000,0.0250,0.616
1100,8,64,1.036,0.000,0.0248,1.222
1100,9,65,3.651,0.000,0.0249,0.616
1100,10,66,0.724,0.000,0.0249,1.222
1100,11,67,1.151,0.000,0.0248,0.616
1100,12,68,0.790,0.000,0.0249,1.222
1100,13,69,0.834,0.000,0.0248,0.616
1100,14,70,1.338,0.000,0.0249,1.222
1100,15,71,1.017,0.000,0.0249,0.617
1101,0,57,1.216,158.918,0.0287,19.579
1101,1,58,0.615,99.901,0.0278,14.894
1101,2,59,0.403,34.075,0.0267,9.360
1101,3,60,0.303,0.000,0.0255,3.215
1101,4,61,0.428,0.000,0.0252,0.617
1101,5,62,1.590,0.000,0.0250,1.223
1101,6,63,0.714,0.000,0.0250,0.616
1101,7,64,0.768,0.000,0.0248,1.222
1101,8,65,0.824,0.000,0.0249,0.616
1101,9,66,0.456,0.000,0.0249,1.222
1101,10,67,0.362,0.000,0.0248,0.616
1101,11,68,0.216,0.000,0.0249,1.222
1101,12,69,0.534,0.000,0.0248,0.616
1101,13,70,1.385,0.000,0.0249,1.222
1101,14,71,0.367,0.000,0.0249,0.617
1101,15,72,0.937,0.000,0.0247,1.223
1102,0,58,1.841,99.901,0.0278,14.894
1102,1,59,0.409,34.075,0.0267,9.360
1102,2,60,0.555,0.000,0.0255,3.215
1102,3,61,1.397,0.000,0.0252,0.617
1102,4,62,1.523,0.000,0.0250,1.223
1102,5,63,0.693,0.000,0.0250,0.616
1102,6,64,0.367,0.000,0.0248,1.222
1102,7,65,0.581,0.000,0.0249,0.616
1102,8,66,1.256,0.000,0.0249,1.222
1102,9,67,0.727,0.000,0.0248,0.616
1102,10,68,0.218,0.000,0.0249,1.222
1102,11,69,0.943,0.000,0.0248,0.616
1102,12,70,0.588,0.000,0.0249,1.222
1102,13,71,0.728,0.000,0.0249,0.617
1102,14,72,1.617,0.000,0.0247,1.223
1102,15,73,0.488,0.000,0.0249,0.617
1103,0,59,0.634,34.075,0.0267,9.360
1103,1,60,0.261,0.000,0.0255,3.215
1103,2,61,0.554,0.000,0.0252,0.617
1103,3,62,0.458,0.000,0.0250,1.223
1103,4,63,0.701,0.000,0.0250,0.616
1103,5,64,0.397,0.000,0.0248,1.222
1103,6,65,0.561,0.000,0.0249,0.616
1103,7,66,0.380,0.000,0.0249,1.222
1103,8,67,0.170,0.000,0.0248,0.616
1103,9,68,0.321,0.000,0.0249,1.222
1103,10,69,0.070,0.000,0.0248,0.616
1103,11,70,0.277,0.000,0.0249,1.222
1103,12,71,0.987,0.000,0.0249,0.617
1103,13,72,0.702,0.000,0.0247,1.223
1103,14,73,5.359,0.000,0.0249,0.617
1103,15,74,0.646,0.000,0.0247,1.223
1104,0,60,0.500,0.000,0.0255,3.215
1104,1,61,0.344,0.000,0.0252,0.617
1104,2,62,0.413,0.000,0.0250,1.223
1104,3,63,0.217,0.000,0.0250,0.616
1104,4,64,0.595,0.000,0.0248,1.222
1104,5,65,0.480,0.000,0.0249,0.616
1104,6,66,0.668,0.000,0.0249,1.222
1104,7,67,0.352,0.000,0.0248,0.616
1104,8,68,0.270,0.000,0.0249,1.222
1104,9,69,0.317,0.000,0.0248,0.616
1104,10,70,0.410,0.000,0.0249,1.222
1104,11,71,0.428,0.000,0.0249,0.617
1104,12,72,0.249,0.000,0.0247,1.223
1104,13,73,0.619,0.000,0.0249,0.617
1104,14,74,0.213,0.000,0.0247,1.223
1104,15,75,0.433,0.000,0.0245,0.618
1105,0,61,0.271,0.000,0.0252,0.617
1105,1,62,0.399,0.000,0.0250,1.223
1105,2,63,0.404,0.000,0.0250,0.616
1105,3,64,0.783,0.000,0.0248,1.222
1105,4,65,0.544,0.000,0.0249,0.616
1105,5,66,0.588,0.000,0.0249,1.222
1105,6,67,0.712,0.000,0.0248,0.616
1105,7,68,0.450,0.000,0.0249,1.222
1105,8,69,0.261,0.000,0.0248,0.616
1105,9,70,0.200,0.000,0.0249,1.222
1105,10,71,0.963,0.000,0.0249,0.617
1105,11,72,0.592,0.000,0.0247,1.223
1105,12,73,0.844,0.000,0.0249,0.617
1105,13,74,0.514,0.000,0.0247,1.223
1105,14,75,0.683,0.000,0.0245,0.618
1105,15,76,0.485,0.000,0.0247,0.612
1106,0,62,8.268,0.000,0.0250,1.223
1106,1,63,4.966,0.000,0.0250,0.616
1106,2,64,1.691,0.000,0.0248,1.222
1106,3,65,1.071,0.000,0.0249,0.616
1106,4,66,0.955,0.000,0.0249,1.222
1106,5,67,0.327,0.000,0.0248,0.616
1106,6,68,0.573,0.000,0.0249,1.222
1106,7,69,0.859,0.000,0.0248,0.616
1106,8,70,0.576,0.000,0.0249,1.222
1106,9,71,1.091,0.000,0.0249,0.617
1106,10,72,0.284,0.000,0.0247,1.223
1106,11,73,0.651,0.000,0.0249,0.617
1106,12,74,0.159,0.000,0.0247,1.223
1106,13,75,1.238,0.000,0.0245,0.618
1106,14,76,1.582,0.000,0.0247,0.612
1106,15,77,0.484,1000.000,0.0110,0.610
1107,0,63,0.418,0.000,0.0250,0.616
1107,1,64,0.373,0.000,0.0248,1.222
1107,2,65,0.335,0.000,0.0249,0.616
1107,3,66,0.367,0.000,0.0249,1.222
1107,4,67,0.573,0.000,0.0248,0.616
1107,5,68,0.327,0.000,0.0249,1.222
1107,6,69,0.476,0.000,0.0248,0.616
1107,7,70,0.226,0.000,0.0249,1.222
1107,8,71,0.329,0.000,0.0249,0.617
1107,9,72,1.072,0.000,0.0247,1.223
1107,10,73,0.395,0.000,0.0249,0.617
1107,11,74,0.611,0.000,0.0247,1.223
1107,12,75,0.301,0.000,0.0245,0.618
1107,13,76,0.461,0.000,0.0247,0.612
1107,14,77,0.756,1000.000,0.0110,0.610
1107,15,78,2.220,18.904,0.0110,1.890
1108,0,64,0.374,0.000,0.0248,1.222
1108,1,65,1.484,0.000,0.0249,0.616
1108,2,66,0.539,0.000,0.0249,1.222
1108,3,67,0.517,0.000,0.0248,0.616
1108,4,68,0.203,0.000,0.0249,1.222
1108,5,69,0.344,0.000,0.0248,0.616
1108,6,70,0.562,0.000,0.0249,1.222
1108,7,71,0.443,0.000,0.0249,0.617
1108,8,72,0.209,0.000,0.0247,1.223
1108,9,73,0.423,0.000,0.0249,0.617
1108,10,74,0.432,0.000,0.0247,1.223
1108,11,75,0.464,0.000,0.0245,0.618
1108,12,76,0.213,0.000,0.0247,0.612
1108,13,77,0.634,1000.000,0.0110,0.610
1108,14,78,1.747,18.904,0.0110,1.890
1109,0,65,0.346,0.000,0.0249,0.616
1109,1,66,0.368,0.000,0.0249,1.222
1109,2,67,0.192,0.000,0.0248,0.616
1109,3,68,0.435,0.000,0.0249,1.222
1109,4,69,0.272,0.000,0.0248,0.616
1109,5,70,0.287,0.000,0.0249,1.222
1109,6,71,0.254,0.000,0.0249,0.617
1109,7,72,0.299,0.000,0.0247,1.223
1109,8,73,0.489,0.000,0.0249,0.617
1109,9,74,0.440,0.000,0.0247,1.223
1109,10,75,0.523,0.000,0.0245,0.618
1109,11,76,0.300,0.000,0.0247,0.612
1109,12,77,0.748,1000.000,0.0110,0.610
1109,13,78,0.186,18.904,0.0110,1.890
1110,0,66,0.661,0.000,0.0249,1.222
1110,1,67,0.528,0.000,0.0248,0.616
1110,2,68,0.284,0.000,0.0249,1.222
1110,3,69,0.381,0.000,0.0248,0.616
1110,4,70,0.629,0.000,0.0249,1.222
1110,5,71,0.531,0.000,0.0249,0.617
1110,6,72,0.606,0.000,0.0247,1.223
1110,7,73,0.536,0.000,0.0249,0.617
1110,8,74,1.065,0.000,0.0247,1.223
1110,9,75,0.750,0.000,0.0245,0.618
1110,10,76,0.656,0.000,0.0247,0.612
1110,11,77,0.575,1000.000,0.0110,0.610
1110,12,78,0.294,18.904,0.0110,1.890
1111,0,67,0.594,0.000,0.0248,0.616
1111,1,68,0.703,0.000,0.0249,1.222
1111,2,69,0.262,0.000,0.0248,0.616
1111,3,70,0.416,0.000,0.0249,1.222
1111,4,71,0.285,0.000,0.0249,0.617
1111,5,72,0.424,0.000,0.0247,1.223
1111,6,73,1.323,0.000,0.0249,0.617
1111,7,74,0.289,0.000,0.0247,1.223
1111,8,75,0.413,0.000,0.0245,0.618
1111,9,76,0.515,0.000,0.0247,0.612
1111,10,77,0.881,1000.000,0.0110,0.610
1111,11,78,0.622,18.904,0.0110,1.890
1112,0,68,0.218,0.000,0.0249,1.222
1112,1,69,0.170,0.000,0.0248,0.616
1112,2,70,0.381,0.000,0.0249,1.222
1112,3,71,0.307,0.000,0.0249,0.617
1112,4,72,0.226,0.000,0.0247,1.223
1112,5,73,0.261,0.000,0.0249,0.617
1112,6,74,0.985,0.000,0.0247,1.223
1112,7,75,0.684,0.000,0.0245,0.618
1112,8,76,0.622,0.000,0.0247,0.612
1112,9,77,0.834,1000.000,0.0110,0.610
1112,10,78,0.297,18.904,0.0110,1.890
1113,0,69,0.169,0.000,0.0248,0.616
1113,1,70,1.911,0.000,0.0249,1.222
1113,2,71,0.280,0.000,0.0249,0.617
1113,3,72,0.314,0.000,0.0247,1.223
1113,4,73,0.205,0.000,0.0249,0.617
1113,5,74,0.482,0.000,0.0247,1.223
1113,6,75,0.648,0.000,0.0245,0.618
1113,7,76,0.561,0.000,0.0247,0.612
1113,8,77,0.353,1000.000,0.0110,0.610
1113,9,78,1.099,18.904,0.0110,1.890
1114,0,70,0.497,0.000,0.0249,1.222
1114,1,71,0.655,0.000,0.0249,0.617
1114,2,72,0.292,0.000,0.0247,1.223
1114,3,73,0.528,0.000,0.0249,0.617
1114,4,74,0.806,0.000,0.0247,1.223
1114,5,75,0.635,0.000,0.0245,0.618
1114,6,76,0.746,0.000,0.0247,0.612
1114,7,77,1.191,1000.000,0.0110,0.610
1114,8,78,0.609,18.904,0.0110,1.890
1115,0,71,0.761,0.000,0.0249,0.617
1115,1,72,0.382,0.000,0.0247,1.223
1115,2,73,0.568,0.000,0.0249,0.617
1115,3,74,0.360,0.000,0.0247,1.223
1115,4,75,0.885,0.000,0.0245,0.618
1115,5,76,0.602,0.000,0.0247,0.612
1115,6,77,0.771,1000.000,0.0110,0.610
1115,7,78,0.754,18.904,0.0110,1.890
1116,0,72,0.956,0.000,0.0247,1.223
1116,1,73,0.374,0.000,0.0249,0.617
1116,2,74,0.369,0.000,0.0247,1.223
1116,3,75,0.813,0.000,0.0245,0.618
1116,4,76,0.367,0.000,0.0247,0.612
1116,5,77,0.888,1000.000,0.0110,0.610
1116,6,78,0.654,18.904,0.0110,1.890
1117,0,73,0.957,0.000,0.0249,0.617
1117,1,74,0.113,0.000,0.0247,1.223
1117,2,75,0.377,0.000,0.0245,0.618
1117,3,76,1.095,0.000,0.0247,0.612
1117,4,77,0.677,1000.000,0.0110,0.610
1117,5,78,1.675,18.904,0.0110,1.890
1118,0,74,0.635,0.000,0.0247,1.223
1118,1,75,2.788,0.000,0.0245,0.618
1118,2,76,1.597,0.000,0.0247,0.612
1118,3,77,38.902,1000.000,0.0110,0.610
1118,4,78,1.526,18.904,0.0110,1.890
1119,0,75,0.472,0.000,0.0245,0.618
1119,1,76,4.783,0.000,0.0247,0.612
1119,2,77,1.658,1000.000,0.0110,0.610
1119,3,78,0.846,18.904,0.0110,1.890
1120,0,76,1.162,0.000,0.0247,0.612
1120,1,77,0.751,1000.000,0.0110,0.610
1120,2,78,0.925,18.904,0.0110,1.890
1121,0,77,1.870,1000.000,0.0110,0.610
1121,1,78,1.690,18.904,0.0110,1.890
1122,0,78,2.685,18.904,0.0110,1.890
1124,0,0,99.841,1000.000,0.0104,2.129
1124,1,1,4.225,33.359,0.0104,3.336
1124,2,2,3.508,33.401,2.7131,3.340
1124,3,3,155.941,1584.725,0.0134,158.473
1124,4,4,138.050,1516.873,6.3734,151.687
1124,5,5,44.762,902.031,4.4854,90.203
1124,6,6,54.706,546.268,2.4004,54.627
1124,7,7,1.251,0.043,0.0294,0.004
1124,8,8,0.629,0.000,0.0304,0.000
1124,9,9,1.035,0.000,0.0304,0.000
1124,10,10,0.747,0.000,0.0304,0.000
1124,11,11,0.696,0.000,0.0304,0.000
1124,12,12,2.473,0.000,0.0304,0.000
1124,13,13,0.925,0.000,0.0304,0.000
1124,14,14,0.413,0.000,0.0304,0.000
1124,15,15,4.578,0.000,0.0304,0.000
1125,0,1,99.994,33.359,0.0104,3.336
1125,1,2,6.035,33.401,2.7131,3.340
1125,2,3,2.939,1584.725,0.0134,158.473
1125,3,4,154.013,1516.873,6.3734,151.687
1125,4,5,135.266,902.031,4.4854,90.203
1125,5,6,39.809,546.268,2.4004,54.627
1125,6,7,53.657,0.043,0.0294,0.004
1125,7,8,2.132,0.000,0.0304,0.000
1125,8,9,2.109,0.000,0.0304,0.000
1125,9,10,2.447,0.000,0.0304,0.000
1125,10,11,0.923,0.000,0.0304,0.000
1125,11,12,1.550,0.000,0.0304,0.000
1125,12,13,0.720,0.000,0.0304,0.000
1125,13,14,0.869,0.000,0.0304,0.000
1125,14,15,1.579,0.000,0.0304,0.000
1125,15,16,3.942,3806.016,0.0304,0.000
1126,0,2,0.375,33.401,2.7131,3.340
1126,1,3,0.788,1584.725,0.0134,158.473
1126,2,4,3.906,1516.873,6.3734,151.687
1126,3,5,2.854,902.031,4.4854,90.203
1126,4,6,7.461,546.268,2.4004,54.627
1126,5,7,0.655,0.043,0.0294,0.004
1126,6,8,0.830,0.000,0.0304,0.000
1126,7,9,0.189,0.000,0.0304,0.000
1126,8,10,1.410,0.000,0.0304,0.000
1126,9,11,0.821,0.000,0.0304,0.000
1126,10,12,1.254,0.000,0.0304,0.000
1126,11,13,0.714,0.000,0.0304,0.000
1126,12,14,0.884,0.000,0.0304,0.000
1126,13,15,0.441,0.000,0.0304,0.000
1126,14,16,1.332,3806.016,0.0304,0.000
1126,15,17,2.973,0.000,0.0304,380.602
1127,0,3,5.357,1584.725,0.0134,158.473
1127,1,4,11.310,1516.873,6.3734,151.687
1127,2,5,5.684,902.031,4.4854,90.203
1127,3,6,5.182,546.268,2.4004,54.627
1127,4,7,1.671,0.043,0.0294,0.004
1127,5,8,2.910,0.000,0.0304,0.000
1127,6,9,0.546,0.000,0.0304,0.000
1127,7,10,4.534,0.000,0.0304,0.000
1127,8,11,0.919,0.000,0.0304,0.000
1127,9,12,2.445,0.000,0.0304,0.000
1127,10,13,3.484,0.000,0.0304,0.000
1127,11,14,2.096,0.000,0.0304,0.000
1127,12,15,1.885,0.000,0.0304,0.000
1127,13,16,3.388,3806.016,0.0304,0.000
1127,14,17,5.324,0.000,0.0304,380.602
1127,15,18,1.745,0.000,0.0304,201.316
1128,0,4,1.661,1516.873,6.3734,151.687
1128,1,5,1.395,902.031,4.4854,90.203
1128,2,6,7.183,546.268,2.4004,54.627
1128,3,7,0.650,0.043,0.0294,0.004
1128,4,8,0.578,0.000,0.0304,0.000
1128,5,9,0.245,0.000,0.0304,0.000
1128,6,10,0.486,0.000,0.0304,0.000
1128,7,11,0.945,0.000,0.0304,0.000
1128,8,12,1.164,0.000,0.0304,0.000
1128,9,13,0.277,0.000,0.0304,0.000
1128,10,14,0.411,0.000,0.0304,0.000
1128,11,15,0.858,0.000,0.0304,0.000
1128,12,16,1.310,3806.016,0.0304,0.000
1128,13,17,0.673,0.000,0.0304,380.602
1128,14,18,0.348,0.000,0.0304,201.316
1128,15,19,1.025,0.000,5.7607,76.421
1129,0,5,1.417,902.031,4.4854,90.203
1129,1,6,3.600,546.268,2.4004,54.627
1129,2,7,0.430,0.043,0.0294,0.004
1129,3,8,0.561,0.000,0.0304,0.000
1129,4,9,0.451,0.000,0.0304,0.000
1129,5,10,0.819,0.000,0.0304,0.000
1129,6,11,1.276,0.000,0.0304,0.000
1129,7,12,0.587,0.000,0.0304,0.000
1129,8,13,0.458,0.000,0.0304,0.000
1129,9,14,0.627,0.000,0.0304,0.000
1129,10,15,0.770,0.000,0.0304,0.000
1129,11,16,0.951,3806.016,0.0304,0.000
1129,12,17,0.635,0.000,0.0304,380.602
1129,13,18,0.416,0.000,0.0304,201.316
1129,14,19,1.214,0.000,5.7607,76.421
1129,15,20,0.674,258.819,3.6098,0.977
1130,0,6,0.920,546.268,2.4004,54.627
1130,1,7,1.568,0.043,0.0294,0.004
1130,2,8,2.057,0.000,0.0304,0.000
1130,3,9,1.058,0.000,0.0304,0.000
1130,4,10,1.878,0.000,0.0304,0.000
1130,5,11,0.886,0.000,0.0304,0.000
1130,6,12,1.580,0.000,0.0304,0.000
1130,7,13,1.014,0.000,0.0304,0.000
1130,8,14,1.164,0.000,0.0304,0.000
1130,9,15,0.600,0.000,0.0304,0.000
1130,10,16,1.071,3806.016,0.0304,0.000
1130,11,17,1.021,0.000,0.0304,380.602
1130,12,18,1.938,0.000,0.0304,201.316
1130,13,19,2.172,0.000,5.7607,76.421
1130,14,20,0.626,258.819,3.6098,0.977
1130,15,21,2.696,0.000,0.3236,26.396
1131,0,7,0.511,0.043,0.0294,0.004
1131,1,8,1.072,0.000,0.0304,0.000
1131,2,9,0.757,0.000,0.0304,0.000
1131,3,10,0.703,0.000,0.0304,0.000
1131,4,11,0.578,0.000,0.0304,0.000
1131,5,12,0.520,0.000,0.0304,0.000
1131,6,13,1.263,0.000,0.0304,0.000
1131,7,14,0.886,0.000,0.0304,0.000
1131,8,15,1.630,0.000,0.0304,0.000
1131,9,16,1.208,3806.016,0.0304,0.000
1131,10,17,1.012,0.000,0.0304,380.602
1131,11,18,0.563,0.000,0.0304,201.316
1131,12,19,0.259,0.000,5.7607,76.421
1131,13,20,0.929,258.819,3.6098,0.977
1131,14,21,0.351,0.000,0.3236,26.396
1131,15,22,0.168,241.181,0.0140,2.602
1132,0,8,0.731,0.000,0.0304,0.000
1132,1,9,1.271,0.000,0.0304,0.000
1132,2,10,2.338,0.000,0.0304,0.000
1132,3,11,0.708,0.000,0.0304,0.000
1132,4,12,1.137,0.000,0.0304,0.000
1132,5,13,1.347,0.000,0.0304,0.000
1132,6,14,1.396,0.000,0.0304,0.000
1132,7,15,0.693,0.000,0.0304,0.000
1132,8,16,0.288,3806.016,0.0304,0.000
1132,9,17,3.628,0.000,0.0304,380.602
1132,10,18,0.587,0.000,0.0304,201.316
1132,11,19,0.557,0.000,5.7607,76.421
1132,12,20,0.662,258.819,3.6098,0.977
1132,13,21,1.257,0.000,0.3236,26.396
1132,14,22,1.688,241.181,0.0140,2.602
1132,15,23,0.802,0.000,0.0135,23.900
1133,0,9,1.461,0.000,0.0304,0.000
1133,1,10,1.330,0.000,0.0304,0.000
1133,2,11,0.642,0.000,0.0304,0.000
1133,3,12,0.999,0.000,0.0304,0.000
1133,4,13,0.952,0.000,0.0304,0.000
1133,5,14,2.395,0.000,0.0304,0.000
1133,6,15,0.507,0.000,0.0304,0.000
1133,7,16,1.163,3806.016,0.0304,0.000
1133,8,17,4.246,0.000,0.0304,380.602
1133,9,18,1.656,0.000,0.0304,201.316
1133,10,19,0.884,0.000,5.7607,76.421
1133,11,20,0.677,258.819,3.6098,0.977
1133,12,21,0.365,0.000,0.3236,26.396
1133,13,22,2.349,241.181,0.0140,2.602
1133,14,23,3.649,0.000,0.0135,23.900
1133,15,24,0.033,207.107,0.0135,3.324
1134,0,10,3.094,0.000,0.0304,0.000
1134,1,11,2.142,0.000,0.0304,0.000
1134,2,12,1.015,0.000,0.0304,0.000
1134,3,13,1.505,0.000,0.0304,0.000
1134,4,14,0.987,0.000,0.0304,0.000
1134,5,15,0.723,0.000,0.0304,0.000
1134,6,16,1.697,3806.016,0.0304,0.000
1134,7,17,2.846,0.000,0.0304,380.602
1134,8,18,0.309,0.000,0.0304,201.316
1134,9,19,0.762,0.000,5.7607,76.421
1134,10,20,0.461,258.819,3.6098,0.977
1134,11,21,1.238,0.000,0.3236,26.396
1134,12,22,0.315,241.181,0.0140,2.602
1134,13,23,0.288,0.000,0.0135,23.900
1134,14,24,0.901,207.107,0.0135,3.324
1134,15,25,0.206,158.919,0.0128,20.206
1135,0,11,2.165,0.000,0.0304,0.000
1135,1,12,0.422,0.000,0.0304,0.000
1135,2,13,0.466,0.000,0.0304,0.000
1135,3,14,0.821,0.000,0.0304,0.000
1135,4,15,0.511,0.000,0.0304,0.000
1135,5,16,1.202,3806.016,0.0304,0.000
1135,6,17,0.667,0.000,0.0304,380.602
1135,7,18,0.379,0.000,0.0304,201.316
1135,8,19,0.735,0.000,5.7607,76.421
1135,9,20,0.495,258.819,3.6098,0.977
1135,10,21,0.466,0.000,0.3236,26.396
1135,11,22,0.534,241.181,0.0140,2.602
1135,12,23,0.675,0.000,0.0135,23.900
1135,13,24,0.701,207.107,0.0135,3.324
1135,14,25,0.465,158.919,0.0128,20.206
1135,15,26,0.116,99.900,0.0128,15.358
1136,0,12,1.600,0.000,0.0304,0.000
1136,1,13,1.541,0.000,0.0304,0.000
1136,2,14,1.598,0.000,0.0304,0.000
1136,3,15,2.023,0.000,0.0304,0.000
1136,4,16,3.775,3806.016,0.0304,0.000
1136,5,17,0.843,0.000,0.0304,380.602
1136,6,18,1.046,0.000,0.0304,201.316
1136,7,19,1.014,0.000,5.7607,76.421
1136,8,20,0.644,258.819,3.6098,0.977
1136,9,21,0.532,0.000,0.3236,26.396
1136,10,22,0.695,241.181,0.0140,2.602
1136,11,23,0.626,0.000,0.0135,23.900
1136,12,24,0.778,207.107,0.0135,3.324
1136,13,25,0.540,158.919,0.0128,20.206
1136,14,26,1.818,99.900,0.0128,15.358
1136,15,27,0.828,34.075,0.0122,9.607
1137,0,13,0.924,0.000,0.0304,0.000
1137,1,14,2.307,0.000,0.0304,0.000
1137,2,15,2.316,0.000,0.0304,0.000
1137,3,16,1.252,3806.016,0.0304,0.000
1137,4,17,379.899,0.000,0.0304,380.602
1137,5,18,0.536,0.000,0.0304,201.316
1137,6,19,0.641,0.000,5.7607,76.421
1137,7,20,0.544,258.819,3.6098,0.977
1137,8,21,25.605,0.000,0.3236,26.396
1137,9,22,0.218,241.181,0.0140,2.602
1137,10,23,23.553,0.000,0.0135,23.900
1137,11,24,0.998,207.107,0.0135,3.324
1137,12,25,20.076,158.919,0.0128,20.206
1137,13,26,15.294,99.900,0.0128,15.358
1137,14,27,8.666,34.075,0.0122,9.607
1137,15,28,2.287,0.000,0.0117,3.239
1138,0,14,7.160,0.000,0.0304,0.000
1138,1,15,1.921,0.000,0.0304,0.000
1138,2,16,1.785,3806.016,0.0304,0.000
1138,3,17,328.343,0.000,0.0304,380.602
1138,4,18,349.436,0.000,0.0304,201.316
1138,5,19,1.045,0.000,5.7607,76.421
1138,6,20,1.257,258.819,3.6098,0.977
1138,7,21,21.220,0.000,0.3236,26.396
1138,8,22,22.995,241.181,0.0140,2.602
1138,9,23,20.804,0.000,0.0135,23.900
1138,10,24,21.302,207.107,0.0135,3.324
1138,11,25,18.013,158.919,0.0128,20.206
1138,12,26,31.847,99.900,0.0128,15.358
1138,13,27,23.716,34.075,0.0122,9.607
1138,14,28,11.391,0.000,0.0117,3.239
1138,15,29,2.755,0.000,0.0114,3.230
1139,0,15,2.371,0.000,0.0304,0.000
1139,1,16,378.556,3806.016,0.0304,0.000
1139,2,17,1.291,0.000,0.0304,380.602
1139,3,18,1.450,0.000,0.0304,201.316
1139,4,19,0.888,0.000,5.7607,76.421
1139,5,20,25.839,258.819,3.6098,0.977
1139,6,21,0.358,0.000,0.3236,26.396
1139,7,22,23.717,241.181,0.0140,2.602
1139,8,23,0.878,0.000,0.0135,23.900
1139,9,24,19.990,207.107,0.0135,3.324
1139,10,25,15.432,158.919,0.0128,20.206
1139,11,26,9.283,99.900,0.0128,15.358
1139,12,27,2.830,34.075,0.0122,9.607
1139,13,28,1.055,0.000,0.0117,3.239
1139,14,29,0.628,0.000,0.0114,3.230
1139,15,30,0.854,0.000,0.0457,3.278
1140,0,16,5.270,3806.016,0.0304,0.000
1140,1,17,1.923,0.000,0.0304,380.602
1140,2,18,1.423,0.000,0.0304,201.316
1140,3,19,1.643,0.000,5.7607,76.421
1140,4,20,1.056,258.819,3.6098,0.977
1140,5,21,0.586,0.000,0.3236,26.396
1140,6,22,0.911,241.181,0.0140,2.602
1140,7,23,1.020,0.000,0.0135,23.900
1140,8,24,0.679,207.107,0.0135,3.324
1140,9,25,0.609,158.919,0.0128,20.206
1140,10,26,1.256,99.900,0.0128,15.358
1140,11,27,1.720,34.075,0.0122,9.607
1140,12,28,1.031,0.000,0.0117,3.239
1140,13,29,1.349,0.000,0.0114,3.230
1140,14,30,1.256,0.000,0.0457,3.278
1140,15,31,0.795,0.000,0.0764,3.337
1141,0,17,0.325,0.000,0.0304,380.602
1141,1,18,0.368,0.000,0.0304,201.316
1141,2,19,0.208,0.000,5.7607,76.421
1141,3,20,26.315,258.819,3.6098,0.977
1141,4,21,0.380,0.000,0.3236,26.396
1141,5,22,24.303,241.181,0.0140,2.602
1141,6,23,0.208,0.000,0.0135,23.900
1141,7,24,20.606,207.107,0.0135,3.324
1141,8,25,16.077,158.919,0.0128,20.206
1141,9,26,10.115,99.900,0.0128,15.358
1141,10,27,3.362,34.075,0.0122,9.607
1141,11,28,0.367,0.000,0.0117,3.239
1141,12,29,0.503,0.000,0.0114,3.230
1141,13,30,1.090,0.000,0.0457,3.278
1141,14,31,1.374,0.000,0.0764,3.337
1141,15,32,0.206,0.000,0.0409,3.502
1142,0,18,0.370,0.000,0.0304,201.316
1142,1,19,0.357,0.000,5.7607,76.421
1142,2,20,0.734,258.819,3.6098,0.977
1142,3,21,0.716,0.000,0.3236,26.396
1142,4,22,1.125,241.181,0.0140,2.602
1142,5,23,1.172,0.000,0.0135,23.900
1142,6,24,0.775,207.107,0.0135,3.324
1142,7,25,0.333,158.919,0.0128,20.206
1142,8,26,0.270,99.900,0.0128,15.358
1142,9,27,0.783,34.075,0.0122,9.607
1142,10,28,0.371,0.000,0.0117,3.239
1142,11,29,0.657,0.000,0.0114,3.230
1142,12,30,1.067,0.000,0.0457,3.278
1142,13,31,1.513,0.000,0.0764,3.337
1142,14,32,0.978,0.000,0.0409,3.502
1142,15,33,1.030,0.000,0.0471,3.254
1143,0,19,0.834,0.000,5.7607,76.421
1143,1,20,0.217,258.819,3.6098,0.977
1143,2,21,0.539,0.000,0.3236,26.396
1143,3,22,0.973,241.181,0.0140,2.602
1143,4,23,0.482,0.000,0.0135,23.900
1143,5,24,1.271,207.107,0.0135,3.324
1143,6,25,0.815,158.919,0.0128,20.206
1143,7,26,0.387,99.900,0.0128,15.358
1143,8,27,1.150,34.075,0.0122,9.607
1143,9,28,0.828,0.000,0.0117,3.239
1143,10,29,0.402,0.000,0.0114,3.230
1143,11,30,3.006,0.000,0.0457,3.278
1143,12,31,0.380,0.000,0.0764,3.337
1143,13,32,0.403,0.000,0.0409,3.502
1143,14,33,1.196,0.000,0.0471,3.254
1143,15,34,0.961,0.000,0.0176,3.383
1144,0,20,0.383,258.819,3.6098,0.977
1144,1,21,0.781,0.000,0.3236,26.396
1144,2,22,0.330,241.181,0.0140,2.602
1144,3,23,0.632,0.000,0.0135,23.900
1144,4,24,0.613,207.107,0.0135,3.324
1144,5,25,1.602,158.919,0.0128,20.206
1144,6,26,0.719,99.900,0.0128,15.358
1144,7,27,0.515,34.075,0.0122,9.607
1144,8,28,0.507,0.000,0.0117,3.239
1144,9,29,0.234,0.000,0.0114,3.230
1144,10,30,0.289,0.000,0.0457,3.278
1144,11,31,0.024,0.000,0.0764,3.337
1144,12,32,0.522,0.000,0.0409,3.502
1144,13,33,0.381,0.000,0.0471,3.254
1144,14,34,0.643,0.000,0.0176,3.383
1144,15,35,1.846,0.000,0.0203,3.271
1145,0,21,3.025,0.000,0.3236,26.396
1145,1,22,1.739,241.181,0.0140,2.602
1145,2,23,0.259,0.000,0.0135,23.900
1145,3,24,0.596,207.107,0.0135,3.324
1145,4,25,0.425,158.919,0.0128,20.206
1145,5,26,0.421,99.900,0.0128,15.358
1145,6,27,0.655,34.075,0.0122,9.607
1145,7,28,0.226,0.000,0.0117,3.239
1145,8,29,0.309,0.000,0.0114,3.230
1145,9,30,0.159,0.000,0.0457,3.278
1145,10,31,0.884,0.000,0.0764,3.337
1145,11,32,0.411,0.000,0.0409,3.502
1145,12,33,0.363,0.000,0.0471,3.254
1145,13,34,0.325,0.000,0.0176,3.383
1145,14,35,1.712,0.000,0.0203,3.271
1145,15,36,0.118,0.000,0.0165,3.407
1146,0,22,4.845,241.181,0.0140,2.602
1146,1,23,1.729,0.000,0.0135,23.900
1146,2,24,6.455,207.107,0.0135,3.324
1146,3,25,4.242,158.919,0.0128,20.206
1146,4,26,2.719,99.900,0.0128,15.358
1146,5,27,1.932,34.075,0.0122,9.607
1146,6,28,0.448,0.000,0.0117,3.239
1146,7,29,0.418,0.000,0.0114,3.230
1146,8,30,0.868,0.000,0.0457,3.278
1146,9,31,0.516,0.000,0.0764,3.337
1146,10,32,0.649,0.000,0.0409,3.502
1146,11,33,0.186,0.000,0.0471,3.254
1146,12,34,0.112,0.000,0.0176,3.383
1146,13,35,0.603,0.000,0.0203,3.271
1146,14,36,0.262,0.000,0.0165,3.407
1146,15,37,0.665,0.000,0.0196,3.264
1147,0,23,0.238,0.000,0.0135,23.900
1147,1,24,0.393,207.107,0.0135,3.324
1147,2,25,0.272,158.919,0.0128,20.206
1147,3,26,0.318,99.900,0.0128,15.358
1147,4,27,0.301,34.075,0.0122,9.607
1147,5,28,0.923,0.000,0.0117,3.239
1147,6,29,0.740,0.000,0.0114,3.230
1147,7,30,0.371,0.000,0.0457,3.278
1147,8,31,0.578,0.000,0.0764,3.337
1147,9,32,0.257,0.000,0.0409,3.502
1147,10,33,0.313,0.000,0.0471,3.254
1147,11,34,0.287,0.000,0.0176,3.383
1147,12,35,0.339,0.000,0.0203,3.271
1147,13,36,0.747,0.000,0.0165,3.407
1147,14,37,0.884,0.000,0.0196,3.264
1147,15,38,0.122,0.000,0.0152,3.388
1148,0,24,0.579,207.107,0.0135,3.324
1148,1,25,0.822,158.919,0.0128,20.206
1148,2,26,0.880,99.900,0.0128,15.358
1148,3,27,0.643,34.075,0.0122,9.607
1148,4,28,0.235,0.000,0.0117,3.239
1148,5,29,0.332,0.000,0.0114,3.230
1148,6,30,0.342,0.000,0.0457,3.278
1148,7,31,0.195,0.000,0.0764,3.337
1148,8,32,0.119,0.000,0.0409,3.502
1148,9,33,0.106,0.000,0.0471,3.254
1148,10,34,0.112,0.000,0.0176,3.383
1148,11,35,0.037,0.000,0.0203,3.271
1148,12,36,0.042,0.000,0.0165,3.407
1148,13,37,0.041,0.000,0.0196,3.264
1148,14,38,0.134,0.000,0.0152,3.388
1148,15,39,0.145,1000.000,0.0239,3.251
1149,0,25,0.400,158.919,0.0128,20.206
1149,1,26,0.419,99.900,0.0128,15.358
1149,2,27,0.997,34.075,0.0122,9.607
1149,3,28,0.145,0.000,0.0117,3.239
1149,4,29,0.488,0.000,0.0114,3.230
1149,5,30,0.451,0.000,0.0457,3.278
1149,6,31,0.501,0.000,0.0764,3.337
1149,7,32,0.053,0.000,0.0409,3.502
1149,8,33,0.597,0.000,0.0471,3.254
1149,9,34,0.488,0.000,0.0176,3.383
1149,10,35,0.114,0.000,0.0203,3.271
1149,11,36,0.509,0.000,0.0165,3.407
1149,12,37,0.368,0.000,0.0196,3.264
1149,13,38,0.534,0.000,0.0152,3.388
1149,14,39,1.105,1000.000,0.0239,3.251
1149,15,40,0.509,1035.567,0.0269,3.707
1150,0,26,0.810,99.900,0.0128,15.358
1150,1,27,0.854,34.075,0.0122,9.607
1150,2,28,0.524,0.000,0.0117,3.239
1150,3,29,0.540,0.000,0.0114,3.230
1150,4,30,0.517,0.000,0.0457,3.278
1150,5,31,0.562,0.000,0.0764,3.337
1150,6,32,0.164,0.000,0.0409,3.502
1150,7,33,0.239,0.000,0.0471,3.254
1150,8,34,0.523,0.000,0.0176,3.383
1150,9,35,0.282,0.000,0.0203,3.271
1150,10,36,0.348,0.000,0.0165,3.407
1150,11,37,0.946,0.000,0.0196,3.264
1150,12,38,0.730,0.000,0.0152,3.388
1150,13,39,0.543,1000.000,0.0239,3.251
1150,14,40,0.696,1035.567,0.0269,3.707
1150,15,41,87.409,0.000,2.0084,102.517
1151,0,27,0.741,34.075,0.0122,9.607
1151,1,28,0.452,0.000,0.0117,3.239
1151,2,29,0.205,0.000,0.0114,3.230
1151,3,30,0.361,0.000,0.0457,3.278
1151,4,31,0.122,0.000,0.0764,3.337
1151,5,32,0.162,0.000,0.0409,3.502
1151,6,33,0.199,0.000,0.0471,3.254
1151,7,34,0.447,0.000,0.0176,3.383
1151,8,35,0.406,0.000,0.0203,3.271
1151,9,36,0.390,0.000,0.0165,3.407
1151,10,37,0.419,0.000,0.0196,3.264
1151,11,38,0.203,0.000,0.0152,3.388
1151,12,39,0.203,1000.000,0.0239,3.251
1151,13,40,0.058,1035.567,0.0269,3.707
1151,14,41,104.011,0.000,2.0084,102.517
1151,15,42,1.294,0.000,4.4640,20.709
1152,0,28,0.496,0.000,0.0117,3.239
1152,1,29,1.295,0.000,0.0114,3.230
1152,2,30,1.436,0.000,0.0457,3.278
1152,3,31,0.717,0.000,0.0764,3.337
1152,4,32,0.563,0.000,0.0409,3.502
1152,5,33,0.818,0.000,0.0471,3.254
1152,6,34,0.960,0.000,0.0176,3.383
1152,7,35,0.799,0.000,0.0203,3.271
1152,8,36,0.522,0.000,0.0165,3.407
1152,9,37,1.129,0.000,0.0196,3.264
1152,10,38,0.459,0.000,0.0152,3.388
1152,11,39,0.572,1000.000,0.0239,3.251
1152,12,40,0.614,1035.567,0.0269,3.707
1152,13,41,63.435,0.000,2.0084,102.517
1152,14,42,2.068,0.000,4.4640,20.709
1152,15,43,4.935,0.000,3.0437,0.614
1153,0,29,1.546,0.000,0.0114,3.230
1153,1,30,0.972,0.000,0.0457,3.278
1153,2,31,1.926,0.000,0.0764,3.337
1153,3,32,0.807,0.000,0.0409,3.502
1153,4,33,0.929,0.000,0.0471,3.254
1153,5,34,0.325,0.000,0.0176,3.383
1153,6,35,0.647,0.000,0.0203,3.271
1153,7,36,0.747,0.000,0.0165,3.407
1153,8,37,2.019,0.000,0.0196,3.264
1153,9,38,1.408,0.000,0.0152,3.388
1153,10,39,1.683,1000.000,0.0239,3.251
1153,11,40,1.085,1035.567,0.0269,3.707
1153,12,41,82.165,0.000,2.0084,102.517
1153,13,42,0.399,0.000,4.4640,20.709
1153,14,43,0.678,0.000,3.0437,0.614
1153,15,44,0.428,0.000,0.0284,1.214
1154,0,30,0.411,0.000,0.0457,3.278
1154,1,31,1.360,0.000,0.0764,3.337
1154,2,32,0.175,0.000,0.0409,3.502
1154,3,33,0.635,0.000,0.0471,3.254
1154,4,34,0.399,0.000,0.0176,3.383
1154,5,35,1.367,0.000,0.0203,3.271
1154,6,36,0.222,0.000,0.0165,3.407
1154,7,37,0.699,0.000,0.0196,3.264
1154,8,38,0.040,0.000,0.0152,3.388
1154,9,39,0.248,1000.000,0.0239,3.251
1154,10,40,1.222,1035.567,0.0269,3.707
1154,11,41,103.922,0.000,2.0084,102.517
1154,12,42,0.693,0.000,4.4640,20.709
1154,13,43,0.659,0.000,3.0437,0.614
1154,14,44,1.517,0.000,0.0284,1.214
1154,15,45,0.412,0.000,0.0290,0.613
1155,0,31,0.473,0.000,0.0764,3.337
1155,1,32,0.643,0.000,0.0409,3.502
1155,2,33,0.320,0.000,0.0471,3.254
1155,3,34,0.517,0.000,0.0176,3.383
1155,4,35,0.395,0.000,0.0203,3.271
1155,5,36,0.310,0.000,0.0165,3.407
1155,6,37,0.205,0.000,0.0196,3.264
1155,7,38,0.634,0.000,0.0152,3.388
1155,8,39,1.295,1000.000,0.0239,3.251
1155,9,40,0.255,1035.567,0.0269,3.707
1155,10,41,13.999,0.000,2.0084,102.517
1155,11,42,0.731,0.000,4.4640,20.709
1155,12,43,0.109,0.000,3.0437,0.614
1155,13,44,0.441,0.000,0.0284,1.214
1155,14,45,0.680,0.000,0.0290,0.613
1155,15,46,0.325,0.000,0.0289,1.213
1156,0,32,0.438,0.000,0.0409,3.502
1156,1,33,0.425,0.000,0.0471,3.254
1156,2,34,0.285,0.000,0.0176,3.383
1156,3,35,0.158,0.000,0.0203,3.271
1156,4,36,0.305,0.000,0.0165,3.407
1156,5,37,1.058,0.000,0.0196,3.264
1156,6,38,0.509,0.000,0.0152,3.388
1156,7,39,0.061,1000.000,0.0239,3.251
1156,8,40,0.487,1035.567,0.0269,3.707
1156,9,41,25.795,0.000,2.0084,102.517
1156,10,42,0.505,0.000,4.4640,20.709
1156,11,43,0.329,0.000,3.0437,0.614
1156,12,44,0.427,0.000,0.0284,1.214
1156,13,45,0.655,0.000,0.0290,0.613
1156,14,46,0.362,0.000,0.0289,1.213
1156,15,47,2.358,0.000,0.0290,0.614
1157,0,33,0.740,0.000,0.0471,3.254
1157,1,34,0.659,0.000,0.0176,3.383
1157,2,35,0.452,0.000,0.0203,3.271
1157,3,36,1.348,0.000,0.0165,3.407
1157,4,37,0.385,0.000,0.0196,3.264
1157,5,38,0.826,0.000,0.0152,3.388
1157,6,39,0.265,1000.000,0.0239,3.251
1157,7,40,3.212,1035.567,0.0269,3.707
1157,8,41,11.776,0.000,2.0084,102.517
1157,9,42,3.727,0.000,4.4640,20.709
1157,10,43,0.816,0.000,3.0437,0.614
1157,11,44,0.368,0.000,0.0284,1.214
1157,12,45,1.825,0.000,0.0290,0.613
1157,13,46,0.316,0.000,0.0289,1.213
1157,14,47,0.703,0.000,0.0290,0.614
1157,15,48,1.018,0.000,0.0289,1.214
1158,0,34,1.128,0.000,0.0176,3.383
1158,1,35,1.450,0.000,0.0203,3.271
1158,2,36,1.455,0.000,0.0165,3.407
1158,3,37,1.141,0.000,0.0196,3.264
1158,4,38,1.614,0.000,0.0152,3.388
1158,5,39,2.150,1000.000,0.0239,3.251
1158,6,40,3.330,1035.567,0.0269,3.707
1158,7,41,2.577,0.000,2.0084,102.517
1158,8,42,0.710,0.000,4.4640,20.709
1158,9,43,0.456,0.000,3.0437,0.614
1158,10,44,0.607,0.000,0.0284,1.214
1158,11,45,1.004,0.000,0.0290,0.613
1158,12,46,0.432,0.000,0.0289,1.213
1158,13,47,0.610,0.000,0.0290,0.614
1158,14,48,0.517,0.000,0.0289,1.214
1158,15,49,1.198,0.000,0.0291,0.613
1159,0,35,0.555,0.000,0.0203,3.271
1159,1,36,0.792,0.000,0.0165,3.407
1159,2,37,0.800,0.000,0.0196,3.264
1159,3,38,0.610,0.000,0.0152,3.388
1159,4,39,2.127,1000.000,0.0239,3.251
1159,5,40,2.420,1035.567,0.0269,3.707
1159,6,41,4.002,0.000,2.0084,102.517
1159,7,42,0.395,0.000,4.4640,20.709
1159,8,43,0.431,0.000,3.0437,0.614
1159,9,44,0.818,0.000,0.0284,1.214
1159,10,45,1.070,0.000,0.0290,0.613
1159,11,46,0.678,0.000,0.0289,1.213
1159,12,47,0.705,0.000,0.0290,0.614
1159,13,48,0.442,0.000,0.0289,1.214
1159,14,49,1.234,0.000,0.0291,0.613
1159,15,50,0.904,0.000,0.0288,1.213
1160,0,36,1.539,0.000,0.0165,3.407
1160,1,37,0.959,0.000,0.0196,3.264
1160,2,38,0.348,0.000,0.0152,3.388
1160,3,39,0.676,1000.000,0.0239,3.251
1160,4,40,0.138,1035.567,0.0269,3.707
1160,5,41,5.101,0.000,2.0084,102.517
1160,6,42,0.604,0.000,4.4640,20.709
1160,7,43,0.744,0.000,3.0437,0.614
1160,8,44,1.113,0.000,0.0284,1.214
1160,9,45,0.869,0.000,0.0290,0.613
1160,10,46,0.980,0.000,0.0289,1.213
1160,11,47,0.380,0.000,0.0290,0.614
1160,12,48,0.686,0.000,0.0289,1.214
1160,13,49,0.325,0.000,0.0291,0.613
1160,14,50,0.444,0.000,0.0288,1.213
1160,15,51,3.316,0.000,0.0289,0.613
1161,0,37,0.578,0.000,0.0196,3.264
1161,1,38,0.719,0.000,0.0152,3.388
1161,2,39,2.814,1000.000,0.0239,3.251
1161,3,40,0.486,1035.567,0.0269,3.707
1161,4,41,9.706,0.000,2.0084,102.517
1161,5,42,0.326,0.000,4.4640,20.709
1161,6,43,1.049,0.000,3.0437,0.614
1161,7,44,0.547,0.000,0.0284,1.214
1161,8,45,0.758,0.000,0.0290,0.613
1161,9,46,0.297,0.000,0.0289,1.213
1161,10,47,0.270,0.000,0.0290,0.614
1161,11,48,0.187,0.000,0.0289,1.214
1161,12,49,1.060,0.000,0.0291,0.613
1161,13,50,0.754,0.000,0.0288,1.213
1161,14,51,0.979,0.000,0.0289,0.613
1161,15,52,0.737,0.000,0.0288,1.213
1162,0,38,1.807,0.000,0.0152,3.388
1162,1,39,3.221,1000.000,0.0239,3.251
1162,2,40,3.774,1035.567,0.0269,3.707
1162,3,41,9.788,0.000,2.0084,102.517
1162,4,42,1.499,0.000,4.4640,20.709
1162,5,43,0.755,0.000,3.0437,0.614
1162,6,44,0.745,0.000,0.0284,1.214
1162,7,45,2.464,0.000,0.0290,0.613
1162,8,46,0.992,0.000,0.0289,1.213
1162,9,47,1.454,0.000,0.0290,0.614
1162,10,48,1.499,0.000,0.0289,1.214
1162,11,49,1.268,0.000,0.0291,0.613
1162,12,50,0.742,0.000,0.0288,1.213
1162,13,51,1.111,0.000,0.0289,0.613
1162,14,52,3.416,0.000,0.0288,1.213
1162,15,53,2.551,258.819,0.0288,0.613
1163,0,39,1.559,1000.000,0.0239,3.251
1163,1,40,93.780,1035.567,0.0269,3.707
1163,2,41,98.058,0.000,2.0084,102.517
1163,3,42,97.329,0.000,4.4640,20.709
1163,4,43,1.981,0.000,3.0437,0.614
1163,5,44,1.149,0.000,0.0284,1.214
1163,6,45,0.796,0.000,0.0290,0.613
1163,7,46,0.328,0.000,0.0289,1.213
1163,8,47,0.502,0.000,0.0290,0.614
1163,9,48,0.403,0.000,0.0289,1.214
1163,10,49,0.634,0.000,0.0291,0.613
1163,11,50,1.483,0.000,0.0288,1.213
1163,12,51,0.951,0.000,0.0289,0.613
1163,13,52,1.093,0.000,0.0288,1.213
1163,14,53,1.221,258.819,0.0288,0.613
1163,15,54,25.069,0.000,0.0288,25.737
1164,0,40,10.760,1035.567,0.0269,3.707
1164,1,41,84.600,0.000,2.0084,102.517
1164,2,42,13.037,0.000,4.4640,20.709
1164,3,43,3.297,0.000,3.0437,0.614
1164,4,44,3.167,0.000,0.0284,1.214
1164,5,45,0.433,0.000,0.0290,0.613
1164,6,46,1.388,0.000,0.0289,1.213
1164,7,47,0.641,0.000,0.0290,0.614
1164,8,48,1.314,0.000,0.0289,1.214
1164,9,49,1.922,0.000,0.0291,0.613
1164,10,50,2.404,0.000,0.0288,1.213
1164,11,51,1.453,0.000,0.0289,0.613
1164,12,52,1.635,0.000,0.0288,1.213
1164,13,53,2.760,258.819,0.0288,0.613
1164,14,54,22.521,0.000,0.0288,25.737
1164,15,55,5.542,241.181,0.0289,3.845
1165,0,41,1.104,0.000,2.0084,102.517
1165,1,42,0.341,0.000,4.4640,20.709
1165,2,43,0.312,0.000,3.0437,0.614
1165,3,44,0.361,0.000,0.0284,1.214
1165,4,45,0.615,0.000,0.0290,0.613
1165,5,46,0.785,0.000,0.0289,1.213
1165,6,47,0.730,0.000,0.0290,0.614
1165,7,48,0.467,0.000,0.0289,1.214
1165,8,49,0.401,0.000,0.0291,0.613
1165,9,50,0.536,0.000,0.0288,1.213
1165,10,51,0.236,0.000,0.0289,0.613
1165,11,52,0.491,0.000,0.0288,1.213
1165,12,53,0.676,258.819,0.0288,0.613
1165,13,54,0.336,0.000,0.0288,25.737
1165,14,55,0.285,241.181,0.0289,3.845
1165,15,56,0.626,207.107,0.0281,23.207
1166,0,42,0.179,0.000,4.4640,20.709
1166,1,43,1.530,0.000,3.0437,0.614
1166,2,44,0.395,0.000,0.0284,1.214
1166,3,45,0.784,0.000,0.0290,0.613
1166,4,46,0.350,0.000,0.0289,1.213
1166,5,47,0.401,0.000,0.0290,0.614
1166,6,48,0.398,0.000,0.0289,1.214
1166,7,49,0.347,0.000,0.0291,0.613
1166,8,50,0.435,0.000,0.0288,1.213
1166,9,51,0.630,0.000,0.0289,0.613
1166,10,52,0.298,0.000,0.0288,1.213
1166,11,53,0.271,258.819,0.0288,0.613
1166,12,54,0.634,0.000,0.0288,25.737
1166,13,55,0.445,241.181,0.0289,3.845
1166,14,56,0.662,207.107,0.0281,23.207
1166,15,57,0.842,158.918,0.0278,19.578
1167,0,43,4.789,0.000,3.0437,0.614
1167,1,44,1.755,0.000,0.0284,1.214
1167,2,45,0.684,0.000,0.0290,0.613
1167,3,46,1.281,0.000,0.0289,1.213
1167,4,47,1.071,0.000,0.0290,0.614
1167,5,48,0.284,0.000,0.0289,1.214
1167,6,49,0.796,0.000,0.0291,0.613
1167,7,50,1.016,0.000,0.0288,1.213
1167,8,51,0.796,0.000,0.0289,0.613
1167,9,52,1.144,0.000,0.0288,1.213
1167,10,53,0.893,258.819,0.0288,0.613
1167,11,54,0.644,0.000,0.0288,25.737
1167,12,55,0.973,241.181,0.0289,3.845
1167,13,56,0.889,207.107,0.0281,23.207
1167,14,57,1.085,158.918,0.0278,19.578
1167,15,58,0.787,99.901,0.0270,14.894
1168,0,44,0.658,0.000,0.0284,1.214
1168,1,45,0.729,0.000,0.0290,0.613
1168,2,46,0.768,0.000,0.0289,1.213
1168,3,47,0.612,0.000,0.0290,0.614
1168,4,48,0.706,0.000,0.0289,1.214
1168,5,49,0.613,0.000,0.0291,0.613
1168,6,50,1.143,0.000,0.0288,1.213
1168,7,51,0.292,0.000,0.0289,0.613
1168,8,52,0.215,0.000,0.0288,1.213
1168,9,53,0.905,258.819,0.0288,0.613
1168,10,54,0.632,0.000,0.0288,25.737
1168,11,55,1.138,241.181,0.0289,3.845
1168,12,56,1.545,207.107,0.0281,23.207
1168,13,57,4.909,158.918,0.0278,19.578
1168,14,58,3.997,99.901,0.0270,14.894
1168,15,59,1.865,34.075,0.0259,9.360
1169,0,45,0.210,0.000,0.0290,0.613
1169,1,46,0.112,0.000,0.0289,1.213
1169,2,47,0.179,0.000,0.0290,0.614
1169,3,48,0.321,0.000,0.0289,1.214
1169,4,49,0.083,0.000,0.0291,0.613
1169,5,50,0.835,0.000,0.0288,1.213
1169,6,51,0.443,0.000,0.0289,0.613
1169,7,52,0.531,0.000,0.0288,1.213
1169,8,53,0.461,258.819,0.0288,0.613
1169,9,54,0.830,0.000,0.0288,25.737
1169,10,55,0.479,241.181,0.0289,3.845
1169,11,56,0.445,207.107,0.0281,23.207
1169,12,57,0.784,158.918,0.0278,19.578
1169,13,58,0.407,99.901,0.0270,14.894
1169,14,59,0.945,34.075,0.0259,9.360
1169,15,60,0.672,0.000,0.0251,3.215
1170,0,46,0.332,0.000,0.0289,1.213
1170,1,47,0.322,0.000,0.0290,0.614
1170,2,48,0.442,0.000,0.0289,1.214
1170,3,49,0.261,0.000,0.0291,0.613
1170,4,50,0.306,0.000,0.0288,1.213
1170,5,51,0.291,0.000,0.0289,0.613
1170,6,52,0.660,0.000,0.0288,1.213
1170,7,53,0.379,258.819,0.0288,0.613
1170,8,54,0.407,0.000,0.0288,25.737
1170,9,55,0.379,241.181,0.0289,3.845
1170,10,56,0.340,207.107,0.0281,23.207
1170,11,57,0.337,158.918,0.0278,19.578
1170,12,58,0.638,99.901,0.0270,14.894
1170,13,59,0.397,34.075,0.0259,9.360
1170,14,60,0.204,0.000,0.0251,3.215
1170,15,61,0.306,0.000,0.0245,0.616
1171,0,47,0.585,0.000,0.0290,0.614
1171,1,48,0.487,0.000,0.0289,1.214
1171,2,49,0.315,0.000,0.0291,0.613
1171,3,50,0.171,0.000,0.0288,1.213
1171,4,51,0.152,0.000,0.0289,0.613
1171,5,52,0.446,0.000,0.0288,1.213
1171,6,53,0.287,258.819,0.0288,0.613
1171,7,54,0.479,0.000,0.0288,25.737
1171,8,55,0.445,241.181,0.0289,3.845
1171,9,56,0.380,207.107,0.0281,23.207
1171,10,57,0.570,158.918,0.0278,19.578
1171,11,58,0.668,99.901,0.0270,14.894
1171,12,59,0.507,34.075,0.0259,9.360
1171,13,60,0.175,0.000,0.0251,3.215
1171,14,61,0.240,0.000,0.0245,0.616
1171,15,62,0.181,0.000,0.0245,1.222
1172,0,48,0.244,0.000,0.0289,1.214
1172,1,49,0.214,0.000,0.0291,0.613
1172,2,50,0.624,0.000,0.0288,1.213
1172,3,51,0.373,0.000,0.0289,0.613
1172,4,52,0.757,0.000,0.0288,1.213
1172,5,53,1.227,258.819,0.0288,0.613
1172,6,54,2.672,0.000,0.0288,25.737
1172,7,55,0.727,241.181,0.0289,3.845
1172,8,56,1.768,207.107,0.0281,23.207
1172,9,57,2.343,158.918,0.0278,19.578
1172,10,58,1.224,99.901,0.0270,14.894
1172,11,59,0.823,34.075,0.0259,9.360
1172,12,60,0.980,0.000,0.0251,3.215
1172,13,61,0.457,0.000,0.0245,0.616
1172,14,62,1.005,0.000,0.0245,1.222
1172,15,63,1.146,0.000,0.0242,0.616
1173,0,49,0.286,0.000,0.0291,0.613
1173,1,50,0.212,0.000,0.0288,1.213
1173,2,51,0.360,0.000,0.0289,0.613
1173,3,52,1.073,0.000,0.0288,1.213
1173,4,53,1.777,258.819,0.0288,0.613
1173,5,54,2.488,0.000,0.0288,25.737
1173,6,55,2.291,241.181,0.0289,3.845
1173,7,56,1.800,207.107,0.0281,23.207
1173,8,57,2.904,158.918,0.0278,19.578
1173,9,58,2.019,99.901,0.0270,14.894
1173,10,59,0.683,34.075,0.0259,9.360
1173,11,60,0.372,0.000,0.0251,3.215
1173,12,61,0.590,0.000,0.0245,0.616
1173,13,62,0.547,0.000,0.0245,1.222
1173,14,63,0.255,0.000,0.0242,0.616
1173,15,64,0.504,0.000,0.0242,1.222
1174,0,50,0.653,0.000,0.0288,1.213
1174,1,51,0.465,0.000,0.0289,0.613
1174,2,52,0.241,0.000,0.0288,1.213
1174,3,53,0.305,258.819,0.0288,0.613
1174,4,54,0.486,0.000,0.0288,25.737
1174,5,55,0.632,241.181,0.0289,3.845
1174,6,56,0.537,207.107,0.0281,23.207
1174,7,57,1.173,158.918,0.0278,19.578
1174,8,58,0.773,99.901,0.0270,14.894
1174,9,59,0.323,34.075,0.0259,9.360
1174,10,60,0.270,0.000,0.0251,3.215
1174,11,61,0.208,0.000,0.0245,0.616
1174,12,62,0.944,0.000,0.0245,1.222
1174,13,63,0.178,0.000,0.0242,0.616
1174,14,64,0.294,0.000,0.0242,1.222
1174,15,65,0.542,0.000,0.0241,0.615
1175,0,51,0.671,0.000,0.0289,0.613
1175,1,52,2.010,0.000,0.0288,1.213
1175,2,53,1.705,258.819,0.0288,0.613
1175,3,54,1.765,0.000,0.0288,25.737
1175,4,55,3.243,241.181,0.0289,3.845
1175,5,56,3.573,207.107,0.0281,23.207
1175,6,57,4.265,158.918,0.0278,19.578
1175,7,58,2.880,99.901,0.0270,14.894
1175,8,59,1.791,34.075,0.0259,9.360
1175,9,60,0.387,0.000,0.0251,3.215
1175,10,61,0.633,0.000,0.0245,0.616
1175,11,62,0.617,0.000,0.0245,1.222
1175,12,63,0.488,0.000,0.0242,0.616
1175,13,64,0.595,0.000,0.0242,1.222
1175,14,65,0.486,0.000,0.0241,0.615
1175,15,66,0.865,0.000,0.0243,1.221
1176,0,52,0.103,0.000,0.0288,1.213
1176,1,53,0.666,258.819,0.0288,0.613
1176,2,54,1.361,0.000,0.0288,25.737
1176,3,55,0.335,241.181,0.0289,3.845
1176,4,56,0.598,207.107,0.0281,23.207
1176,5,57,1.027,158.918,0.0278,19.578
1176,6,58,1.112,99.901,0.0270,14.894
1176,7,59,0.541,34.075,0.0259,9.360
1176,8,60,0.628,0.000,0.0251,3.215
1176,9,61,0.657,0.000,0.0245,0.616
1176,10,62,0.513,0.000,0.0245,1.222
1176,11,63,0.854,0.000,0.0242,0.616
1176,12,64,0.565,0.000,0.0242,1.222
1176,13,65,1.342,0.000,0.0241,0.615
1176,14,66,1.487,0.000,0.0243,1.221
1176,15,67,2.375,0.000,0.0242,0.616
1177,0,53,0.593,258.819,0.0288,0.613
1177,1,54,0.282,0.000,0.0288,25.737
1177,2,55,0.517,241.181,0.0289,3.845
1177,3,56,0.682,207.107,0.0281,23.207
1177,4,57,0.440,158.918,0.0278,19.578
1177,5,58,0.493,99.901,0.0270,14.894
1177,6,59,0.823,34.075,0.0259,9.360
1177,7,60,0.673,0.000,0.0251,3.215
1177,8,61,0.157,0.000,0.0245,0.616
1177,9,62,1.092,0.000,0.0245,1.222
1177,10,63,2.100,0.000,0.0242,0.616
1177,11,64,0.341,0.000,0.0242,1.222
1177,12,65,0.301,0.000,0.0241,0.615
1177,13,66,0.069,0.000,0.0243,1.221
1177,14,67,0.602,0.000,0.0242,0.616
1177,15,68,1.136,0.000,0.0238,1.222
1178,0,54,1.392,0.000,0.0288,25.737
1178,1,55,0.205,241.181,0.0289,3.845
1178,2,56,0.574,207.107,0.0281,23.207
1178,3,57,0.870,158.918,0.0278,19.578
1178,4,58,0.935,99.901,0.0270,14.894
1178,5,59,0.766,34.075,0.0259,9.360
1178,6,60,0.546,0.000,0.0251,3.215
1178,7,61,0.519,0.000,0.0245,0.616
1178,8,62,0.477,0.000,0.0245,1.222
1178,9,63,0.415,0.000,0.0242,0.616
1178,10,64,0.424,0.000,0.0242,1.222
1178,11,65,0.376,0.000,0.0241,0.615
1178,12,66,0.205,0.000,0.0243,1.221
1178,13,67,0.406,0.000,0.0242,0.616
1178,14,68,0.718,0.000,0.0238,1.222
1178,15,69,0.632,0.000,0.0241,0.615
1179,0,55,0.239,241.181,0.0289,3.845
1179,1,56,1.479,207.107,0.0281,23.207
1179,2,57,0.612,158.918,0.0278,19.578
1179,3,58,0.812,99.901,0.0270,14.894
1179,4,59,0.481,34.075,0.0259,9.360
1179,5,60,0.515,0.000,0.0251,3.215
1179,6,61,0.392,0.000,0.0245,0.616
1179,7,62,0.174,0.000,0.0245,1.222
1179,8,63,0.205,0.000,0.0242,0.616
1179,9,64,0.660,0.000,0.0242,1.222
1179,10,65,0.083,0.000,0.0241,0.615
1179,11,66,0.526,0.000,0.0243,1.221
1179,12,67,0.275,0.000,0.0242,0.616
1179,13,68,0.128,0.000,0.0238,1.222
1179,14,69,0.391,0.000,0.0241,0.615
1179,15,70,0.757,0.000,0.0240,1.221
1180,0,56,0.545,207.107,0.0281,23.207
1180,1,57,0.673,158.918,0.0278,19.578
1180,2,58,0.283,99.901,0.0270,14.894
1180,3,59,0.827,34.075,0.0259,9.360
1180,4,60,0.215,0.000,0.0251,3.215
1180,5,61,0.310,0.000,0.0245,0.616
1180,6,62,0.283,0.000,0.0245,1.222
1180,7,63,0.186,0.000,0.0242,0.616
1180,8,64,0.292,0.000,0.0242,1.222
1180,9,65,0.257,0.000,0.0241,0.615
1180,10,66,0.490,0.000,0.0243,1.221
1180,11,67,0.539,0.000,0.0242,0.616
1180,12,68,0.466,0.000,0.0238,1.222
1180,13,69,0.325,0.000,0.0241,0.615
1180,14,70,0.187,0.000,0.0240,1.221
1180,15,71,0.374,0.000,0.0241,0.616
1181,0,57,0.340,158.918,0.0278,19.578
1181,1,58,0.439,99.901,0.0270,14.894
1181,2,59,0.498,34.075,0.0259,9.360
1181,3,60,0.581,0.000,0.0251,3.215
1181,4,61,0.339,0.000,0.0245,0.616
1181,5,62,0.400,0.000,0.0245,1.222
1181,6,63,0.376,0.000,0.0242,0.616
1181,7,64,0.418,0.000,0.0242,1.222
1181,8,65,0.238,0.000,0.0241,0.615
1181,9,66,0.319,0.000,0.0243,1.221
1181,10,67,0.548,0.000,0.0242,0.616
1181,11,68,0.682,0.000,0.0238,1.222
1181,12,69,0.227,0.000,0.0241,0.615
1181,13,70,1.042,0.000,0.0240,1.221
1181,14,71,2.225,0.000,0.0241,0.616
1181,15,72,0.633,0.000,0.0241,1.222
1182,0,58,0.789,99.901,0.0270,14.894
1182,1,59,1.762,34.075,0.0259,9.360
1182,2,60,0.525,0.000,0.0251,3.215
1182,3,61,0.941,0.000,0.0245,0.616
1182,4,62,0.411,0.000,0.0245,1.222
1182,5,63,0.179,0.000,0.0242,0.616
1182,6,64,0.550,0.000,0.0242,1.222
1182,7,65,0.380,0.000,0.0241,0.615
1182,8,66,0.222,0.000,0.0243,1.221
1182,9,67,0.482,0.000,0.0242,0.616
1182,10,68,1.133,0.000,0.0238,1.222
1182,11,69,0.260,0.000,0.0241,0.615
1182,12,70,0.716,0.000,0.0240,1.221
1182,13,71,0.950,0.000,0.0241,0.616
1182,14,72,1.835,0.000,0.0241,1.222
1182,15,73,1.504,0.000,0.0239,0.616
1183,0,59,0.176,34.075,0.0259,9.360
1183,1,60,0.307,0.000,0.0251,3.215
1183,2,61,0.521,0.000,0.0245,0.616
1183,3,62,0.538,0.000,0.0245,1.222
1183,4,63,0.214,0.000,0.0242,0.616
1183,5,64,0.396,0.000,0.0242,1.222
1183,6,65,0.496,0.000,0.0241,0.615
1183,7,66,0.370,0.000,0.0243,1.221
1183,8,67,0.437,0.000,0.0242,0.616
1183,9,68,0.416,0.000,0.0238,1.222
1183,10,69,0.530,0.000,0.0241,0.615
1183,11,70,0.146,0.000,0.0240,1.221
1183,12,71,0.492,0.000,0.0241,0.616
1183,13,72,0.427,0.000,0.0241,1.222
1183,14,73,0.402,0.000,0.0239,0.616
1183,15,74,0.240,0.000,0.0241,1.222
1184,0,60,0.427,0.000,0.0251,3.215
1184,1,61,0.778,0.000,0.0245,0.616
1184,2,62,0.110,0.000,0.0245,1.222
1184,3,63,0.876,0.000,0.0242,0.616
1184,4,64,0.399,0.000,0.0242,1.222
1184,5,65,0.744,0.000,0.0241,0.615
1184,6,66,0.364,0.000,0.0243,1.221
1184,7,67,0.684,0.000,0.0242,0.616
1184,8,68,0.543,0.000,0.0238,1.222
1184,9,69,0.704,0.000,0.0241,0.615
1184,10,70,0.806,0.000,0.0240,1.221
1184,11,71,0.365,0.000,0.0241,0.616
1184,12,72,0.533,0.000,0.0241,1.222
1184,13,73,1.094,0.000,0.0239,0.616
1184,14,74,0.908,0.000,0.0241,1.222
1184,15,75,3.318,0.000,0.0241,0.616
1185,0,61,0.413,0.000,0.0245,0.616
1185,1,62,0.282,0.000,0.0245,1.222
1185,2,63,0.284,0.000,0.0242,0.616
1185,3,64,0.600,0.000,0.0242,1.222
1185,4,65,0.335,0.000,0.0241,0.615
1185,5,66,0.397,0.000,0.0243,1.221
1185,6,67,0.435,0.000,0.0242,0.616
1185,7,68,0.330,0.000,0.0238,1.222
1185,8,69,0.611,0.000,0.0241,0.615
1185,9,70,0.267,0.000,0.0240,1.221
1185,10,71,0.309,0.000,0.0241,0.616
1185,11,72,0.120,0.000,0.0241,1.222
1185,12,73,0.611,0.000,0.0239,0.616
1185,13,74,0.273,0.000,0.0241,1.222
1185,14,75,0.378,0.000,0.0241,0.616
1185,15,76,0.944,0.000,0.0239,0.610
1186,0,62,0.572,0.000,0.0245,1.222
1186,1,63,0.950,0.000,0.0242,0.616
1186,2,64,0.321,0.000,0.0242,1.222
1186,3,65,0.441,0.000,0.0241,0.615
1186,4,66,0.556,0.000,0.0243,1.221
1186,5,67,0.951,0.000,0.0242,0.616
1186,6,68,0.457,0.000,0.0238,1.222
1186,7,69,0.697,0.000,0.0241,0.615
1186,8,70,0.285,0.000,0.0240,1.221
1186,9,71,0.211,0.000,0.0241,0.616
1186,10,72,0.135,0.000,0.0241,1.222
1186,11,73,0.237,0.000,0.0239,0.616
1186,12,74,0.608,0.000,0.0241,1.222
1186,13,75,0.490,0.000,0.0241,0.616
1186,14,76,1.600,0.000,0.0239,0.610
1186,15,77,0.458,1000.000,0.0110,0.609
1187,0,63,0.399,0.000,0.0242,0.616
1187,1,64,0.395,0.000,0.0242,1.222
1187,2,65,0.678,0.000,0.0241,0.615
1187,3,66,0.571,0.000,0.0243,1.221
1187,4,67,0.131,0.000,0.0242,0.616
1187,5,68,0.090,0.000,0.0238,1.222
1187,6,69,0.291,0.000,0.0241,0.615
1187,7,70,0.240,0.000,0.0240,1.221
1187,8,71,0.598,0.000,0.0241,0.616
1187,9,72,0.326,0.000,0.0241,1.222
1187,10,73,1.104,0.000,0.0239,0.616
1187,11,74,0.131,0.000,0.0241,1.222
1187,12,75,0.442,0.000,0.0241,0.616
1187,13,76,0.137,0.000,0.0239,0.610
1187,14,77,0.610,1000.000,0.0110,0.609
1187,15,78,0.314,19.332,0.0110,1.933
1188,0,64,3.491,0.000,0.0242,1.222
1188,1,65,0.728,0.000,0.0241,0.615
1188,2,66,1.127,0.000,0.0243,1.221
1188,3,67,0.542,0.000,0.0242,0.616
1188,4,68,0.832,0.000,0.0238,1.222
1188,5,69,0.872,0.000,0.0241,0.615
1188,6,70,0.485,0.000,0.0240,1.221
1188,7,71,1.076,0.000,0.0241,0.616
1188,8,72,0.311,0.000,0.0241,1.222
1188,9,73,0.623,0.000,0.0239,0.616
1188,10,74,1.100,0.000,0.0241,1.222
1188,11,75,0.842,0.000,0.0241,0.616
1188,12,76,0.779,0.000,0.0239,0.610
1188,13,77,0.420,1000.000,0.0110,0.609
1188,14,78,1.860,19.332,0.0110,1.933
1189,0,65,2.480,0.000,0.0241,0.615
1189,1,66,3.288,0.000,0.0243,1.221
1189,2,67,0.533,0.000,0.0242,0.616
1189,3,68,0.369,0.000,0.0238,1.222
1189,4,69,0.598,0.000,0.0241,0.615
1189,5,70,0.608,0.000,0.0240,1.221
1189,6,71,1.388,0.000,0.0241,0.616
1189,7,72,1.085,0.000,0.0241,1.222
1189,8,73,0.525,0.000,0.0239,0.616
1189,9,74,0.374,0.000,0.0241,1.222
1189,10,75,0.661,0.000,0.0241,0.616
1189,11,76,0.459,0.000,0.0239,0.610
1189,12,77,0.985,1000.000,0.0110,0.609
1189,13,78,0.754,19.332,0.0110,1.933
1190,0,66,1.144,0.000,0.0243,1.221
1190,1,67,0.502,0.000,0.0242,0.616
1190,2,68,0.575,0.000,0.0238,1.222
1190,3,69,0.573,0.000,0.0241,0.615
1190,4,70,1.706,0.000,0.0240,1.221
1190,5,71,0.797,0.000,0.0241,0.616
1190,6,72,1.102,0.000,0.0241,1.222
1190,7,73,0.538,0.000,0.0239,0.616
1190,8,74,1.257,0.000,0.0241,1.222
1190,9,75,0.630,0.000,0.0241,0.616
1190,10,76,0.552,0.000,0.0239,0.610
1190,11,77,2.204,1000.000,0.0110,0.609
1190,12,78,1.924,19.332,0.0110,1.933
1191,0,67,2.036,0.000,0.0242,0.616
1191,1,68,1.520,0.000,0.0238,1.222
1191,2,69,0.504,0.000,0.0241,0.615
1191,3,70,1.326,0.000,0.0240,1.221
1191,4,71,0.843,0.000,0.0241,0.616
1191,5,72,1.199,0.000,0.0241,1.222
1191,6,73,1.375,0.000,0.0239,0.616
1191,7,74,0.860,0.000,0.0241,1.222
1191,8,75,0.571,0.000,0.0241,0.616
1191,9,76,95.810,0.000,0.0239,0.610
1191,10,77,97.723,1000.000,0.0110,0.609
1191,11,78,11.094,19.332,0.0110,1.933
1192,0,68,1.348,0.000,0.0238,1.222
1192,1,69,0.596,0.000,0.0241,0.615
1192,2,70,0.314,0.000,0.0240,1.221
1192,3,71,0.694,0.000,0.0241,0.616
1192,4,72,0.320,0.000,0.0241,1.222
1192,5,73,0.366,0.000,0.0239,0.616
1192,6,74,0.405,0.000,0.0241,1.222
1192,7,75,0.678,0.000,0.0241,0.616
1192,8,76,0.562,0.000,0.0239,0.610
1192,9,77,1.114,1000.000,0.0110,0.609
1192,10,78,0.984,19.332,0.0110,1.933
1193,0,69,0.457,0.000,0.0241,0.615
1193,1,70,1.082,0.000,0.0240,1.221
1193,2,71,1.513,0.000,0.0241,0.616
1193,3,72,1.954,0.000,0.0241,1.222
1193,4,73,2.540,0.000,0.0239,0.616
1193,5,74,0.527,0.000,0.0241,1.222
1193,6,75,0.596,0.000,0.0241,0.616
1193,7,76,0.357,0.000,0.0239,0.610
1193,8,77,1.099,1000.000,0.0110,0.609
1193,9,78,1.572,19.332,0.0110,1.933
1194,0,70,0.333,0.000,0.0240,1.221
1194,1,71,0.372,0.000,0.0241,0.616
1194,2,72,0.606,0.000,0.0241,1.222
1194,3,73,0.838,0.000,0.0239,0.616
1194,4,74,0.254,0.000,0.0241,1.222
1194,5,75,0.085,0.000,0.0241,0.616
1194,6,76,0.320,0.000,0.0239,0.610
1194,7,77,0.395,1000.000,0.0110,0.609
1194,8,78,0.315,19.332,0.0110,1.933
1195,0,71,0.726,0.000,0.0241,0.616
1195,1,72,0.381,0.000,0.0241,1.222
1195,2,73,0.661,0.000,0.0239,0.616
1195,3,74,0.435,0.000,0.0241,1.222
1195,4,75,0.398,0.000,0.0241,0.616
1195,5,76,0.704,0.000,0.0239,0.610
1195,6,77,0.611,1000.000,0.0110,0.609
1195,7,78,0.849,19.332,0.0110,1.933
1196,0,72,0.688,0.000,0.0241,1.222
1196,1,73,0.166,0.000,0.0239,0.616
1196,2,74,0.520,0.000,0.0241,1.222
1196,3,75,0.948,0.000,0.0241,0.616
1196,4,76,0.732,0.000,0.0239,0.610
1196,5,77,1.874,1000.000,0.0110,0.609
1196,6,78,0.826,19.332,0.0110,1.933
1197,0,73,1.181,0.000,0.0239,0.616
1197,1,74,0.640,0.000,0.0241,1.222
1197,2,75,0.466,0.000,0.0241,0.616
1197,3,76,0.638,0.000,0.0239,0.610
1197,4,77,0.667,1000.000,0.0110,0.609
1197,5,78,1.669,19.332,0.0110,1.933
1198,0,74,0.702,0.000,0.0241,1.222
1198,1,75,0.424,0.000,0.0241,0.616
1198,2,76,0.669,0.000,0.0239,0.610
1198,3,77,0.456,1000.000,0.0110,0.609
1198,4,78,0.841,19.332,0.0110,1.933
1199,0,75,0.724,0.000,0.0241,0.616
1199,1,76,0.648,0.000,0.0239,0.610
1199,2,77,1.235,1000.000,0.0110,0.609
1199,3,78,0.731,19.332,0.0110,1.933
1200,0,76,1.086,0.000,0.0239,0.610
1200,1,77,0.481,1000.000,0.0110,0.609
1200,2,78,0.927,19.332,0.0110,1.933
1201,0,77,1.795,1000.000,0.0110,0.609
1201,1,78,0.679,19.332,0.0110,1.933
1202,0,78,2.166,19.332,0.0110,1.933
1204,0,0,0.701,1000.000,0.0105,1.814
1204,1,1,0.749,33.030,0.0105,3.303
1204,2,2,0.994,33.069,2.7131,3.307
1204,3,3,0.638,1596.546,0.0137,159.655
1204,4,4,0.533,1493.046,6.3739,149.305
1204,5,5,1.576,958.491,4.4878,95.849
1204,6,6,7.538,481.768,2.4004,48.177
1204,7,7,0.962,0.020,0.0298,0.002
1204,8,8,0.758,0.000,0.0304,0.000
1204,9,9,0.118,0.000,0.0304,0.000
1204,10,10,0.429,0.000,0.0304,0.000
1204,11,11,0.720,0.000,0.0304,0.000
1204,12,12,0.251,0.000,0.0304,0.000
1204,13,13,0.642,0.000,0.0304,0.000
1204,14,14,0.883,0.000,0.0304,0.000
1204,15,15,0.974,0.000,0.0304,0.000
1205,0,1,0.538,33.030,0.0105,3.303
1205,1,2,0.691,33.069,2.7131,3.307
1205,2,3,0.359,1596.546,0.0137,159.655
1205,3,4,0.796,1493.046,6.3739,149.305
1205,4,5,0.456,958.491,4.4878,95.849
1205,5,6,2.415,481.768,2.4004,48.177
1205,6,7,0.201,0.020,0.0298,0.002
1205,7,8,0.545,0.000,0.0304,0.000
1205,8,9,0.660,0.000,0.0304,0.000
1205,9,10,0.425,0.000,0.0304,0.000
1205,10,11,0.506,0.000,0.0304,0.000
1205,11,12,0.872,0.000,0.0304,0.000
1205,12,13,0.413,0.000,0.0304,0.000
1205,13,14,1.438,0.000,0.0304,0.000
1205,14,15,0.484,0.000,0.0304,0.000
1205,15,16,0.472,3806.016,0.0304,0.000
1206,0,2,0.811,33.069,2.7131,3.307
1206,1,3,2.135,1596.546,0.0137,159.655
1206,2,4,1.545,1493.046,6.3739,149.305
1206,3,5,2.161,958.491,4.4878,95.849
1206,4,6,5.315,481.768,2.4004,48.177
1206,5,7,2.052,0.020,0.0298,0.002
1206,6,8,1.450,0.000,0.0304,0.000
1206,7,9,2.135,0.000,0.0304,0.000
1206,8,10,1.336,0.000,0.0304,0.000
1206,9,11,0.757,0.000,0.0304,0.000
1206,10,12,0.867,0.000,0.0304,0.000
1206,11,13,1.045,0.000,0.0304,0.000
1206,12,14,2.340,0.000,0.0304,0.000
1206,13,15,0.877,0.000,0.0304,0.000
1206,14,16,1.206,3806.016,0.0304,0.000
1206,15,17,4.440,0.000,0.0304,380.602
1207,0,3,1.132,1596.546,0.0137,159.655
1207,1,4,0.419,1493.046,6.3739,149.305
1207,2,5,0.495,958.491,4.4878,95.849
1207,3,6,0.855,481.768,2.4004,48.177
1207,4,7,0.426,0.020,0.0298,0.002
1207,5,8,1.032,0.000,0.0304,0.000
1207,6,9,0.573,0.000,0.0304,0.000
1207,7,10,0.817,0.000,0.0304,0.000
1207,8,11,0.687,0.000,0.0304,0.000
1207,9,12,1.153,0.000,0.0304,0.000
1207,10,13,0.907,0.000,0.0304,0.000
1207,11,14,1.486,0.000,0.0304,0.000
1207,12,15,0.751,0.000,0.0304,0.000
1207,13,16,1.091,3806.016,0.0304,0.000
1207,14,17,2.594,0.000,0.0304,380.602
1207,15,18,1.586,0.000,0.0304,201.316
1208,0,4,0.895,1493.046,6.3739,149.305
1208,1,5,0.448,958.491,4.4878,95.849
1208,2,6,1.073,481.768,2.4004,48.177
1208,3,7,0.632,0.020,0.0298,0.002
1208,4,8,0.883,0.000,0.0304,0.000
1208,5,9,0.579,0.000,0.0304,0.000
1208,6,10,0.702,0.000,0.0304,0.000
1208,7,11,0.827,0.000,0.0304,0.000
1208,8,12,0.482,0.000,0.0304,0.000
1208,9,13,0.401,0.000,0.0304,0.000
1208,10,14,0.803,0.000,0.0304,0.000
1208,11,15,0.794,0.000,0.0304,0.000
1208,12,16,0.548,3806.016,0.0304,0.000
1208,13,17,0.388,0.000,0.0304,380.602
1208,14,18,0.409,0.000,0.0304,201.316
1208,15,19,0.879,0.000,5.7607,76.421
1209,0,5,1.086,958.491,4.4878,95.849
1209,1,6,2.649,481.768,2.4004,48.177
1209,2,7,0.795,0.020,0.0298,0.002
1209,3,8,1.156,0.000,0.0304,0.000
1209,4,9,0.896,0.000,0.0304,0.000
1209,5,10,1.320,0.000,0.0304,0.000
1209,6,11,1.464,0.000,0.0304,0.000
1209,7,12,0.492,0.000,0.0304,0.000
1209,8,13,1.234,0.000,0.0304,0.000
1209,9,14,0.654,0.000,0.0304,0.000
1209,10,15,0.892,0.000,0.0304,0.000
1209,11,16,0.741,3806.016,0.0304,0.000
1209,12,17,0.630,0.000,0.0304,380.602
1209,13,18,0.369,0.000,0.0304,201.316
1209,14,19,1.935,0.000,5.7607,76.421
1209,15,20,0.859,258.819,3.6098,0.976
1210,0,6,0.605,481.768,2.4004,48.177
1210,1,7,0.619,0.020,0.0298,0.002
1210,2,8,0.630,0.000,0.0304,0.000
1210,3,9,1.181,0.000,0.0304,0.000
1210,4,10,0.328,0.000,0.0304,0.000
1210,5,11,1.055,0.000,0.0304,0.000
1210,6,12,0.496,0.000,0.0304,0.000
1210,7,13,0.544,0.000,0.0304,0.000
1210,8,14,0.847,0.000,0.0304,0.000
1210,9,15,1.173,0.000,0.0304,0.000
1210,10,16,1.085,3806.016,0.0304,0.000
1210,11,17,0.752,0.000,0.0304,380.602
1210,12,18,0.074,0.000,0.0304,201.316
1210,13,19,0.344,0.000,5.7607,76.421
1210,14,20,0.061,258.819,3.6098,0.976
1210,15,21,0.305,0.000,0.3234,26.395
1211,0,7,0.589,0.020,0.0298,0.002
1211,1,8,0.733,0.000,0.0304,0.000
1211,2,9,0.740,0.000,0.0304,0.000
1211,3,10,0.650,0.000,0.0304,0.000
1211,4,11,0.518,0.000,0.0304,0.000
1211,5,12,0.395,0.000,0.0304,0.000
1211,6,13,0.624,0.000,0.0304,0.000
1211,7,14,0.537,0.000,0.0304,0.000
1211,8,15,0.645,0.000,0.0304,0.000
1211,9,16,0.570,3806.016,0.0304,0.000
1211,10,17,0.170,0.000,0.0304,380.602
1211,11,18,0.763,0.000,0.0304,201.316
1211,12,19,0.825,0.000,5.7607,76.421
1211,13,20,0.178,258.819,3.6098,0.976
1211,14,21,0.041,0.000,0.3234,26.395
1211,15,22,0.361,241.181,0.0140,2.602
1212,0,8,1.308,0.000,0.0304,0.000
1212,1,9,0.673,0.000,0.0304,0.000
1212,2,10,1.111,0.000,0.0304,0.000
1212,3,11,0.827,0.000,0.0304,0.000
1212,4,12,1.345,0.000,0.0304,0.000
1212,5,13,0.503,0.000,0.0304,0.000
1212,6,14,1.076,0.000,0.0304,0.000
1212,7,15,0.321,0.000,0.0304,0.000
1212,8,16,0.140,3806.016,0.0304,0.000
1212,9,17,0.589,0.000,0.0304,380.602
1212,10,18,0.253,0.000,0.0304,201.316
1212,11,19,0.099,0.000,5.7607,76.421
1212,12,20,0.907,258.819,3.6098,0.976
1212,13,21,0.684,0.000,0.3234,26.395
1212,14,22,0.387,241.181,0.0140,2.602
1212,15,23,0.649,0.000,0.0135,23.900
1213,0,9,0.548,0.000,0.0304,0.000
1213,1,10,1.076,0.000,0.0304,0.000
1213,2,11,1.613,0.000,0.0304,0.000
1213,3,12,2.862,0.000,0.0304,0.000
1213,4,13,1.224,0.000,0.0304,0.000
1213,5,14,0.223,0.000,0.0304,0.000
1213,6,15,1.339,0.000,0.0304,0.000
1213,7,16,1.257,3806.016,0.0304,0.000
1213,8,17,0.360,0.000,0.0304,380.602
1213,9,18,0.120,0.000,0.0304,201.316
1213,10,19,1.075,0.000,5.7607,76.421
1213,11,20,0.548,258.819,3.6098,0.976
1213,12,21,0.533,0.000,0.3234,26.395
1213,13,22,0.613,241.181,0.0140,2.602
1213,14,23,0.532,0.000,0.0135,23.900
1213,15,24,0.127,207.107,0.0135,3.324
1214,0,10,0.221,0.000,0.0304,0.000
1214,1,11,1.235,0.000,0.0304,0.000
1214,2,12,0.489,0.000,0.0304,0.000
1214,3,13,0.818,0.000,0.0304,0.000
1214,4,14,0.381,0.000,0.0304,0.000
1214,5,15,0.597,0.000,0.0304,0.000
1214,6,16,0.527,3806.016,0.0304,0.000
1214,7,17,1.447,0.000,0.0304,380.602
1214,8,18,0.341,0.000,0.0304,201.316
1214,9,19,0.189,0.000,5.7607,76.421
1214,10,20,0.316,258.819,3.6098,0.976
1214,11,21,0.303,0.000,0.3234,26.395
1214,12,22,0.347,241.181,0.0140,2.602
1214,13,23,0.441,0.000,0.0135,23.900
1214,14,24,0.384,207.107,0.0135,3.324
1214,15,25,0.156,158.919,0.0128,20.205
1215,0,11,0.998,0.000,0.0304,0.000
1215,1,12,1.103,0.000,0.0304,0.000
1215,2,13,1.767,0.000,0.0304,0.000
1215,3,14,1.183,0.000,0.0304,0.000
1215,4,15,0.971,0.000,0.0304,0.000
1215,5,16,1.598,3806.016,0.0304,0.000
1215,6,17,0.664,0.000,0.0304,380.602
1215,7,18,0.442,0.000,0.0304,201.316
1215,8,19,1.291,0.000,5.7607,76.421
1215,9,20,0.424,258.819,3.6098,0.976
1215,10,21,0.673,0.000,0.3234,26.395
1215,11,22,0.554,241.181,0.0140,2.602
1215,12,23,1.181,0.000,0.0135,23.900
1215,13,24,0.432,207.107,0.0135,3.324
1215,14,25,0.512,158.919,0.0128,20.205
1215,15,26,0.485,99.900,0.0128,15.358
1216,0,12,0.657,0.000,0.0304,0.000
1216,1,13,0.245,0.000,0.0304,0.000
1216,2,14,0.308,0.000,0.0304,0.000
1216,3,15,0.444,0.000,0.0304,0.000
1216,4,16,0.346,3806.016,0.0304,0.000
1216,5,17,0.353,0.000,0.0304,380.602
1216,6,18,0.703,0.000,0.0304,201.316
1216,7,19,0.315,0.000,5.7607,76.421
1216,8,20,0.080,258.819,3.6098,0.976
1216,9,21,0.205,0.000,0.3234,26.395
1216,10,22,0.423,241.181,0.0140,2.602
1216,11,23,0.618,0.000,0.0135,23.900
1216,12,24,0.499,207.107,0.0135,3.324
1216,13,25,0.240,158.919,0.0128,20.205
1216,14,26,0.238,99.900,0.0128,15.358
1216,15,27,0.598,34.075,0.0122,9.607
1217,0,13,1.126,0.000,0.0304,0.000
1217,1,14,1.211,0.000,0.0304,0.000
1217,2,15,1.516,0.000,0.0304,0.000
1217,3,16,0.612,3806.016,0.0304,0.000
1217,4,17,379.983,0.000,0.0304,380.602
1217,5,18,1.080,0.000,0.0304,201.316
1217,6,19,0.197,0.000,5.7607,76.421
1217,7,20,0.406,258.819,3.6098,0.976
1217,8,21,25.942,0.000,0.3234,26.395
1217,9,22,0.237,241.181,0.0140,2.602
1217,10,23,24.492,0.000,0.0135,23.900
1217,11,24,0.645,207.107,0.0135,3.324
1217,12,25,21.012,158.919,0.0128,20.205
1217,13,26,16.504,99.900,0.0128,15.358
1217,14,27,8.739,34.075,0.0122,9.607
1217,15,28,3.266,0.000,0.0117,3.239
1218,0,14,0.757,0.000,0.0304,0.000
1218,1,15,1.894,0.000,0.0304,0.000
1218,2,16,1.616,3806.016,0.0304,0.000
1218,3,17,378.807,0.000,0.0304,380.602
1218,4,18,379.015,0.000,0.0304,201.316
1218,5,19,1.274,0.000,5.7607,76.421
1218,6,20,0.981,258.819,3.6098,0.976
1218,7,21,25.368,0.000,0.3234,26.395
1218,8,22,25.894,241.181,0.0140,2.602
1218,9,23,24.522,0.000,0.0135,23.900
1218,10,24,23.910,207.107,0.0135,3.324
1218,11,25,20.734,158.919,0.0128,20.205
1218,12,26,37.044,99.900,0.0128,15.358
1218,13,27,25.826,34.075,0.0122,9.607
1218,14,28,12.776,0.000,0.0117,3.239
1218,15,29,3.630,0.000,0.0114,3.199
1219,0,15,1.056,0.000,0.0304,0.000
1219,1,16,378.815,3806.016,0.0304,0.000
1219,2,17,0.344,0.000,0.0304,380.602
1219,3,18,0.560,0.000,0.0304,201.316
1219,4,19,0.437,0.000,5.7607,76.421
1219,5,20,25.232,258.819,3.6098,0.976
1219,6,21,0.560,0.000,0.3234,26.395
1219,7,22,23.886,241.181,0.0140,2.602
1219,8,23,0.582,0.000,0.0135,23.900
1219,9,24,20.350,207.107,0.0135,3.324
1219,10,25,16.368,158.919,0.0128,20.205
1219,11,26,9.566,99.900,0.0128,15.358
1219,12,27,2.969,34.075,0.0122,9.607
1219,13,28,1.134,0.000,0.0117,3.239
1219,14,29,0.399,0.000,0.0114,3.199
1219,15,30,2.104,0.000,0.0497,3.326
1220,0,16,381.651,3806.016,0.0304,0.000
1220,1,17,1.597,0.000,0.0304,380.602
1220,2,18,0.526,0.000,0.0304,201.316
1220,3,19,25.566,0.000,5.7607,76.421
1220,4,20,26.072,258.819,3.6098,0.976
1220,5,21,24.389,0.000,0.3234,26.395
1220,6,22,24.145,241.181,0.0140,2.602
1220,7,23,20.815,0.000,0.0135,23.900
1220,8,24,35.899,207.107,0.0135,3.324
1220,9,25,25.832,158.919,0.0128,20.205
1220,10,26,13.037,99.900,0.0128,15.358
1220,11,27,3.139,34.075,0.0122,9.607
1220,12,28,1.572,0.000,0.0117,3.239
1220,13,29,1.997,0.000,0.0114,3.199
1220,14,30,0.415,0.000,0.0497,3.326
1220,15,31,1.311,0.000,0.0157,3.234
1221,0,17,374.173,0.000,0.0304,380.602
1221,1,18,3.076,0.000,0.0304,201.316
1221,2,19,3.148,0.000,5.7607,76.421
1221,3,20,1.574,258.819,3.6098,0.976
1221,4,21,24.599,0.000,0.3234,26.395
1221,5,22,0.869,241.181,0.0140,2.602
1221,6,23,24.558,0.000,0.0135,23.900
1221,7,24,0.175,207.107,0.0135,3.324
1221,8,25,20.526,158.919,0.0128,20.205
1221,9,26,15.952,99.900,0.0128,15.358
1221,10,27,10.200,34.075,0.0122,9.607
1221,11,28,3.192,0.000,0.0117,3.239
1221,12,29,0.641,0.000,0.0114,3.199
1221,13,30,2.272,0.000,0.0497,3.326
1221,14,31,1.086,0.000,0.0157,3.234
1221,15,32,1.107,0.000,0.0155,3.391
1222,0,18,1.611,0.000,0.0304,201.316
1222,1,19,0.536,0.000,5.7607,76.421
1222,2,20,0.436,258.819,3.6098,0.976
1222,3,21,26.081,0.000,0.3234,26.395
1222,4,22,1.099,241.181,0.0140,2.602
1222,5,23,24.556,0.000,0.0135,23.900
1222,6,24,0.164,207.107,0.0135,3.324
1222,7,25,20.476,158.919,0.0128,20.205
1222,8,26,16.152,99.900,0.0128,15.358
1222,9,27,9.880,34.075,0.0122,9.607
1222,10,28,3.406,0.000,0.0117,3.239
1222,11,29,0.373,0.000,0.0114,3.199
1222,12,30,0.492,0.000,0.0497,3.326
1222,13,31,0.336,0.000,0.0157,3.234
1222,14,32,0.806,0.000,0.0155,3.391
1222,15,33,0.161,0.000,0.0155,3.234
1223,0,19,0.262,0.000,5.7607,76.421
1223,1,20,0.674,258.819,3.6098,0.976
1223,2,21,0.961,0.000,0.3234,26.395
1223,3,22,0.187,241.181,0.0140,2.602
1223,4,23,0.290,0.000,0.0135,23.900
1223,5,24,0.785,207.107,0.0135,3.324
1223,6,25,1.050,158.919,0.0128,20.205
1223,7,26,0.961,99.900,0.0128,15.358
1223,8,27,1.074,34.075,0.0122,9.607
1223,9,28,0.818,0.000,0.0117,3.239
1223,10,29,0.662,0.000,0.0114,3.199
1223,11,30,1.363,0.000,0.0497,3.326
1223,12,31,1.095,0.000,0.0157,3.234
1223,13,32,0.730,0.000,0.0155,3.391
1223,14,33,0.720,0.000,0.0155,3.234
1223,15,34,0.934,0.000,0.0154,3.391
1224,0,20,0.477,258.819,3.6098,0.976
1224,1,21,1.130,0.000,0.3234,26.395
1224,2,22,0.053,241.181,0.0140,2.602
1224,3,23,0.902,0.000,0.0135,23.900
1224,4,24,0.274,207.107,0.0135,3.324
1224,5,25,0.409,158.919,0.0128,20.205
1224,6,26,1.011,99.900,0.0128,15.358
1224,7,27,0.818,34.075,0.0122,9.607
1224,8,28,0.666,0.000,0.0117,3.239
1224,9,29,1.224,0.000,0.0114,3.199
1224,10,30,0.483,0.000,0.0497,3.326
1224,11,31,1.067,0.000,0.0157,3.234
1224,12,32,0.215,0.000,0.0155,3.391
1224,13,33,1.022,0.000,0.0155,3.234
1224,14,34,1.632,0.000,0.0154,3.391
1224,15,35,0.798,0.000,0.0155,3.234
1225,0,21,0.313,0.000,0.3234,26.395
1225,1,22,0.241,241.181,0.0140,2.602
1225,2,23,0.422,0.000,0.0135,23.900
1225,3,24,0.749,207.107,0.0135,3.324
1225,4,25,0.586,158.919,0.0128,20.205
1225,5,26,1.132,99.900,0.0128,15.358
1225,6,27,0.588,34.075,0.0122,9.607
1225,7,28,0.531,0.000,0.0117,3.239
1225,8,29,0.359,0.000,0.0114,3.199
1225,9,30,1.116,0.000,0.0497,3.326
1225,10,31,0.226,0.000,0.0157,3.234
1225,11,32,0.302,0.000,0.0155,3.391
1225,12,33,0.231,0.000,0.0155,3.234
1225,13,34,0.420,0.000,0.0154,3.391
1225,14,35,0.492,0.000,0.0155,3.234
1225,15,36,1.024,0.000,0.0156,3.391
1226,0,22,0.152,241.181,0.0140,2.602
1226,1,23,0.641,0.000,0.0135,23.900
1226,2,24,0.329,207.107,0.0135,3.324
1226,3,25,0.573,158.919,0.0128,20.205
1226,4,26,0.458,99.900,0.0128,15.358
1226,5,27,0.619,34.075,0.0122,9.607
1226,6,28,0.266,0.000,0.0117,3.239
1226,7,29,0.809,0.000,0.0114,3.199
1226,8,30,0.138,0.000,0.0497,3.326
1226,9,31,1.102,0.000,0.0157,3.234
1226,10,32,0.904,0.000,0.0155,3.391
1226,11,33,0.651,0.000,0.0155,3.234
1226,12,34,0.274,0.000,0.0154,3.391
1226,13,35,0.913,0.000,0.0155,3.234
1226,14,36,0.400,0.000,0.0156,3.391
1226,15,37,0.186,0.000,0.0156,3.233
1227,0,23,0.412,0.000,0.0135,23.900
1227,1,24,0.299,207.107,0.0135,3.324
1227,2,25,0.365,158.919,0.0128,20.205
1227,3,26,0.072,99.900,0.0128,15.358
1227,4,27,0.273,34.075,0.0122,9.607
1227,5,28,0.401,0.000,0.0117,3.239
1227,6,29,0.240,0.000,0.0114,3.199
1227,7,30,0.539,0.000,0.0497,3.326
1227,8,31,0.565,0.000,0.0157,3.234
1227,9,32,0.187,0.000,0.0155,3.391
1227,10,33,0.050,0.000,0.0155,3.234
1227,11,34,0.534,0.000,0.0154,3.391
1227,12,35,0.430,0.000,0.0155,3.234
1227,13,36,0.308,0.000,0.0156,3.391
1227,14,37,0.147,0.000,0.0156,3.233
1227,15,38,0.216,0.000,0.0156,3.391
1228,0,24,0.279,207.107,0.0135,3.324
1228,1,25,0.239,158.919,0.0128,20.205
1228,2,26,0.441,99.900,0.0128,15.358
1228,3,27,0.403,34.075,0.0122,9.607
1228,4,28,0.269,0.000,0.0117,3.239
1228,5,29,0.197,0.000,0.0114,3.199
1228,6,30,0.040,0.000,0.0497,3.326
1228,7,31,0.628,0.000,0.0157,3.234
1228,8,32,0.302,0.000,0.0155,3.391
1228,9,33,0.399,0.000,0.0155,3.234
1228,10,34,0.336,0.000,0.0154,3.391
1228,11,35,0.086,0.000,0.0155,3.234
1228,12,36,0.024,0.000,0.0156,3.391
1228,13,37,0.167,0.000,0.0156,3.233
1228,14,38,0.625,0.000,0.0156,3.391
1228,15,39,0.228,1000.000,0.0157,3.234
1229,0,25,2.746,158.919,0.0128,20.205
1229,1,26,2.859,99.900,0.0128,15.358
1229,2,27,1.682,34.075,0.0122,9.607
1229,3,28,1.916,0.000,0.0117,3.239
1229,4,29,2.844,0.000,0.0114,3.199
1229,5,30,2.014,0.000,0.0497,3.326
1229,6,31,2.419,0.000,0.0157,3.234
1229,7,32,2.688,0.000,0.0155,3.391
1229,8,33,3.356,0.000,0.0155,3.234
1229,9,34,1.096,0.000,0.0154,3.391
1229,10,35,1.827,0.000,0.0155,3.234
1229,11,36,2.224,0.000,0.0156,3.391
1229,12,37,2.636,0.000,0.0156,3.233
1229,13,38,1.651,0.000,0.0156,3.391
1229,14,39,3.763,1000.000,0.0157,3.234
1229,15,40,4.064,1035.568,0.0156,3.957
1230,0,26,0.674,99.900,0.0128,15.358
1230,1,27,0.089,34.075,0.0122,9.607
1230,2,28,0.535,0.000,0.0117,3.239
1230,3,29,0.179,0.000,0.0114,3.199
1230,4,30,0.593,0.000,0.0497,3.326
1230,5,31,0.289,0.000,0.0157,3.234
1230,6,32,0.526,0.000,0.0155,3.391
1230,7,33,0.159,0.000,0.0155,3.234
1230,8,34,0.740,0.000,0.0154,3.391
1230,9,35,0.537,0.000,0.0155,3.234
1230,10,36,0.160,0.000,0.0156,3.391
1230,11,37,0.165,0.000,0.0156,3.233
1230,12,38,0.836,0.000,0.0156,3.391
1230,13,39,0.473,1000.000,0.0157,3.234
1230,14,40,0.753,1035.568,0.0156,3.957
1230,15,41,5.158,0.000,1.9850,102.710
1231,0,27,1.893,34.075,0.0122,9.607
1231,1,28,0.485,0.000,0.0117,3.239
1231,2,29,0.007,0.000,0.0114,3.199
1231,3,30,0.221,0.000,0.0497,3.326
1231,4,31,0.142,0.000,0.0157,3.234
1231,5,32,0.203,0.000,0.0155,3.391
1231,6,33,0.337,0.000,0.0155,3.234
1231,7,34,0.139,0.000,0.0154,3.391
1231,8,35,0.007,0.000,0.0155,3.234
1231,9,36,0.299,0.000,0.0156,3.391
1231,10,37,0.888,0.000,0.0156,3.233
1231,11,38,0.485,0.000,0.0156,3.391
1231,12,39,0.171,1000.000,0.0157,3.234
1231,13,40,0.181,1035.568,0.0156,3.957
1231,14,41,10.783,0.000,1.9850,102.710
1231,15,42,0.702,0.000,4.4629,21.106
1232,0,28,0.327,0.000,0.0117,3.239
1232,1,29,0.125,0.000,0.0114,3.199
1232,2,30,0.024,0.000,0.0497,3.326
1232,3,31,0.451,0.000,0.0157,3.234
1232,4,32,0.412,0.000,0.0155,3.391
1232,5,33,0.238,0.000,0.0155,3.234
1232,6,34,0.125,0.000,0.0154,3.391
1232,7,35,0.228,0.000,0.0155,3.234
1232,8,36,0.481,0.000,0.0156,3.391
1232,9,37,0.537,0.000,0.0156,3.233
1232,10,38,0.445,0.000,0.0156,3.391
1232,11,39,0.642,1000.000,0.0157,3.234
1232,12,40,0.841,1035.568,0.0156,3.957
1232,13,41,41.423,0.000,1.9850,102.710
1232,14,42,0.715,0.000,4.4629,21.106
1232,15,43,0.561,0.000,3.0283,0.630
1233,0,29,0.344,0.000,0.0114,3.199
1233,1,30,0.450,0.000,0.0497,3.326
1233,2,31,0.212,0.000,0.0157,3.234
1233,3,32,0.279,0.000,0.0155,3.391
1233,4,33,0.220,0.000,0.0155,3.234
1233,5,34,0.169,0.000,0.0154,3.391
1233,6,35,0.007,0.000,0.0155,3.234
1233,7,36,0.338,0.000,0.0156,3.391
1233,8,37,0.184,0.000,0.0156,3.233
1233,9,38,0.074,0.000,0.0156,3.391
1233,10,39,0.375,1000.000,0.0157,3.234
1233,11,40,0.659,1035.568,0.0156,3.957
1233,12,41,2.918,0.000,1.9850,102.710
1233,13,42,0.489,0.000,4.4629,21.106
1233,14,43,0.528,0.000,3.0283,0.630
1233,15,44,0.523,0.000,0.0205,1.247
1234,0,30,0.250,0.000,0.0497,3.326
1234,1,31,0.763,0.000,0.0157,3.234
1234,2,32,0.388,0.000,0.0155,3.391
1234,3,33,0.715,0.000,0.0155,3.234
1234,4,34,0.233,0.000,0.0154,3.391
1234,5,35,0.758,0.000,0.0155,3.234
1234,6,36,0.627,0.000,0.0156,3.391
1234,7,37,0.937,0.000,0.0156,3.233
1234,8,38,0.238,0.000,0.0156,3.391
1234,9,39,0.715,1000.000,0.0157,3.234
1234,10,40,0.954,1035.568,0.0156,3.957
1234,11,41,53.859,0.000,1.9850,102.710
1234,12,42,0.378,0.000,4.4629,21.106
1234,13,43,0.524,0.000,3.0283,0.630
1234,14,44,0.489,0.000,0.0205,1.247
1234,15,45,3.967,0.000,0.0211,0.629
1235,0,31,0.044,0.000,0.0157,3.234
1235,1,32,0.285,0.000,0.0155,3.391
1235,2,33,0.511,0.000,0.0155,3.234
1235,3,34,0.502,0.000,0.0154,3.391
1235,4,35,0.143,0.000,0.0155,3.234
1235,5,36,0.477,0.000,0.0156,3.391
1235,6,37,0.779,0.000,0.0156,3.233
1235,7,38,0.268,0.000,0.0156,3.391
1235,8,39,0.448,1000.000,0.0157,3.234
1235,9,40,0.482,1035.568,0.0156,3.957
1235,10,41,83.580,0.000,1.9850,102.710
1235,11,42,0.608,0.000,4.4629,21.106
1235,12,43,0.656,0.000,3.0283,0.630
1235,13,44,0.477,0.000,0.0205,1.247
1235,14,45,0.860,0.000,0.0211,0.629
1235,15,46,0.226,0.000,0.0209,1.245
1236,0,32,0.637,0.000,0.0155,3.391
1236,1,33,0.993,0.000,0.0155,3.234
1236,2,34,0.349,0.000,0.0154,3.391
1236,3,35,0.106,0.000,0.0155,3.234
1236,4,36,0.435,0.000,0.0156,3.391
1236,5,37,0.444,0.000,0.0156,3.233
1236,6,38,0.339,0.000,0.0156,3.391
1236,7,39,0.767,1000.000,0.0157,3.234
1236,8,40,0.721,1035.568,0.0156,3.957
1236,9,41,38.813,0.000,1.9850,102.710
1236,10,42,0.781,0.000,4.4629,21.106
1236,11,43,0.483,0.000,3.0283,0.630
1236,12,44,0.855,0.000,0.0205,1.247
1236,13,45,0.391,0.000,0.0211,0.629
1236,14,46,0.271,0.000,0.0209,1.245
1236,15,47,3.741,0.000,0.0210,0.629
1237,0,33,1.268,0.000,0.0155,3.234
1237,1,34,0.912,0.000,0.0154,3.391
1237,2,35,0.716,0.000,0.0155,3.234
1237,3,36,0.187,0.000,0.0156,3.391
1237,4,37,0.676,0.000,0.0156,3.233
1237,5,38,0.946,0.000,0.0156,3.391
1237,6,39,0.652,1000.000,0.0157,3.234
1237,7,40,2.835,1035.568,0.0156,3.957
1237,8,41,6.920,0.000,1.9850,102.710
1237,9,42,0.834,0.000,4.4629,21.106
1237,10,43,0.410,0.000,3.0283,0.630
1237,11,44,0.353,0.000,0.0205,1.247
1237,12,45,0.606,0.000,0.0211,0.629
1237,13,46,0.540,0.000,0.0209,1.245
1237,14,47,0.375,0.000,0.0210,0.629
1237,15,48,0.450,0.000,0.0209,1.245
1238,0,34,0.761,0.000,0.0154,3.391
1238,1,35,0.717,0.000,0.0155,3.234
1238,2,36,2.169,0.000,0.0156,3.391
1238,3,37,1.502,0.000,0.0156,3.233
1238,4,38,1.633,0.000,0.0156,3.391
1238,5,39,1.649,1000.000,0.0157,3.234
1238,6,40,6.455,1035.568,0.0156,3.957
1238,7,41,2.837,0.000,1.9850,102.710
1238,8,42,0.770,0.000,4.4629,21.106
1238,9,43,0.940,0.000,3.0283,0.630
1238,10,44,1.671,0.000,0.0205,1.247
1238,11,45,1.111,0.000,0.0211,0.629
1238,12,46,0.785,0.000,0.0209,1.245
1238,13,47,1.061,0.000,0.0210,0.629
1238,14,48,0.433,0.000,0.0209,1.245
1238,15,49,0.724,0.000,0.0209,0.629
1239,0,35,4.712,0.000,0.0155,3.234
1239,1,36,0.768,0.000,0.0156,3.391
1239,2,37,5.284,0.000,0.0156,3.233
1239,3,38,0.816,0.000,0.0156,3.391
1239,4,39,1.848,1000.000,0.0157,3.234
1239,5,40,2.032,1035.568,0.0156,3.957
1239,6,41,3.584,0.000,1.9850,102.710
1239,7,42,1.122,0.000,4.4629,21.106
1239,8,43,0.678,0.000,3.0283,0.630
1239,9,44,0.856,0.000,0.0205,1.247
1239,10,45,0.709,0.000,0.0211,0.629
1239,11,46,1.144,0.000,0.0209,1.245
1239,12,47,0.573,0.000,0.0210,0.629
1239,13,48,0.585,0.000,0.0209,1.245
1239,14,49,4.941,0.000,0.0209,0.629
1239,15,50,1.103,0.000,0.0207,1.246
1240,0,36,3.219,0.000,0.0156,3.391
1240,1,37,4.149,0.000,0.0156,3.233
1240,2,38,14.700,0.000,0.0156,3.391
1240,3,39,78.864,1000.000,0.0157,3.234
1240,4,40,27.219,1035.568,0.0156,3.957
1240,5,41,5.360,0.000,1.9850,102.710
1240,6,42,1.795,0.000,4.4629,21.106
1240,7,43,1.807,0.000,3.0283,0.630
1240,8,44,4.224,0.000,0.0205,1.247
1240,9,45,2.099,0.000,0.0211,0.629
1240,10,46,0.698,0.000,0.0209,1.245
1240,11,47,0.761,0.000,0.0210,0.629
1240,12,48,1.182,0.000,0.0209,1.245
1240,13,49,0.978,0.000,0.0209,0.629
1240,14,50,1.376,0.000,0.0207,1.246
1240,15,51,0.711,0.000,0.0211,0.629
1241,0,37,1.180,0.000,0.0156,3.233
1241,1,38,2.743,0.000,0.0156,3.391
1241,2,39,95.647,1000.000,0.0157,3.234
1241,3,40,0.989,1035.568,0.0156,3.957
1241,4,41,2.144,0.000,1.9850,102.710
1241,5,42,1.252,0.000,4.4629,21.106
1241,6,43,2.189,0.000,3.0283,0.630
1241,7,44,1.303,0.000,0.0205,1.247
1241,8,45,1.608,0.000,0.0211,0.629
1241,9,46,2.085,0.000,0.0209,1.245
1241,10,47,1.712,0.000,0.0210,0.629
1241,11,48,1.368,0.000,0.0209,1.245
1241,12,49,1.444,0.000,0.0209,0.629
1241,13,50,1.083,0.000,0.0207,1.246
1241,14,51,1.606,0.000,0.0211,0.629
1241,15,52,0.746,0.000,0.0208,1.246
1242,0,38,1.779,0.000,0.0156,3.391
1242,1,39,2.089,1000.000,0.0157,3.234
1242,2,40,2.462,1035.568,0.0156,3.957
1242,3,41,5.600,0.000,1.9850,102.710
1242,4,42,1.579,0.000,4.4629,21.106
1242,5,43,1.652,0.000,3.0283,0.630
1242,6,44,0.971,0.000,0.0205,1.247
1242,7,45,1.177,0.000,0.0211,0.629
1242,8,46,2.004,0.000,0.0209,1.245
1242,9,47,1.000,0.000,0.0210,0.629
1242,10,48,3.550,0.000,0.0209,1.245
1242,11,49,1.775,0.000,0.0209,0.629
1242,12,50,1.396,0.000,0.0207,1.246
1242,13,51,2.806,0.000,0.0211,0.629
1242,14,52,2.050,0.000,0.0208,1.246
1242,15,53,3.018,258.819,0.0210,0.629
1243,0,39,1.226,1000.000,0.0157,3.234
1243,1,40,0.620,1035.568,0.0156,3.957
1243,2,41,1.789,0.000,1.9850,102.710
1243,3,42,2.303,0.000,4.4629,21.106
1243,4,43,0.450,0.000,3.0283,0.630
1243,5,44,0.584,0.000,0.0205,1.247
1243,6,45,1.895,0.000,0.0211,0.629
1243,7,46,0.607,0.000,0.0209,1.245
1243,8,47,0.486,0.000,0.0210,0.629
1243,9,48,0.865,0.000,0.0209,1.245
1243,10,49,0.449,0.000,0.0209,0.629
1243,11,50,0.357,0.000,0.0207,1.246
1243,12,51,0.913,0.000,0.0211,0.629
1243,13,52,1.031,0.000,0.0208,1.246
1243,14,53,3.900,258.819,0.0210,0.629
1243,15,54,1.155,0.000,0.0208,25.739
1244,0,40,1.192,1035.568,0.0156,3.957
1244,1,41,8.931,0.000,1.9850,102.710
1244,2,42,2.084,0.000,4.4629,21.106
1244,3,43,0.582,0.000,3.0283,0.630
1244,4,44,1.312,0.000,0.0205,1.247
1244,5,45,0.554,0.000,0.0211,0.629
1244,6,46,2.122,0.000,0.0209,1.245
1244,7,47,0.326,0.000,0.0210,0.629
1244,8,48,0.548,0.000,0.0209,1.245
1244,9,49,0.278,0.000,0.0209,0.629
1244,10,50,0.581,0.000,0.0207,1.246
1244,11,51,0.254,0.000,0.0211,0.629
1244,12,52,0.401,0.000,0.0208,1.246
1244,13,53,0.276,258.819,0.0210,0.629
1244,14,54,4.041,0.000,0.0208,25.739
1244,15,55,0.637,241.181,0.0209,3.874
1245,0,41,1.948,0.000,1.9850,102.710
1245,1,42,0.422,0.000,4.4629,21.106
1245,2,43,0.429,0.000,3.0283,0.630
1245,3,44,0.727,0.000,0.0205,1.247
1245,4,45,0.629,0.000,0.0211,0.629
1245,5,46,0.278,0.000,0.0209,1.245
1245,6,47,0.552,0.000,0.0210,0.629
1245,7,48,0.590,0.000,0.0209,1.245
1245,8,49,1.212,0.000,0.0209,0.629
1245,9,50,1.257,0.000,0.0207,1.246
1245,10,51,0.992,0.000,0.0211,0.629
1245,11,52,0.074,0.000,0.0208,1.246
1245,12,53,0.298,258.819,0.0210,0.629
1245,13,54,0.441,0.000,0.0208,25.739
1245,14,55,0.653,241.181,0.0209,3.874
1245,15,56,0.629,207.107,0.0204,23.211
1246,0,42,0.447,0.000,4.4629,21.106
1246,1,43,0.691,0.000,3.0283,0.630
1246,2,44,0.879,0.000,0.0205,1.247
1246,3,45,0.611,0.000,0.0211,0.629
1246,4,46,0.541,0.000,0.0209,1.245
1246,5,47,0.660,0.000,0.0210,0.629
1246,6,48,0.465,0.000,0.0209,1.245
1246,7,49,0.547,0.000,0.0209,0.629
1246,8,50,0.476,0.000,0.0207,1.246
1246,9,51,0.825,0.000,0.0211,0.629
1246,10,52,0.681,0.000,0.0208,1.246
1246,11,53,0.501,258.819,0.0210,0.629
1246,12,54,0.504,0.000,0.0208,25.739
1246,13,55,0.437,241.181,0.0209,3.874
1246,14,56,0.899,207.107,0.0204,23.211
1246,15,57,0.508,158.918,0.0199,19.582
1247,0,43,0.201,0.000,3.0283,0.630
1247,1,44,0.372,0.000,0.0205,1.247
1247,2,45,0.616,0.000,0.0211,0.629
1247,3,46,1.048,0.000,0.0209,1.245
1247,4,47,0.373,0.000,0.0210,0.629
1247,5,48,0.330,0.000,0.0209,1.245
1247,6,49,0.271,0.000,0.0209,0.629
1247,7,50,0.248,0.000,0.0207,1.246
1247,8,51,0.320,0.000,0.0211,0.629
1247,9,52,0.301,0.000,0.0208,1.246
1247,10,53,0.716,258.819,0.0210,0.629
1247,11,54,0.675,0.000,0.0208,25.739
1247,12,55,0.602,241.181,0.0209,3.874
1247,13,56,0.632,207.107,0.0204,23.211
1247,14,57,0.820,158.918,0.0199,19.582
1247,15,58,0.903,99.901,0.0193,14.898
1248,0,44,0.522,0.000,0.0205,1.247
1248,1,45,1.190,0.000,0.0211,0.629
1248,2,46,0.596,0.000,0.0209,1.245
1248,3,47,0.403,0.000,0.0210,0.629
1248,4,48,0.557,0.000,0.0209,1.245
1248,5,49,0.229,0.000,0.0209,0.629
1248,6,50,0.385,0.000,0.0207,1.246
1248,7,51,0.296,0.000,0.0211,0.629
1248,8,52,0.758,0.000,0.0208,1.246
1248,9,53,0.369,258.819,0.0210,0.629
1248,10,54,0.222,0.000,0.0208,25.739
1248,11,55,0.347,241.181,0.0209,3.874
1248,12,56,0.142,207.107,0.0204,23.211
1248,13,57,0.307,158.918,0.0199,19.582
1248,14,58,1.220,99.901,0.0193,14.898
1248,15,59,0.274,34.075,0.0185,9.362
1249,0,45,5.118,0.000,0.0211,0.629
1249,1,46,0.664,0.000,0.0209,1.245
1249,2,47,0.189,0.000,0.0210,0.629
1249,3,48,0.919,0.000,0.0209,1.245
1249,4,49,1.612,0.000,0.0209,0.629
1249,5,50,0.473,0.000,0.0207,1.246
1249,6,51,1.078,0.000,0.0211,0.629
1249,7,52,0.468,0.000,0.0208,1.246
1249,8,53,0.574,258.819,0.0210,0.629
1249,9,54,0.919,0.000,0.0208,25.739
1249,10,55,0.710,241.181,0.0209,3.874
1249,11,56,0.816,207.107,0.0204,23.211
1249,12,57,1.000,158.918,0.0199,19.582
1249,13,58,0.899,99.901,0.0193,14.898
1249,14,59,2.719,34.075,0.0185,9.362
1249,15,60,1.255,0.000,0.0178,3.218
1250,0,46,0.149,0.000,0.0209,1.245
1250,1,47,0.632,0.000,0.0210,0.629
1250,2,48,0.344,0.000,0.0209,1.245
1250,3,49,0.229,0.000,0.0209,0.629
1250,4,50,0.553,0.000,0.0207,1.246
1250,5,51,0.611,0.000,0.0211,0.629
1250,6,52,0.178,0.000,0.0208,1.246
1250,7,53,0.374,258.819,0.0210,0.629
1250,8,54,0.541,0.000,0.0208,25.739
1250,9,55,0.679,241.181,0.0209,3.874
1250,10,56,0.776,207.107,0.0204,23.211
1250,11,57,0.358,158.918,0.0199,19.582
1250,12,58,0.495,99.901,0.0193,14.898
1250,13,59,0.752,34.075,0.0185,9.362
1250,14,60,3.904,0.000,0.0178,3.218
1250,15,61,0.353,0.000,0.0173,0.632
1251,0,47,0.464,0.000,0.0210,0.629
1251,1,48,1.086,0.000,0.0209,1.245
1251,2,49,0.518,0.000,0.0209,0.629
1251,3,50,0.180,0.000,0.0207,1.246
1251,4,51,0.155,0.000,0.0211,0.629
1251,5,52,1.269,0.000,0.0208,1.246
1251,6,53,0.568,258.819,0.0210,0.629
1251,7,54,1.213,0.000,0.0208,25.739
1251,8,55,1.230,241.181,0.0209,3.874
1251,9,56,1.307,207.107,0.0204,23.211
1251,10,57,1.185,158.918,0.0199,19.582
1251,11,58,1.122,99.901,0.0193,14.898
1251,12,59,0.664,34.075,0.0185,9.362
1251,13,60,0.559,0.000,0.0178,3.218
1251,14,61,0.565,0.000,0.0173,0.632
1251,15,62,0.760,0.000,0.0172,1.255
1252,0,48,0.478,0.000,0.0209,1.245
1252,1,49,0.365,0.000,0.0209,0.629
1252,2,50,0.864,0.000,0.0207,1.246
1252,3,51,0.456,0.000,0.0211,0.629
1252,4,52,5.999,0.000,0.0208,1.246
1252,5,53,12.256,258.819,0.0210,0.629
1252,6,54,9.094,0.000,0.0208,25.739
1252,7,55,15.081,241.181,0.0209,3.874
1252,8,56,16.308,207.107,0.0204,23.211
1252,9,57,14.025,158.918,0.0199,19.582
1252,10,58,8.119,99.901,0.0193,14.898
1252,11,59,2.889,34.075,0.0185,9.362
1252,12,60,0.363,0.000,0.0178,3.218
1252,13,61,0.260,0.000,0.0173,0.632
1252,14,62,1.646,0.000,0.0172,1.255
1252,15,63,0.428,0.000,0.0169,0.632
1253,0,49,0.224,0.000,0.0209,0.629
1253,1,50,0.904,0.000,0.0207,1.246
1253,2,51,0.480,0.000,0.0211,0.629
1253,3,52,0.514,0.000,0.0208,1.246
1253,4,53,0.453,258.819,0.0210,0.629
1253,5,54,1.454,0.000,0.0208,25.739
1253,6,55,0.406,241.181,0.0209,3.874
1253,7,56,1.003,207.107,0.0204,23.211
1253,8,57,1.020,158.918,0.0199,19.582
1253,9,58,1.174,99.901,0.0193,14.898
1253,10,59,0.796,34.075,0.0185,9.362
1253,11,60,0.335,0.000,0.0178,3.218
1253,12,61,0.114,0.000,0.0173,0.632
1253,13,62,0.409,0.000,0.0172,1.255
1253,14,63,1.131,0.000,0.0169,0.632
1253,15,64,0.447,0.000,0.0169,1.254
1254,0,50,1.007,0.000,0.0207,1.246
1254,1,51,1.872,0.000,0.0211,0.629
1254,2,52,0.380,0.000,0.0208,1.246
1254,3,53,0.621,258.819,0.0210,0.629
1254,4,54,0.891,0.000,0.0208,25.739
1254,5,55,0.541,241.181,0.0209,3.874
1254,6,56,0.504,207.107,0.0204,23.211
1254,7,57,1.409,158.918,0.0199,19.582
1254,8,58,0.566,99.901,0.0193,14.898
1254,9,59,0.377,34.075,0.0185,9.362
1254,10,60,0.613,0.000,0.0178,3.218
1254,11,61,0.314,0.000,0.0173,0.632
1254,12,62,0.377,0.000,0.0172,1.255
1254,13,63,0.658,0.000,0.0169,0.632
1254,14,64,1.828,0.000,0.0169,1.254
1254,15,65,0.201,0.000,0.0171,0.633
1255,0,51,0.379,0.000,0.0211,0.629
1255,1,52,0.892,0.000,0.0208,1.246
1255,2,53,1.142,258.819,0.0210,0.629
1255,3,54,1.519,0.000,0.0208,25.739
1255,4,55,2.372,241.181,0.0209,3.874
1255,5,56,2.186,207.107,0.0204,23.211
1255,6,57,2.651,158.918,0.0199,19.582
1255,7,58,1.916,99.901,0.0193,14.898
1255,8,59,1.014,34.075,0.0185,9.362
1255,9,60,0.704,0.000,0.0178,3.218
1255,10,61,2.418,0.000,0.0173,0.632
1255,11,62,0.345,0.000,0.0172,1.255
1255,12,63,0.599,0.000,0.0169,0.632
1255,13,64,0.101,0.000,0.0169,1.254
1255,14,65,0.674,0.000,0.0171,0.633
1255,15,66,0.825,0.000,0.0170,1.255
1256,0,52,0.510,0.000,0.0208,1.246
1256,1,53,1.967,258.819,0.0210,0.629
1256,2,54,0.520,0.000,0.0208,25.739
1256,3,55,0.417,241.181,0.0209,3.874
1256,4,56,0.783,207.107,0.0204,23.211
1256,5,57,1.119,158.918,0.0199,19.582
1256,6,58,0.934,99.901,0.0193,14.898
1256,7,59,0.752,34.075,0.0185,9.362
1256,8,60,0.158,0.000,0.0178,3.218
1256,9,61,0.143,0.000,0.0173,0.632
1256,10,62,0.372,0.000,0.0172,1.255
1256,11,63,0.112,0.000,0.0169,0.632
1256,12,64,0.205,0.000,0.0169,1.254
1256,13,65,0.383,0.000,0.0171,0.633
1256,14,66,0.640,0.000,0.0170,1.255
1256,15,67,0.320,0.000,0.0171,0.634
1257,0,53,0.519,258.819,0.0210,0.629
1257,1,54,1.040,0.000,0.0208,25.739
1257,2,55,1.086,241.181,0.0209,3.874
1257,3,56,0.520,207.107,0.0204,23.211
1257,4,57,0.549,158.918,0.0199,19.582
1257,5,58,0.938,99.901,0.0193,14.898
1257,6,59,0.808,34.075,0.0185,9.362
1257,7,60,0.935,0.000,0.0178,3.218
1257,8,61,0.732,0.000,0.0173,0.632
1257,9,62,0.452,0.000,0.0172,1.255
1257,10,63,0.681,0.000,0.0169,0.632
1257,11,64,0.477,0.000,0.0169,1.254
1257,12,65,0.336,0.000,0.0171,0.633
1257,13,66,1.658,0.000,0.0170,1.255
1257,14,67,0.293,0.000,0.0171,0.634
1257,15,68,5.358,0.000,0.0169,1.256
1258,0,54,2.127,0.000,0.0208,25.739
1258,1,55,0.426,241.181,0.0209,3.874
1258,2,56,0.239,207.107,0.0204,23.211
1258,3,57,0.327,158.918,0.0199,19.582
1258,4,58,1.008,99.901,0.0193,14.898
1258,5,59,1.161,34.075,0.0185,9.362
1258,6,60,0.550,0.000,0.0178,3.218
1258,7,61,0.234,0.000,0.0173,0.632
1258,8,62,0.488,0.000,0.0172,1.255
1258,9,63,0.880,0.000,0.0169,0.632
1258,10,64,0.650,0.000,0.0169,1.254
1258,11,65,0.884,0.000,0.0171,0.633
1258,12,66,0.762,0.000,0.0170,1.255
1258,13,67,1.508,0.000,0.0171,0.634
1258,14,68,0.140,0.000,0.0169,1.256
1258,15,69,1.678,0.000,0.0170,0.632
1259,0,55,1.094,241.181,0.0209,3.874
1259,1,56,1.270,207.107,0.0204,23.211
1259,2,57,0.961,158.918,0.0199,19.582
1259,3,58,0.480,99.901,0.0193,14.898
1259,4,59,0.484,34.075,0.0185,9.362
1259,5,60,0.278,0.000,0.0178,3.218
1259,6,61,0.389,0.000,0.0173,0.632
1259,7,62,0.879,0.000,0.0172,1.255
1259,8,63,0.474,0.000,0.0169,0.632
1259,9,64,0.931,0.000,0.0169,1.254
1259,10,65,0.092,0.000,0.0171,0.633
1259,11,66,0.563,0.000,0.0170,1.255
1259,12,67,0.713,0.000,0.0171,0.634
1259,13,68,0.444,0.000,0.0169,1.256
1259,14,69,3.757,0.000,0.0170,0.632
1259,15,70,1.050,0.000,0.0169,1.255
1260,0,56,0.488,207.107,0.0204,23.211
1260,1,57,0.656,158.918,0.0199,19.582
1260,2,58,0.243,99.901,0.0193,14.898
1260,3,59,0.636,34.075,0.0185,9.362
1260,4,60,0.496,0.000,0.0178,3.218
1260,5,61,0.161,0.000,0.0173,0.632
1260,6,62,0.321,0.000,0.0172,1.255
1260,7,63,0.327,0.000,0.0169,0.632
1260,8,64,0.254,0.000,0.0169,1.254
1260,9,65,0.321,0.000,0.0171,0.633
1260,10,66,0.385,0.000,0.0170,1.255
1260,11,67,0.176,0.000,0.0171,0.634
1260,12,68,0.294,0.000,0.0169,1.256
1260,13,69,0.151,0.000,0.0170,0.632
1260,14,70,0.415,0.000,0.0169,1.255
1260,15,71,0.452,0.000,0.0168,0.631
1261,0,57,0.465,158.918,0.0199,19.582
1261,1,58,0.371,99.901,0.0193,14.898
1261,2,59,0.298,34.075,0.0185,9.362
1261,3,60,0.702,0.000,0.0178,3.218
1261,4,61,0.553,0.000,0.0173,0.632
1261,5,62,0.300,0.000,0.0172,1.255
1261,6,63,0.503,0.000,0.0169,0.632
1261,7,64,0.372,0.000,0.0169,1.254
1261,8,65,0.197,0.000,0.0171,0.633
1261,9,66,0.280,0.000,0.0170,1.255
1261,10,67,0.253,0.000,0.0171,0.634
1261,11,68,0.239,0.000,0.0169,1.256
1261,12,69,0.478,0.000,0.0170,0.632
1261,13,70,0.251,0.000,0.0169,1.255
1261,14,71,0.185,0.000,0.0168,0.631
1261,15,72,0.362,0.000,0.0170,1.254
1262,0,58,1.649,99.901,0.0193,14.898
1262,1,59,0.173,34.075,0.0185,9.362
1262,2,60,1.052,0.000,0.0178,3.218
1262,3,61,0.440,0.000,0.0173,0.632
1262,4,62,0.357,0.000,0.0172,1.255
1262,5,63,0.797,0.000,0.0169,0.632
1262,6,64,0.703,0.000,0.0169,1.254
1262,7,65,1.143,0.000,0.0171,0.633
1262,8,66,0.530,0.000,0.0170,1.255
1262,9,67,0.762,0.000,0.0171,0.634
1262,10,68,0.573,0.000,0.0169,1.256
1262,11,69,0.548,0.000,0.0170,0.632
1262,12,70,1.032,0.000,0.0169,1.255
1262,13,71,0.598,0.000,0.0168,0.631
1262,14,72,0.299,0.000,0.0170,1.254
1262,15,73,1.166,0.000,0.0170,0.632
1263,0,59,0.884,34.075,0.0185,9.362
1263,1,60,1.090,0.000,0.0178,3.218
1263,2,61,0.209,0.000,0.0173,0.632
1263,3,62,1.111,0.000,0.0172,1.255
1263,4,63,0.882,0.000,0.0169,0.632
1263,5,64,0.698,0.000,0.0169,1.254
1263,6,65,1.003,0.000,0.0171,0.633
1263,7,66,1.617,0.000,0.0170,1.255
1263,8,67,0.916,0.000,0.0171,0.634
1263,9,68,0.525,0.000,0.0169,1.256
1263,10,69,1.100,0.000,0.0170,0.632
1263,11,70,0.425,0.000,0.0169,1.255
1263,12,71,0.754,0.000,0.0168,0.631
1263,13,72,1.404,0.000,0.0170,1.254
1263,14,73,2.590,0.000,0.0170,0.632
1263,15,74,1.007,0.000,0.0167,1.254
1264,0,60,0.342,0.000,0.0178,3.218
1264,1,61,0.422,0.000,0.0173,0.632
1264,2,62,0.449,0.000,0.0172,1.255
1264,3,63,0.742,0.000,0.0169,0.632
1264,4,64,0.324,0.000,0.0169,1.254
1264,5,65,0.619,0.000,0.0171,0.633
1264,6,66,0.792,0.000,0.0170,1.255
1264,7,67,0.197,0.000,0.0171,0.634
1264,8,68,0.221,0.000,0.0169,1.256
1264,9,69,0.299,0.000,0.0170,0.632
1264,10,70,0.474,0.000,0.0169,1.255
1264,11,71,1.235,0.000,0.0168,0.631
1264,12,72,0.100,0.000,0.0170,1.254
1264,13,73,0.724,0.000,0.0170,0.632
1264,14,74,0.285,0.000,0.0167,1.254
1264,15,75,1.184,0.000,0.0170,0.633
1265,0,61,0.362,0.000,0.0173,0.632
1265,1,62,0.231,0.000,0.0172,1.255
1265,2,63,0.290,0.000,0.0169,0.632
1265,3,64,0.255,0.000,0.0169,1.254
1265,4,65,0.474,0.000,0.0171,0.633
1265,5,66,0.325,0.000,0.0170,1.255
1265,6,67,0.397,0.000,0.0171,0.634
1265,7,68,0.267,0.000,0.0169,1.256
1265,8,69,0.325,0.000,0.0170,0.632
1265,9,70,0.291,0.000,0.0169,1.255
1265,10,71,0.380,0.000,0.0168,0.631
1265,11,72,0.482,0.000,0.0170,1.254
1265,12,73,0.320,0.000,0.0170,0.632
1265,13,74,0.403,0.000,0.0167,1.254
1265,14,75,0.487,0.000,0.0170,0.633
1265,15,76,0.755,0.000,0.0169,0.627
1266,0,62,0.727,0.000,0.0172,1.255
1266,1,63,0.307,0.000,0.0169,0.632
1266,2,64,0.440,0.000,0.0169,1.254
1266,3,65,0.442,0.000,0.0171,0.633
1266,4,66,0.570,0.000,0.0170,1.255
1266,5,67,0.411,0.000,0.0171,0.634
1266,6,68,0.246,0.000,0.0169,1.256
1266,7,69,0.364,0.000,0.0170,0.632
1266,8,70,0.283,0.000,0.0169,1.255
1266,9,71,0.627,0.000,0.0168,0.631
1266,10,72,0.194,0.000,0.0170,1.254
1266,11,73,0.475,0.000,0.0170,0.632
1266,12,74,0.380,0.000,0.0167,1.254
1266,13,75,0.675,0.000,0.0170,0.633
1266,14,76,0.302,0.000,0.0169,0.627
1266,15,77,0.959,1000.000,0.0110,0.625
1267,0,63,0.198,0.000,0.0169,0.632
1267,1,64,0.894,0.000,0.0169,1.254
1267,2,65,0.166,0.000,0.0171,0.633
1267,3,66,0.297,0.000,0.0170,1.255
1267,4,67,0.254,0.000,0.0171,0.634
1267,5,68,0.309,0.000,0.0169,1.256
1267,6,69,0.152,0.000,0.0170,0.632
1267,7,70,0.470,0.000,0.0169,1.255
1267,8,71,0.627,0.000,0.0168,0.631
1267,9,72,0.569,0.000,0.0170,1.254
1267,10,73,0.297,0.000,0.0170,0.632
1267,11,74,0.272,0.000,0.0167,1.254
1267,12,75,0.365,0.000,0.0170,0.633
1267,13,76,0.511,0.000,0.0169,0.627
1267,14,77,3.805,1000.000,0.0110,0.625
1267,15,78,0.276,19.359,0.0109,1.936
1268,0,64,0.324,0.000,0.0169,1.254
1268,1,65,0.181,0.000,0.0171,0.633
1268,2,66,0.290,0.000,0.0170,1.255
1268,3,67,0.468,0.000,0.0171,0.634
1268,4,68,0.955,0.000,0.0169,1.256
1268,5,69,0.292,0.000,0.0170,0.632
1268,6,70,0.255,0.000,0.0169,1.255
1268,7,71,0.277,0.000,0.0168,0.631
1268,8,72,0.137,0.000,0.0170,1.254
1268,9,73,0.299,0.000,0.0170,0.632
1268,10,74,0.480,0.000,0.0167,1.254
1268,11,75,0.736,0.000,0.0170,0.633
1268,12,76,0.521,0.000,0.0169,0.627
1268,13,77,0.547,1000.000,0.0110,0.625
1268,14,78,1.620,19.359,0.0109,1.936
1269,0,65,0.412,0.000,0.0171,0.633
1269,1,66,1.075,0.000,0.0170,1.255
1269,2,67,1.017,0.000,0.0171,0.634
1269,3,68,0.735,0.000,0.0169,1.256
1269,4,69,0.928,0.000,0.0170,0.632
1269,5,70,0.529,0.000,0.0169,1.255
1269,6,71,0.355,0.000,0.0168,0.631
1269,7,72,0.448,0.000,0.0170,1.254
1269,8,73,1.911,0.000,0.0170,0.632
1269,9,74,0.842,0.000,0.0167,1.254
1269,10,75,0.861,0.000,0.0170,0.633
1269,11,76,0.570,0.000,0.0169,0.627
1269,12,77,0.658,1000.000,0.0110,0.625
1269,13,78,1.080,19.359,0.0109,1.936
1270,0,66,0.203,0.000,0.0170,1.255
1270,1,67,0.402,0.000,0.0171,0.634
1270,2,68,0.229,0.000,0.0169,1.256
1270,3,69,0.317,0.000,0.0170,0.632
1270,4,70,0.219,0.000,0.0169,1.255
1270,5,71,0.547,0.000,0.0168,0.631
1270,6,72,0.677,0.000,0.0170,1.254
1270,7,73,0.416,0.000,0.0170,0.632
1270,8,74,0.534,0.000,0.0167,1.254
1270,9,75,0.076,0.000,0.0170,0.633
1270,10,76,0.538,0.000,0.0169,0.627
1270,11,77,0.267,1000.000,0.0110,0.625
1270,12,78,0.184,19.359,0.0109,1.936
1271,0,67,0.290,0.000,0.0171,0.634
1271,1,68,0.999,0.000,0.0169,1.256
1271,2,69,0.879,0.000,0.0170,0.632
1271,3,70,0.356,0.000,0.0169,1.255
1271,4,71,1.019,0.000,0.0168,0.631
1271,5,72,0.402,0.000,0.0170,1.254
1271,6,73,1.243,0.000,0.0170,0.632
1271,7,74,1.110,0.000,0.0167,1.254
1271,8,75,1.014,0.000,0.0170,0.633
1271,9,76,0.825,0.000,0.0169,0.627
1271,10,77,0.518,1000.000,0.0110,0.625
1271,11,78,0.571,19.359,0.0109,1.936
1272,0,68,0.313,0.000,0.0169,1.256
1272,1,69,0.514,0.000,0.0170,0.632
1272,2,70,0.384,0.000,0.0169,1.255
1272,3,71,0.444,0.000,0.0168,0.631
1272,4,72,0.576,0.000,0.0170,1.254
1272,5,73,0.407,0.000,0.0170,0.632
1272,6,74,1.158,0.000,0.0167,1.254
1272,7,75,0.482,0.000,0.0170,0.633
1272,8,76,0.563,0.000,0.0169,0.627
1272,9,77,0.370,1000.000,0.0110,0.625
1272,10,78,1.290,19.359,0.0109,1.936
1273,0,69,0.165,0.000,0.0170,0.632
1273,1,70,3.529,0.000,0.0169,1.255
1273,2,71,0.115,0.000,0.0168,0.631
1273,3,72,0.543,0.000,0.0170,1.254
1273,4,73,0.498,0.000,0.0170,0.632
1273,5,74,0.316,0.000,0.0167,1.254
1273,6,75,0.356,0.000,0.0170,0.633
1273,7,76,0.750,0.000,0.0169,0.627
1273,8,77,0.820,1000.000,0.0110,0.625
1273,9,78,1.275,19.359,0.0109,1.936
1274,0,70,0.529,0.000,0.0169,1.255
1274,1,71,0.914,0.000,0.0168,0.631
1274,2,72,0.550,0.000,0.0170,1.254
1274,3,73,0.885,0.000,0.0170,0.632
1274,4,74,0.716,0.000,0.0167,1.254
1274,5,75,1.260,0.000,0.0170,0.633
1274,6,76,1.612,0.000,0.0169,0.627
1274,7,77,1.283,1000.000,0.0110,0.625
1274,8,78,1.146,19.359,0.0109,1.936
1275,0,71,0.505,0.000,0.0168,0.631
1275,1,72,0.563,0.000,0.0170,1.254
1275,2,73,0.366,0.000,0.0170,0.632
1275,3,74,0.693,0.000,0.0167,1.254
1275,4,75,0.291,0.000,0.0170,0.633
1275,5,76,0.603,0.000,0.0169,0.627
1275,6,77,0.469,1000.000,0.0110,0.625
1275,7,78,0.594,19.359,0.0109,1.936
1276,0,72,0.949,0.000,0.0170,1.254
1276,1,73,0.655,0.000,0.0170,0.632
1276,2,74,0.387,0.000,0.0167,1.254
1276,3,75,0.849,0.000,0.0170,0.633
1276,4,76,1.063,0.000,0.0169,0.627
1276,5,77,0.419,1000.000,0.0110,0.625
1276,6,78,0.704,19.359,0.0109,1.936
1277,0,73,1.222,0.000,0.0170,0.632
1277,1,74,0.404,0.000,0.0167,1.254
1277,2,75,0.769,0.000,0.0170,0.633
1277,3,76,1.343,0.000,0.0169,0.627
1277,4,77,1.185,1000.000,0.0110,0.625
1277,5,78,0.763,19.359,0.0109,1.936
1278,0,74,1.158,0.000,0.0167,1.254
1278,1,75,0.402,0.000,0.0170,0.633
1278,2,76,0.503,0.000,0.0169,0.627
1278,3,77,0.519,1000.000,0.0110,0.625
1278,4,78,0.975,19.359,0.0109,1.936
1279,0,75,1.865,0.000,0.0170,0.633
1279,1,76,0.783,0.000,0.0169,0.627
1279,2,77,0.512,1000.000,0.0110,0.625
1279,3,78,1.497,19.359,0.0109,1.936
1280,0,76,1.106,0.000,0.0169,0.627
1280,1,77,3.129,1000.000,0.0110,0.625
1280,2,78,0.679,19.359,0.0109,1.936
1281,0,77,1.631,1000.000,0.0110,0.625
1281,1,78,0.892,19.359,0.0109,1.936
1282,0,78,1.996,19.359,0.0109,1.936
1284,0,0,3.171,1000.000,0.0105,1.227
1284,1,1,4.662,36.241,0.0104,3.624
1284,2,2,1.086,36.287,2.7149,3.629
1284,3,3,1.940,1595.318,0.0136,159.532
1284,4,4,2.061,1495.389,6.3739,149.539
1284,5,5,2.878,952.639,4.4875,95.264
1284,6,6,2.268,488.301,2.4004,48.830
1284,7,7,0.532,0.023,0.0297,0.002
1284,8,8,1.089,0.000,0.0304,0.000
1284,9,9,1.012,0.000,0.0304,0.000
1284,10,10,0.883,0.000,0.0304,0.000
1284,11,11,1.815,0.000,0.0304,0.000
1284,12,12,1.218,0.000,0.0304,0.000
1284,13,13,1.913,0.000,0.0304,0.000
1284,14,14,2.292,0.000,0.0304,0.000
1284,15,15,5.618,0.000,0.0304,0.000
1285,0,1,99.845,36.241,0.0104,3.624
1285,1,2,2.774,36.287,2.7149,3.629
1285,2,3,3.578,1595.318,0.0136,159.532
1285,3,4,155.451,1495.389,6.3739,149.539
1285,4,5,134.583,952.639,4.4875,95.264
1285,5,6,43.061,488.301,2.4004,48.830
1285,6,7,46.257,0.023,0.0297,0.002
1285,7,8,0.920,0.000,0.0304,0.000
1285,8,9,1.353,0.000,0.0304,0.000
1285,9,10,1.210,0.000,0.0304,0.000
1285,10,11,1.104,0.000,0.0304,0.000
1285,11,12,2.026,0.000,0.0304,0.000
1285,12,13,0.477,0.000,0.0304,0.000
1285,13,14,0.853,0.000,0.0304,0.000
1285,14,15,1.241,0.000,0.0304,0.000
1285,15,16,0.983,3806.016,0.0304,0.000
1286,0,2,0.920,36.287,2.7149,3.629
1286,1,3,1.661,1595.318,0.0136,159.532
1286,2,4,1.955,1495.389,6.3739,149.539
1286,3,5,1.117,952.639,4.4875,95.264
1286,4,6,5.037,488.301,2.4004,48.830
1286,5,7,0.454,0.023,0.0297,0.002
1286,6,8,0.571,0.000,0.0304,0.000
1286,7,9,0.682,0.000,0.0304,0.000
1286,8,10,0.525,0.000,0.0304,0.000
1286,9,11,0.666,0.000,0.0304,0.000
1286,10,12,0.590,0.000,0.0304,0.000
1286,11,13,0.177,0.000,0.0304,0.000
1286,12,14,0.390,0.000,0.0304,0.000
1286,13,15,1.720,0.000,0.0304,0.000
1286,14,16,1.162,3806.016,0.0304,0.000
1286,15,17,1.025,0.000,0.0304,380.602
1287,0,3,1.919,1595.318,0.0136,159.532
1287,1,4,0.850,1495.389,6.3739,149.539
1287,2,5,1.891,952.639,4.4875,95.264
1287,3,6,6.620,488.301,2.4004,48.830
1287,4,7,0.309,0.023,0.0297,0.002
1287,5,8,0.560,0.000,0.0304,0.000
1287,6,9,0.520,0.000,0.0304,0.000
1287,7,10,1.644,0.000,0.0304,0.000
1287,8,11,0.879,0.000,0.0304,0.000
1287,9,12,0.399,0.000,0.0304,0.000
1287,10,13,0.469,0.000,0.0304,0.000
1287,11,14,1.013,0.000,0.0304,0.000
1287,12,15,0.634,0.000,0.0304,0.000
1287,13,16,0.353,3806.016,0.0304,0.000
1287,14,17,0.819,0.000,0.0304,380.602
1287,15,18,0.216,0.000,0.0304,201.316
1288,0,4,1.237,1495.389,6.3739,149.539
1288,1,5,0.984,952.639,4.4875,95.264
1288,2,6,2.202,488.301,2.4004,48.830
1288,3,7,0.589,0.023,0.0297,0.002
1288,4,8,0.414,0.000,0.0304,0.000
1288,5,9,0.977,0.000,0.0304,0.000
1288,6,10,0.327,0.000,0.0304,0.000
1288,7,11,0.602,0.000,0.0304,0.000
1288,8,12,0.738,0.000,0.0304,0.000
1288,9,13,0.311,0.000,0.0304,0.000
1288,10,14,0.244,0.000,0.0304,0.000
1288,11,15,1.172,0.000,0.0304,0.000
1288,12,16,0.962,3806.016,0.0304,0.000
1288,13,17,0.725,0.000,0.0304,380.602
1288,14,18,0.074,0.000,0.0304,201.316
1288,15,19,0.885,0.000,5.7607,76.421
1289,0,5,0.954,952.639,4.4875,95.264
1289,1,6,0.452,488.301,2.4004,48.830
1289,2,7,0.548,0.023,0.0297,0.002
1289,3,8,0.566,0.000,0.0304,0.000
1289,4,9,0.297,0.000,0.0304,0.000
1289,5,10,1.258,0.000,0.0304,0.000
1289,6,11,0.282,0.000,0.0304,0.000
1289,7,12,0.999,0.000,0.0304,0.000
1289,8,13,0.649,0.000,0.0304,0.000
1289,9,14,1.207,0.000,0.0304,0.000
1289,10,15,2.147,0.000,0.0304,0.000
1289,11,16,1.194,3806.016,0.0304,0.000
1289,12,17,1.388,0.000,0.0304,380.602
1289,13,18,0.669,0.000,0.0304,201.316
1289,14,19,1.446,0.000,5.7607,76.421
1289,15,20,0.500,258.819,3.6098,0.965
1290,0,6,0.268,488.301,2.4004,48.830
1290,1,7,0.314,0.023,0.0297,0.002
1290,2,8,0.707,0.000,0.0304,0.000
1290,3,9,0.650,0.000,0.0304,0.000
1290,4,10,0.365,0.000,0.0304,0.000
1290,5,11,0.339,0.000,0.0304,0.000
1290,6,12,0.883,0.000,0.0304,0.000
1290,7,13,0.481,0.000,0.0304,0.000
1290,8,14,0.668,0.000,0.0304,0.000
1290,9,15,1.416,0.000,0.0304,0.000
1290,10,16,1.166,3806.016,0.0304,0.000
1290,11,17,1.529,0.000,0.0304,380.602
1290,12,18,0.444,0.000,0.0304,201.316
1290,13,19,0.283,0.000,5.7607,76.421
1290,14,20,0.776,258.819,3.6098,0.965
1290,15,21,0.597,0.000,0.3201,26.388
1291,0,7,0.528,0.023,0.0297,0.002
1291,1,8,0.239,0.000,0.0304,0.000
1291,2,9,0.974,0.000,0.0304,0.000
1291,3,10,0.402,0.000,0.0304,0.000
1291,4,11,0.435,0.000,0.0304,0.000
1291,5,12,0.178,0.000,0.0304,0.000
1291,6,13,0.229,0.000,0.0304,0.000
1291,7,14,0.572,0.000,0.0304,0.000
1291,8,15,0.570,0.000,0.0304,0.000
1291,9,16,1.126,3806.016,0.0304,0.000
1291,10,17,0.241,0.000,0.0304,380.602
1291,11,18,0.680,0.000,0.0304,201.316
1291,12,19,0.325,0.000,5.7607,76.421
1291,13,20,0.762,258.819,3.6098,0.965
1291,14,21,0.687,0.000,0.3201,26.388
1291,15,22,0.501,241.181,0.0140,2.599
1292,0,8,0.510,0.000,0.0304,0.000
1292,1,9,0.645,0.000,0.0304,0.000
1292,2,10,1.027,0.000,0.0304,0.000
1292,3,11,0.573,0.000,0.0304,0.000
1292,4,12,0.885,0.000,0.0304,0.000
1292,5,13,0.738,0.000,0.0304,0.000
1292,6,14,0.680,0.000,0.0304,0.000
1292,7,15,0.659,0.000,0.0304,0.000
1292,8,16,0.818,3806.016,0.0304,0.000
1292,9,17,1.057,0.000,0.0304,380.602
1292,10,18,0.406,0.000,0.0304,201.316
1292,11,19,1.696,0.000,5.7607,76.421
1292,12,20,0.676,258.819,3.6098,0.965
1292,13,21,0.571,0.000,0.3201,26.388
1292,14,22,0.460,241.181,0.0140,2.599
1292,15,23,0.216,0.000,0.0135,23.893
1293,0,9,0.713,0.000,0.0304,0.000
1293,1,10,0.256,0.000,0.0304,0.000
1293,2,11,0.432,0.000,0.0304,0.000
1293,3,12,0.280,0.000,0.0304,0.000
1293,4,13,0.446,0.000,0.0304,0.000
1293,5,14,0.493,0.000,0.0304,0.000
1293,6,15,0.644,0.000,0.0304,0.000
1293,7,16,0.434,3806.016,0.0304,0.000
1293,8,17,0.740,0.000,0.0304,380.602
1293,9,18,0.391,0.000,0.0304,201.316
1293,10,19,1.235,0.000,5.7607,76.421
1293,11,20,0.941,258.819,3.6098,0.965
1293,12,21,0.629,0.000,0.3201,26.388
1293,13,22,0.916,241.181,0.0140,2.599
1293,14,23,0.565,0.000,0.0135,23.893
1293,15,24,0.112,207.107,0.0135,3.322
1294,0,10,2.933,0.000,0.0304,0.000
1294,1,11,0.628,0.000,0.0304,0.000
1294,2,12,0.723,0.000,0.0304,0.000
1294,3,13,0.830,0.000,0.0304,0.000
1294,4,14,0.342,0.000,0.0304,0.000
1294,5,15,0.639,0.000,0.0304,0.000
1294,6,16,1.049,3806.016,0.0304,0.000
1294,7,17,0.841,0.000,0.0304,380.602
1294,8,18,0.322,0.000,0.0304,201.316
1294,9,19,0.322,0.000,5.7607,76.421
1294,10,20,0.382,258.819,3.6098,0.965
1294,11,21,0.465,0.000,0.3201,26.388
1294,12,22,0.579,241.181,0.0140,2.599
1294,13,23,0.156,0.000,0.0135,23.893
1294,14,24,0.096,207.107,0.0135,3.322
1294,15,25,0.147,158.919,0.0128,20.200
1295,0,11,0.483,0.000,0.0304,0.000
1295,1,12,0.746,0.000,0.0304,0.000
1295,2,13,0.662,0.000,0.0304,0.000
1295,3,14,0.499,0.000,0.0304,0.000
1295,4,15,0.421,0.000,0.0304,0.000
1295,5,16,0.644,3806.016,0.0304,0.000
1295,6,17,0.537,0.000,0.0304,380.602
1295,7,18,0.439,0.000,0.0304,201.316
1295,8,19,0.201,0.000,5.7607,76.421
1295,9,20,0.507,258.819,3.6098,0.965
1295,10,21,0.287,0.000,0.3201,26.388
1295,11,22,0.177,241.181,0.0140,2.599
1295,12,23,0.195,0.000,0.0135,23.893
1295,13,24,0.170,207.107,0.0135,3.322
1295,14,25,0.219,158.919,0.0128,20.200
1295,15,26,0.322,99.900,0.0128,15.354
1296,0,12,0.481,0.000,0.0304,0.000
1296,1,13,0.541,0.000,0.0304,0.000
1296,2,14,0.645,0.000,0.0304,0.000
1296,3,15,0.538,0.000,0.0304,0.000
1296,4,16,0.168,3806.016,0.0304,0.000
1296,5,17,1.444,0.000,0.0304,380.602
1296,6,18,1.050,0.000,0.0304,201.316
1296,7,19,0.583,0.000,5.7607,76.421
1296,8,20,0.441,258.819,3.6098,0.965
1296,9,21,0.375,0.000,0.3201,26.388
1296,10,22,0.905,241.181,0.0140,2.599
1296,11,23,0.426,0.000,0.0135,23.893
1296,12,24,0.305,207.107,0.0135,3.322
1296,13,25,0.542,158.919,0.0128,20.200
1296,14,26,0.261,99.900,0.0128,15.354
1296,15,27,0.485,34.075,0.0122,9.606
1297,0,13,1.352,0.000,0.0304,0.000
1297,1,14,1.131,0.000,0.0304,0.000
1297,2,15,1.578,0.000,0.0304,0.000
1297,3,16,3.302,3806.016,0.0304,0.000
1297,4,17,1.151,0.000,0.0304,380.602
1297,5,18,0.631,0.000,0.0304,201.316
1297,6,19,0.813,0.000,5.7607,76.421
1297,7,20,0.900,258.819,3.6098,0.965
1297,8,21,0.572,0.000,0.3201,26.388
1297,9,22,0.287,241.181,0.0140,2.599
1297,10,23,0.297,0.000,0.0135,23.893
1297,11,24,0.235,207.107,0.0135,3.322
1297,12,25,0.594,158.919,0.0128,20.200
1297,13,26,0.470,99.900,0.0128,15.354
1297,14,27,0.705,34.075,0.0122,9.606
1297,15,28,0.102,0.000,0.0117,3.239
1298,0,14,0.797,0.000,0.0304,0.000
1298,1,15,0.943,0.000,0.0304,0.000
1298,2,16,0.606,3806.016,0.0304,0.000
1298,3,17,0.589,0.000,0.0304,380.602
1298,4,18,2.577,0.000,0.0304,201.316
1298,5,19,0.826,0.000,5.7607,76.421
1298,6,20,0.515,258.819,3.6098,0.965
1298,7,21,0.619,0.000,0.3201,26.388
1298,8,22,0.537,241.181,0.0140,2.599
1298,9,23,0.421,0.000,0.0135,23.893
1298,10,24,1.627,207.107,0.0135,3.322
1298,11,25,1.037,158.919,0.0128,20.200
1298,12,26,0.089,99.900,0.0128,15.354
1298,13,27,0.740,34.075,0.0122,9.606
1298,14,28,1.019,0.000,0.0117,3.239
1298,15,29,1.088,0.000,0.0114,3.208
1299,0,15,4.462,0.000,0.0304,0.000
1299,1,16,380.864,3806.016,0.0304,0.000
1299,2,17,0.690,0.000,0.0304,380.602
1299,3,18,0.363,0.000,0.0304,201.316
1299,4,19,0.540,0.000,5.7607,76.421
1299,5,20,25.658,258.819,3.6098,0.965
1299,6,21,0.300,0.000,0.3201,26.388
1299,7,22,24.090,241.181,0.0140,2.599
1299,8,23,0.463,0.000,0.0135,23.893
1299,9,24,20.647,207.107,0.0135,3.322
1299,10,25,15.799,158.919,0.0128,20.200
1299,11,26,10.147,99.900,0.0128,15.354
1299,12,27,2.762,34.075,0.0122,9.606
1299,13,28,0.472,0.000,0.0117,3.239
1299,14,29,0.320,0.000,0.0114,3.208
1299,15,30,0.507,0.000,0.0361,3.221
1300,0,16,6.777,3806.016,0.0304,0.000
1300,1,17,1.381,0.000,0.0304,380.602
1300,2,18,1.051,0.000,0.0304,201.316
1300,3,19,0.326,0.000,5.7607,76.421
1300,4,20,0.963,258.819,3.6098,0.965
1300,5,21,0.158,0.000,0.3201,26.388
1300,6,22,0.610,241.181,0.0140,2.599
1300,7,23,0.258,0.000,0.0135,23.893
1300,8,24,0.668,207.107,0.0135,3.322
1300,9,25,0.562,158.919,0.0128,20.200
1300,10,26,0.297,99.900,0.0128,15.354
1300,11,27,0.703,34.075,0.0122,9.606
1300,12,28,0.071,0.000,0.0117,3.239
1300,13,29,0.316,0.000,0.0114,3.208
1300,14,30,2.658,0.000,0.0361,3.221
1300,15,31,0.347,0.000,0.0936,3.439
1301,0,17,1.021,0.000,0.0304,380.602
1301,1,18,1.278,0.000,0.0304,201.316
1301,2,19,0.807,0.000,5.7607,76.421
1301,3,20,25.696,258.819,3.6098,0.965
1301,4,21,0.745,0.000,0.3201,26.388
1301,5,22,24.498,241.181,0.0140,2.599
1301,6,23,0.581,0.000,0.0135,23.893
1301,7,24,20.527,207.107,0.0135,3.322
1301,8,25,16.215,158.919,0.0128,20.200
1301,9,26,10.215,99.900,0.0128,15.354
1301,10,27,3.354,34.075,0.0122,9.606
1301,11,28,0.350,0.000,0.0117,3.239
1301,12,29,0.416,0.000,0.0114,3.208
1301,13,30,1.010,0.000,0.0361,3.221
1301,14,31,0.393,0.000,0.0936,3.439
1301,15,32,0.573,0.000,0.0144,3.237
1302,0,18,0.374,0.000,0.0304,201.316
1302,1,19,0.637,0.000,5.7607,76.421
1302,2,20,0.316,258.819,3.6098,0.965
1302,3,21,0.180,0.000,0.3201,26.388
1302,4,22,0.213,241.181,0.0140,2.599
1302,5,23,0.404,0.000,0.0135,23.893
1302,6,24,0.178,207.107,0.0135,3.322
1302,7,25,0.372,158.919,0.0128,20.200
1302,8,26,0.498,99.900,0.0128,15.354
1302,9,27,0.507,34.075,0.0122,9.606
1302,10,28,0.263,0.000,0.0117,3.239
1302,11,29,0.611,0.000,0.0114,3.208
1302,12,30,0.402,0.000,0.0361,3.221
1302,13,31,0.231,0.000,0.0936,3.439
1302,14,32,0.294,0.000,0.0144,3.237
1302,15,33,0.019,0.000,0.0151,3.395
1303,0,19,0.420,0.000,5.7607,76.421
1303,1,20,1.640,258.819,3.6098,0.965
1303,2,21,1.523,0.000,0.3201,26.388
1303,3,22,0.882,241.181,0.0140,2.599
1303,4,23,1.135,0.000,0.0135,23.893
1303,5,24,0.498,207.107,0.0135,3.322
1303,6,25,0.531,158.919,0.0128,20.200
1303,7,26,1.281,99.900,0.0128,15.354
1303,8,27,0.608,34.075,0.0122,9.606
1303,9,28,0.654,0.000,0.0117,3.239
1303,10,29,1.580,0.000,0.0114,3.208
1303,11,30,1.682,0.000,0.0361,3.221
1303,12,31,0.249,0.000,0.0936,3.439
1303,13,32,1.075,0.000,0.0144,3.237
1303,14,33,3.515,0.000,0.0151,3.395
1303,15,34,4.463,0.000,0.0159,3.238
1304,0,20,0.334,258.819,3.6098,0.965
1304,1,21,1.025,0.000,0.3201,26.388
1304,2,22,0.482,241.181,0.0140,2.599
1304,3,23,0.398,0.000,0.0135,23.893
1304,4,24,0.260,207.107,0.0135,3.322
1304,5,25,0.208,158.919,0.0128,20.200
1304,6,26,0.209,99.900,0.0128,15.354
1304,7,27,0.335,34.075,0.0122,9.606
1304,8,28,0.197,0.000,0.0117,3.239
1304,9,29,0.562,0.000,0.0114,3.208
1304,10,30,0.390,0.000,0.0361,3.221
1304,11,31,0.146,0.000,0.0936,3.439
1304,12,32,0.816,0.000,0.0144,3.237
1304,13,33,0.123,0.000,0.0151,3.395
1304,14,34,0.249,0.000,0.0159,3.238
1304,15,35,0.488,0.000,0.0150,3.395
1305,0,21,0.158,0.000,0.3201,26.388
1305,1,22,0.392,241.181,0.0140,2.599
1305,2,23,0.459,0.000,0.0135,23.893
1305,3,24,0.276,207.107,0.0135,3.322
1305,4,25,0.163,158.919,0.0128,20.200
1305,5,26,0.322,99.900,0.0128,15.354
1305,6,27,0.199,34.075,0.0122,9.606
1305,7,28,0.131,0.000,0.0117,3.239
1305,8,29,0.176,0.000,0.0114,3.208
1305,9,30,0.111,0.000,0.0361,3.221
1305,10,31,0.346,0.000,0.0936,3.439
1305,11,32,0.605,0.000,0.0144,3.237
1305,12,33,0.487,0.000,0.0151,3.395
1305,13,34,0.308,0.000,0.0159,3.238
1305,14,35,0.450,0.000,0.0150,3.395
1305,15,36,0.286,0.000,0.0158,3.238
1306,0,22,0.432,241.181,0.0140,2.599
1306,1,23,0.801,0.000,0.0135,23.893
1306,2,24,1.040,207.107,0.0135,3.322
1306,3,25,0.663,158.919,0.0128,20.200
1306,4,26,0.402,99.900,0.0128,15.354
1306,5,27,1.068,34.075,0.0122,9.606
1306,6,28,1.239,0.000,0.0117,3.239
1306,7,29,0.435,0.000,0.0114,3.208
1306,8,30,0.603,0.000,0.0361,3.221
1306,9,31,0.680,0.000,0.0936,3.439
1306,10,32,0.141,0.000,0.0144,3.237
1306,11,33,0.596,0.000,0.0151,3.395
1306,12,34,0.458,0.000,0.0159,3.238
1306,13,35,0.456,0.000,0.0150,3.395
1306,14,36,0.469,0.000,0.0158,3.238
1306,15,37,0.092,0.000,0.0141,3.395
1307,0,23,0.350,0.000,0.0135,23.893
1307,1,24,0.538,207.107,0.0135,3.322
1307,2,25,0.439,158.919,0.0128,20.200
1307,3,26,0.564,99.900,0.0128,15.354
1307,4,27,0.395,34.075,0.0122,9.606
1307,5,28,0.434,0.000,0.0117,3.239
1307,6,29,0.694,0.000,0.0114,3.208
1307,7,30,0.169,0.000,0.0361,3.221
1307,8,31,0.526,0.000,0.0936,3.439
1307,9,32,1.277,0.000,0.0144,3.237
1307,10,33,0.566,0.000,0.0151,3.395
1307,11,34,0.588,0.000,0.0159,3.238
1307,12,35,0.710,0.000,0.0150,3.395
1307,13,36,0.245,0.000,0.0158,3.238
1307,14,37,0.113,0.000,0.0141,3.395
1307,15,38,0.707,0.000,0.0153,3.238
1308,0,24,0.953,207.107,0.0135,3.322
1308,1,25,1.057,158.919,0.0128,20.200
1308,2,26,0.903,99.900,0.0128,15.354
1308,3,27,1.336,34.075,0.0122,9.606
1308,4,28,0.747,0.000,0.0117,3.239
1308,5,29,0.680,0.000,0.0114,3.208
1308,6,30,0.734,0.000,0.0361,3.221
1308,7,31,0.380,0.000,0.0936,3.439
1308,8,32,0.489,0.000,0.0144,3.237
1308,9,33,0.654,0.000,0.0151,3.395
1308,10,34,0.155,0.000,0.0159,3.238
1308,11,35,0.242,0.000,0.0150,3.395
1308,12,36,1.195,0.000,0.0158,3.238
1308,13,37,0.335,0.000,0.0141,3.395
1308,14,38,0.335,0.000,0.0153,3.238
1308,15,39,1.975,1000.000,0.0153,3.396
1309,0,25,0.341,158.919,0.0128,20.200
1309,1,26,1.260,99.900,0.0128,15.354
1309,2,27,0.666,34.075,0.0122,9.606
1309,3,28,0.742,0.000,0.0117,3.239
1309,4,29,0.319,0.000,0.0114,3.208
1309,5,30,0.488,0.000,0.0361,3.221
1309,6,31,0.104,0.000,0.0936,3.439
1309,7,32,0.345,0.000,0.0144,3.237
1309,8,33,0.215,0.000,0.0151,3.395
1309,9,34,0.283,0.000,0.0159,3.238
1309,10,35,0.003,0.000,0.0150,3.395
1309,11,36,0.268,0.000,0.0158,3.238
1309,12,37,0.480,0.000,0.0141,3.395
1309,13,38,0.208,0.000,0.0153,3.238
1309,14,39,0.532,1000.000,0.0153,3.396
1309,15,40,1.277,0.000,0.0154,4.794
1310,0,26,0.274,99.900,0.0128,15.354
1310,1,27,0.163,34.075,0.0122,9.606
1310,2,28,0.016,0.000,0.0117,3.239
1310,3,29,0.181,0.000,0.0114,3.208
1310,4,30,0.002,0.000,0.0361,3.221
1310,5,31,0.250,0.000,0.0936,3.439
1310,6,32,0.135,0.000,0.0144,3.237
1310,7,33,0.059,0.000,0.0151,3.395
1310,8,34,0.176,0.000,0.0159,3.238
1310,9,35,0.080,0.000,0.0150,3.395
1310,10,36,0.515,0.000,0.0158,3.238
1310,11,37,1.009,0.000,0.0141,3.395
1310,12,38,0.239,0.000,0.0153,3.238
1310,13,39,1.203,1000.000,0.0153,3.396
1310,14,40,0.486,0.000,0.0154,4.794
1310,15,41,50.412,1035.567,1.9847,0.638
1311,0,27,1.156,34.075,0.0122,9.606
1311,1,28,1.031,0.000,0.0117,3.239
1311,2,29,1.133,0.000,0.0114,3.208
1311,3,30,0.324,0.000,0.0361,3.221
1311,4,31,0.756,0.000,0.0936,3.439
1311,5,32,0.150,0.000,0.0144,3.237
1311,6,33,1.920,0.000,0.0151,3.395
1311,7,34,1.534,0.000,0.0159,3.238
1311,8,35,0.772,0.000,0.0150,3.395
1311,9,36,0.410,0.000,0.0158,3.238
1311,10,37,0.186,0.000,0.0141,3.395
1311,11,38,0.148,0.000,0.0153,3.238
1311,12,39,0.004,1000.000,0.0153,3.396
1311,13,40,0.192,0.000,0.0154,4.794
1311,14,41,2.552,1035.567,1.9847,0.638
1311,15,42,0.657,0.000,0.0178,102.344
1312,0,28,0.367,0.000,0.0117,3.239
1312,1,29,0.353,0.000,0.0114,3.208
1312,2,30,0.040,0.000,0.0361,3.221
1312,3,31,0.127,0.000,0.0936,3.439
1312,4,32,0.096,0.000,0.0144,3.237
1312,5,33,0.188,0.000,0.0151,3.395
1312,6,34,0.038,0.000,0.0159,3.238
1312,7,35,0.592,0.000,0.0150,3.395
1312,8,36,0.344,0.000,0.0158,3.238
1312,9,37,0.902,0.000,0.0141,3.395
1312,10,38,0.137,0.000,0.0153,3.238
1312,11,39,0.144,1000.000,0.0153,3.396
1312,12,40,0.437,0.000,0.0154,4.794
1312,13,41,93.911,1035.567,1.9847,0.638
1312,14,42,0.973,0.000,0.0178,102.344
1312,15,43,1.052,0.000,4.4748,20.708
1313,0,29,0.262,0.000,0.0114,3.208
1313,1,30,0.715,0.000,0.0361,3.221
1313,2,31,0.157,0.000,0.0936,3.439
1313,3,32,0.666,0.000,0.0144,3.237
1313,4,33,0.326,0.000,0.0151,3.395
1313,5,34,0.205,0.000,0.0159,3.238
1313,6,35,0.423,0.000,0.0150,3.395
1313,7,36,0.137,0.000,0.0158,3.238
1313,8,37,0.394,0.000,0.0141,3.395
1313,9,38,0.207,0.000,0.0153,3.238
1313,10,39,0.152,1000.000,0.0153,3.396
1313,11,40,1.027,0.000,0.0154,4.794
1313,12,41,7.107,1035.567,1.9847,0.638
1313,13,42,0.318,0.000,0.0178,102.344
1313,14,43,0.911,0.000,4.4748,20.708
1313,15,44,0.900,0.000,3.0299,0.630
1314,0,30,0.236,0.000,0.0361,3.221
1314,1,31,0.145,0.000,0.0936,3.439
1314,2,32,0.451,0.000,0.0144,3.237
1314,3,33,0.308,0.000,0.0151,3.395
1314,4,34,0.406,0.000,0.0159,3.238
1314,5,35,0.151,0.000,0.0150,3.395
1314,6,36,0.315,0.000,0.0158,3.238
1314,7,37,0.275,0.000,0.0141,3.395
1314,8,38,0.582,0.000,0.0153,3.238
1314,9,39,0.491,1000.000,0.0153,3.396
1314,10,40,1.033,0.000,0.0154,4.794
1314,11,41,44.868,1035.567,1.9847,0.638
1314,12,42,0.275,0.000,0.0178,102.344
1314,13,43,0.430,0.000,4.4748,20.708
1314,14,44,0.451,0.000,3.0299,0.630
1314,15,45,0.500,0.000,0.0195,1.246
1315,0,31,0.211,0.000,0.0936,3.439
1315,1,32,1.225,0.000,0.0144,3.237
1315,2,33,0.597,0.000,0.0151,3.395
1315,3,34,0.564,0.000,0.0159,3.238
1315,4,35,0.626,0.000,0.0150,3.395
1315,5,36,0.279,0.000,0.0158,3.238
1315,6,37,0.932,0.000,0.0141,3.395
1315,7,38,0.463,0.000,0.0153,3.238
1315,8,39,0.623,1000.000,0.0153,3.396
1315,9,40,0.684,0.000,0.0154,4.794
1315,10,41,117.188,1035.567,1.9847,0.638
1315,11,42,0.600,0.000,0.0178,102.344
1315,12,43,0.635,0.000,4.4748,20.708
1315,13,44,0.584,0.000,3.0299,0.630
1315,14,45,0.762,0.000,0.0195,1.246
1315,15,46,0.953,0.000,0.0199,0.629
1316,0,32,1.827,0.000,0.0144,3.237
1316,1,33,1.807,0.000,0.0151,3.395
1316,2,34,1.110,0.000,0.0159,3.238
1316,3,35,2.354,0.000,0.0150,3.395
1316,4,36,1.814,0.000,0.0158,3.238
1316,5,37,1.067,0.000,0.0141,3.395
1316,6,38,0.690,0.000,0.0153,3.238
1316,7,39,4.028,1000.000,0.0153,3.396
1316,8,40,2.013,0.000,0.0154,4.794
1316,9,41,3.891,1035.567,1.9847,0.638
1316,10,42,2.671,0.000,0.0178,102.344
1316,11,43,4.773,0.000,4.4748,20.708
1316,12,44,1.531,0.000,3.0299,0.630
1316,13,45,1.766,0.000,0.0195,1.246
1316,14,46,1.174,0.000,0.0199,0.629
1316,15,47,1.151,0.000,0.0197,1.245
1317,0,33,0.417,0.000,0.0151,3.395
1317,1,34,0.691,0.000,0.0159,3.238
1317,2,35,0.338,0.000,0.0150,3.395
1317,3,36,0.558,0.000,0.0158,3.238
1317,4,37,1.065,0.000,0.0141,3.395
1317,5,38,0.541,0.000,0.0153,3.238
1317,6,39,0.128,1000.000,0.0153,3.396
1317,7,40,3.099,0.000,0.0154,4.794
1317,8,41,83.871,1035.567,1.9847,0.638
1317,9,42,1.573,0.000,0.0178,102.344
1317,10,43,0.939,0.000,4.4748,20.708
1317,11,44,1.054,0.000,3.0299,0.630
1317,12,45,1.688,0.000,0.0195,1.246
1317,13,46,0.584,0.000,0.0199,0.629
1317,14,47,0.656,0.000,0.0197,1.245
1317,15,48,3.066,0.000,0.0198,0.629
1318,0,34,0.495,0.000,0.0159,3.238
1318,1,35,0.096,0.000,0.0150,3.395
1318,2,36,0.293,0.000,0.0158,3.238
1318,3,37,0.407,0.000,0.0141,3.395
1318,4,38,0.615,0.000,0.0153,3.238
1318,5,39,0.418,1000.000,0.0153,3.396
1318,6,40,0.966,0.000,0.0154,4.794
1318,7,41,0.510,1035.567,1.9847,0.638
1318,8,42,0.515,0.000,0.0178,102.344
1318,9,43,0.469,0.000,4.4748,20.708
1318,10,44,0.409,0.000,3.0299,0.630
1318,11,45,0.677,0.000,0.0195,1.246
1318,12,46,2.086,0.000,0.0199,0.629
1318,13,47,0.471,0.000,0.0197,1.245
1318,14,48,0.735,0.000,0.0198,0.629
1318,15,49,0.787,0.000,0.0197,1.245
1319,0,35,0.261,0.000,0.0150,3.395
1319,1,36,0.276,0.000,0.0158,3.238
1319,2,37,0.283,0.000,0.0141,3.395
1319,3,38,0.118,0.000,0.0153,3.238
1319,4,39,0.120,1000.000,0.0153,3.396
1319,5,40,0.963,0.000,0.0154,4.794
1319,6,41,0.795,1035.567,1.9847,0.638
1319,7,42,0.868,0.000,0.0178,102.344
1319,8,43,0.681,0.000,4.4748,20.708
1319,9,44,1.167,0.000,3.0299,0.630
1319,10,45,1.143,0.000,0.0195,1.246
1319,11,46,0.384,0.000,0.0199,0.629
1319,12,47,0.647,0.000,0.0197,1.245
1319,13,48,0.542,0.000,0.0198,0.629
1319,14,49,0.338,0.000,0.0197,1.245
1319,15,50,0.644,0.000,0.0199,0.630
1320,0,36,0.056,0.000,0.0158,3.238
1320,1,37,0.144,0.000,0.0141,3.395
1320,2,38,0.186,0.000,0.0153,3.238
1320,3,39,0.046,1000.000,0.0153,3.396
1320,4,40,0.246,0.000,0.0154,4.794
1320,5,41,2.098,1035.567,1.9847,0.638
1320,6,42,0.748,0.000,0.0178,102.344
1320,7,43,0.806,0.000,4.4748,20.708
1320,8,44,0.671,0.000,3.0299,0.630
1320,9,45,0.661,0.000,0.0195,1.246
1320,10,46,0.414,0.000,0.0199,0.629
1320,11,47,1.315,0.000,0.0197,1.245
1320,12,48,0.392,0.000,0.0198,0.629
1320,13,49,0.468,0.000,0.0197,1.245
1320,14,50,0.733,0.000,0.0199,0.630
1320,15,51,0.623,0.000,0.0197,1.246
1321,0,37,0.678,0.000,0.0141,3.395
1321,1,38,1.106,0.000,0.0153,3.238
1321,2,39,0.668,1000.000,0.0153,3.396
1321,3,40,0.137,0.000,0.0154,4.794
1321,4,41,9.858,1035.567,1.9847,0.638
1321,5,42,1.452,0.000,0.0178,102.344
1321,6,43,1.555,0.000,4.4748,20.708
1321,7,44,0.938,0.000,3.0299,0.630
1321,8,45,0.793,0.000,0.0195,1.246
1321,9,46,0.321,0.000,0.0199,0.629
1321,10,47,1.029,0.000,0.0197,1.245
1321,11,48,0.786,0.000,0.0198,0.629
1321,12,49,1.172,0.000,0.0197,1.245
1321,13,50,0.153,0.000,0.0199,0.630
1321,14,51,0.419,0.000,0.0197,1.246
1321,15,52,0.288,0.000,0.0198,0.629
1322,0,38,0.847,0.000,0.0153,3.238
1322,1,39,1.739,1000.000,0.0153,3.396
1322,2,40,92.862,0.000,0.0154,4.794
1322,3,41,0.927,1035.567,1.9847,0.638
1322,4,42,3.270,0.000,0.0178,102.344
1322,5,43,1.768,0.000,4.4748,20.708
1322,6,44,1.254,0.000,3.0299,0.630
1322,7,45,0.926,0.000,0.0195,1.246
1322,8,46,0.582,0.000,0.0199,0.629
1322,9,47,0.452,0.000,0.0197,1.245
1322,10,48,0.933,0.000,0.0198,0.629
1322,11,49,0.236,0.000,0.0197,1.245
1322,12,50,0.323,0.000,0.0199,0.630
1322,13,51,0.773,0.000,0.0197,1.246
1322,14,52,0.445,0.000,0.0198,0.629
1322,15,53,0.183,0.000,0.0197,1.245
1323,0,39,0.113,1000.000,0.0153,3.396
1323,1,40,1.664,0.000,0.0154,4.794
1323,2,41,1.968,1035.567,1.9847,0.638
1323,3,42,5.658,0.000,0.0178,102.344
1323,4,43,1.932,0.000,4.4748,20.708
1323,5,44,2.691,0.000,3.0299,0.630
1323,6,45,1.960,0.000,0.0195,1.246
1323,7,46,1.569,0.000,0.0199,0.629
1323,8,47,1.526,0.000,0.0197,1.245
1323,9,48,0.988,0.000,0.0198,0.629
1323,10,49,1.233,0.000,0.0197,1.245
1323,11,50,0.718,0.000,0.0199,0.630
1323,12,51,0.643,0.000,0.0197,1.246
1323,13,52,0.219,0.000,0.0198,0.629
1323,14,53,0.487,0.000,0.0197,1.245
1323,15,54,0.923,258.819,0.0198,0.629
1324,0,40,90.145,0.000,0.0154,4.794
1324,1,41,0.472,1035.567,1.9847,0.638
1324,2,42,1.825,0.000,0.0178,102.344
1324,3,43,0.733,0.000,4.4748,20.708
1324,4,44,0.205,0.000,3.0299,0.630
1324,5,45,0.443,0.000,0.0195,1.246
1324,6,46,0.509,0.000,0.0199,0.629
1324,7,47,0.366,0.000,0.0197,1.245
1324,8,48,0.297,0.000,0.0198,0.629
1324,9,49,0.679,0.000,0.0197,1.245
1324,10,50,0.403,0.000,0.0199,0.630
1324,11,51,0.152,0.000,0.0197,1.246
1324,12,52,0.719,0.000,0.0198,0.629
1324,13,53,0.562,0.000,0.0197,1.245
1324,14,54,0.872,258.819,0.0198,0.629
1324,15,55,0.797,0.000,0.0197,25.739
1325,0,41,0.272,1035.567,1.9847,0.638
1325,1,42,0.889,0.000,0.0178,102.344
1325,2,43,1.196,0.000,4.4748,20.708
1325,3,44,0.765,0.000,3.0299,0.630
1325,4,45,0.468,0.000,0.0195,1.246
1325,5,46,0.417,0.000,0.0199,0.629
1325,6,47,0.429,0.000,0.0197,1.245
1325,7,48,0.905,0.000,0.0198,0.629
1325,8,49,0.735,0.000,0.0197,1.245
1325,9,50,0.852,0.000,0.0199,0.630
1325,10,51,0.721,0.000,0.0197,1.246
1325,11,52,0.623,0.000,0.0198,0.629
1325,12,53,1.230,0.000,0.0197,1.245
1325,13,54,0.381,258.819,0.0198,0.629
1325,14,55,0.964,0.000,0.0197,25.739
1325,15,56,1.040,241.181,0.0198,3.874
1326,0,42,0.459,0.000,0.0178,102.344
1326,1,43,0.357,0.000,4.4748,20.708
1326,2,44,0.490,0.000,3.0299,0.630
1326,3,45,0.845,0.000,0.0195,1.246
1326,4,46,0.740,0.000,0.0199,0.629
1326,5,47,0.730,0.000,0.0197,1.245
1326,6,48,0.355,0.000,0.0198,0.629
1326,7,49,0.316,0.000,0.0197,1.245
1326,8,50,0.565,0.000,0.0199,0.630
1326,9,51,0.585,0.000,0.0197,1.246
1326,10,52,0.312,0.000,0.0198,0.629
1326,11,53,0.230,0.000,0.0197,1.245
1326,12,54,0.336,258.819,0.0198,0.629
1326,13,55,0.615,0.000,0.0197,25.739
1326,14,56,0.314,241.181,0.0198,3.874
1326,15,57,0.634,207.107,0.0193,23.211
1327,0,43,0.358,0.000,4.4748,20.708
1327,1,44,0.492,0.000,3.0299,0.630
1327,2,45,0.656,0.000,0.0195,1.246
1327,3,46,0.991,0.000,0.0199,0.629
1327,4,47,0.622,0.000,0.0197,1.245
1327,5,48,0.560,0.000,0.0198,0.629
1327,6,49,0.705,0.000,0.0197,1.245
1327,7,50,0.821,0.000,0.0199,0.630
1327,8,51,0.417,0.000,0.0197,1.246
1327,9,52,0.936,0.000,0.0198,0.629
1327,10,53,0.549,0.000,0.0197,1.245
1327,11,54,1.401,258.819,0.0198,0.629
1327,12,55,0.958,0.000,0.0197,25.739
1327,13,56,0.814,241.181,0.0198,3.874
1327,14,57,1.145,207.107,0.0193,23.211
1327,15,58,1.561,158.918,0.0190,19.583
1328,0,44,0.553,0.000,3.0299,0.630
1328,1,45,0.408,0.000,0.0195,1.246
1328,2,46,0.427,0.000,0.0199,0.629
1328,3,47,0.380,0.000,0.0197,1.245
1328,4,48,0.323,0.000,0.0198,0.629
1328,5,49,0.154,0.000,0.0197,1.245
1328,6,50,0.551,0.000,0.0199,0.630
1328,7,51,0.472,0.000,0.0197,1.246
1328,8,52,0.257,0.000,0.0198,0.629
1328,9,53,0.835,0.000,0.0197,1.245
1328,10,54,0.641,258.819,0.0198,0.629
1328,11,55,0.740,0.000,0.0197,25.739
1328,12,56,0.903,241.181,0.0198,3.874
1328,13,57,0.522,207.107,0.0193,23.211
1328,14,58,0.434,158.918,0.0190,19.583
1328,15,59,1.243,99.901,0.0184,14.897
1329,0,45,0.797,0.000,0.0195,1.246
1329,1,46,1.020,0.000,0.0199,0.629
1329,2,47,0.512,0.000,0.0197,1.245
1329,3,48,0.415,0.000,0.0198,0.629
1329,4,49,0.686,0.000,0.0197,1.245
1329,5,50,1.301,0.000,0.0199,0.630
1329,6,51,0.247,0.000,0.0197,1.246
1329,7,52,0.577,0.000,0.0198,0.629
1329,8,53,0.599,0.000,0.0197,1.245
1329,9,54,0.535,258.819,0.0198,0.629
1329,10,55,0.220,0.000,0.0197,25.739
1329,11,56,0.581,241.181,0.0198,3.874
1329,12,57,0.290,207.107,0.0193,23.211
1329,13,58,0.810,158.918,0.0190,19.583
1329,14,59,1.032,99.901,0.0184,14.897
1329,15,60,1.738,34.075,0.0176,9.362
1330,0,46,0.516,0.000,0.0199,0.629
1330,1,47,0.235,0.000,0.0197,1.245
1330,2,48,0.321,0.000,0.0198,0.629
1330,3,49,0.344,0.000,0.0197,1.245
1330,4,50,0.155,0.000,0.0199,0.630
1330,5,51,0.364,0.000,0.0197,1.246
1330,6,52,0.214,0.000,0.0198,0.629
1330,7,53,0.143,0.000,0.0197,1.245
1330,8,54,0.212,258.819,0.0198,0.629
1330,9,55,0.390,0.000,0.0197,25.739
1330,10,56,0.731,241.181,0.0198,3.874
1330,11,57,0.252,207.107,0.0193,23.211
1330,12,58,0.258,158.918,0.0190,19.583
1330,13,59,0.994,99.901,0.0184,14.897
1330,14,60,0.189,34.075,0.0176,9.362
1330,15,61,0.354,0.000,0.0169,3.218
1331,0,47,1.249,0.000,0.0197,1.245
1331,1,48,0.517,0.000,0.0198,0.629
1331,2,49,0.388,0.000,0.0197,1.245
1331,3,50,0.555,0.000,0.0199,0.630
1331,4,51,1.039,0.000,0.0197,1.246
1331,5,52,0.456,0.000,0.0198,0.629
1331,6,53,0.731,0.000,0.0197,1.245
1331,7,54,2.805,258.819,0.0198,0.629
1331,8,55,1.647,0.000,0.0197,25.739
1331,9,56,3.659,241.181,0.0198,3.874
1331,10,57,3.178,207.107,0.0193,23.211
1331,11,58,3.312,158.918,0.0190,19.583
1331,12,59,2.243,99.901,0.0184,14.897
1331,13,60,1.480,34.075,0.0176,9.362
1331,14,61,0.316,0.000,0.0169,3.218
1331,15,62,0.409,0.000,0.0166,0.633
1332,0,48,0.426,0.000,0.0198,0.629
1332,1,49,0.675,0.000,0.0197,1.245
1332,2,50,0.105,0.000,0.0199,0.630
1332,3,51,0.070,0.000,0.0197,1.246
1332,4,52,0.251,0.000,0.0198,0.629
1332,5,53,0.424,0.000,0.0197,1.245
1332,6,54,0.169,258.819,0.0198,0.629
1332,7,55,0.180,0.000,0.0197,25.739
1332,8,56,0.390,241.181,0.0198,3.874
1332,9,57,0.393,207.107,0.0193,23.211
1332,10,58,0.443,158.918,0.0190,19.583
1332,11,59,0.475,99.901,0.0184,14.897
1332,12,60,0.764,34.075,0.0176,9.362
1332,13,61,0.346,0.000,0.0169,3.218
1332,14,62,0.709,0.000,0.0166,0.633
1332,15,63,0.455,0.000,0.0164,1.255
1333,0,49,0.569,0.000,0.0197,1.245
1333,1,50,0.765,0.000,0.0199,0.630
1333,2,51,0.680,0.000,0.0197,1.246
1333,3,52,0.180,0.000,0.0198,0.629
1333,4,53,5.403,0.000,0.0197,1.245
1333,5,54,10.418,258.819,0.0198,0.629
1333,6,55,9.193,0.000,0.0197,25.739
1333,7,56,13.945,241.181,0.0198,3.874
1333,8,57,15.671,207.107,0.0193,23.211
1333,9,58,13.180,158.918,0.0190,19.583
1333,10,59,7.975,99.901,0.0184,14.897
1333,11,60,4.149,34.075,0.0176,9.362
1333,12,61,0.448,0.000,0.0169,3.218
1333,13,62,1.032,0.000,0.0166,0.633
1333,14,63,0.601,0.000,0.0164,1.255
1333,15,64,0.807,0.000,0.0165,0.632
1334,0,50,0.684,0.000,0.0199,0.630
1334,1,51,0.522,0.000,0.0197,1.246
1334,2,52,0.272,0.000,0.0198,0.629
1334,3,53,1.399,0.000,0.0197,1.245
1334,4,54,5.725,258.819,0.0198,0.629
1334,5,55,4.284,0.000,0.0197,25.739
1334,6,56,9.060,241.181,0.0198,3.874
1334,7,57,9.190,207.107,0.0193,23.211
1334,8,58,7.991,158.918,0.0190,19.583
1334,9,59,4.900,99.901,0.0184,14.897
1334,10,60,2.055,34.075,0.0176,9.362
1334,11,61,0.477,0.000,0.0169,3.218
1334,12,62,0.434,0.000,0.0166,0.633
1334,13,63,0.641,0.000,0.0164,1.255
1334,14,64,0.599,0.000,0.0165,0.632
1334,15,65,0.701,0.000,0.0164,1.254
1335,0,51,0.247,0.000,0.0197,1.246
1335,1,52,0.470,0.000,0.0198,0.629
1335,2,53,0.103,0.000,0.0197,1.245
1335,3,54,0.406,258.819,0.0198,0.629
1335,4,55,0.525,0.000,0.0197,25.739
1335,5,56,1.186,241.181,0.0198,3.874
1335,6,57,0.286,207.107,0.0193,23.211
1335,7,58,0.333,158.918,0.0190,19.583
1335,8,59,0.511,99.901,0.0184,14.897
1335,9,60,0.189,34.075,0.0176,9.362
1335,10,61,0.312,0.000,0.0169,3.218
1335,11,62,0.428,0.000,0.0166,0.633
1335,12,63,0.342,0.000,0.0164,1.255
1335,13,64,0.273,0.000,0.0165,0.632
1335,14,65,0.166,0.000,0.0164,1.254
1335,15,66,0.252,0.000,0.0164,0.632
1336,0,52,0.577,0.000,0.0198,0.629
1336,1,53,0.289,0.000,0.0197,1.245
1336,2,54,0.517,258.819,0.0198,0.629
1336,3,55,0.489,0.000,0.0197,25.739
1336,4,56,1.118,241.181,0.0198,3.874
1336,5,57,0.861,207.107,0.0193,23.211
1336,6,58,1.038,158.918,0.0190,19.583
1336,7,59,0.720,99.901,0.0184,14.897
1336,8,60,0.655,34.075,0.0176,9.362
1336,9,61,0.693,0.000,0.0169,3.218
1336,10,62,0.431,0.000,0.0166,0.633
1336,11,63,0.804,0.000,0.0164,1.255
1336,12,64,0.411,0.000,0.0165,0.632
1336,13,65,0.221,0.000,0.0164,1.254
1336,14,66,0.374,0.000,0.0164,0.632
1336,15,67,0.583,0.000,0.0161,1.255
1337,0,53,0.624,0.000,0.0197,1.245
1337,1,54,1.292,258.819,0.0198,0.629
1337,2,55,0.396,0.000,0.0197,25.739
1337,3,56,2.017,241.181,0.0198,3.874
1337,4,57,1.278,207.107,0.0193,23.211
1337,5,58,1.263,158.918,0.0190,19.583
1337,6,59,1.123,99.901,0.0184,14.897
1337,7,60,0.701,34.075,0.0176,9.362
1337,8,61,0.345,0.000,0.0169,3.218
1337,9,62,0.293,0.000,0.0166,0.633
1337,10,63,0.703,0.000,0.0164,1.255
1337,11,64,0.299,0.000,0.0165,0.632
1337,12,65,0.335,0.000,0.0164,1.254
1337,13,66,0.268,0.000,0.0164,0.632
1337,14,67,0.392,0.000,0.0161,1.255
1337,15,68,0.328,0.000,0.0164,0.633
1338,0,54,1.022,258.819,0.0198,0.629
1338,1,55,2.193,0.000,0.0197,25.739
1338,2,56,1.265,241.181,0.0198,3.874
1338,3,57,1.252,207.107,0.0193,23.211
1338,4,58,2.848,158.918,0.0190,19.583
1338,5,59,1.643,99.901,0.0184,14.897
1338,6,60,1.366,34.075,0.0176,9.362
1338,7,61,0.813,0.000,0.0169,3.218
1338,8,62,0.307,0.000,0.0166,0.633
1338,9,63,0.805,0.000,0.0164,1.255
1338,10,64,1.350,0.000,0.0165,0.632
1338,11,65,0.841,0.000,0.0164,1.254
1338,12,66,0.335,0.000,0.0164,0.632
1338,13,67,1.467,0.000,0.0161,1.255
1338,14,68,0.933,0.000,0.0164,0.633
1338,15,69,2.324,0.000,0.0162,1.255
1339,0,55,4.334,0.000,0.0197,25.739
1339,1,56,0.554,241.181,0.0198,3.874
1339,2,57,1.253,207.107,0.0193,23.211
1339,3,58,1.159,158.918,0.0190,19.583
1339,4,59,0.807,99.901,0.0184,14.897
1339,5,60,0.729,34.075,0.0176,9.362
1339,6,61,0.464,0.000,0.0169,3.218
1339,7,62,0.268,0.000,0.0166,0.633
1339,8,63,0.393,0.000,0.0164,1.255
1339,9,64,0.119,0.000,0.0165,0.632
1339,10,65,0.832,0.000,0.0164,1.254
1339,11,66,0.081,0.000,0.0164,0.632
1339,12,67,0.205,0.000,0.0161,1.255
1339,13,68,0.194,0.000,0.0164,0.633
1339,14,69,0.852,0.000,0.0162,1.255
1339,15,70,0.338,0.000,0.0164,0.633
1340,0,56,0.446,241.181,0.0198,3.874
1340,1,57,1.354,207.107,0.0193,23.211
1340,2,58,0.333,158.918,0.0190,19.583
1340,3,59,0.195,99.901,0.0184,14.897
1340,4,60,0.600,34.075,0.0176,9.362
1340,5,61,0.232,0.000,0.0169,3.218
1340,6,62,0.438,0.000,0.0166,0.633
1340,7,63,0.470,0.000,0.0164,1.255
1340,8,64,0.243,0.000,0.0165,0.632
1340,9,65,0.640,0.000,0.0164,1.254
1340,10,66,0.138,0.000,0.0164,0.632
1340,11,67,0.365,0.000,0.0161,1.255
1340,12,68,0.072,0.000,0.0164,0.633
1340,13,69,0.328,0.000,0.0162,1.255
1340,14,70,0.300,0.000,0.0164,0.633
1340,15,71,0.447,0.000,0.0163,1.255
1341,0,57,0.368,207.107,0.0193,23.211
1341,1,58,0.170,158.918,0.0190,19.583
1341,2,59,0.330,99.901,0.0184,14.897
1341,3,60,0.135,34.075,0.0176,9.362
1341,4,61,0.256,0.000,0.0169,3.218
1341,5,62,0.436,0.000,0.0166,0.633
1341,6,63,0.135,0.000,0.0164,1.255
1341,7,64,0.657,0.000,0.0165,0.632
1341,8,65,0.449,0.000,0.0164,1.254
1341,9,66,0.241,0.000,0.0164,0.632
1341,10,67,0.476,0.000,0.0161,1.255
1341,11,68,0.341,0.000,0.0164,0.633
1341,12,69,0.734,0.000,0.0162,1.255
1341,13,70,0.426,0.000,0.0164,0.633
1341,14,71,0.330,0.000,0.0163,1.255
1341,15,72,0.355,0.000,0.0163,0.631
1342,0,58,1.614,158.918,0.0190,19.583
1342,1,59,1.318,99.901,0.0184,14.897
1342,2,60,0.581,34.075,0.0176,9.362
1342,3,61,1.046,0.000,0.0169,3.218
1342,4,62,0.259,0.000,0.0166,0.633
1342,5,63,0.135,0.000,0.0164,1.255
1342,6,64,0.355,0.000,0.0165,0.632
1342,7,65,0.476,0.000,0.0164,1.254
1342,8,66,1.958,0.000,0.0164,0.632
1342,9,67,0.468,0.000,0.0161,1.255
1342,10,68,0.351,0.000,0.0164,0.633
1342,11,69,0.624,0.000,0.0162,1.255
1342,12,70,0.237,0.000,0.0164,0.633
1342,13,71,0.707,0.000,0.0163,1.255
1342,14,72,0.389,0.000,0.0163,0.631
1342,15,73,1.396,0.000,0.0161,1.253
1343,0,59,1.248,99.901,0.0184,14.897
1343,1,60,0.754,34.075,0.0176,9.362
1343,2,61,0.659,0.000,0.0169,3.218
1343,3,62,0.949,0.000,0.0166,0.633
1343,4,63,0.537,0.000,0.0164,1.255
1343,5,64,0.606,0.000,0.0165,0.632
1343,6,65,0.367,0.000,0.0164,1.254
1343,7,66,0.469,0.000,0.0164,0.632
1343,8,67,0.239,0.000,0.0161,1.255
1343,9,68,0.147,0.000,0.0164,0.633
1343,10,69,0.387,0.000,0.0162,1.255
1343,11,70,1.035,0.000,0.0164,0.633
1343,12,71,0.343,0.000,0.0163,1.255
1343,13,72,0.449,0.000,0.0163,0.631
1343,14,73,0.452,0.000,0.0161,1.253
1343,15,74,0.475,0.000,0.0162,0.631
1344,0,60,0.411,34.075,0.0176,9.362
1344,1,61,0.396,0.000,0.0169,3.218
1344,2,62,0.119,0.000,0.0166,0.633
1344,3,63,0.385,0.000,0.0164,1.255
1344,4,64,0.355,0.000,0.0165,0.632
1344,5,65,0.170,0.000,0.0164,1.254
1344,6,66,0.953,0.000,0.0164,0.632
1344,7,67,0.300,0.000,0.0161,1.255
1344,8,68,0.405,0.000,0.0164,0.633
1344,9,69,0.256,0.000,0.0162,1.255
1344,10,70,0.548,0.000,0.0164,0.633
1344,11,71,0.460,0.000,0.0163,1.255
1344,12,72,0.601,0.000,0.0163,0.631
1344,13,73,1.169,0.000,0.0161,1.253
1344,14,74,0.395,0.000,0.0162,0.631
1344,15,75,0.777,0.000,0.0162,1.253
1345,0,61,0.301,0.000,0.0169,3.218
1345,1,62,0.469,0.000,0.0166,0.633
1345,2,63,0.536,0.000,0.0164,1.255
1345,3,64,0.336,0.000,0.0165,0.632
1345,4,65,0.528,0.000,0.0164,1.254
1345,5,66,0.272,0.000,0.0164,0.632
1345,6,67,0.191,0.000,0.0161,1.255
1345,7,68,0.881,0.000,0.0164,0.633
1345,8,69,0.675,0.000,0.0162,1.255
1345,9,70,0.350,0.000,0.0164,0.633
1345,10,71,0.584,0.000,0.0163,1.255
1345,11,72,0.326,0.000,0.0163,0.631
1345,12,73,0.590,0.000,0.0161,1.253
1345,13,74,0.724,0.000,0.0162,0.631
1345,14,75,0.263,0.000,0.0162,1.253
1345,15,76,0.270,0.000,0.0162,0.632
1346,0,62,0.365,0.000,0.0166,0.633
1346,1,63,0.263,0.000,0.0164,1.255
1346,2,64,0.327,0.000,0.0165,0.632
1346,3,65,0.321,0.000,0.0164,1.254
1346,4,66,0.304,0.000,0.0164,0.632
1346,5,67,0.307,0.000,0.0161,1.255
1346,6,68,0.445,0.000,0.0164,0.633
1346,7,69,0.225,0.000,0.0162,1.255
1346,8,70,0.350,0.000,0.0164,0.633
1346,9,71,0.220,0.000,0.0163,1.255
1346,10,72,0.113,0.000,0.0163,0.631
1346,11,73,0.363,0.000,0.0161,1.253
1346,12,74,0.403,0.000,0.0162,0.631
1346,13,75,0.591,0.000,0.0162,1.253
1346,14,76,0.649,0.000,0.0162,0.632
1346,15,77,0.658,0.000,0.0161,0.626
1347,0,63,0.352,0.000,0.0164,1.255
1347,1,64,0.599,0.000,0.0165,0.632
1347,2,65,0.613,0.000,0.0164,1.254
1347,3,66,0.516,0.000,0.0164,0.632
1347,4,67,0.569,0.000,0.0161,1.255
1347,5,68,0.164,0.000,0.0164,0.633
1347,6,69,0.368,0.000,0.0162,1.255
1347,7,70,0.658,0.000,0.0164,0.633
1347,8,71,0.400,0.000,0.0163,1.255
1347,9,72,0.456,0.000,0.0163,0.631
1347,10,73,0.530,0.000,0.0161,1.253
1347,11,74,0.266,0.000,0.0162,0.631
1347,12,75,0.511,0.000,0.0162,1.253
1347,13,76,1.023,0.000,0.0162,0.632
1347,14,77,0.337,0.000,0.0161,0.626
1347,15,78,0.297,1000.000,0.0109,0.624
1348,0,64,1.107,0.000,0.0165,0.632
1348,1,65,1.191,0.000,0.0164,1.254
1348,2,66,0.874,0.000,0.0164,0.632
1348,3,67,1.110,0.000,0.0161,1.255
1348,4,68,0.868,0.000,0.0164,0.633
1348,5,69,0.873,0.000,0.0162,1.255
1348,6,70,0.850,0.000,0.0164,0.633
1348,7,71,1.292,0.000,0.0163,1.255
1348,8,72,0.583,0.000,0.0163,0.631
1348,9,73,0.985,0.000,0.0161,1.253
1348,10,74,0.976,0.000,0.0162,0.631
1348,11,75,0.993,0.000,0.0162,1.253
1348,12,76,1.135,0.000,0.0162,0.632
1348,13,77,1.031,0.000,0.0161,0.626
1348,14,78,0.452,1000.000,0.0109,0.624
1348,15,79,1.640,19.483,0.0109,1.948
1349,0,65,0.675,0.000,0.0164,1.254
1349,1,66,0.493,0.000,0.0164,0.632
1349,2,67,0.250,0.000,0.0161,1.255
1349,3,68,0.178,0.000,0.0164,0.633
1349,4,69,0.314,0.000,0.0162,1.255
1349,5,70,0.398,0.000,0.0164,0.633
1349,6,71,0.336,0.000,0.0163,1.255
1349,7,72,0.418,0.000,0.0163,0.631
1349,8,73,0.419,0.000,0.0161,1.253
1349,9,74,0.514,0.000,0.0162,0.631
1349,10,75,0.526,0.000,0.0162,1.253
1349,11,76,0.509,0.000,0.0162,0.632
1349,12,77,0.467,0.000,0.0161,0.626
1349,13,78,1.108,1000.000,0.0109,0.624
1349,14,79,1.417,19.483,0.0109,1.948
1350,0,66,3.045,0.000,0.0164,0.632
1350,1,67,0.919,0.000,0.0161,1.255
1350,2,68,0.920,0.000,0.0164,0.633
1350,3,69,0.728,0.000,0.0162,1.255
1350,4,70,0.713,0.000,0.0164,0.633
1350,5,71,0.416,0.000,0.0163,1.255
1350,6,72,0.512,0.000,0.0163,0.631
1350,7,73,1.012,0.000,0.0161,1.253
1350,8,74,0.795,0.000,0.0162,0.631
1350,9,75,0.677,0.000,0.0162,1.253
1350,10,76,0.449,0.000,0.0162,0.632
1350,11,77,1.224,0.000,0.0161,0.626
1350,12,78,0.888,1000.000,0.0109,0.624
1350,13,79,0.628,19.483,0.0109,1.948
1351,0,67,0.712,0.000,0.0161,1.255
1351,1,68,0.834,0.000,0.0164,0.633
1351,2,69,0.830,0.000,0.0162,1.255
1351,3,70,0.594,0.000,0.0164,0.633
1351,4,71,0.658,0.000,0.0163,1.255
1351,5,72,0.580,0.000,0.0163,0.631
1351,6,73,0.337,0.000,0.0161,1.253
1351,7,74,0.646,0.000,0.0162,0.631
1351,8,75,0.997,0.000,0.0162,1.253
1351,9,76,0.607,0.000,0.0162,0.632
1351,10,77,0.648,0.000,0.0161,0.626
1351,11,78,0.771,1000.000,0.0109,0.624
1351,12,79,0.698,19.483,0.0109,1.948
1352,0,68,0.197,0.000,0.0164,0.633
1352,1,69,0.724,0.000,0.0162,1.255
1352,2,70,0.165,0.000,0.0164,0.633
1352,3,71,0.521,0.000,0.0163,1.255
1352,4,72,0.279,0.000,0.0163,0.631
1352,5,73,0.304,0.000,0.0161,1.253
1352,6,74,0.348,0.000,0.0162,0.631
1352,7,75,0.204,0.000,0.0162,1.253
1352,8,76,0.408,0.000,0.0162,0.632
1352,9,77,0.482,0.000,0.0161,0.626
1352,10,78,0.289,1000.000,0.0109,0.624
1352,11,79,100.607,19.483,0.0109,1.948
1353,0,69,1.489,0.000,0.0162,1.255
1353,1,70,0.798,0.000,0.0164,0.633
1353,2,71,0.796,0.000,0.0163,1.255
1353,3,72,0.410,0.000,0.0163,0.631
1353,4,73,0.835,0.000,0.0161,1.253
1353,5,74,0.640,0.000,0.0162,0.631
1353,6,75,0.709,0.000,0.0162,1.253
1353,7,76,0.951,0.000,0.0162,0.632
1353,8,77,0.362,0.000,0.0161,0.626
1353,9,78,0.819,1000.000,0.0109,0.624
1353,10,79,0.978,19.483,0.0109,1.948
1354,0,70,0.812,0.000,0.0164,0.633
1354,1,71,0.399,0.000,0.0163,1.255
1354,2,72,0.936,0.000,0.0163,0.631
1354,3,73,0.322,0.000,0.0161,1.253
1354,4,74,0.255,0.000,0.0162,0.631
1354,5,75,0.426,0.000,0.0162,1.253
1354,6,76,0.439,0.000,0.0162,0.632
1354,7,77,0.883,0.000,0.0161,0.626
1354,8,78,0.484,1000.000,0.0109,0.624
1354,9,79,0.443,19.483,0.0109,1.948
1355,0,71,0.580,0.000,0.0163,1.255
1355,1,72,1.102,0.000,0.0163,0.631
1355,2,73,0.675,0.000,0.0161,1.253
1355,3,74,0.659,0.000,0.0162,0.631
1355,4,75,0.545,0.000,0.0162,1.253
1355,5,76,0.665,0.000,0.0162,0.632
1355,6,77,0.834,0.000,0.0161,0.626
1355,7,78,0.727,1000.000,0.0109,0.624
1355,8,79,1.020,19.483,0.0109,1.948
1356,0,72,3.070,0.000,0.0163,0.631
1356,1,73,0.373,0.000,0.0161,1.253
1356,2,74,0.723,0.000,0.0162,0.631
1356,3,75,1.033,0.000,0.0162,1.253
1356,4,76,0.820,0.000,0.0162,0.632
1356,5,77,1.343,0.000,0.0161,0.626
1356,6,78,1.374,1000.000,0.0109,0.624
1356,7,79,1.124,19.483,0.0109,1.948
1357,0,73,1.562,0.000,0.0161,1.253
1357,1,74,1.335,0.000,0.0162,0.631
1357,2,75,1.343,0.000,0.0162,1.253
1357,3,76,0.504,0.000,0.0162,0.632
1357,4,77,0.745,0.000,0.0161,0.626
1357,5,78,1.519,1000.000,0.0109,0.624
1357,6,79,0.387,19.483,0.0109,1.948
1358,0,74,1.945,0.000,0.0162,0.631
1358,1,75,2.194,0.000,0.0162,1.253
1358,2,76,2.162,0.000,0.0162,0.632
1358,3,77,1.002,0.000,0.0161,0.626
1358,4,78,0.579,1000.000,0.0109,0.624
1358,5,79,0.861,19.483,0.0109,1.948
1359,0,75,1.368,0.000,0.0162,1.253
1359,1,76,1.137,0.000,0.0162,0.632
1359,2,77,1.032,0.000,0.0161,0.626
1359,3,78,0.625,1000.000,0.0109,0.624
1359,4,79,0.602,19.483,0.0109,1.948
1360,0,76,0.540,0.000,0.0162,0.632
1360,1,77,0.548,0.000,0.0161,0.626
1360,2,78,1.133,1000.000,0.0109,0.624
1360,3,79,0.833,19.483,0.0109,1.948
1361,0,77,1.065,0.000,0.0161,0.626
1361,1,78,0.864,1000.000,0.0109,0.624
1361,2,79,0.487,19.483,0.0109,1.948
1362,0,78,1.238,1000.000,0.0109,0.624
1362,1,79,0.751,19.483,0.0109,1.948
1363,0,79,1.182,19.483,0.0109,1.948
1365,0,0,2.476,1000.000,0.0106,1.824
1365,1,1,0.402,31.685,0.0105,3.168
1365,2,2,2.149,31.720,2.7141,3.172
1365,3,3,0.588,1599.282,0.0137,159.928
1365,4,4,2.605,1487.610,6.3740,148.761
1365,5,5,1.257,971.329,4.4884,97.133
1365,6,6,3.260,467.498,2.4004,46.750
1365,7,7,0.482,0.013,0.0299,0.001
1365,8,8,0.841,0.001,0.0304,0.000
1365,9,9,0.957,0.000,0.0304,0.000
1365,10,10,0.460,0.000,0.0304,0.000
1365,11,11,0.403,0.000,0.0304,0.000
1365,12,12,0.387,0.000,0.0304,0.000
1365,13,13,0.884,0.000,0.0304,0.000
1365,14,14,0.769,0.000,0.0304,0.000
1365,15,15,0.790,0.000,0.0304,0.000
1366,0,1,0.744,31.685,0.0105,3.168
1366,1,2,0.928,31.720,2.7141,3.172
1366,2,3,0.761,1599.282,0.0137,159.928
1366,3,4,0.232,1487.610,6.3740,148.761
1366,4,5,1.226,971.329,4.4884,97.133
1366,5,6,0.712,467.498,2.4004,46.750
1366,6,7,0.772,0.013,0.0299,0.001
1366,7,8,0.364,0.001,0.0304,0.000
1366,8,9,0.283,0.000,0.0304,0.000
1366,9,10,0.586,0.000,0.0304,0.000
1366,10,11,0.441,0.000,0.0304,0.000
1366,11,12,0.256,0.000,0.0304,0.000
1366,12,13,0.838,0.000,0.0304,0.000
1366,13,14,0.746,0.000,0.0304,0.000
1366,14,15,1.160,0.000,0.0304,0.000
1366,15,16,0.833,3806.016,0.0304,0.000
1367,0,2,2.166,31.720,2.7141,3.172
1367,1,3,0.797,1599.282,0.0137,159.928
1367,2,4,1.663,1487.610,6.3740,148.761
1367,3,5,1.061,971.329,4.4884,97.133
1367,4,6,4.689,467.498,2.4004,46.750
1367,5,7,1.385,0.013,0.0299,0.001
1367,6,8,0.946,0.001,0.0304,0.000
1367,7,9,3.475,0.000,0.0304,0.000
1367,8,10,2.170,0.000,0.0304,0.000
1367,9,11,0.902,0.000,0.0304,0.000
1367,10,12,1.978,0.000,0.0304,0.000
1367,11,13,0.847,0.000,0.0304,0.000
1367,12,14,2.853,0.000,0.0304,0.000
1367,13,15,8.966,0.000,0.0304,0.000
1367,14,16,2.614,3806.016,0.0304,0.000
1367,15,17,3.743,0.000,0.0304,380.602
1368,0,3,0.989,1599.282,0.0137,159.928
1368,1,4,2.603,1487.610,6.3740,148.761
1368,2,5,2.336,971.329,4.4884,97.133
1368,3,6,3.284,467.498,2.4004,46.750
1368,4,7,1.138,0.013,0.0299,0.001
1368,5,8,0.628,0.001,0.0304,0.000
1368,6,9,0.454,0.000,0.0304,0.000
1368,7,10,0.557,0.000,0.0304,0.000
1368,8,11,0.616,0.000,0.0304,0.000
1368,9,12,1.302,0.000,0.0304,0.000
1368,10,13,1.264,0.000,0.0304,0.000
1368,11,14,1.707,0.000,0.0304,0.000
1368,12,15,1.177,0.000,0.0304,0.000
1368,13,16,0.525,3806.016,0.0304,0.000
1368,14,17,1.155,0.000,0.0304,380.602
1368,15,18,3.533,0.000,0.0304,201.316
1369,0,4,2.566,1487.610,6.3740,148.761
1369,1,5,2.907,971.329,4.4884,97.133
1369,2,6,2.363,467.498,2.4004,46.750
1369,3,7,0.578,0.013,0.0299,0.001
1369,4,8,0.664,0.001,0.0304,0.000
1369,5,9,0.580,0.000,0.0304,0.000
1369,6,10,1.995,0.000,0.0304,0.000
1369,7,11,0.814,0.000,0.0304,0.000
1369,8,12,0.334,0.000,0.0304,0.000
1369,9,13,0.521,0.000,0.0304,0.000
1369,10,14,1.107,0.000,0.0304,0.000
1369,11,15,1.212,0.000,0.0304,0.000
1369,12,16,0.887,3806.016,0.0304,0.000
1369,13,17,1.133,0.000,0.0304,380.602
1369,14,18,0.984,0.000,0.0304,201.316
1369,15,19,0.477,0.000,5.7607,76.420
1370,0,5,0.838,971.329,4.4884,97.133
1370,1,6,1.558,467.498,2.4004,46.750
1370,2,7,1.436,0.013,0.0299,0.001
1370,3,8,0.734,0.001,0.0304,0.000
1370,4,9,0.613,0.000,0.0304,0.000
1370,5,10,3.647,0.000,0.0304,0.000
1370,6,11,0.907,0.000,0.0304,0.000
1370,7,12,0.618,0.000,0.0304,0.000
1370,8,13,1.788,0.000,0.0304,0.000
1370,9,14,2.513,0.000,0.0304,0.000
1370,10,15,1.080,0.000,0.0304,0.000
1370,11,16,0.932,3806.016,0.0304,0.000
1370,12,17,1.484,0.000,0.0304,380.602
1370,13,18,1.242,0.000,0.0304,201.316
1370,14,19,1.239,0.000,5.7607,76.420
1370,15,20,0.963,258.819,3.6098,0.966
1371,0,6,0.491,467.498,2.4004,46.750
1371,1,7,1.352,0.013,0.0299,0.001
1371,2,8,0.540,0.001,0.0304,0.000
1371,3,9,0.969,0.000,0.0304,0.000
1371,4,10,0.670,0.000,0.0304,0.000
1371,5,11,0.460,0.000,0.0304,0.000
1371,6,12,0.542,0.000,0.0304,0.000
1371,7,13,0.788,0.000,0.0304,0.000
1371,8,14,0.817,0.000,0.0304,0.000
1371,9,15,1.590,0.000,0.0304,0.000
1371,10,16,1.539,3806.016,0.0304,0.000
1371,11,17,0.612,0.000,0.0304,380.602
1371,12,18,0.785,0.000,0.0304,201.316
1371,13,19,0.434,0.000,5.7607,76.420
1371,14,20,2.931,258.819,3.6098,0.966
1371,15,21,0.760,0.000,0.3203,26.388
1372,0,7,0.596,0.013,0.0299,0.001
1372,1,8,1.022,0.001,0.0304,0.000
1372,2,9,0.954,0.000,0.0304,0.000
1372,3,10,0.617,0.000,0.0304,0.000
1372,4,11,1.259,0.000,0.0304,0.000
1372,5,12,0.361,0.000,0.0304,0.000
1372,6,13,0.716,0.000,0.0304,0.000
1372,7,14,0.891,0.000,0.0304,0.000
1372,8,15,0.807,0.000,0.0304,0.000
1372,9,16,1.027,3806.016,0.0304,0.000
1372,10,17,0.127,0.000,0.0304,380.602
1372,11,18,0.672,0.000,0.0304,201.316
1372,12,19,0.304,0.000,5.7607,76.420
1372,13,20,0.365,258.819,3.6098,0.966
1372,14,21,1.276,0.000,0.3203,26.388
1372,15,22,1.906,241.181,0.0140,2.600
1373,0,8,0.588,0.001,0.0304,0.000
1373,1,9,0.879,0.000,0.0304,0.000
1373,2,10,0.394,0.000,0.0304,0.000
1373,3,11,1.011,0.000,0.0304,0.000
1373,4,12,0.749,0.000,0.0304,0.000
1373,5,13,0.796,0.000,0.0304,0.000
1373,6,14,1.354,0.000,0.0304,0.000
1373,7,15,1.707,0.000,0.0304,0.000
1373,8,16,1.963,3806.016,0.0304,0.000
1373,9,17,0.586,0.000,0.0304,380.602
1373,10,18,0.371,0.000,0.0304,201.316
1373,11,19,0.122,0.000,5.7607,76.420
1373,12,20,0.584,258.819,3.6098,0.966
1373,13,21,0.581,0.000,0.3203,26.388
1373,14,22,0.612,241.181,0.0140,2.600
1373,15,23,2.137,0.000,0.0135,23.893
1374,0,9,0.464,0.000,0.0304,0.000
1374,1,10,0.255,0.000,0.0304,0.000
1374,2,11,0.805,0.000,0.0304,0.000
1374,3,12,0.452,0.000,0.0304,0.000
1374,4,13,0.896,0.000,0.0304,0.000
1374,5,14,1.025,0.000,0.0304,0.000
1374,6,15,1.781,0.000,0.0304,0.000
1374,7,16,1.055,3806.016,0.0304,0.000
1374,8,17,1.760,0.000,0.0304,380.602
1374,9,18,3.675,0.000,0.0304,201.316
1374,10,19,1.762,0.000,5.7607,76.420
1374,11,20,1.051,258.819,3.6098,0.966
1374,12,21,0.339,0.000,0.3203,26.388
1374,13,22,1.248,241.181,0.0140,2.600
1374,14,23,2.855,0.000,0.0135,23.893
1374,15,24,0.498,207.107,0.0135,3.322
1375,0,10,0.488,0.000,0.0304,0.000
1375,1,11,0.322,0.000,0.0304,0.000
1375,2,12,0.315,0.000,0.0304,0.000
1375,3,13,2.393,0.000,0.0304,0.000
1375,4,14,1.192,0.000,0.0304,0.000
1375,5,15,1.200,0.000,0.0304,0.000
1375,6,16,0.679,3806.016,0.0304,0.000
1375,7,17,0.901,0.000,0.0304,380.602
1375,8,18,1.032,0.000,0.0304,201.316
1375,9,19,2.509,0.000,5.7607,76.420
1375,10,20,0.446,258.819,3.6098,0.966
1375,11,21,0.362,0.000,0.3203,26.388
1375,12,22,0.256,241.181,0.0140,2.600
1375,13,23,0.553,0.000,0.0135,23.893
1375,14,24,2.694,207.107,0.0135,3.322
1375,15,25,0.391,158.919,0.0128,20.201
1376,0,11,0.775,0.000,0.0304,0.000
1376,1,12,1.055,0.000,0.0304,0.000
1376,2,13,0.649,0.000,0.0304,0.000
1376,3,14,0.349,0.000,0.0304,0.000
1376,4,15,0.628,0.000,0.0304,0.000
1376,5,16,0.922,3806.016,0.0304,0.000
1376,6,17,0.387,0.000,0.0304,380.602
1376,7,18,0.500,0.000,0.0304,201.316
1376,8,19,0.266,0.000,5.7607,76.420
1376,9,20,0.384,258.819,3.6098,0.966
1376,10,21,0.815,0.000,0.3203,26.388
1376,11,22,0.442,241.181,0.0140,2.600
1376,12,23,1.022,0.000,0.0135,23.893
1376,13,24,0.589,207.107,0.0135,3.322
1376,14,25,0.247,158.919,0.0128,20.201
1376,15,26,0.287,99.900,0.0128,15.355
1377,0,12,1.707,0.000,0.0304,0.000
1377,1,13,2.737,0.000,0.0304,0.000
1377,2,14,1.343,0.000,0.0304,0.000
1377,3,15,1.618,0.000,0.0304,0.000
1377,4,16,0.634,3806.016,0.0304,0.000
1377,5,17,0.632,0.000,0.0304,380.602
1377,6,18,0.646,0.000,0.0304,201.316
1377,7,19,1.018,0.000,5.7607,76.420
1377,8,20,0.630,258.819,3.6098,0.966
1377,9,21,0.227,0.000,0.3203,26.388
1377,10,22,0.572,241.181,0.0140,2.600
1377,11,23,0.562,0.000,0.0135,23.893
1377,12,24,0.730,207.107,0.0135,3.322
1377,13,25,0.795,158.919,0.0128,20.201
1377,14,26,0.339,99.900,0.0128,15.355
1377,15,27,0.774,34.075,0.0122,9.606
1378,0,13,1.404,0.000,0.0304,0.000
1378,1,14,0.967,0.000,0.0304,0.000
1378,2,15,0.548,0.000,0.0304,0.000
1378,3,16,1.265,3806.016,0.0304,0.000
1378,4,17,4.568,0.000,0.0304,380.602
1378,5,18,0.579,0.000,0.0304,201.316
1378,6,19,1.015,0.000,5.7607,76.420
1378,7,20,0.905,258.819,3.6098,0.966
1378,8,21,1.303,0.000,0.3203,26.388
1378,9,22,0.837,241.181,0.0140,2.600
1378,10,23,1.044,0.000,0.0135,23.893
1378,11,24,1.585,207.107,0.0135,3.322
1378,12,25,1.198,158.919,0.0128,20.201
1378,13,26,1.315,99.900,0.0128,15.355
1378,14,27,0.911,34.075,0.0122,9.606
1378,15,28,6.691,0.000,0.0117,3.239
1379,0,14,2.797,0.000,0.0304,0.000
1379,1,15,2.744,0.000,0.0304,0.000
1379,2,16,1.690,3806.016,0.0304,0.000
1379,3,17,4.497,0.000,0.0304,380.602
1379,4,18,1.709,0.000,0.0304,201.316
1379,5,19,0.872,0.000,5.7607,76.420
1379,6,20,1.205,258.819,3.6098,0.966
1379,7,21,1.414,0.000,0.3203,26.388
1379,8,22,1.497,241.181,0.0140,2.600
1379,9,23,1.690,0.000,0.0135,23.893
1379,10,24,1.179,207.107,0.0135,3.322
1379,11,25,1.853,158.919,0.0128,20.201
1379,12,26,1.954,99.900,0.0128,15.355
1379,13,27,2.239,34.075,0.0122,9.606
1379,14,28,2.098,0.000,0.0117,3.239
1379,15,29,1.584,0.000,0.0114,3.184
1380,0,15,0.546,0.000,0.0304,0.000
1380,1,16,0.864,3806.016,0.0304,0.000
1380,2,17,380.576,0.000,0.0304,380.602
1380,3,18,0.580,0.000,0.0304,201.316
1380,4,19,0.658,0.000,5.7607,76.420
1380,5,20,0.454,258.819,3.6098,0.966
1380,6,21,25.767,0.000,0.3203,26.388
1380,7,22,0.383,241.181,0.0140,2.600
1380,8,23,24.128,0.000,0.0135,23.893
1380,9,24,0.575,207.107,0.0135,3.322
1380,10,25,20.768,158.919,0.0128,20.201
1380,11,26,15.674,99.900,0.0128,15.355
1380,12,27,10.426,34.075,0.0122,9.606
1380,13,28,3.023,0.000,0.0117,3.239
1380,14,29,0.075,0.000,0.0114,3.184
1380,15,30,0.348,0.000,0.0600,3.321
1381,0,16,0.046,3806.016,0.0304,0.000
1381,1,17,0.837,0.000,0.0304,380.602
1381,2,18,1.039,0.000,0.0304,201.316
1381,3,19,1.635,0.000,5.7607,76.420
1381,4,20,0.756,258.819,3.6098,0.966
1381,5,21,0.774,0.000,0.3203,26.388
1381,6,22,1.090,241.181,0.0140,2.600
1381,7,23,1.220,0.000,0.0135,23.893
1381,8,24,0.499,207.107,0.0135,3.322
1381,9,25,0.298,158.919,0.0128,20.201
1381,10,26,0.822,99.900,0.0128,15.355
1381,11,27,1.474,34.075,0.0122,9.606
1381,12,28,0.539,0.000,0.0117,3.239
1381,13,29,1.111,0.000,0.0114,3.184
1381,14,30,1.113,0.000,0.0600,3.321
1381,15,31,0.757,0.000,0.0196,3.231
1382,0,17,376.892,0.000,0.0304,380.602
1382,1,18,2.345,0.000,0.0304,201.316
1382,2,19,0.882,0.000,5.7607,76.420
1382,3,20,0.321,258.819,3.6098,0.966
1382,4,21,25.444,0.000,0.3203,26.388
1382,5,22,0.549,241.181,0.0140,2.600
1382,6,23,24.407,0.000,0.0135,23.893
1382,7,24,0.544,207.107,0.0135,3.322
1382,8,25,20.387,158.919,0.0128,20.201
1382,9,26,15.599,99.900,0.0128,15.355
1382,10,27,10.426,34.075,0.0122,9.606
1382,11,28,3.527,0.000,0.0117,3.239
1382,12,29,0.662,0.000,0.0114,3.184
1382,13,30,0.237,0.000,0.0600,3.321
1382,14,31,1.177,0.000,0.0196,3.231
1382,15,32,0.691,0.000,0.0257,3.381
1383,0,18,0.579,0.000,0.0304,201.316
1383,1,19,0.509,0.000,5.7607,76.420
1383,2,20,0.162,258.819,3.6098,0.966
1383,3,21,0.101,0.000,0.3203,26.388
1383,4,22,0.175,241.181,0.0140,2.600
1383,5,23,0.299,0.000,0.0135,23.893
1383,6,24,0.394,207.107,0.0135,3.322
1383,7,25,0.530,158.919,0.0128,20.201
1383,8,26,0.389,99.900,0.0128,15.355
1383,9,27,0.386,34.075,0.0122,9.606
1383,10,28,0.125,0.000,0.0117,3.239
1383,11,29,0.402,0.000,0.0114,3.184
1383,12,30,0.566,0.000,0.0600,3.321
1383,13,31,0.613,0.000,0.0196,3.231
1383,14,32,1.484,0.000,0.0257,3.381
1383,15,33,1.449,0.000,0.0179,3.231
1384,0,19,0.447,0.000,5.7607,76.420
1384,1,20,0.697,258.819,3.6098,0.966
1384,2,21,0.627,0.000,0.3203,26.388
1384,3,22,0.691,241.181,0.0140,2.600
1384,4,23,0.590,0.000,0.0135,23.893
1384,5,24,0.993,207.107,0.0135,3.322
1384,6,25,0.302,158.919,0.0128,20.201
1384,7,26,0.770,99.900,0.0128,15.355
1384,8,27,0.689,34.075,0.0122,9.606
1384,9,28,0.074,0.000,0.0117,3.239
1384,10,29,0.457,0.000,0.0114,3.184
1384,11,30,0.924,0.000,0.0600,3.321
1384,12,31,0.880,0.000,0.0196,3.231
1384,13,32,0.369,0.000,0.0257,3.381
1384,14,33,0.989,0.000,0.0179,3.231
1384,15,34,0.227,0.000,0.0258,3.370
1385,0,20,0.458,258.819,3.6098,0.966
1385,1,21,0.872,0.000,0.3203,26.388
1385,2,22,1.041,241.181,0.0140,2.600
1385,3,23,0.430,0.000,0.0135,23.893
1385,4,24,0.204,207.107,0.0135,3.322
1385,5,25,0.353,158.919,0.0128,20.201
1385,6,26,0.077,99.900,0.0128,15.355
1385,7,27,0.292,34.075,0.0122,9.606
1385,8,28,0.330,0.000,0.0117,3.239
1385,9,29,0.185,0.000,0.0114,3.184
1385,10,30,0.122,0.000,0.0600,3.321
1385,11,31,0.574,0.000,0.0196,3.231
1385,12,32,0.447,0.000,0.0257,3.381
1385,13,33,0.629,0.000,0.0179,3.231
1385,14,34,0.157,0.000,0.0258,3.370
1385,15,35,0.543,0.000,0.0222,3.231
1386,0,21,0.480,0.000,0.3203,26.388
1386,1,22,0.325,241.181,0.0140,2.600
1386,2,23,0.657,0.000,0.0135,23.893
1386,3,24,0.802,207.107,0.0135,3.322
1386,4,25,0.627,158.919,0.0128,20.201
1386,5,26,0.647,99.900,0.0128,15.355
1386,6,27,0.050,34.075,0.0122,9.606
1386,7,28,0.384,0.000,0.0117,3.239
1386,8,29,0.283,0.000,0.0114,3.184
1386,9,30,0.277,0.000,0.0600,3.321
1386,10,31,0.336,0.000,0.0196,3.231
1386,11,32,0.685,0.000,0.0257,3.381
1386,12,33,1.017,0.000,0.0179,3.231
1386,13,34,0.801,0.000,0.0258,3.370
1386,14,35,1.467,0.000,0.0222,3.231
1386,15,36,0.757,0.000,0.0257,3.349
1387,0,22,0.793,241.181,0.0140,2.600
1387,1,23,1.367,0.000,0.0135,23.893
1387,2,24,1.064,207.107,0.0135,3.322
1387,3,25,0.798,158.919,0.0128,20.201
1387,4,26,0.857,99.900,0.0128,15.355
1387,5,27,1.365,34.075,0.0122,9.606
1387,6,28,1.307,0.000,0.0117,3.239
1387,7,29,1.301,0.000,0.0114,3.184
1387,8,30,0.764,0.000,0.0600,3.321
1387,9,31,1.056,0.000,0.0196,3.231
1387,10,32,1.127,0.000,0.0257,3.381
1387,11,33,0.752,0.000,0.0179,3.231
1387,12,34,0.644,0.000,0.0258,3.370
1387,13,35,1.890,0.000,0.0222,3.231
1387,14,36,0.647,0.000,0.0257,3.349
1387,15,37,0.302,0.000,0.0235,3.250
1388,0,23,0.140,0.000,0.0135,23.893
1388,1,24,0.805,207.107,0.0135,3.322
1388,2,25,0.342,158.919,0.0128,20.201
1388,3,26,0.146,99.900,0.0128,15.355
1388,4,27,0.187,34.075,0.0122,9.606
1388,5,28,0.504,0.000,0.0117,3.239
1388,6,29,0.369,0.000,0.0114,3.184
1388,7,30,0.446,0.000,0.0600,3.321
1388,8,31,0.151,0.000,0.0196,3.231
1388,9,32,0.362,0.000,0.0257,3.381
1388,10,33,0.192,0.000,0.0179,3.231
1388,11,34,0.210,0.000,0.0258,3.370
1388,12,35,0.079,0.000,0.0222,3.231
1388,13,36,0.483,0.000,0.0257,3.349
1388,14,37,0.146,0.000,0.0235,3.250
1388,15,38,0.082,0.000,0.0235,3.382
1389,0,24,2.677,207.107,0.0135,3.322
1389,1,25,0.287,158.919,0.0128,20.201
1389,2,26,0.113,99.900,0.0128,15.355
1389,3,27,0.761,34.075,0.0122,9.606
1389,4,28,0.357,0.000,0.0117,3.239
1389,5,29,0.013,0.000,0.0114,3.184
1389,6,30,0.222,0.000,0.0600,3.321
1389,7,31,0.560,0.000,0.0196,3.231
1389,8,32,0.084,0.000,0.0257,3.381
1389,9,33,0.631,0.000,0.0179,3.231
1389,10,34,0.535,0.000,0.0258,3.370
1389,11,35,0.220,0.000,0.0222,3.231
1389,12,36,0.415,0.000,0.0257,3.349
1389,13,37,0.825,0.000,0.0235,3.250
1389,14,38,0.016,0.000,0.0235,3.382
1389,15,39,1.284,1000.000,0.0255,3.268
1390,0,25,0.339,158.919,0.0128,20.201
1390,1,26,0.397,99.900,0.0128,15.355
1390,2,27,0.236,34.075,0.0122,9.606
1390,3,28,0.181,0.000,0.0117,3.239
1390,4,29,0.188,0.000,0.0114,3.184
1390,5,30,0.294,0.000,0.0600,3.321
1390,6,31,0.540,0.000,0.0196,3.231
1390,7,32,0.316,0.000,0.0257,3.381
1390,8,33,0.143,0.000,0.0179,3.231
1390,9,34,0.324,0.000,0.0258,3.370
1390,10,35,0.149,0.000,0.0222,3.231
1390,11,36,0.615,0.000,0.0257,3.349
1390,12,37,0.473,0.000,0.0235,3.250
1390,13,38,0.311,0.000,0.0235,3.382
1390,14,39,0.199,1000.000,0.0255,3.268
1390,15,40,0.383,1035.566,0.0395,3.909
1391,0,26,0.396,99.900,0.0128,15.355
1391,1,27,0.148,34.075,0.0122,9.606
1391,2,28,0.536,0.000,0.0117,3.239
1391,3,29,0.224,0.000,0.0114,3.184
1391,4,30,0.098,0.000,0.0600,3.321
1391,5,31,0.300,0.000,0.0196,3.231
1391,6,32,0.137,0.000,0.0257,3.381
1391,7,33,0.236,0.000,0.0179,3.231
1391,8,34,0.202,0.000,0.0258,3.370
1391,9,35,0.825,0.000,0.0222,3.231
1391,10,36,0.406,0.000,0.0257,3.349
1391,11,37,0.251,0.000,0.0235,3.250
1391,12,38,0.211,0.000,0.0235,3.382
1391,13,39,0.165,1000.000,0.0255,3.268
1391,14,40,0.443,1035.566,0.0395,3.909
1391,15,41,42.466,0.000,1.9831,102.728
1392,0,27,0.474,34.075,0.0122,9.606
1392,1,28,0.601,0.000,0.0117,3.239
1392,2,29,0.977,0.000,0.0114,3.184
1392,3,30,0.559,0.000,0.0600,3.321
1392,4,31,0.661,0.000,0.0196,3.231
1392,5,32,0.588,0.000,0.0257,3.381
1392,6,33,1.221,0.000,0.0179,3.231
1392,7,34,0.762,0.000,0.0258,3.370
1392,8,35,0.517,0.000,0.0222,3.231
1392,9,36,0.615,0.000,0.0257,3.349
1392,10,37,0.950,0.000,0.0235,3.250
1392,11,38,0.578,0.000,0.0235,3.382
1392,12,39,0.517,1000.000,0.0255,3.268
1392,13,40,0.422,1035.566,0.0395,3.909
1392,14,41,12.876,0.000,1.9831,102.728
1392,15,42,0.871,0.000,4.4596,21.078
1393,0,28,0.269,0.000,0.0117,3.239
1393,1,29,0.091,0.000,0.0114,3.184
1393,2,30,0.369,0.000,0.0600,3.321
1393,3,31,0.053,0.000,0.0196,3.231
1393,4,32,0.346,0.000,0.0257,3.381
1393,5,33,0.251,0.000,0.0179,3.231
1393,6,34,0.007,0.000,0.0258,3.370
1393,7,35,0.137,0.000,0.0222,3.231
1393,8,36,0.173,0.000,0.0257,3.349
1393,9,37,0.057,0.000,0.0235,3.250
1393,10,38,0.598,0.000,0.0235,3.382
1393,11,39,0.530,1000.000,0.0255,3.268
1393,12,40,0.859,1035.566,0.0395,3.909
1393,13,41,5.425,0.000,1.9831,102.728
1393,14,42,0.439,0.000,4.4596,21.078
1393,15,43,0.179,0.000,3.0383,0.621
1394,0,29,0.572,0.000,0.0114,3.184
1394,1,30,1.109,0.000,0.0600,3.321
1394,2,31,0.591,0.000,0.0196,3.231
1394,3,32,0.320,0.000,0.0257,3.381
1394,4,33,1.060,0.000,0.0179,3.231
1394,5,34,0.585,0.000,0.0258,3.370
1394,6,35,1.043,0.000,0.0222,3.231
1394,7,36,0.676,0.000,0.0257,3.349
1394,8,37,0.435,0.000,0.0235,3.250
1394,9,38,0.674,0.000,0.0235,3.382
1394,10,39,1.294,1000.000,0.0255,3.268
1394,11,40,0.857,1035.566,0.0395,3.909
1394,12,41,1.432,0.000,1.9831,102.728
1394,13,42,0.758,0.000,4.4596,21.078
1394,14,43,0.550,0.000,3.0383,0.621
1394,15,44,0.349,0.000,0.0185,1.228
1395,0,30,0.614,0.000,0.0600,3.321
1395,1,31,1.098,0.000,0.0196,3.231
1395,2,32,0.001,0.000,0.0257,3.381
1395,3,33,0.630,0.000,0.0179,3.231
1395,4,34,0.326,0.000,0.0258,3.370
1395,5,35,0.563,0.000,0.0222,3.231
1395,6,36,0.305,0.000,0.0257,3.349
1395,7,37,0.336,0.000,0.0235,3.250
1395,8,38,0.312,0.000,0.0235,3.382
1395,9,39,0.658,1000.000,0.0255,3.268
1395,10,40,0.358,1035.566,0.0395,3.909
1395,11,41,54.732,0.000,1.9831,102.728
1395,12,42,0.920,0.000,4.4596,21.078
1395,13,43,0.216,0.000,3.0383,0.621
1395,14,44,0.357,0.000,0.0185,1.228
1395,15,45,0.620,0.000,0.0185,0.620
1396,0,31,0.938,0.000,0.0196,3.231
1396,1,32,0.346,0.000,0.0257,3.381
1396,2,33,0.568,0.000,0.0179,3.231
1396,3,34,0.551,0.000,0.0258,3.370
1396,4,35,0.709,0.000,0.0222,3.231
1396,5,36,0.278,0.000,0.0257,3.349
1396,6,37,0.580,0.000,0.0235,3.250
1396,7,38,0.089,0.000,0.0235,3.382
1396,8,39,0.935,1000.000,0.0255,3.268
1396,9,40,0.495,1035.566,0.0395,3.909
1396,10,41,6.288,0.000,1.9831,102.728
1396,11,42,0.341,0.000,4.4596,21.078
1396,12,43,0.568,0.000,3.0383,0.621
1396,13,44,0.471,0.000,0.0185,1.228
1396,14,45,0.568,0.000,0.0185,0.620
1396,15,46,0.917,0.000,0.0184,1.227
1397,0,32,1.029,0.000,0.0257,3.381
1397,1,33,6.222,0.000,0.0179,3.231
1397,2,34,0.530,0.000,0.0258,3.370
1397,3,35,1.006,0.000,0.0222,3.231
1397,4,36,1.366,0.000,0.0257,3.349
1397,5,37,0.627,0.000,0.0235,3.250
1397,6,38,1.115,0.000,0.0235,3.382
1397,7,39,1.006,1000.000,0.0255,3.268
1397,8,40,0.562,1035.566,0.0395,3.909
1397,9,41,88.759,0.000,1.9831,102.728
1397,10,42,0.636,0.000,4.4596,21.078
1397,11,43,0.830,0.000,3.0383,0.621
1397,12,44,0.748,0.000,0.0185,1.228
1397,13,45,1.037,0.000,0.0185,0.620
1397,14,46,0.747,0.000,0.0184,1.227
1397,15,47,0.515,0.000,0.0185,0.620
1398,0,33,0.302,0.000,0.0179,3.231
1398,1,34,1.354,0.000,0.0258,3.370
1398,2,35,0.272,0.000,0.0222,3.231
1398,3,36,0.145,0.000,0.0257,3.349
1398,4,37,0.062,0.000,0.0235,3.250
1398,5,38,0.912,0.000,0.0235,3.382
1398,6,39,0.196,1000.000,0.0255,3.268
1398,7,40,0.270,1035.566,0.0395,3.909
1398,8,41,2.588,0.000,1.9831,102.728
1398,9,42,0.400,0.000,4.4596,21.078
1398,10,43,0.701,0.000,3.0383,0.621
1398,11,44,0.411,0.000,0.0185,1.228
1398,12,45,0.270,0.000,0.0185,0.620
1398,13,46,0.680,0.000,0.0184,1.227
1398,14,47,0.548,0.000,0.0185,0.620
1398,15,48,2.361,0.000,0.0184,1.227
1399,0,34,1.159,0.000,0.0258,3.370
1399,1,35,0.619,0.000,0.0222,3.231
1399,2,36,1.744,0.000,0.0257,3.349
1399,3,37,1.381,0.000,0.0235,3.250
1399,4,38,1.151,0.000,0.0235,3.382
1399,5,39,2.237,1000.000,0.0255,3.268
1399,6,40,1.019,1035.566,0.0395,3.909
1399,7,41,12.372,0.000,1.9831,102.728
1399,8,42,1.712,0.000,4.4596,21.078
1399,9,43,1.627,0.000,3.0383,0.621
1399,10,44,1.015,0.000,0.0185,1.228
1399,11,45,0.578,0.000,0.0185,0.620
1399,12,46,1.477,0.000,0.0184,1.227
1399,13,47,0.644,0.000,0.0185,0.620
1399,14,48,0.911,0.000,0.0184,1.227
1399,15,49,0.465,0.000,0.0185,0.620
1400,0,35,0.652,0.000,0.0222,3.231
1400,1,36,0.242,0.000,0.0257,3.349
1400,2,37,0.261,0.000,0.0235,3.250
1400,3,38,0.839,0.000,0.0235,3.382
1400,4,39,93.450,1000.000,0.0255,3.268
1400,5,40,2.768,1035.566,0.0395,3.909
1400,6,41,2.008,0.000,1.9831,102.728
1400,7,42,3.536,0.000,4.4596,21.078
1400,8,43,1.794,0.000,3.0383,0.621
1400,9,44,1.368,0.000,0.0185,1.228
1400,10,45,0.646,0.000,0.0185,0.620
1400,11,46,1.455,0.000,0.0184,1.227
1400,12,47,1.147,0.000,0.0185,0.620
1400,13,48,1.292,0.000,0.0184,1.227
1400,14,49,0.975,0.000,0.0185,0.620
1400,15,50,3.085,0.000,0.0183,1.227
1401,0,36,0.182,0.000,0.0257,3.349
1401,1,37,0.080,0.000,0.0235,3.250
1401,2,38,98.306,0.000,0.0235,3.382
1401,3,39,153.278,1000.000,0.0255,3.268
1401,4,40,99.946,1035.566,0.0395,3.909
1401,5,41,4.129,0.000,1.9831,102.728
1401,6,42,3.434,0.000,4.4596,21.078
1401,7,43,3.412,0.000,3.0383,0.621
1401,8,44,3.018,0.000,0.0185,1.228
1401,9,45,2.560,0.000,0.0185,0.620
1401,10,46,2.704,0.000,0.0184,1.227
1401,11,47,2.113,0.000,0.0185,0.620
1401,12,48,2.076,0.000,0.0184,1.227
1401,13,49,1.548,0.000,0.0185,0.620
1401,14,50,1.232,0.000,0.0183,1.227
1401,15,51,1.263,0.000,0.0185,0.620
1402,0,37,5.429,0.000,0.0235,3.250
1402,1,38,7.160,0.000,0.0235,3.382
1402,2,39,97.283,1000.000,0.0255,3.268
1402,3,40,8.825,1035.566,0.0395,3.909
1402,4,41,2.343,0.000,1.9831,102.728
1402,5,42,1.282,0.000,4.4596,21.078
1402,6,43,0.528,0.000,3.0383,0.621
1402,7,44,1.711,0.000,0.0185,1.228
1402,8,45,0.776,0.000,0.0185,0.620
1402,9,46,0.568,0.000,0.0184,1.227
1402,10,47,0.491,0.000,0.0185,0.620
1402,11,48,1.402,0.000,0.0184,1.227
1402,12,49,0.707,0.000,0.0185,0.620
1402,13,50,0.747,0.000,0.0183,1.227
1402,14,51,0.890,0.000,0.0185,0.620
1402,15,52,2.287,0.000,0.0183,1.226
1403,0,38,0.890,0.000,0.0235,3.382
1403,1,39,0.730,1000.000,0.0255,3.268
1403,2,40,0.652,1035.566,0.0395,3.909
1403,3,41,8.338,0.000,1.9831,102.728
1403,4,42,1.131,0.000,4.4596,21.078
1403,5,43,0.673,0.000,3.0383,0.621
1403,6,44,0.517,0.000,0.0185,1.228
1403,7,45,0.684,0.000,0.0185,0.620
1403,8,46,0.690,0.000,0.0184,1.227
1403,9,47,0.678,0.000,0.0185,0.620
1403,10,48,0.586,0.000,0.0184,1.227
1403,11,49,0.645,0.000,0.0185,0.620
1403,12,50,0.311,0.000,0.0183,1.227
1403,13,51,0.281,0.000,0.0185,0.620
1403,14,52,0.671,0.000,0.0183,1.226
1403,15,53,0.526,258.819,0.0184,0.620
1404,0,39,0.779,1000.000,0.0255,3.268
1404,1,40,0.531,1035.566,0.0395,3.909
1404,2,41,1.349,0.000,1.9831,102.728
1404,3,42,0.598,0.000,4.4596,21.078
1404,4,43,1.571,0.000,3.0383,0.621
1404,5,44,0.267,0.000,0.0185,1.228
1404,6,45,0.384,0.000,0.0185,0.620
1404,7,46,0.646,0.000,0.0184,1.227
1404,8,47,0.485,0.000,0.0185,0.620
1404,9,48,0.222,0.000,0.0184,1.227
1404,10,49,0.510,0.000,0.0185,0.620
1404,11,50,0.276,0.000,0.0183,1.227
1404,12,51,0.641,0.000,0.0185,0.620
1404,13,52,0.336,0.000,0.0183,1.226
1404,14,53,0.160,258.819,0.0184,0.620
1404,15,54,0.513,0.000,0.0183,25.738
1405,0,40,0.296,1035.566,0.0395,3.909
1405,1,41,1.481,0.000,1.9831,102.728
1405,2,42,0.286,0.000,4.4596,21.078
1405,3,43,0.391,0.000,3.0383,0.621
1405,4,44,0.597,0.000,0.0185,1.228
1405,5,45,0.375,0.000,0.0185,0.620
1405,6,46,0.301,0.000,0.0184,1.227
1405,7,47,0.548,0.000,0.0185,0.620
1405,8,48,0.636,0.000,0.0184,1.227
1405,9,49,0.254,0.000,0.0185,0.620
1405,10,50,0.697,0.000,0.0183,1.227
1405,11,51,0.166,0.000,0.0185,0.620
1405,12,52,0.585,0.000,0.0183,1.226
1405,13,53,0.239,258.819,0.0184,0.620
1405,14,54,0.406,0.000,0.0183,25.738
1405,15,55,0.867,241.181,0.0184,3.858
1406,0,41,1.033,0.000,1.9831,102.728
1406,1,42,0.631,0.000,4.4596,21.078
1406,2,43,0.470,0.000,3.0383,0.621
1406,3,44,0.195,0.000,0.0185,1.228
1406,4,45,0.273,0.000,0.0185,0.620
1406,5,46,0.502,0.000,0.0184,1.227
1406,6,47,0.903,0.000,0.0185,0.620
1406,7,48,0.347,0.000,0.0184,1.227
1406,8,49,0.212,0.000,0.0185,0.620
1406,9,50,0.151,0.000,0.0183,1.227
1406,10,51,0.356,0.000,0.0185,0.620
1406,11,52,0.452,0.000,0.0183,1.226
1406,12,53,0.989,258.819,0.0184,0.620
1406,13,54,0.263,0.000,0.0183,25.738
1406,14,55,0.330,241.181,0.0184,3.858
1406,15,56,1.037,207.107,0.0181,23.208
1407,0,42,0.241,0.000,4.4596,21.078
1407,1,43,0.342,0.000,3.0383,0.621
1407,2,44,0.950,0.000,0.0185,1.228
1407,3,45,0.283,0.000,0.0185,0.620
1407,4,46,0.572,0.000,0.0184,1.227
1407,5,47,0.424,0.000,0.0185,0.620
1407,6,48,1.332,0.000,0.0184,1.227
1407,7,49,0.623,0.000,0.0185,0.620
1407,8,50,0.615,0.000,0.0183,1.227
1407,9,51,0.752,0.000,0.0185,0.620
1407,10,52,0.596,0.000,0.0183,1.226
1407,11,53,0.525,258.819,0.0184,0.620
1407,12,54,0.336,0.000,0.0183,25.738
1407,13,55,0.368,241.181,0.0184,3.858
1407,14,56,0.538,207.107,0.0181,23.208
1407,15,57,0.370,158.918,0.0178,19.579
1408,0,43,1.051,0.000,3.0383,0.621
1408,1,44,1.607,0.000,0.0185,1.228
1408,2,45,0.344,0.000,0.0185,0.620
1408,3,46,0.664,0.000,0.0184,1.227
1408,4,47,0.405,0.000,0.0185,0.620
1408,5,48,0.487,0.000,0.0184,1.227
1408,6,49,0.461,0.000,0.0185,0.620
1408,7,50,0.588,0.000,0.0183,1.227
1408,8,51,0.933,0.000,0.0185,0.620
1408,9,52,0.554,0.000,0.0183,1.226
1408,10,53,0.213,258.819,0.0184,0.620
1408,11,54,0.475,0.000,0.0183,25.738
1408,12,55,0.288,241.181,0.0184,3.858
1408,13,56,0.186,207.107,0.0181,23.208
1408,14,57,0.268,158.918,0.0178,19.579
1408,15,58,0.521,99.901,0.0174,14.895
1409,0,44,2.595,0.000,0.0185,1.228
1409,1,45,0.627,0.000,0.0185,0.620
1409,2,46,0.580,0.000,0.0184,1.227
1409,3,47,0.573,0.000,0.0185,0.620
1409,4,48,1.282,0.000,0.0184,1.227
1409,5,49,0.491,0.000,0.0185,0.620
1409,6,50,0.642,0.000,0.0183,1.227
1409,7,51,0.673,0.000,0.0185,0.620
1409,8,52,0.374,0.000,0.0183,1.226
1409,9,53,0.763,258.819,0.0184,0.620
1409,10,54,0.603,0.000,0.0183,25.738
1409,11,55,0.629,241.181,0.0184,3.858
1409,12,56,0.276,207.107,0.0181,23.208
1409,13,57,0.603,158.918,0.0178,19.579
1409,14,58,0.980,99.901,0.0174,14.895
1409,15,59,0.366,34.075,0.0168,9.361
1410,0,45,0.583,0.000,0.0185,0.620
1410,1,46,0.969,0.000,0.0184,1.227
1410,2,47,1.342,0.000,0.0185,0.620
1410,3,48,0.714,0.000,0.0184,1.227
1410,4,49,0.686,0.000,0.0185,0.620
1410,5,50,0.824,0.000,0.0183,1.227
1410,6,51,1.593,0.000,0.0185,0.620
1410,7,52,1.092,0.000,0.0183,1.226
1410,8,53,1.167,258.819,0.0184,0.620
1410,9,54,1.732,0.000,0.0183,25.738
1410,10,55,0.683,241.181,0.0184,3.858
1410,11,56,1.325,207.107,0.0181,23.208
1410,12,57,1.287,158.918,0.0178,19.579
1410,13,58,1.344,99.901,0.0174,14.895
1410,14,59,1.738,34.075,0.0168,9.361
1410,15,60,7.339,0.000,0.0163,3.216
1411,0,46,0.346,0.000,0.0184,1.227
1411,1,47,0.252,0.000,0.0185,0.620
1411,2,48,0.555,0.000,0.0184,1.227
1411,3,49,0.350,0.000,0.0185,0.620
1411,4,50,0.284,0.000,0.0183,1.227
1411,5,51,0.616,0.000,0.0185,0.620
1411,6,52,0.304,0.000,0.0183,1.226
1411,7,53,0.260,258.819,0.0184,0.620
1411,8,54,0.468,0.000,0.0183,25.738
1411,9,55,0.214,241.181,0.0184,3.858
1411,10,56,0.315,207.107,0.0181,23.208
1411,11,57,0.407,158.918,0.0178,19.579
1411,12,58,0.636,99.901,0.0174,14.895
1411,13,59,0.103,34.075,0.0168,9.361
1411,14,60,0.337,0.000,0.0163,3.216
1411,15,61,0.316,0.000,0.0159,0.623
1412,0,47,0.605,0.000,0.0185,0.620
1412,1,48,1.148,0.000,0.0184,1.227
1412,2,49,0.611,0.000,0.0185,0.620
1412,3,50,0.609,0.000,0.0183,1.227
1412,4,51,0.958,0.000,0.0185,0.620
1412,5,52,1.043,0.000,0.0183,1.226
1412,6,53,0.416,258.819,0.0184,0.620
1412,7,54,0.783,0.000,0.0183,25.738
1412,8,55,0.484,241.181,0.0184,3.858
1412,9,56,0.786,207.107,0.0181,23.208
1412,10,57,0.969,158.918,0.0178,19.579
1412,11,58,0.947,99.901,0.0174,14.895
1412,12,59,1.387,34.075,0.0168,9.361
1412,13,60,0.524,0.000,0.0163,3.216
1412,14,61,0.479,0.000,0.0159,0.623
1412,15,62,0.445,0.000,0.0157,1.236
1413,0,48,0.446,0.000,0.0184,1.227
1413,1,49,0.176,0.000,0.0185,0.620
1413,2,50,0.327,0.000,0.0183,1.227
1413,3,51,0.247,0.000,0.0185,0.620
1413,4,52,0.458,0.000,0.0183,1.226
1413,5,53,0.716,258.819,0.0184,0.620
1413,6,54,0.753,0.000,0.0183,25.738
1413,7,55,0.265,241.181,0.0184,3.858
1413,8,56,0.493,207.107,0.0181,23.208
1413,9,57,0.769,158.918,0.0178,19.579
1413,10,58,0.578,99.901,0.0174,14.895
1413,11,59,0.695,34.075,0.0168,9.361
1413,12,60,0.337,0.000,0.0163,3.216
1413,13,61,0.582,0.000,0.0159,0.623
1413,14,62,1.302,0.000,0.0157,1.236
1413,15,63,0.353,0.000,0.0159,0.624
1414,0,49,0.780,0.000,0.0185,0.620
1414,1,50,0.202,0.000,0.0183,1.227
1414,2,51,0.868,0.000,0.0185,0.620
1414,3,52,0.562,0.000,0.0183,1.226
1414,4,53,1.211,258.819,0.0184,0.620
1414,5,54,0.782,0.000,0.0183,25.738
1414,6,55,2.521,241.181,0.0184,3.858
1414,7,56,0.640,207.107,0.0181,23.208
1414,8,57,1.128,158.918,0.0178,19.579
1414,9,58,1.688,99.901,0.0174,14.895
1414,10,59,0.532,34.075,0.0168,9.361
1414,11,60,0.255,0.000,0.0163,3.216
1414,12,61,0.586,0.000,0.0159,0.623
1414,13,62,0.745,0.000,0.0157,1.236
1414,14,63,0.493,0.000,0.0159,0.624
1414,15,64,0.389,0.000,0.0159,1.237
1415,0,50,0.474,0.000,0.0183,1.227
1415,1,51,1.173,0.000,0.0185,0.620
1415,2,52,2.838,0.000,0.0183,1.226
1415,3,53,2.982,258.819,0.0184,0.620
1415,4,54,5.135,0.000,0.0183,25.738
1415,5,55,6.121,241.181,0.0184,3.858
1415,6,56,4.387,207.107,0.0181,23.208
1415,7,57,4.579,158.918,0.0178,19.579
1415,8,58,2.368,99.901,0.0174,14.895
1415,9,59,1.356,34.075,0.0168,9.361
1415,10,60,0.641,0.000,0.0163,3.216
1415,11,61,0.548,0.000,0.0159,0.623
1415,12,62,1.044,0.000,0.0157,1.236
1415,13,63,0.979,0.000,0.0159,0.624
1415,14,64,0.885,0.000,0.0159,1.237
1415,15,65,0.539,0.000,0.0158,0.621
1416,0,51,0.604,0.000,0.0185,0.620
1416,1,52,1.119,0.000,0.0183,1.226
1416,2,53,0.557,258.819,0.0184,0.620
1416,3,54,1.116,0.000,0.0183,25.738
1416,4,55,2.700,241.181,0.0184,3.858
1416,5,56,3.423,207.107,0.0181,23.208
1416,6,57,3.544,158.918,0.0178,19.579
1416,7,58,2.260,99.901,0.0174,14.895
1416,8,59,1.778,34.075,0.0168,9.361
1416,9,60,0.572,0.000,0.0163,3.216
1416,10,61,0.604,0.000,0.0159,0.623
1416,11,62,0.841,0.000,0.0157,1.236
1416,12,63,0.562,0.000,0.0159,0.624
1416,13,64,0.678,0.000,0.0159,1.237
1416,14,65,0.586,0.000,0.0158,0.621
1416,15,66,0.621,0.000,0.0157,1.234
1417,0,52,0.427,0.000,0.0183,1.226
1417,1,53,0.967,258.819,0.0184,0.620
1417,2,54,0.582,0.000,0.0183,25.738
1417,3,55,0.795,241.181,0.0184,3.858
1417,4,56,1.144,207.107,0.0181,23.208
1417,5,57,1.074,158.918,0.0178,19.579
1417,6,58,0.822,99.901,0.0174,14.895
1417,7,59,0.784,34.075,0.0168,9.361
1417,8,60,0.465,0.000,0.0163,3.216
1417,9,61,0.407,0.000,0.0159,0.623
1417,10,62,0.422,0.000,0.0157,1.236
1417,11,63,0.252,0.000,0.0159,0.624
1417,12,64,0.340,0.000,0.0159,1.237
1417,13,65,0.158,0.000,0.0158,0.621
1417,14,66,0.815,0.000,0.0157,1.234
1417,15,67,0.387,0.000,0.0157,0.623
1418,0,53,0.865,258.819,0.0184,0.620
1418,1,54,0.853,0.000,0.0183,25.738
1418,2,55,0.568,241.181,0.0184,3.858
1418,3,56,0.642,207.107,0.0181,23.208
1418,4,57,1.156,158.918,0.0178,19.579
1418,5,58,0.911,99.901,0.0174,14.895
1418,6,59,0.441,34.075,0.0168,9.361
1418,7,60,0.222,0.000,0.0163,3.216
1418,8,61,0.124,0.000,0.0159,0.623
1418,9,62,0.838,0.000,0.0157,1.236
1418,10,63,0.283,0.000,0.0159,0.624
1418,11,64,0.441,0.000,0.0159,1.237
1418,12,65,1.059,0.000,0.0158,0.621
1418,13,66,0.363,0.000,0.0157,1.234
1418,14,67,0.717,0.000,0.0157,0.623
1418,15,68,4.536,0.000,0.0158,1.235
1419,0,54,0.520,0.000,0.0183,25.738
1419,1,55,1.861,241.181,0.0184,3.858
1419,2,56,1.230,207.107,0.0181,23.208
1419,3,57,2.048,158.918,0.0178,19.579
1419,4,58,1.540,99.901,0.0174,14.895
1419,5,59,0.952,34.075,0.0168,9.361
1419,6,60,0.388,0.000,0.0163,3.216
1419,7,61,0.636,0.000,0.0159,0.623
1419,8,62,1.107,0.000,0.0157,1.236
1419,9,63,0.447,0.000,0.0159,0.624
1419,10,64,0.347,0.000,0.0159,1.237
1419,11,65,0.845,0.000,0.0158,0.621
1419,12,66,0.436,0.000,0.0157,1.234
1419,13,67,0.321,0.000,0.0157,0.623
1419,14,68,0.411,0.000,0.0158,1.235
1419,15,69,0.484,0.000,0.0158,0.623
1420,0,55,2.716,241.181,0.0184,3.858
1420,1,56,0.513,207.107,0.0181,23.208
1420,2,57,0.346,158.918,0.0178,19.579
1420,3,58,0.260,99.901,0.0174,14.895
1420,4,59,0.274,34.075,0.0168,9.361
1420,5,60,0.669,0.000,0.0163,3.216
1420,6,61,0.358,0.000,0.0159,0.623
1420,7,62,0.273,0.000,0.0157,1.236
1420,8,63,0.299,0.000,0.0159,0.624
1420,9,64,0.623,0.000,0.0159,1.237
1420,10,65,0.313,0.000,0.0158,0.621
1420,11,66,0.817,0.000,0.0157,1.234
1420,12,67,0.783,0.000,0.0157,0.623
1420,13,68,0.277,0.000,0.0158,1.235
1420,14,69,0.216,0.000,0.0158,0.623
1420,15,70,0.304,0.000,0.0158,1.235
1421,0,56,1.482,207.107,0.0181,23.208
1421,1,57,1.443,158.918,0.0178,19.579
1421,2,58,0.879,99.901,0.0174,14.895
1421,3,59,0.409,34.075,0.0168,9.361
1421,4,60,0.463,0.000,0.0163,3.216
1421,5,61,0.326,0.000,0.0159,0.623
1421,6,62,0.400,0.000,0.0157,1.236
1421,7,63,0.246,0.000,0.0159,0.624
1421,8,64,0.295,0.000,0.0159,1.237
1421,9,65,0.212,0.000,0.0158,0.621
1421,10,66,0.448,0.000,0.0157,1.234
1421,11,67,0.318,0.000,0.0157,0.623
1421,12,68,0.542,0.000,0.0158,1.235
1421,13,69,0.163,0.000,0.0158,0.623
1421,14,70,2.982,0.000,0.0158,1.235
1421,15,71,0.249,0.000,0.0158,0.623
1422,0,57,1.399,158.918,0.0178,19.579
1422,1,58,0.357,99.901,0.0174,14.895
1422,2,59,0.613,34.075,0.0168,9.361
1422,3,60,0.568,0.000,0.0163,3.216
1422,4,61,0.357,0.000,0.0159,0.623
1422,5,62,0.503,0.000,0.0157,1.236
1422,6,63,1.273,0.000,0.0159,0.624
1422,7,64,0.782,0.000,0.0159,1.237
1422,8,65,0.543,0.000,0.0158,0.621
1422,9,66,0.963,0.000,0.0157,1.234
1422,10,67,3.462,0.000,0.0157,0.623
1422,11,68,1.223,0.000,0.0158,1.235
1422,12,69,0.492,0.000,0.0158,0.623
1422,13,70,0.869,0.000,0.0158,1.235
1422,14,71,2.951,0.000,0.0158,0.623
1422,15,72,2.152,0.000,0.0157,1.235
1423,0,58,4.027,99.901,0.0174,14.895
1423,1,59,1.146,34.075,0.0168,9.361
1423,2,60,0.665,0.000,0.0163,3.216
1423,3,61,0.771,0.000,0.0159,0.623
1423,4,62,0.385,0.000,0.0157,1.236
1423,5,63,0.199,0.000,0.0159,0.624
1423,6,64,0.223,0.000,0.0159,1.237
1423,7,65,0.590,0.000,0.0158,0.621
1423,8,66,0.535,0.000,0.0157,1.234
1423,9,67,0.518,0.000,0.0157,0.623
1423,10,68,0.478,0.000,0.0158,1.235
1423,11,69,0.826,0.000,0.0158,0.623
1423,12,70,0.724,0.000,0.0158,1.235
1423,13,71,0.381,0.000,0.0158,0.623
1423,14,72,0.227,0.000,0.0157,1.235
1423,15,73,0.826,0.000,0.0158,0.623
1424,0,59,0.824,34.075,0.0168,9.361
1424,1,60,2.031,0.000,0.0163,3.216
1424,2,61,0.476,0.000,0.0159,0.623
1424,3,62,0.896,0.000,0.0157,1.236
1424,4,63,0.256,0.000,0.0159,0.624
1424,5,64,0.424,0.000,0.0159,1.237
1424,6,65,0.899,0.000,0.0158,0.621
1424,7,66,0.287,0.000,0.0157,1.234
1424,8,67,0.267,0.000,0.0157,0.623
1424,9,68,0.216,0.000,0.0158,1.235
1424,10,69,0.556,0.000,0.0158,0.623
1424,11,70,0.270,0.000,0.0158,1.235
1424,12,71,0.101,0.000,0.0158,0.623
1424,13,72,0.316,0.000,0.0157,1.235
1424,14,73,0.566,0.000,0.0158,0.623
1424,15,74,1.717,0.000,0.0156,1.235
1425,0,60,1.824,0.000,0.0163,3.216
1425,1,61,1.330,0.000,0.0159,0.623
1425,2,62,1.128,0.000,0.0157,1.236
1425,3,63,1.326,0.000,0.0159,0.624
1425,4,64,1.462,0.000,0.0159,1.237
1425,5,65,0.454,0.000,0.0158,0.621
1425,6,66,0.865,0.000,0.0157,1.234
1425,7,67,1.207,0.000,0.0157,0.623
1425,8,68,0.887,0.000,0.0158,1.235
1425,9,69,0.506,0.000,0.0158,0.623
1425,10,70,0.999,0.000,0.0158,1.235
1425,11,71,0.442,0.000,0.0158,0.623
1425,12,72,0.497,0.000,0.0157,1.235
1425,13,73,1.788,0.000,0.0158,0.623
1425,14,74,1.990,0.000,0.0156,1.235
1425,15,75,1.292,0.000,0.0159,0.623
1426,0,61,0.554,0.000,0.0159,0.623
1426,1,62,0.207,0.000,0.0157,1.236
1426,2,63,0.437,0.000,0.0159,0.624
1426,3,64,0.427,0.000,0.0159,1.237
1426,4,65,0.110,0.000,0.0158,0.621
1426,5,66,0.296,0.000,0.0157,1.234
1426,6,67,0.387,0.000,0.0157,0.623
1426,7,68,0.363,0.000,0.0158,1.235
1426,8,69,0.634,0.000,0.0158,0.623
1426,9,70,0.340,0.000,0.0158,1.235
1426,10,71,0.436,0.000,0.0158,0.623
1426,11,72,0.855,0.000,0.0157,1.235
1426,12,73,0.670,0.000,0.0158,0.623
1426,13,74,0.830,0.000,0.0156,1.235
1426,14,75,0.500,0.000,0.0159,0.623
1426,15,76,3.169,0.000,0.0157,0.617
1427,0,62,1.873,0.000,0.0157,1.236
1427,1,63,0.626,0.000,0.0159,0.624
1427,2,64,0.268,0.000,0.0159,1.237
1427,3,65,0.384,0.000,0.0158,0.621
1427,4,66,0.751,0.000,0.0157,1.234
1427,5,67,0.097,0.000,0.0157,0.623
1427,6,68,0.346,0.000,0.0158,1.235
1427,7,69,0.601,0.000,0.0158,0.623
1427,8,70,0.560,0.000,0.0158,1.235
1427,9,71,0.081,0.000,0.0158,0.623
1427,10,72,0.417,0.000,0.0157,1.235
1427,11,73,0.408,0.000,0.0158,0.623
1427,12,74,0.370,0.000,0.0156,1.235
1427,13,75,0.562,0.000,0.0159,0.623
1427,14,76,0.340,0.000,0.0157,0.617
1427,15,77,0.262,1000.000,0.0110,0.615
1428,0,63,0.342,0.000,0.0159,0.624
1428,1,64,0.729,0.000,0.0159,1.237
1428,2,65,0.285,0.000,0.0158,0.621
1428,3,66,0.456,0.000,0.0157,1.234
1428,4,67,0.414,0.000,0.0157,0.623
1428,5,68,0.949,0.000,0.0158,1.235
1428,6,69,0.687,0.000,0.0158,0.623
1428,7,70,0.168,0.000,0.0158,1.235
1428,8,71,0.529,0.000,0.0158,0.623
1428,9,72,0.375,0.000,0.0157,1.235
1428,10,73,0.535,0.000,0.0158,0.623
1428,11,74,0.553,0.000,0.0156,1.235
1428,12,75,0.241,0.000,0.0159,0.623
1428,13,76,0.506,0.000,0.0157,0.617
1428,14,77,0.850,1000.000,0.0110,0.615
1428,15,78,0.695,19.390,0.0110,1.939
1429,0,64,0.654,0.000,0.0159,1.237
1429,1,65,0.694,0.000,0.0158,0.621
1429,2,66,0.636,0.000,0.0157,1.234
1429,3,67,0.702,0.000,0.0157,0.623
1429,4,68,0.068,0.000,0.0158,1.235
1429,5,69,0.467,0.000,0.0158,0.623
1429,6,70,1.224,0.000,0.0158,1.235
1429,7,71,0.425,0.000,0.0158,0.623
1429,8,72,0.427,0.000,0.0157,1.235
1429,9,73,0.244,0.000,0.0158,0.623
1429,10,74,0.566,0.000,0.0156,1.235
1429,11,75,0.676,0.000,0.0159,0.623
1429,12,76,0.627,0.000,0.0157,0.617
1429,13,77,1.516,1000.000,0.0110,0.615
1429,14,78,1.984,19.390,0.0110,1.939
1430,0,65,0.547,0.000,0.0158,0.621
1430,1,66,0.765,0.000,0.0157,1.234
1430,2,67,0.441,0.000,0.0157,0.623
1430,3,68,0.237,0.000,0.0158,1.235
1430,4,69,0.566,0.000,0.0158,0.623
1430,5,70,0.368,0.000,0.0158,1.235
1430,6,71,0.365,0.000,0.0158,0.623
1430,7,72,0.493,0.000,0.0157,1.235
1430,8,73,0.388,0.000,0.0158,0.623
1430,9,74,0.527,0.000,0.0156,1.235
1430,10,75,0.293,0.000,0.0159,0.623
1430,11,76,0.836,0.000,0.0157,0.617
1430,12,77,0.637,1000.000,0.0110,0.615
1430,13,78,0.684,19.390,0.0110,1.939
1431,0,66,1.327,0.000,0.0157,1.234
1431,1,67,0.570,0.000,0.0157,0.623
1431,2,68,0.298,0.000,0.0158,1.235
1431,3,69,0.479,0.000,0.0158,0.623
1431,4,70,0.123,0.000,0.0158,1.235
1431,5,71,0.425,0.000,0.0158,0.623
1431,6,72,0.583,0.000,0.0157,1.235
1431,7,73,0.491,0.000,0.0158,0.623
1431,8,74,0.252,0.000,0.0156,1.235
1431,9,75,0.105,0.000,0.0159,0.623
1431,10,76,0.583,0.000,0.0157,0.617
1431,11,77,0.510,1000.000,0.0110,0.615
1431,12,78,0.218,19.390,0.0110,1.939
1432,0,67,0.798,0.000,0.0157,0.623
1432,1,68,0.502,0.000,0.0158,1.235
1432,2,69,0.302,0.000,0.0158,0.623
1432,3,70,0.565,0.000,0.0158,1.235
1432,4,71,0.351,0.000,0.0158,0.623
1432,5,72,0.321,0.000,0.0157,1.235
1432,6,73,0.237,0.000,0.0158,0.623
1432,7,74,0.329,0.000,0.0156,1.235
1432,8,75,0.373,0.000,0.0159,0.623
1432,9,76,0.158,0.000,0.0157,0.617
1432,10,77,0.771,1000.000,0.0110,0.615
1432,11,78,1.317,19.390,0.0110,1.939
1433,0,68,2.506,0.000,0.0158,1.235
1433,1,69,1.934,0.000,0.0158,0.623
1433,2,70,0.847,0.000,0.0158,1.235
1433,3,71,0.579,0.000,0.0158,0.623
1433,4,72,0.928,0.000,0.0157,1.235
1433,5,73,0.546,0.000,0.0158,0.623
1433,6,74,0.870,0.000,0.0156,1.235
1433,7,75,1.180,0.000,0.0159,0.623
1433,8,76,1.322,0.000,0.0157,0.617
1433,9,77,0.999,1000.000,0.0110,0.615
1433,10,78,0.466,19.390,0.0110,1.939
1434,0,69,0.366,0.000,0.0158,0.623
1434,1,70,0.196,0.000,0.0158,1.235
1434,2,71,0.272,0.000,0.0158,0.623
1434,3,72,0.826,0.000,0.0157,1.235
1434,4,73,0.299,0.000,0.0158,0.623
1434,5,74,0.203,0.000,0.0156,1.235
1434,6,75,0.809,0.000,0.0159,0.623
1434,7,76,0.895,0.000,0.0157,0.617
1434,8,77,0.911,1000.000,0.0110,0.615
1434,9,78,0.398,19.390,0.0110,1.939
1435,0,70,0.817,0.000,0.0158,1.235
1435,1,71,1.176,0.000,0.0158,0.623
1435,2,72,0.560,0.000,0.0157,1.235
1435,3,73,0.316,0.000,0.0158,0.623
1435,4,74,1.079,0.000,0.0156,1.235
1435,5,75,1.427,0.000,0.0159,0.623
1435,6,76,0.506,0.000,0.0157,0.617
1435,7,77,1.449,1000.000,0.0110,0.615
1435,8,78,1.347,19.390,0.0110,1.939
1436,0,71,1.331,0.000,0.0158,0.623
1436,1,72,0.747,0.000,0.0157,1.235
1436,2,73,0.541,0.000,0.0158,0.623
1436,3,74,0.541,0.000,0.0156,1.235
1436,4,75,0.508,0.000,0.0159,0.623
1436,5,76,1.011,0.000,0.0157,0.617
1436,6,77,1.138,1000.000,0.0110,0.615
1436,7,78,1.214,19.390,0.0110,1.939
1437,0,72,1.022,0.000,0.0157,1.235
1437,1,73,0.743,0.000,0.0158,0.623
1437,2,74,0.418,0.000,0.0156,1.235
1437,3,75,0.767,0.000,0.0159,0.623
1437,4,76,0.779,0.000,0.0157,0.617
1437,5,77,0.346,1000.000,0.0110,0.615
1437,6,78,0.801,19.390,0.0110,1.939
1438,0,73,2.381,0.000,0.0158,0.623
1438,1,74,0.722,0.000,0.0156,1.235
1438,2,75,1.483,0.000,0.0159,0.623
1438,3,76,0.720,0.000,0.0157,0.617
1438,4,77,0.953,1000.000,0.0110,0.615
1438,5,78,0.704,19.390,0.0110,1.939
1439,0,74,1.238,0.000,0.0156,1.235
1439,1,75,1.409,0.000,0.0159,0.623
1439,2,76,0.846,0.000,0.0157,0.617
1439,3,77,1.098,1000.000,0.0110,0.615
1439,4,78,0.878,19.390,0.0110,1.939
1440,0,75,0.676,0.000,0.0159,0.623
1440,1,76,0.501,0.000,0.0157,0.617
1440,2,77,0.512,1000.000,0.0110,0.615
1440,3,78,1.203,19.390,0.0110,1.939
1441,0,76,1.252,0.000,0.0157,0.617
1441,1,77,1.311,1000.000,0.0110,0.615
1441,2,78,0.815,19.390,0.0110,1.939
1442,0,77,1.003,1000.000,0.0110,0.615
1442,1,78,0.862,19.390,0.0110,1.939
1443,0,78,3.483,19.390,0.0110,1.939
1445,0,0,98.899,1000.000,0.0108,1.256
1445,1,1,4.955,33.383,0.0107,3.338
1445,2,2,2.492,33.429,2.7136,3.343
1445,3,3,152.610,1612.938,0.0140,161.294
1445,4,4,131.289,1461.971,6.3748,146.197
1445,5,5,41.363,1037.115,4.4909,103.711
1445,6,6,39.653,396.774,2.4004,39.677
1445,7,7,0.606,0.001,0.0301,0.000
1445,8,8,1.523,0.000,0.0304,0.000
1445,9,9,0.731,0.000,0.0304,0.000
1445,10,10,0.674,0.000,0.0304,0.000
1445,11,11,0.839,0.000,0.0304,0.000
1445,12,12,1.124,0.000,0.0304,0.000
1445,13,13,1.747,0.000,0.0304,0.000
1445,14,14,1.021,0.000,0.0304,0.000
1445,15,15,0.821,0.000,0.0304,0.000
1446,0,1,1.160,33.383,0.0107,3.338
1446,1,2,1.207,33.429,2.7136,3.343
1446,2,3,1.318,1612.938,0.0140,161.294
1446,3,4,3.254,1461.971,6.3748,146.197
1446,4,5,1.752,1037.115,4.4909,103.711
1446,5,6,7.747,396.774,2.4004,39.677
1446,6,7,1.020,0.001,0.0301,0.000
1446,7,8,0.970,0.000,0.0304,0.000
1446,8,9,0.479,0.000,0.0304,0.000
1446,9,10,0.493,0.000,0.0304,0.000
1446,10,11,0.477,0.000,0.0304,0.000
1446,11,12,0.483,0.000,0.0304,0.000
1446,12,13,1.668,0.000,0.0304,0.000
1446,13,14,0.508,0.000,0.0304,0.000
1446,14,15,0.658,0.000,0.0304,0.000
1446,15,16,0.542,3806.018,0.0304,0.000
1447,0,2,1.711,33.429,2.7136,3.343
1447,1,3,1.010,1612.938,0.0140,161.294
1447,2,4,3.117,1461.971,6.3748,146.197
1447,3,5,1.245,1037.115,4.4909,103.711
1447,4,6,10.231,396.774,2.4004,39.677
1447,5,7,0.717,0.001,0.0301,0.000
1447,6,8,0.306,0.000,0.0304,0.000
1447,7,9,0.680,0.000,0.0304,0.000
1447,8,10,0.847,0.000,0.0304,0.000
1447,9,11,0.290,0.000,0.0304,0.000
1447,10,12,0.271,0.000,0.0304,0.000
1447,11,13,1.263,0.000,0.0304,0.000
1447,12,14,0.535,0.000,0.0304,0.000
1447,13,15,0.565,0.000,0.0304,0.000
1447,14,16,1.305,3806.018,0.0304,0.000
1447,15,17,1.194,0.000,0.0304,380.602
1448,0,3,0.834,1612.938,0.0140,161.294
1448,1,4,1.810,1461.971,6.3748,146.197
1448,2,5,1.260,1037.115,4.4909,103.711
1448,3,6,1.054,396.774,2.4004,39.677
1448,4,7,0.628,0.001,0.0301,0.000
1448,5,8,0.569,0.000,0.0304,0.000
1448,6,9,0.341,0.000,0.0304,0.000
1448,7,10,0.420,0.000,0.0304,0.000
1448,8,11,0.599,0.000,0.0304,0.000
1448,9,12,1.047,0.000,0.0304,0.000
1448,10,13,0.584,0.000,0.0304,0.000
1448,11,14,0.400,0.000,0.0304,0.000
1448,12,15,0.752,0.000,0.0304,0.000
1448,13,16,0.542,3806.018,0.0304,0.000
1448,14,17,0.522,0.000,0.0304,380.602
1448,15,18,0.798,0.000,0.0304,201.317
1449,0,4,1.996,1461.971,6.3748,146.197
1449,1,5,1.413,1037.115,4.4909,103.711
1449,2,6,8.429,396.774,2.4004,39.677
1449,3,7,1.102,0.001,0.0301,0.000
1449,4,8,0.495,0.000,0.0304,0.000
1449,5,9,0.466,0.000,0.0304,0.000
1449,6,10,0.812,0.000,0.0304,0.000
1449,7,11,0.778,0.000,0.0304,0.000
1449,8,12,0.500,0.000,0.0304,0.000
1449,9,13,0.724,0.000,0.0304,0.000
1449,10,14,0.509,0.000,0.0304,0.000
1449,11,15,1.496,0.000,0.0304,0.000
1449,12,16,0.509,3806.018,0.0304,0.000
1449,13,17,0.582,0.000,0.0304,380.602
1449,14,18,0.083,0.000,0.0304,201.317
1449,15,19,0.418,0.000,5.7607,76.422
1450,0,5,2.543,1037.115,4.4909,103.711
1450,1,6,10.974,396.774,2.4004,39.677
1450,2,7,0.448,0.001,0.0301,0.000
1450,3,8,0.785,0.000,0.0304,0.000
1450,4,9,0.353,0.000,0.0304,0.000
1450,5,10,0.454,0.000,0.0304,0.000
1450,6,11,0.323,0.000,0.0304,0.000
1450,7,12,0.598,0.000,0.0304,0.000
1450,8,13,0.337,0.000,0.0304,0.000
1450,9,14,0.474,0.000,0.0304,0.000
1450,10,15,0.792,0.000,0.0304,0.000
1450,11,16,0.631,3806.018,0.0304,0.000
1450,12,17,1.053,0.000,0.0304,380.602
1450,13,18,1.079,0.000,0.0304,201.317
1450,14,19,0.521,0.000,5.7607,76.422
1450,15,20,0.352,258.819,3.6098,0.977
1451,0,6,1.534,396.774,2.4004,39.677
1451,1,7,0.669,0.001,0.0301,0.000
1451,2,8,1.083,0.000,0.0304,0.000
1451,3,9,1.218,0.000,0.0304,0.000
1451,4,10,0.309,0.000,0.0304,0.000
1451,5,11,0.293,0.000,0.0304,0.000
1451,6,12,0.397,0.000,0.0304,0.000
1451,7,13,0.771,0.000,0.0304,0.000
1451,8,14,0.096,0.000,0.0304,0.000
1451,9,15,0.474,0.000,0.0304,0.000
1451,10,16,0.264,3806.018,0.0304,0.000
1451,11,17,0.500,0.000,0.0304,380.602
1451,12,18,0.262,0.000,0.0304,201.317
1451,13,19,0.798,0.000,5.7607,76.422
1451,14,20,2.666,258.819,3.6098,0.977
1451,15,21,2.075,0.000,0.3236,26.396
1452,0,7,3.237,0.001,0.0301,0.000
1452,1,8,0.438,0.000,0.0304,0.000
1452,2,9,0.215,0.000,0.0304,0.000
1452,3,10,0.264,0.000,0.0304,0.000
1452,4,11,0.483,0.000,0.0304,0.000
1452,5,12,0.528,0.000,0.0304,0.000
1452,6,13,0.340,0.000,0.0304,0.000
1452,7,14,0.733,0.000,0.0304,0.000
1452,8,15,0.615,0.000,0.0304,0.000
1452,9,16,1.000,3806.018,0.0304,0.000
1452,10,17,0.272,0.000,0.0304,380.602
1452,11,18,0.228,0.000,0.0304,201.317
1452,12,19,0.407,0.000,5.7607,76.422
1452,13,20,0.157,258.819,3.6098,0.977
1452,14,21,0.450,0.000,0.3236,26.396
1452,15,22,0.124,241.181,0.0140,2.603
1453,0,8,1.416,0.000,0.0304,0.000
1453,1,9,2.827,0.000,0.0304,0.000
1453,2,10,2.095,0.000,0.0304,0.000
1453,3,11,1.032,0.000,0.0304,0.000
1453,4,12,2.346,0.000,0.0304,0.000
1453,5,13,1.624,0.000,0.0304,0.000
1453,6,14,2.252,0.000,0.0304,0.000
1453,7,15,1.869,0.000,0.0304,0.000
1453,8,16,1.529,3806.018,0.0304,0.000
1453,9,17,2.147,0.000,0.0304,380.602
1453,10,18,1.375,0.000,0.0304,201.317
1453,11,19,0.408,0.000,5.7607,76.422
1453,12,20,0.657,258.819,3.6098,0.977
1453,13,21,2.175,0.000,0.3236,26.396
1453,14,22,1.486,241.181,0.0140,2.603
1453,15,23,1.450,0.000,0.0135,23.900
1454,0,9,1.883,0.000,0.0304,0.000
1454,1,10,0.771,0.000,0.0304,0.000
1454,2,11,1.172,0.000,0.0304,0.000
1454,3,12,1.249,0.000,0.0304,0.000
1454,4,13,1.011,0.000,0.0304,0.000
1454,5,14,0.783,0.000,0.0304,0.000
1454,6,15,0.506,0.000,0.0304,0.000
1454,7,16,0.864,3806.018,0.0304,0.000
1454,8,17,0.756,0.000,0.0304,380.602
1454,9,18,0.803,0.000,0.0304,201.317
1454,10,19,0.500,0.000,5.7607,76.422
1454,11,20,0.319,258.819,3.6098,0.977
1454,12,21,0.638,0.000,0.3236,26.396
1454,13,22,1.251,241.181,0.0140,2.603
1454,14,23,0.303,0.000,0.0135,23.900
1454,15,24,2.326,207.107,0.0135,3.324
1455,0,10,0.224,0.000,0.0304,0.000
1455,1,11,0.778,0.000,0.0304,0.000
1455,2,12,0.499,0.000,0.0304,0.000
1455,3,13,0.635,0.000,0.0304,0.000
1455,4,14,0.813,0.000,0.0304,0.000
1455,5,15,1.345,0.000,0.0304,0.000
1455,6,16,0.925,3806.018,0.0304,0.000
1455,7,17,0.261,0.000,0.0304,380.602
1455,8,18,0.128,0.000,0.0304,201.317
1455,9,19,0.496,0.000,5.7607,76.422
1455,10,20,0.051,258.819,3.6098,0.977
1455,11,21,1.769,0.000,0.3236,26.396
1455,12,22,0.213,241.181,0.0140,2.603
1455,13,23,0.538,0.000,0.0135,23.900
1455,14,24,0.624,207.107,0.0135,3.324
1455,15,25,0.400,158.919,0.0128,20.206
1456,0,11,2.159,0.000,0.0304,0.000
1456,1,12,0.714,0.000,0.0304,0.000
1456,2,13,0.929,0.000,0.0304,0.000
1456,3,14,1.996,0.000,0.0304,0.000
1456,4,15,2.551,0.000,0.0304,0.000
1456,5,16,0.721,3806.018,0.0304,0.000
1456,6,17,4.409,0.000,0.0304,380.602
1456,7,18,1.792,0.000,0.0304,201.317
1456,8,19,1.057,0.000,5.7607,76.422
1456,9,20,0.439,258.819,3.6098,0.977
1456,10,21,0.307,0.000,0.3236,26.396
1456,11,22,0.648,241.181,0.0140,2.603
1456,12,23,1.064,0.000,0.0135,23.900
1456,13,24,1.193,207.107,0.0135,3.324
1456,14,25,0.331,158.919,0.0128,20.206
1456,15,26,0.320,99.900,0.0128,15.358
1457,0,12,0.885,0.000,0.0304,0.000
1457,1,13,3.961,0.000,0.0304,0.000
1457,2,14,0.341,0.000,0.0304,0.000
1457,3,15,0.749,0.000,0.0304,0.000
1457,4,16,0.993,3806.018,0.0304,0.000
1457,5,17,380.968,0.000,0.0304,380.602
1457,6,18,0.668,0.000,0.0304,201.317
1457,7,19,0.334,0.000,5.7607,76.422
1457,8,20,1.827,258.819,3.6098,0.977
1457,9,21,25.441,0.000,0.3236,26.396
1457,10,22,0.472,241.181,0.0140,2.603
1457,11,23,23.738,0.000,0.0135,23.900
1457,12,24,0.928,207.107,0.0135,3.324
1457,13,25,20.199,158.919,0.0128,20.206
1457,14,26,15.463,99.900,0.0128,15.358
1457,15,27,7.913,34.075,0.0122,9.608
1458,0,13,0.708,0.000,0.0304,0.000
1458,1,14,0.894,0.000,0.0304,0.000
1458,2,15,0.288,0.000,0.0304,0.000
1458,3,16,1.268,3806.018,0.0304,0.000
1458,4,17,0.732,0.000,0.0304,380.602
1458,5,18,1.216,0.000,0.0304,201.317
1458,6,19,0.741,0.000,5.7607,76.422
1458,7,20,0.584,258.819,3.6098,0.977
1458,8,21,1.634,0.000,0.3236,26.396
1458,9,22,2.003,241.181,0.0140,2.603
1458,10,23,0.801,0.000,0.0135,23.900
1458,11,24,1.011,207.107,0.0135,3.324
1458,12,25,1.268,158.919,0.0128,20.206
1458,13,26,0.837,99.900,0.0128,15.358
1458,14,27,1.266,34.075,0.0122,9.608
1458,15,28,0.906,0.000,0.0117,3.239
1459,0,14,0.964,0.000,0.0304,0.000
1459,1,15,0.761,0.000,0.0304,0.000
1459,2,16,3.175,3806.018,0.0304,0.000
1459,3,17,1.061,0.000,0.0304,380.602
1459,4,18,0.210,0.000,0.0304,201.317
1459,5,19,0.579,0.000,5.7607,76.422
1459,6,20,0.543,258.819,3.6098,0.977
1459,7,21,0.705,0.000,0.3236,26.396
1459,8,22,1.414,241.181,0.0140,2.603
1459,9,23,0.616,0.000,0.0135,23.900
1459,10,24,0.896,207.107,0.0135,3.324
1459,11,25,0.975,158.919,0.0128,20.206
1459,12,26,1.649,99.900,0.0128,15.358
1459,13,27,1.919,34.075,0.0122,9.608
1459,14,28,0.547,0.000,0.0117,3.239
1459,15,29,5.286,0.000,0.0114,3.178
1460,0,15,0.311,0.000,0.0304,0.000
1460,1,16,2.207,3806.018,0.0304,0.000
1460,2,17,0.600,0.000,0.0304,380.602
1460,3,18,0.669,0.000,0.0304,201.317
1460,4,19,0.279,0.000,5.7607,76.422
1460,5,20,0.138,258.819,3.6098,0.977
1460,6,21,0.629,0.000,0.3236,26.396
1460,7,22,0.425,241.181,0.0140,2.603
1460,8,23,0.585,0.000,0.0135,23.900
1460,9,24,0.484,207.107,0.0135,3.324
1460,10,25,0.357,158.919,0.0128,20.206
1460,11,26,0.475,99.900,0.0128,15.358
1460,12,27,0.672,34.075,0.0122,9.608
1460,13,28,0.344,0.000,0.0117,3.239
1460,14,29,0.791,0.000,0.0114,3.178
1460,15,30,0.559,0.000,0.0362,3.200
1461,0,16,0.702,3806.018,0.0304,0.000
1461,1,17,0.777,0.000,0.0304,380.602
1461,2,18,0.924,0.000,0.0304,201.317
1461,3,19,0.775,0.000,5.7607,76.422
1461,4,20,0.335,258.819,3.6098,0.977
1461,5,21,0.365,0.000,0.3236,26.396
1461,6,22,0.494,241.181,0.0140,2.603
1461,7,23,0.823,0.000,0.0135,23.900
1461,8,24,0.612,207.107,0.0135,3.324
1461,9,25,0.264,158.919,0.0128,20.206
1461,10,26,0.633,99.900,0.0128,15.358
1461,11,27,0.251,34.075,0.0122,9.608
1461,12,28,1.723,0.000,0.0117,3.239
1461,13,29,1.011,0.000,0.0114,3.178
1461,14,30,0.814,0.000,0.0362,3.200
1461,15,31,0.851,0.000,0.0470,3.406
1462,0,17,0.763,0.000,0.0304,380.602
1462,1,18,1.199,0.000,0.0304,201.317
1462,2,19,0.577,0.000,5.7607,76.422
1462,3,20,0.716,258.819,3.6098,0.977
1462,4,21,0.695,0.000,0.3236,26.396
1462,5,22,1.016,241.181,0.0140,2.603
1462,6,23,0.438,0.000,0.0135,23.900
1462,7,24,0.921,207.107,0.0135,3.324
1462,8,25,1.278,158.919,0.0128,20.206
1462,9,26,1.170,99.900,0.0128,15.358
1462,10,27,0.913,34.075,0.0122,9.608
1462,11,28,0.634,0.000,0.0117,3.239
1462,12,29,1.327,0.000,0.0114,3.178
1462,13,30,0.272,0.000,0.0362,3.200
1462,14,31,1.166,0.000,0.0470,3.406
1462,15,32,0.501,0.000,0.0213,3.232
1463,0,18,0.363,0.000,0.0304,201.317
1463,1,19,0.583,0.000,5.7607,76.422
1463,2,20,0.899,258.819,3.6098,0.977
1463,3,21,26.233,0.000,0.3236,26.396
1463,4,22,0.246,241.181,0.0140,2.603
1463,5,23,24.394,0.000,0.0135,23.900
1463,6,24,0.168,207.107,0.0135,3.324
1463,7,25,20.936,158.919,0.0128,20.206
1463,8,26,16.453,99.900,0.0128,15.358
1463,9,27,10.356,34.075,0.0122,9.608
1463,10,28,3.589,0.000,0.0117,3.239
1463,11,29,0.742,0.000,0.0114,3.178
1463,12,30,0.422,0.000,0.0362,3.200
1463,13,31,0.328,0.000,0.0470,3.406
1463,14,32,1.047,0.000,0.0213,3.232
1463,15,33,0.886,0.000,0.0224,3.384
1464,0,19,0.778,0.000,5.7607,76.422
1464,1,20,0.804,258.819,3.6098,0.977
1464,2,21,2.222,0.000,0.3236,26.396
1464,3,22,0.555,241.181,0.0140,2.603
1464,4,23,0.727,0.000,0.0135,23.900
1464,5,24,0.803,207.107,0.0135,3.324
1464,6,25,0.591,158.919,0.0128,20.206
1464,7,26,0.775,99.900,0.0128,15.358
1464,8,27,0.505,34.075,0.0122,9.608
1464,9,28,0.626,0.000,0.0117,3.239
1464,10,29,0.369,0.000,0.0114,3.178
1464,11,30,0.479,0.000,0.0362,3.200
1464,12,31,0.183,0.000,0.0470,3.406
1464,13,32,0.531,0.000,0.0213,3.232
1464,14,33,0.840,0.000,0.0224,3.384
1464,15,34,0.407,0.000,0.0224,3.232
1465,0,20,3.230,258.819,3.6098,0.977
1465,1,21,2.698,0.000,0.3236,26.396
1465,2,22,1.743,241.181,0.0140,2.603
1465,3,23,1.802,0.000,0.0135,23.900
1465,4,24,0.723,207.107,0.0135,3.324
1465,5,25,1.434,158.919,0.0128,20.206
1465,6,26,1.134,99.900,0.0128,15.358
1465,7,27,1.072,34.075,0.0122,9.608
1465,8,28,1.178,0.000,0.0117,3.239
1465,9,29,1.348,0.000,0.0114,3.178
1465,10,30,2.221,0.000,0.0362,3.200
1465,11,31,0.940,0.000,0.0470,3.406
1465,12,32,1.520,0.000,0.0213,3.232
1465,13,33,0.288,0.000,0.0224,3.384
1465,14,34,3.140,0.000,0.0224,3.232
1465,15,35,2.452,0.000,0.0223,3.383
1466,0,21,0.669,0.000,0.3236,26.396
1466,1,22,0.993,241.181,0.0140,2.603
1466,2,23,0.452,0.000,0.0135,23.900
1466,3,24,0.402,207.107,0.0135,3.324
1466,4,25,1.157,158.919,0.0128,20.206
1466,5,26,0.950,99.900,0.0128,15.358
1466,6,27,0.381,34.075,0.0122,9.608
1466,7,28,0.418,0.000,0.0117,3.239
1466,8,29,0.900,0.000,0.0114,3.178
1466,9,30,0.549,0.000,0.0362,3.200
1466,10,31,1.110,0.000,0.0470,3.406
1466,11,32,0.041,0.000,0.0213,3.232
1466,12,33,0.376,0.000,0.0224,3.384
1466,13,34,0.441,0.000,0.0224,3.232
1466,14,35,0.363,0.000,0.0223,3.383
1466,15,36,0.171,0.000,0.0223,3.232
1467,0,22,1.459,241.181,0.0140,2.603
1467,1,23,1.163,0.000,0.0135,23.900
1467,2,24,0.661,207.107,0.0135,3.324
1467,3,25,0.565,158.919,0.0128,20.206
1467,4,26,1.625,99.900,0.0128,15.358
1467,5,27,1.161,34.075,0.0122,9.608
1467,6,28,1.018,0.000,0.0117,3.239
1467,7,29,0.681,0.000,0.0114,3.178
1467,8,30,0.806,0.000,0.0362,3.200
1467,9,31,0.520,0.000,0.0470,3.406
1467,10,32,0.827,0.000,0.0213,3.232
1467,11,33,0.861,0.000,0.0224,3.384
1467,12,34,1.037,0.000,0.0224,3.232
1467,13,35,0.879,0.000,0.0223,3.383
1467,14,36,3.287,0.000,0.0223,3.232
1467,15,37,1.938,0.000,0.0222,3.382
1468,0,23,0.494,0.000,0.0135,23.900
1468,1,24,0.350,207.107,0.0135,3.324
1468,2,25,0.163,158.919,0.0128,20.206
1468,3,26,0.544,99.900,0.0128,15.358
1468,4,27,0.640,34.075,0.0122,9.608
1468,5,28,0.511,0.000,0.0117,3.239
1468,6,29,0.717,0.000,0.0114,3.178
1468,7,30,0.622,0.000,0.0362,3.200
1468,8,31,0.643,0.000,0.0470,3.406
1468,9,32,0.453,0.000,0.0213,3.232
1468,10,33,0.332,0.000,0.0224,3.384
1468,11,34,0.934,0.000,0.0224,3.232
1468,12,35,0.342,0.000,0.0223,3.383
1468,13,36,1.413,0.000,0.0223,3.232
1468,14,37,0.502,0.000,0.0222,3.382
1468,15,38,5.305,0.000,0.0223,3.232
1469,0,24,2.322,207.107,0.0135,3.324
1469,1,25,0.318,158.919,0.0128,20.206
1469,2,26,0.752,99.900,0.0128,15.358
1469,3,27,0.858,34.075,0.0122,9.608
1469,4,28,0.944,0.000,0.0117,3.239
1469,5,29,1.079,0.000,0.0114,3.178
1469,6,30,0.757,0.000,0.0362,3.200
1469,7,31,0.570,0.000,0.0470,3.406
1469,8,32,0.214,0.000,0.0213,3.232
1469,9,33,1.115,0.000,0.0224,3.384
1469,10,34,1.072,0.000,0.0224,3.232
1469,11,35,0.279,0.000,0.0223,3.383
1469,12,36,0.792,0.000,0.0223,3.232
1469,13,37,1.286,0.000,0.0222,3.382
1469,14,38,2.116,0.000,0.0223,3.232
1469,15,39,2.906,1000.000,0.0222,3.383
1470,0,25,0.695,158.919,0.0128,20.206
1470,1,26,0.629,99.900,0.0128,15.358
1470,2,27,0.395,34.075,0.0122,9.608
1470,3,28,0.081,0.000,0.0117,3.239
1470,4,29,0.601,0.000,0.0114,3.178
1470,5,30,0.345,0.000,0.0362,3.200
1470,6,31,0.447,0.000,0.0470,3.406
1470,7,32,0.187,0.000,0.0213,3.232
1470,8,33,0.404,0.000,0.0224,3.384
1470,9,34,0.879,0.000,0.0224,3.232
1470,10,35,0.272,0.000,0.0223,3.383
1470,11,36,0.783,0.000,0.0223,3.232
1470,12,37,0.688,0.000,0.0222,3.382
1470,13,38,1.135,0.000,0.0223,3.232
1470,14,39,1.501,1000.000,0.0222,3.383
1470,15,40,2.104,0.000,0.0224,4.625
1471,0,26,0.616,99.900,0.0128,15.358
1471,1,27,0.056,34.075,0.0122,9.608
1471,2,28,0.156,0.000,0.0117,3.239
1471,3,29,0.225,0.000,0.0114,3.178
1471,4,30,0.635,0.000,0.0362,3.200
1471,5,31,0.355,0.000,0.0470,3.406
1471,6,32,0.170,0.000,0.0213,3.232
1471,7,33,0.115,0.000,0.0224,3.384
1471,8,34,0.311,0.000,0.0224,3.232
1471,9,35,0.244,0.000,0.0223,3.383
1471,10,36,0.225,0.000,0.0223,3.232
1471,11,37,0.581,0.000,0.0222,3.382
1471,12,38,0.148,0.000,0.0223,3.232
1471,13,39,0.062,1000.000,0.0222,3.383
1471,14,40,0.542,0.000,0.0224,4.625
1471,15,41,79.220,1035.570,2.0020,0.627
1472,0,27,0.216,34.075,0.0122,9.608
1472,1,28,0.221,0.000,0.0117,3.239
1472,2,29,0.078,0.000,0.0114,3.178
1472,3,30,0.338,0.000,0.0362,3.200
1472,4,31,0.703,0.000,0.0470,3.406
1472,5,32,0.166,0.000,0.0213,3.232
1472,6,33,0.583,0.000,0.0224,3.384
1472,7,34,0.402,0.000,0.0224,3.232
1472,8,35,0.588,0.000,0.0223,3.383
1472,9,36,0.042,0.000,0.0223,3.232
1472,10,37,0.290,0.000,0.0222,3.382
1472,11,38,1.020,0.000,0.0223,3.232
1472,12,39,0.435,1000.000,0.0222,3.383
1472,13,40,0.411,0.000,0.0224,4.625
1472,14,41,86.625,1035.570,2.0020,0.627
1472,15,42,1.803,0.000,0.0256,102.295
1473,0,28,0.094,0.000,0.0117,3.239
1473,1,29,0.485,0.000,0.0114,3.178
1473,2,30,0.542,0.000,0.0362,3.200
1473,3,31,0.414,0.000,0.0470,3.406
1473,4,32,0.221,0.000,0.0213,3.232
1473,5,33,0.414,0.000,0.0224,3.384
1473,6,34,0.667,0.000,0.0224,3.232
1473,7,35,0.430,0.000,0.0223,3.383
1473,8,36,0.423,0.000,0.0223,3.232
1473,9,37,0.510,0.000,0.0222,3.382
1473,10,38,0.717,0.000,0.0223,3.232
1473,11,39,0.843,1000.000,0.0222,3.383
1473,12,40,1.646,0.000,0.0224,4.625
1473,13,41,1.992,1035.570,2.0020,0.627
1473,14,42,0.809,0.000,0.0256,102.295
1473,15,43,0.878,0.000,4.4772,20.521
1474,0,29,0.913,0.000,0.0114,3.178
1474,1,30,0.327,0.000,0.0362,3.200
1474,2,31,0.528,0.000,0.0470,3.406
1474,3,32,0.265,0.000,0.0213,3.232
1474,4,33,0.305,0.000,0.0224,3.384
1474,5,34,0.524,0.000,0.0224,3.232
1474,6,35,0.641,0.000,0.0223,3.383
1474,7,36,0.902,0.000,0.0223,3.232
1474,8,37,0.678,0.000,0.0222,3.382
1474,9,38,1.529,0.000,0.0223,3.232
1474,10,39,1.558,1000.000,0.0222,3.383
1474,11,40,1.039,0.000,0.0224,4.625
1474,12,41,0.764,1035.570,2.0020,0.627
1474,13,42,0.843,0.000,0.0256,102.295
1474,14,43,0.719,0.000,4.4772,20.521
1474,15,44,0.864,0.000,3.0413,0.619
1475,0,30,0.993,0.000,0.0362,3.200
1475,1,31,0.511,0.000,0.0470,3.406
1475,2,32,0.413,0.000,0.0213,3.232
1475,3,33,0.556,0.000,0.0224,3.384
1475,4,34,3.063,0.000,0.0224,3.232
1475,5,35,0.990,0.000,0.0223,3.383
1475,6,36,0.510,0.000,0.0223,3.232
1475,7,37,0.602,0.000,0.0222,3.382
1475,8,38,0.120,0.000,0.0223,3.232
1475,9,39,0.617,1000.000,0.0222,3.383
1475,10,40,0.213,0.000,0.0224,4.625
1475,11,41,107.200,1035.570,2.0020,0.627
1475,12,42,0.684,0.000,0.0256,102.295
1475,13,43,1.722,0.000,4.4772,20.521
1475,14,44,0.616,0.000,3.0413,0.619
1475,15,45,0.392,0.000,0.0228,1.225
1476,0,31,0.884,0.000,0.0470,3.406
1476,1,32,1.286,0.000,0.0213,3.232
1476,2,33,1.310,0.000,0.0224,3.384
1476,3,34,0.766,0.000,0.0224,3.232
1476,4,35,0.501,0.000,0.0223,3.383
1476,5,36,0.419,0.000,0.0223,3.232
1476,6,37,0.943,0.000,0.0222,3.382
1476,7,38,0.842,0.000,0.0223,3.232
1476,8,39,1.405,1000.000,0.0222,3.383
1476,9,40,0.147,0.000,0.0224,4.625
1476,10,41,3.286,1035.570,2.0020,0.627
1476,11,42,1.529,0.000,0.0256,102.295
1476,12,43,0.629,0.000,4.4772,20.521
1476,13,44,0.614,0.000,3.0413,0.619
1476,14,45,1.194,0.000,0.0228,1.225
1476,15,46,1.364,0.000,0.0228,0.618
1477,0,32,0.582,0.000,0.0213,3.232
1477,1,33,0.244,0.000,0.0224,3.384
1477,2,34,0.939,0.000,0.0224,3.232
1477,3,35,0.635,0.000,0.0223,3.383
1477,4,36,0.699,0.000,0.0223,3.232
1477,5,37,0.544,0.000,0.0222,3.382
1477,6,38,1.061,0.000,0.0223,3.232
1477,7,39,0.698,1000.000,0.0222,3.383
1477,8,40,0.922,0.000,0.0224,4.625
1477,9,41,11.900,1035.570,2.0020,0.627
1477,10,42,0.507,0.000,0.0256,102.295
1477,11,43,1.198,0.000,4.4772,20.521
1477,12,44,0.665,0.000,3.0413,0.619
1477,13,45,0.313,0.000,0.0228,1.225
1477,14,46,0.507,0.000,0.0228,0.618
1477,15,47,0.577,0.000,0.0228,1.224
1478,0,33,0.623,0.000,0.0224,3.384
1478,1,34,1.323,0.000,0.0224,3.232
1478,2,35,0.329,0.000,0.0223,3.383
1478,3,36,0.995,0.000,0.0223,3.232
1478,4,37,0.674,0.000,0.0222,3.382
1478,5,38,0.246,0.000,0.0223,3.232
1478,6,39,0.490,1000.000,0.0222,3.383
1478,7,40,0.511,0.000,0.0224,4.625
1478,8,41,3.050,1035.570,2.0020,0.627
1478,9,42,1.827,0.000,0.0256,102.295
1478,10,43,1.260,0.000,4.4772,20.521
1478,11,44,0.561,0.000,3.0413,0.619
1478,12,45,0.676,0.000,0.0228,1.225
1478,13,46,0.905,0.000,0.0228,0.618
1478,14,47,1.657,0.000,0.0228,1.224
1478,15,48,0.313,0.000,0.0228,0.619
1479,0,34,1.165,0.000,0.0224,3.232
1479,1,35,2.196,0.000,0.0223,3.383
1479,2,36,0.768,0.000,0.0223,3.232
1479,3,37,1.458,0.000,0.0222,3.382
1479,4,38,1.219,0.000,0.0223,3.232
1479,5,39,0.802,1000.000,0.0222,3.383
1479,6,40,1.499,0.000,0.0224,4.625
1479,7,41,0.824,1035.570,2.0020,0.627
1479,8,42,0.819,0.000,0.0256,102.295
1479,9,43,0.887,0.000,4.4772,20.521
1479,10,44,0.628,0.000,3.0413,0.619
1479,11,45,1.309,0.000,0.0228,1.225
1479,12,46,0.951,0.000,0.0228,0.618
1479,13,47,0.456,0.000,0.0228,1.224
1479,14,48,1.150,0.000,0.0228,0.619
1479,15,49,1.076,0.000,0.0226,1.224
1480,0,35,0.493,0.000,0.0223,3.383
1480,1,36,0.401,0.000,0.0223,3.232
1480,2,37,2.887,0.000,0.0222,3.382
1480,3,38,1.106,0.000,0.0223,3.232
1480,4,39,1.621,1000.000,0.0222,3.383
1480,5,40,0.593,0.000,0.0224,4.625
1480,6,41,8.966,1035.570,2.0020,0.627
1480,7,42,0.850,0.000,0.0256,102.295
1480,8,43,0.805,0.000,4.4772,20.521
1480,9,44,0.998,0.000,3.0413,0.619
1480,10,45,0.575,0.000,0.0228,1.225
1480,11,46,0.949,0.000,0.0228,0.618
1480,12,47,0.826,0.000,0.0228,1.224
1480,13,48,1.044,0.000,0.0228,0.619
1480,14,49,1.511,0.000,0.0226,1.224
1480,15,50,3.387,0.000,0.0227,0.618
1481,0,36,0.639,0.000,0.0223,3.232
1481,1,37,0.378,0.000,0.0222,3.382
1481,2,38,0.378,0.000,0.0223,3.232
1481,3,39,0.353,1000.000,0.0222,3.383
1481,4,40,0.327,0.000,0.0224,4.625
1481,5,41,2.303,1035.570,2.0020,0.627
1481,6,42,1.326,0.000,0.0256,102.295
1481,7,43,0.607,0.000,4.4772,20.521
1481,8,44,0.675,0.000,3.0413,0.619
1481,9,45,1.047,0.000,0.0228,1.225
1481,10,46,0.593,0.000,0.0228,0.618
1481,11,47,0.614,0.000,0.0228,1.224
1481,12,48,0.430,0.000,0.0228,0.619
1481,13,49,0.418,0.000,0.0226,1.224
1481,14,50,1.057,0.000,0.0227,0.618
1481,15,51,0.306,0.000,0.0226,1.224
1482,0,37,1.368,0.000,0.0222,3.382
1482,1,38,1.148,0.000,0.0223,3.232
1482,2,39,1.173,1000.000,0.0222,3.383
1482,3,40,2.867,0.000,0.0224,4.625
1482,4,41,2.057,1035.570,2.0020,0.627
1482,5,42,1.742,0.000,0.0256,102.295
1482,6,43,1.551,0.000,4.4772,20.521
1482,7,44,0.938,0.000,3.0413,0.619
1482,8,45,0.743,0.000,0.0228,1.225
1482,9,46,0.451,0.000,0.0228,0.618
1482,10,47,0.741,0.000,0.0228,1.224
1482,11,48,0.455,0.000,0.0228,0.619
1482,12,49,0.567,0.000,0.0226,1.224
1482,13,50,0.812,0.000,0.0227,0.618
1482,14,51,0.684,0.000,0.0226,1.224
1482,15,52,0.695,0.000,0.0227,0.619
1483,0,38,0.814,0.000,0.0223,3.232
1483,1,39,0.681,1000.000,0.0222,3.383
1483,2,40,0.605,0.000,0.0224,4.625
1483,3,41,2.034,1035.570,2.0020,0.627
1483,4,42,0.605,0.000,0.0256,102.295
1483,5,43,0.953,0.000,4.4772,20.521
1483,6,44,0.723,0.000,3.0413,0.619
1483,7,45,0.487,0.000,0.0228,1.225
1483,8,46,0.342,0.000,0.0228,0.618
1483,9,47,0.410,0.000,0.0228,1.224
1483,10,48,0.372,0.000,0.0228,0.619
1483,11,49,0.358,0.000,0.0226,1.224
1483,12,50,0.472,0.000,0.0227,0.618
1483,13,51,0.335,0.000,0.0226,1.224
1483,14,52,0.881,0.000,0.0227,0.619
1483,15,53,0.813,0.000,0.0226,1.224
1484,0,39,0.207,1000.000,0.0222,3.383
1484,1,40,1.685,0.000,0.0224,4.625
1484,2,41,0.523,1035.570,2.0020,0.627
1484,3,42,0.651,0.000,0.0256,102.295
1484,4,43,1.322,0.000,4.4772,20.521
1484,5,44,0.705,0.000,3.0413,0.619
1484,6,45,0.831,0.000,0.0228,1.225
1484,7,46,0.699,0.000,0.0228,0.618
1484,8,47,0.293,0.000,0.0228,1.224
1484,9,48,0.519,0.000,0.0228,0.619
1484,10,49,0.618,0.000,0.0226,1.224
1484,11,50,0.650,0.000,0.0227,0.618
1484,12,51,0.633,0.000,0.0226,1.224
1484,13,52,0.843,0.000,0.0227,0.619
1484,14,53,0.531,0.000,0.0226,1.224
1484,15,54,0.802,258.819,0.0226,0.618
1485,0,40,2.180,0.000,0.0224,4.625
1485,1,41,0.406,1035.570,2.0020,0.627
1485,2,42,1.207,0.000,0.0256,102.295
1485,3,43,1.421,0.000,4.4772,20.521
1485,4,44,0.548,0.000,3.0413,0.619
1485,5,45,0.699,0.000,0.0228,1.225
1485,6,46,0.416,0.000,0.0228,0.618
1485,7,47,0.374,0.000,0.0228,1.224
1485,8,48,0.390,0.000,0.0228,0.619
1485,9,49,0.278,0.000,0.0226,1.224
1485,10,50,0.473,0.000,0.0227,0.618
1485,11,51,0.378,0.000,0.0226,1.224
1485,12,52,0.265,0.000,0.0227,0.619
1485,13,53,0.549,0.000,0.0226,1.224
1485,14,54,1.123,258.819,0.0226,0.618
1485,15,55,0.517,0.000,0.0226,25.738
1486,0,41,5.468,1035.570,2.0020,0.627
1486,1,42,1.105,0.000,0.0256,102.295
1486,2,43,0.274,0.000,4.4772,20.521
1486,3,44,0.973,0.000,3.0413,0.619
1486,4,45,0.721,0.000,0.0228,1.225
1486,5,46,0.314,0.000,0.0228,0.618
1486,6,47,0.215,0.000,0.0228,1.224
1486,7,48,0.320,0.000,0.0228,0.619
1486,8,49,0.162,0.000,0.0226,1.224
1486,9,50,0.431,0.000,0.0227,0.618
1486,10,51,0.452,0.000,0.0226,1.224
1486,11,52,0.476,0.000,0.0227,0.619
1486,12,53,0.440,0.000,0.0226,1.224
1486,13,54,0.627,258.819,0.0226,0.618
1486,14,55,0.619,0.000,0.0226,25.738
1486,15,56,1.084,241.181,0.0226,3.855
1487,0,42,0.719,0.000,0.0256,102.295
1487,1,43,0.530,0.000,4.4772,20.521
1487,2,44,0.194,0.000,3.0413,0.619
1487,3,45,0.442,0.000,0.0228,1.225
1487,4,46,0.395,0.000,0.0228,0.618
1487,5,47,0.463,0.000,0.0228,1.224
1487,6,48,0.374,0.000,0.0228,0.619
1487,7,49,0.508,0.000,0.0226,1.224
1487,8,50,0.126,0.000,0.0227,0.618
1487,9,51,0.697,0.000,0.0226,1.224
1487,10,52,0.577,0.000,0.0227,0.619
1487,11,53,0.728,0.000,0.0226,1.224
1487,12,54,0.708,258.819,0.0226,0.618
1487,13,55,0.403,0.000,0.0226,25.738
1487,14,56,0.382,241.181,0.0226,3.855
1487,15,57,0.913,207.107,0.0265,23.209
1488,0,43,0.584,0.000,4.4772,20.521
1488,1,44,0.709,0.000,3.0413,0.619
1488,2,45,0.984,0.000,0.0228,1.225
1488,3,46,0.171,0.000,0.0228,0.618
1488,4,47,0.494,0.000,0.0228,1.224
1488,5,48,0.410,0.000,0.0228,0.619
1488,6,49,0.225,0.000,0.0226,1.224
1488,7,50,0.420,0.000,0.0227,0.618
1488,8,51,0.861,0.000,0.0226,1.224
1488,9,52,0.361,0.000,0.0227,0.619
1488,10,53,0.736,0.000,0.0226,1.224
1488,11,54,1.131,258.819,0.0226,0.618
1488,12,55,0.108,0.000,0.0226,25.738
1488,13,56,0.642,241.181,0.0226,3.855
1488,14,57,2.356,207.107,0.0265,23.209
1488,15,58,1.597,158.918,0.0259,19.580
1489,0,44,0.481,0.000,3.0413,0.619
1489,1,45,0.546,0.000,0.0228,1.225
1489,2,46,0.899,0.000,0.0228,0.618
1489,3,47,0.381,0.000,0.0228,1.224
1489,4,48,0.710,0.000,0.0228,0.619
1489,5,49,1.389,0.000,0.0226,1.224
1489,6,50,0.763,0.000,0.0227,0.618
1489,7,51,0.392,0.000,0.0226,1.224
1489,8,52,0.689,0.000,0.0227,0.619
1489,9,53,0.889,0.000,0.0226,1.224
1489,10,54,0.807,258.819,0.0226,0.618
1489,11,55,0.960,0.000,0.0226,25.738
1489,12,56,0.198,241.181,0.0226,3.855
1489,13,57,1.025,207.107,0.0265,23.209
1489,14,58,0.319,158.918,0.0259,19.580
1489,15,59,1.276,99.901,0.0216,14.896
1490,0,45,0.454,0.000,0.0228,1.225
1490,1,46,0.578,0.000,0.0228,0.618
1490,2,47,0.259,0.000,0.0228,1.224
1490,3,48,0.472,0.000,0.0228,0.619
1490,4,49,0.496,0.000,0.0226,1.224
1490,5,50,0.615,0.000,0.0227,0.618
1490,6,51,0.425,0.000,0.0226,1.224
1490,7,52,0.502,0.000,0.0227,0.619
1490,8,53,0.175,0.000,0.0226,1.224
1490,9,54,0.949,258.819,0.0226,0.618
1490,10,55,0.654,0.000,0.0226,25.738
1490,11,56,1.068,241.181,0.0226,3.855
1490,12,57,0.671,207.107,0.0265,23.209
1490,13,58,0.475,158.918,0.0259,19.580
1490,14,59,0.628,99.901,0.0216,14.896
1490,15,60,0.516,34.075,0.0255,9.361
1491,0,46,0.206,0.000,0.0228,0.618
1491,1,47,0.133,0.000,0.0228,1.224
1491,2,48,0.444,0.000,0.0228,0.619
1491,3,49,0.297,0.000,0.0226,1.224
1491,4,50,1.219,0.000,0.0227,0.618
1491,5,51,0.649,0.000,0.0226,1.224
1491,6,52,0.498,0.000,0.0227,0.619
1491,7,53,0.332,0.000,0.0226,1.224
1491,8,54,1.115,258.819,0.0226,0.618
1491,9,55,0.403,0.000,0.0226,25.738
1491,10,56,0.786,241.181,0.0226,3.855
1491,11,57,0.444,207.107,0.0265,23.209
1491,12,58,0.364,158.918,0.0259,19.580
1491,13,59,0.407,99.901,0.0216,14.896
1491,14,60,0.887,34.075,0.0255,9.361
1491,15,61,0.443,0.000,0.0248,3.216
1492,0,47,2.031,0.000,0.0228,1.224
1492,1,48,0.338,0.000,0.0228,0.619
1492,2,49,0.333,0.000,0.0226,1.224
1492,3,50,0.266,0.000,0.0227,0.618
1492,4,51,0.606,0.000,0.0226,1.224
1492,5,52,0.315,0.000,0.0227,0.619
1492,6,53,0.205,0.000,0.0226,1.224
1492,7,54,0.499,258.819,0.0226,0.618
1492,8,55,0.805,0.000,0.0226,25.738
1492,9,56,0.360,241.181,0.0226,3.855
1492,10,57,0.307,207.107,0.0265,23.209
1492,11,58,0.613,158.918,0.0259,19.580
1492,12,59,0.176,99.901,0.0216,14.896
1492,13,60,0.281,34.075,0.0255,9.361
1492,14,61,1.378,0.000,0.0248,3.216
1492,15,62,0.388,0.000,0.0244,0.622
1493,0,48,0.307,0.000,0.0228,0.619
1493,1,49,1.066,0.000,0.0226,1.224
1493,2,50,0.160,0.000,0.0227,0.618
1493,3,51,0.126,0.000,0.0226,1.224
1493,4,52,0.091,0.000,0.0227,0.619
1493,5,53,0.516,0.000,0.0226,1.224
1493,6,54,0.550,258.819,0.0226,0.618
1493,7,55,0.365,0.000,0.0226,25.738
1493,8,56,0.699,241.181,0.0226,3.855
1493,9,57,0.594,207.107,0.0265,23.209
1493,10,58,0.119,158.918,0.0259,19.580
1493,11,59,0.522,99.901,0.0216,14.896
1493,12,60,0.572,34.075,0.0255,9.361
1493,13,61,0.380,0.000,0.0248,3.216
1493,14,62,0.312,0.000,0.0244,0.622
1493,15,63,1.132,0.000,0.0239,1.234
1494,0,49,0.544,0.000,0.0226,1.224
1494,1,50,0.128,0.000,0.0227,0.618
1494,2,51,0.549,0.000,0.0226,1.224
1494,3,52,0.214,0.000,0.0227,0.619
1494,4,53,0.893,0.000,0.0226,1.224
1494,5,54,1.122,258.819,0.0226,0.618
1494,6,55,0.589,0.000,0.0226,25.738
1494,7,56,1.552,241.181,0.0226,3.855
1494,8,57,1.211,207.107,0.0265,23.209
1494,9,58,1.119,158.918,0.0259,19.580
1494,10,59,1.139,99.901,0.0216,14.896
1494,11,60,0.467,34.075,0.0255,9.361
1494,12,61,0.226,0.000,0.0248,3.216
1494,13,62,0.186,0.000,0.0244,0.622
1494,14,63,0.563,0.000,0.0239,1.234
1494,15,64,0.258,0.000,0.0244,0.622
1495,0,50,0.470,0.000,0.0227,0.618
1495,1,51,0.220,0.000,0.0226,1.224
1495,2,52,0.592,0.000,0.0227,0.619
1495,3,53,0.801,0.000,0.0226,1.224
1495,4,54,1.442,258.819,0.0226,0.618
1495,5,55,2.478,0.000,0.0226,25.738
1495,6,56,1.500,241.181,0.0226,3.855
1495,7,57,1.715,207.107,0.0265,23.209
1495,8,58,2.650,158.918,0.0259,19.580
1495,9,59,2.015,99.901,0.0216,14.896
1495,10,60,0.837,34.075,0.0255,9.361
1495,11,61,0.421,0.000,0.0248,3.216
1495,12,62,0.296,0.000,0.0244,0.622
1495,13,63,0.424,0.000,0.0239,1.234
1495,14,64,0.215,0.000,0.0244,0.622
1495,15,65,1.288,0.000,0.0241,1.234
1496,0,51,1.060,0.000,0.0226,1.224
1496,1,52,1.419,0.000,0.0227,0.619
1496,2,53,0.689,0.000,0.0226,1.224
1496,3,54,0.159,258.819,0.0226,0.618
1496,4,55,2.135,0.000,0.0226,25.738
1496,5,56,1.224,241.181,0.0226,3.855
1496,6,57,1.527,207.107,0.0265,23.209
1496,7,58,1.977,158.918,0.0259,19.580
1496,8,59,1.492,99.901,0.0216,14.896
1496,9,60,0.795,34.075,0.0255,9.361
1496,10,61,0.915,0.000,0.0248,3.216
1496,11,62,0.308,0.000,0.0244,0.622
1496,12,63,0.457,0.000,0.0239,1.234
1496,13,64,0.396,0.000,0.0244,0.622
1496,14,65,5.046,0.000,0.0241,1.234
1496,15,66,0.702,0.000,0.0242,0.622
1497,0,52,0.455,0.000,0.0227,0.619
1497,1,53,1.187,0.000,0.0226,1.224
1497,2,54,0.480,258.819,0.0226,0.618
1497,3,55,2.243,0.000,0.0226,25.738
1497,4,56,1.742,241.181,0.0226,3.855
1497,5,57,2.979,207.107,0.0265,23.209
1497,6,58,2.443,158.918,0.0259,19.580
1497,7,59,1.335,99.901,0.0216,14.896
1497,8,60,1.167,34.075,0.0255,9.361
1497,9,61,0.052,0.000,0.0248,3.216
1497,10,62,0.134,0.000,0.0244,0.622
1497,11,63,0.526,0.000,0.0239,1.234
1497,12,64,0.816,0.000,0.0244,0.622
1497,13,65,1.164,0.000,0.0241,1.234
1497,14,66,1.041,0.000,0.0242,0.622
1497,15,67,4.047,0.000,0.0240,1.234
1498,0,53,0.856,0.000,0.0226,1.224
1498,1,54,1.136,258.819,0.0226,0.618
1498,2,55,2.704,0.000,0.0226,25.738
1498,3,56,0.455,241.181,0.0226,3.855
1498,4,57,2.176,207.107,0.0265,23.209
1498,5,58,2.124,158.918,0.0259,19.580
1498,6,59,1.648,99.901,0.0216,14.896
1498,7,60,1.109,34.075,0.0255,9.361
1498,8,61,0.336,0.000,0.0248,3.216
1498,9,62,0.154,0.000,0.0244,0.622
1498,10,63,0.323,0.000,0.0239,1.234
1498,11,64,0.373,0.000,0.0244,0.622
1498,12,65,0.285,0.000,0.0241,1.234
1498,13,66,0.281,0.000,0.0242,0.622
1498,14,67,0.860,0.000,0.0240,1.234
1498,15,68,0.647,0.000,0.0243,0.621
1499,0,54,2.288,258.819,0.0226,0.618
1499,1,55,2.942,0.000,0.0226,25.738
1499,2,56,1.536,241.181,0.0226,3.855
1499,3,57,1.591,207.107,0.0265,23.209
1499,4,58,2.041,158.918,0.0259,19.580
1499,5,59,0.968,99.901,0.0216,14.896
1499,6,60,0.468,34.075,0.0255,9.361
1499,7,61,0.575,0.000,0.0248,3.216
1499,8,62,0.564,0.000,0.0244,0.622
1499,9,63,0.589,0.000,0.0239,1.234
1499,10,64,1.747,0.000,0.0244,0.622
1499,11,65,0.612,0.000,0.0241,1.234
1499,12,66,1.071,0.000,0.0242,0.622
1499,13,67,0.748,0.000,0.0240,1.234
1499,14,68,0.408,0.000,0.0243,0.621
1499,15,69,0.165,0.000,0.0238,1.232
1500,0,55,1.257,0.000,0.0226,25.738
1500,1,56,0.913,241.181,0.0226,3.855
1500,2,57,0.904,207.107,0.0265,23.209
1500,3,58,2.143,158.918,0.0259,19.580
1500,4,59,1.583,99.901,0.0216,14.896
1500,5,60,0.829,34.075,0.0255,9.361
1500,6,61,0.633,0.000,0.0248,3.216
1500,7,62,0.408,0.000,0.0244,0.622
1500,8,63,0.117,0.000,0.0239,1.234
1500,9,64,0.755,0.000,0.0244,0.622
1500,10,65,0.634,0.000,0.0241,1.234
1500,11,66,0.438,0.000,0.0242,0.622
1500,12,67,0.782,0.000,0.0240,1.234
1500,13,68,0.265,0.000,0.0243,0.621
1500,14,69,0.818,0.000,0.0238,1.232
1500,15,70,1.351,0.000,0.0242,0.622
1501,0,56,5.621,241.181,0.0226,3.855
1501,1,57,6.198,207.107,0.0265,23.209
1501,2,58,7.037,158.918,0.0259,19.580
1501,3,59,5.059,99.901,0.0216,14.896
1501,4,60,2.606,34.075,0.0255,9.361
1501,5,61,1.044,0.000,0.0248,3.216
1501,6,62,1.344,0.000,0.0244,0.622
1501,7,63,1.017,0.000,0.0239,1.234
1501,8,64,0.605,0.000,0.0244,0.622
1501,9,65,0.950,0.000,0.0241,1.234
1501,10,66,0.272,0.000,0.0242,0.622
1501,11,67,0.640,0.000,0.0240,1.234
1501,12,68,0.363,0.000,0.0243,0.621
1501,13,69,0.464,0.000,0.0238,1.232
1501,14,70,0.510,0.000,0.0242,0.622
1501,15,71,0.387,0.000,0.0240,1.234
1502,0,57,1.246,207.107,0.0265,23.209
1502,1,58,1.350,158.918,0.0259,19.580
1502,2,59,0.858,99.901,0.0216,14.896
1502,3,60,0.513,34.075,0.0255,9.361
1502,4,61,0.312,0.000,0.0248,3.216
1502,5,62,0.111,0.000,0.0244,0.622
1502,6,63,0.397,0.000,0.0239,1.234
1502,7,64,0.356,0.000,0.0244,0.622
1502,8,65,0.252,0.000,0.0241,1.234
1502,9,66,0.502,0.000,0.0242,0.622
1502,10,67,0.158,0.000,0.0240,1.234
1502,11,68,0.474,0.000,0.0243,0.621
1502,12,69,0.279,0.000,0.0238,1.232
1502,13,70,0.061,0.000,0.0242,0.622
1502,14,71,0.061,0.000,0.0240,1.234
1502,15,72,0.350,0.000,0.0239,0.621
1503,0,58,2.112,158.918,0.0259,19.580
1503,1,59,2.294,99.901,0.0216,14.896
1503,2,60,1.720,34.075,0.0255,9.361
1503,3,61,0.561,0.000,0.0248,3.216
1503,4,62,0.588,0.000,0.0244,0.622
1503,5,63,0.557,0.000,0.0239,1.234
1503,6,64,0.568,0.000,0.0244,0.622
1503,7,65,0.174,0.000,0.0241,1.234
1503,8,66,0.148,0.000,0.0242,0.622
1503,9,67,0.345,0.000,0.0240,1.234
1503,10,68,0.512,0.000,0.0243,0.621
1503,11,69,0.733,0.000,0.0238,1.232
1503,12,70,0.973,0.000,0.0242,0.622
1503,13,71,0.984,0.000,0.0240,1.234
1503,14,72,1.645,0.000,0.0239,0.621
1503,15,73,1.329,0.000,0.0239,1.232
1504,0,59,0.536,99.901,0.0216,14.896
1504,1,60,0.242,34.075,0.0255,9.361
1504,2,61,0.691,0.000,0.0248,3.216
1504,3,62,0.358,0.000,0.0244,0.622
1504,4,63,0.390,0.000,0.0239,1.234
1504,5,64,0.410,0.000,0.0244,0.622
1504,6,65,0.360,0.000,0.0241,1.234
1504,7,66,0.297,0.000,0.0242,0.622
1504,8,67,0.381,0.000,0.0240,1.234
1504,9,68,0.347,0.000,0.0243,0.621
1504,10,69,0.494,0.000,0.0238,1.232
1504,11,70,0.271,0.000,0.0242,0.622
1504,12,71,0.312,0.000,0.0240,1.234
1504,13,72,0.405,0.000,0.0239,0.621
1504,14,73,0.350,0.000,0.0239,1.232
1504,15,74,0.657,0.000,0.0240,0.622
1505,0,60,0.500,34.075,0.0255,9.361
1505,1,61,0.953,0.000,0.0248,3.216
1505,2,62,0.648,0.000,0.0244,0.622
1505,3,63,0.398,0.000,0.0239,1.234
1505,4,64,0.518,0.000,0.0244,0.622
1505,5,65,0.386,0.000,0.0241,1.234
1505,6,66,0.695,0.000,0.0242,0.622
1505,7,67,1.005,0.000,0.0240,1.234
1505,8,68,0.388,0.000,0.0243,0.621
1505,9,69,0.395,0.000,0.0238,1.232
1505,10,70,0.646,0.000,0.0242,0.622
1505,11,71,0.440,0.000,0.0240,1.234
1505,12,72,0.137,0.000,0.0239,0.621
1505,13,73,0.459,0.000,0.0239,1.232
1505,14,74,0.457,0.000,0.0240,0.622
1505,15,75,0.604,0.000,0.0242,1.233
1506,0,61,0.473,0.000,0.0248,3.216
1506,1,62,0.286,0.000,0.0244,0.622
1506,2,63,0.267,0.000,0.0239,1.234
1506,3,64,0.853,0.000,0.0244,0.622
1506,4,65,0.234,0.000,0.0241,1.234
1506,5,66,0.321,0.000,0.0242,0.622
1506,6,67,0.292,0.000,0.0240,1.234
1506,7,68,0.524,0.000,0.0243,0.621
1506,8,69,0.741,0.000,0.0238,1.232
1506,9,70,0.592,0.000,0.0242,0.622
1506,10,71,0.389,0.000,0.0240,1.234
1506,11,72,0.349,0.000,0.0239,0.621
1506,12,73,0.588,0.000,0.0239,1.232
1506,13,74,0.606,0.000,0.0240,0.622
1506,14,75,0.362,0.000,0.0242,1.233
1506,15,76,0.491,0.000,0.0238,0.622
1507,0,62,1.482,0.000,0.0244,0.622
1507,1,63,2.953,0.000,0.0239,1.234
1507,2,64,0.357,0.000,0.0244,0.622
1507,3,65,0.967,0.000,0.0241,1.234
1507,4,66,0.770,0.000,0.0242,0.622
1507,5,67,0.720,0.000,0.0240,1.234
1507,6,68,0.551,0.000,0.0243,0.621
1507,7,69,0.874,0.000,0.0238,1.232
1507,8,70,0.737,0.000,0.0242,0.622
1507,9,71,1.101,0.000,0.0240,1.234
1507,10,72,0.237,0.000,0.0239,0.621
1507,11,73,1.086,0.000,0.0239,1.232
1507,12,74,0.816,0.000,0.0240,0.622
1507,13,75,0.915,0.000,0.0242,1.233
1507,14,76,1.449,0.000,0.0238,0.622
1507,15,77,0.708,0.000,0.0242,0.616
1508,0,63,3.168,0.000,0.0239,1.234
1508,1,64,0.334,0.000,0.0244,0.622
1508,2,65,0.542,0.000,0.0241,1.234
1508,3,66,0.511,0.000,0.0242,0.622
1508,4,67,0.810,0.000,0.0240,1.234
1508,5,68,0.177,0.000,0.0243,0.621
1508,6,69,0.317,0.000,0.0238,1.232
1508,7,70,0.426,0.000,0.0242,0.622
1508,8,71,0.341,0.000,0.0240,1.234
1508,9,72,0.215,0.000,0.0239,0.621
1508,10,73,0.670,0.000,0.0239,1.232
1508,11,74,0.375,0.000,0.0240,0.622
1508,12,75,0.242,0.000,0.0242,1.233
1508,13,76,1.024,0.000,0.0238,0.622
1508,14,77,0.346,0.000,0.0242,0.616
1508,15,78,1.439,1000.000,0.0110,0.614
1509,0,64,0.362,0.000,0.0244,0.622
1509,1,65,0.225,0.000,0.0241,1.234
1509,2,66,0.502,0.000,0.0242,0.622
1509,3,67,0.304,0.000,0.0240,1.234
1509,4,68,1.196,0.000,0.0243,0.621
1509,5,69,0.473,0.000,0.0238,1.232
1509,6,70,0.140,0.000,0.0242,0.622
1509,7,71,0.325,0.000,0.0240,1.234
1509,8,72,0.214,0.000,0.0239,0.621
1509,9,73,0.501,0.000,0.0239,1.232
1509,10,74,1.522,0.000,0.0240,0.622
1509,11,75,0.491,0.000,0.0242,1.233
1509,12,76,0.255,0.000,0.0238,0.622
1509,13,77,0.380,0.000,0.0242,0.616
1509,14,78,0.277,1000.000,0.0110,0.614
1509,15,79,0.796,19.340,0.0109,1.934
1510,0,65,0.630,0.000,0.0241,1.234
1510,1,66,0.526,0.000,0.0242,0.622
1510,2,67,0.820,0.000,0.0240,1.234
1510,3,68,0.413,0.000,0.0243,0.621
1510,4,69,0.538,0.000,0.0238,1.232
1510,5,70,0.405,0.000,0.0242,0.622
1510,6,71,0.330,0.000,0.0240,1.234
1510,7,72,0.519,0.000,0.0239,0.621
1510,8,73,0.445,0.000,0.0239,1.232
1510,9,74,0.374,0.000,0.0240,0.622
1510,10,75,0.398,0.000,0.0242,1.233
1510,11,76,0.228,0.000,0.0238,0.622
1510,12,77,0.548,0.000,0.0242,0.616
1510,13,78,0.029,1000.000,0.0110,0.614
1510,14,79,0.877,19.340,0.0109,1.934
1511,0,66,0.462,0.000,0.0242,0.622
1511,1,67,0.661,0.000,0.0240,1.234
1511,2,68,0.538,0.000,0.0243,0.621
1511,3,69,0.339,0.000,0.0238,1.232
1511,4,70,0.456,0.000,0.0242,0.622
1511,5,71,0.345,0.000,0.0240,1.234
1511,6,72,0.108,0.000,0.0239,0.621
1511,7,73,0.430,0.000,0.0239,1.232
1511,8,74,0.996,0.000,0.0240,0.622
1511,9,75,1.305,0.000,0.0242,1.233
1511,10,76,0.263,0.000,0.0238,0.622
1511,11,77,0.725,0.000,0.0242,0.616
1511,12,78,1.512,1000.000,0.0110,0.614
1511,13,79,0.529,19.340,0.0109,1.934
1512,0,67,2.124,0.000,0.0240,1.234
1512,1,68,0.592,0.000,0.0243,0.621
1512,2,69,0.180,0.000,0.0238,1.232
1512,3,70,0.462,0.000,0.0242,0.622
1512,4,71,0.804,0.000,0.0240,1.234
1512,5,72,0.365,0.000,0.0239,0.621
1512,6,73,0.289,0.000,0.0239,1.232
1512,7,74,0.552,0.000,0.0240,0.622
1512,8,75,0.199,0.000,0.0242,1.233
1512,9,76,0.381,0.000,0.0238,0.622
1512,10,77,0.491,0.000,0.0242,0.616
1512,11,78,0.315,1000.000,0.0110,0.614
1512,12,79,0.501,19.340,0.0109,1.934
1513,0,68,0.382,0.000,0.0243,0.621
1513,1,69,0.532,0.000,0.0238,1.232
1513,2,70,0.291,0.000,0.0242,0.622
1513,3,71,0.876,0.000,0.0240,1.234
1513,4,72,0.845,0.000,0.0239,0.621
1513,5,73,0.362,0.000,0.0239,1.232
1513,6,74,0.560,0.000,0.0240,0.622
1513,7,75,0.384,0.000,0.0242,1.233
1513,8,76,1.005,0.000,0.0238,0.622
1513,9,77,1.029,0.000,0.0242,0.616
1513,10,78,1.137,1000.000,0.0110,0.614
1513,11,79,0.523,19.340,0.0109,1.934
1514,0,69,0.145,0.000,0.0238,1.232
1514,1,70,0.232,0.000,0.0242,0.622
1514,2,71,0.124,0.000,0.0240,1.234
1514,3,72,0.463,0.000,0.0239,0.621
1514,4,73,0.543,0.000,0.0239,1.232
1514,5,74,0.376,0.000,0.0240,0.622
1514,6,75,0.480,0.000,0.0242,1.233
1514,7,76,0.647,0.000,0.0238,0.622
1514,8,77,0.132,0.000,0.0242,0.616
1514,9,78,0.577,1000.000,0.0110,0.614
1514,10,79,0.750,19.340,0.0109,1.934
1515,0,70,0.773,0.000,0.0242,0.622
1515,1,71,0.867,0.000,0.0240,1.234
1515,2,72,0.499,0.000,0.0239,0.621
1515,3,73,0.634,0.000,0.0239,1.232
1515,4,74,0.614,0.000,0.0240,0.622
1515,5,75,0.619,0.000,0.0242,1.233
1515,6,76,0.343,0.000,0.0238,0.622
1515,7,77,0.350,0.000,0.0242,0.616
1515,8,78,0.402,1000.000,0.0110,0.614
1515,9,79,0.978,19.340,0.0109,1.934
1516,0,71,5.085,0.000,0.0240,1.234
1516,1,72,1.204,0.000,0.0239,0.621
1516,2,73,1.168,0.000,0.0239,1.232
1516,3,74,3.747,0.000,0.0240,0.622
1516,4,75,2.686,0.000,0.0242,1.233
1516,5,76,1.749,0.000,0.0238,0.622
1516,6,77,0.483,0.000,0.0242,0.616
1516,7,78,99.555,1000.000,0.0110,0.614
1516,8,79,4.187,19.340,0.0109,1.934
1517,0,72,2.018,0.000,0.0239,0.621
1517,1,73,0.249,0.000,0.0239,1.232
1517,2,74,0.736,0.000,0.0240,0.622
1517,3,75,0.918,0.000,0.0242,1.233
1517,4,76,1.818,0.000,0.0238,0.622
1517,5,77,100.196,0.000,0.0242,0.616
1517,6,78,98.711,1000.000,0.0110,0.614
1517,7,79,9.466,19.340,0.0109,1.934
1518,0,73,1.929,0.000,0.0239,1.232
1518,1,74,0.380,0.000,0.0240,0.622
1518,2,75,0.884,0.000,0.0242,1.233
1518,3,76,0.493,0.000,0.0238,0.622
1518,4,77,99.276,0.000,0.0242,0.616
1518,5,78,99.454,1000.000,0.0110,0.614
1518,6,79,12.012,19.340,0.0109,1.934
1519,0,74,0.234,0.000,0.0240,0.622
1519,1,75,0.311,0.000,0.0242,1.233
1519,2,76,2.921,0.000,0.0238,0.622
1519,3,77,0.883,0.000,0.0242,0.616
1519,4,78,2.032,1000.000,0.0110,0.614
1519,5,79,1.658,19.340,0.0109,1.934
1520,0,75,0.644,0.000,0.0242,1.233
1520,1,76,2.370,0.000,0.0238,0.622
1520,2,77,0.545,0.000,0.0242,0.616
1520,3,78,1.408,1000.000,0.0110,0.614
1520,4,79,2.985,19.340,0.0109,1.934
1521,0,76,1.481,0.000,0.0238,0.622
1521,1,77,2.387,0.000,0.0242,0.616
1521,2,78,1.204,1000.000,0.0110,0.614
1521,3,79,1.064,19.340,0.0109,1.934
1522,0,77,1.026,0.000,0.0242,0.616
1522,1,78,1.106,1000.000,0.0110,0.614
1522,2,79,0.455,19.340,0.0109,1.934
1523,0,78,1.950,1000.000,0.0110,0.614
1523,1,79,1.186,19.340,0.0109,1.934
1524,0,79,3.011,19.340,0.0109,1.934
1526,0,0,99.080,1000.000,0.0107,1.970
1526,1,1,2.676,29.918,0.0107,2.992
1526,2,2,3.400,29.952,2.7083,2.995
1526,3,3,157.379,1608.157,0.0139,160.816
1526,4,4,135.266,1470.036,6.3745,147.004
1526,5,5,48.965,1013.846,4.4901,101.385
1526,6,6,42.094,420.546,2.4004,42.055
1526,7,7,0.920,0.009,0.0300,0.001
1526,8,8,0.519,0.000,0.0304,0.000
1526,9,9,0.409,0.000,0.0304,0.000
1526,10,10,0.933,0.000,0.0304,0.000
1526,11,11,0.573,0.000,0.0304,0.000
1526,12,12,1.153,0.000,0.0304,0.000
1526,13,13,1.904,0.000,0.0304,0.000
1526,14,14,2.296,0.000,0.0304,0.000
1526,15,15,0.969,0.000,0.0304,0.000
1527,0,1,0.759,29.918,0.0107,2.992
1527,1,2,0.993,29.952,2.7083,2.995
1527,2,3,0.240,1608.157,0.0139,160.816
1527,3,4,0.742,1470.036,6.3745,147.004
1527,4,5,0.892,1013.846,4.4901,101.385
1527,5,6,2.010,420.546,2.4004,42.055
1527,6,7,0.678,0.009,0.0300,0.001
1527,7,8,0.897,0.000,0.0304,0.000
1527,8,9,0.324,0.000,0.0304,0.000
1527,9,10,1.126,0.000,0.0304,0.000
1527,10,11,1.074,0.000,0.0304,0.000
1527,11,12,0.642,0.000,0.0304,0.000
1527,12,13,0.651,0.000,0.0304,0.000
1527,13,14,0.921,0.000,0.0304,0.000
1527,14,15,1.099,0.000,0.0304,0.000
1527,15,16,0.455,3806.018,0.0304,0.000
1528,0,2,2.082,29.952,2.7083,2.995
1528,1,3,0.538,1608.157,0.0139,160.816
1528,2,4,2.884,1470.036,6.3745,147.004
1528,3,5,4.654,1013.846,4.4901,101.385
1528,4,6,9.198,420.546,2.4004,42.055
1528,5,7,1.121,0.009,0.0300,0.001
1528,6,8,2.098,0.000,0.0304,0.000
1528,7,9,0.559,0.000,0.0304,0.000
1528,8,10,1.931,0.000,0.0304,0.000
1528,9,11,2.760,0.000,0.0304,0.000
1528,10,12,1.470,0.000,0.0304,0.000
1528,11,13,1.788,0.000,0.0304,0.000
1528,12,14,2.062,0.000,0.0304,0.000
1528,13,15,2.132,0.000,0.0304,0.000
1528,14,16,2.879,3806.018,0.0304,0.000
1528,15,17,8.397,0.000,0.0304,380.602
1529,0,3,1.524,1608.157,0.0139,160.816
1529,1,4,3.168,1470.036,6.3745,147.004
1529,2,5,1.956,1013.846,4.4901,101.385
1529,3,6,5.851,420.546,2.4004,42.055
1529,4,7,0.777,0.009,0.0300,0.001
1529,5,8,2.512,0.000,0.0304,0.000
1529,6,9,0.948,0.000,0.0304,0.000
1529,7,10,1.616,0.000,0.0304,0.000
1529,8,11,0.938,0.000,0.0304,0.000
1529,9,12,1.272,0.000,0.0304,0.000
1529,10,13,0.253,0.000,0.0304,0.000
1529,11,14,2.588,0.000,0.0304,0.000
1529,12,15,1.067,0.000,0.0304,0.000
1529,13,16,0.442,3806.018,0.0304,0.000
1529,14,17,1.471,0.000,0.0304,380.602
1529,15,18,2.124,0.000,0.0304,201.317
1530,0,4,1.880,1470.036,6.3745,147.004
1530,1,5,2.131,1013.846,4.4901,101.385
1530,2,6,2.617,420.546,2.4004,42.055
1530,3,7,1.155,0.009,0.0300,0.001
1530,4,8,0.650,0.000,0.0304,0.000
1530,5,9,0.533,0.000,0.0304,0.000
1530,6,10,0.690,0.000,0.0304,0.000
1530,7,11,1.034,0.000,0.0304,0.000
1530,8,12,0.663,0.000,0.0304,0.000
1530,9,13,0.865,0.000,0.0304,0.000
1530,10,14,0.253,0.000,0.0304,0.000
1530,11,15,1.223,0.000,0.0304,0.000
1530,12,16,1.111,3806.018,0.0304,0.000
1530,13,17,0.613,0.000,0.0304,380.602
1530,14,18,0.564,0.000,0.0304,201.317
1530,15,19,0.473,0.000,5.7607,76.421
1531,0,5,1.679,1013.846,4.4901,101.385
1531,1,6,2.641,420.546,2.4004,42.055
1531,2,7,0.515,0.009,0.0300,0.001
1531,3,8,1.635,0.000,0.0304,0.000
1531,4,9,0.838,0.000,0.0304,0.000
1531,5,10,0.924,0.000,0.0304,0.000
1531,6,11,1.420,0.000,0.0304,0.000
1531,7,12,1.486,0.000,0.0304,0.000
1531,8,13,1.160,0.000,0.0304,0.000
1531,9,14,1.210,0.000,0.0304,0.000
1531,10,15,0.811,0.000,0.0304,0.000
1531,11,16,1.038,3806.018,0.0304,0.000
1531,12,17,0.862,0.000,0.0304,380.602
1531,13,18,1.117,0.000,0.0304,201.317
1531,14,19,1.337,0.000,5.7607,76.421
1531,15,20,0.394,258.819,3.6098,0.966
1532,0,6,1.818,420.546,2.4004,42.055
1532,1,7,1.534,0.009,0.0300,0.001
1532,2,8,0.974,0.000,0.0304,0.000
1532,3,9,0.699,0.000,0.0304,0.000
1532,4,10,1.431,0.000,0.0304,0.000
1532,5,11,1.219,0.000,0.0304,0.000
1532,6,12,0.571,0.000,0.0304,0.000
1532,7,13,0.563,0.000,0.0304,0.000
1532,8,14,1.397,0.000,0.0304,0.000
1532,9,15,0.819,0.000,0.0304,0.000
1532,10,16,0.685,3806.018,0.0304,0.000
1532,11,17,1.076,0.000,0.0304,380.602
1532,12,18,0.729,0.000,0.0304,201.317
1532,13,19,0.387,0.000,5.7607,76.421
1532,14,20,0.662,258.819,3.6098,0.966
1532,15,21,0.426,0.000,0.3203,26.389
1533,0,7,1.494,0.009,0.0300,0.001
1533,1,8,0.587,0.000,0.0304,0.000
1533,2,9,0.498,0.000,0.0304,0.000
1533,3,10,1.055,0.000,0.0304,0.000
1533,4,11,0.768,0.000,0.0304,0.000
1533,5,12,0.650,0.000,0.0304,0.000
1533,6,13,0.552,0.000,0.0304,0.000
1533,7,14,0.686,0.000,0.0304,0.000
1533,8,15,0.653,0.000,0.0304,0.000
1533,9,16,2.094,3806.018,0.0304,0.000
1533,10,17,0.625,0.000,0.0304,380.602
1533,11,18,0.414,0.000,0.0304,201.317
1533,12,19,1.151,0.000,5.7607,76.421
1533,13,20,1.427,258.819,3.6098,0.966
1533,14,21,1.888,0.000,0.3203,26.389
1533,15,22,2.515,241.181,0.0140,2.600
1534,0,8,0.361,0.000,0.0304,0.000
1534,1,9,0.303,0.000,0.0304,0.000
1534,2,10,0.416,0.000,0.0304,0.000
1534,3,11,0.388,0.000,0.0304,0.000
1534,4,12,0.352,0.000,0.0304,0.000
1534,5,13,0.888,0.000,0.0304,0.000
1534,6,14,0.626,0.000,0.0304,0.000
1534,7,15,0.962,0.000,0.0304,0.000
1534,8,16,0.940,3806.018,0.0304,0.000
1534,9,17,1.270,0.000,0.0304,380.602
1534,10,18,0.585,0.000,0.0304,201.317
1534,11,19,1.756,0.000,5.7607,76.421
1534,12,20,0.250,258.819,3.6098,0.966
1534,13,21,1.166,0.000,0.3203,26.389
1534,14,22,0.984,241.181,0.0140,2.600
1534,15,23,0.820,0.000,0.0135,23.893
1535,0,9,2.557,0.000,0.0304,0.000
1535,1,10,0.532,0.000,0.0304,0.000
1535,2,11,0.497,0.000,0.0304,0.000
1535,3,12,0.450,0.000,0.0304,0.000
1535,4,13,0.593,0.000,0.0304,0.000
1535,5,14,1.293,0.000,0.0304,0.000
1535,6,15,1.587,0.000,0.0304,0.000
1535,7,16,0.877,3806.018,0.0304,0.000
1535,8,17,0.536,0.000,0.0304,380.602
1535,9,18,1.382,0.000,0.0304,201.317
1535,10,19,0.861,0.000,5.7607,76.421
1535,11,20,0.672,258.819,3.6098,0.966
1535,12,21,1.657,0.000,0.3203,26.389
1535,13,22,0.759,241.181,0.0140,2.600
1535,14,23,0.326,0.000,0.0135,23.893
1535,15,24,1.514,207.107,0.0135,3.322
1536,0,10,1.047,0.000,0.0304,0.000
1536,1,11,0.586,0.000,0.0304,0.000
1536,2,12,1.190,0.000,0.0304,0.000
1536,3,13,0.330,0.000,0.0304,0.000
1536,4,14,0.980,0.000,0.0304,0.000
1536,5,15,0.597,0.000,0.0304,0.000
1536,6,16,0.527,3806.018,0.0304,0.000
1536,7,17,0.568,0.000,0.0304,380.602
1536,8,18,0.792,0.000,0.0304,201.317
1536,9,19,0.944,0.000,5.7607,76.421
1536,10,20,0.999,258.819,3.6098,0.966
1536,11,21,0.525,0.000,0.3203,26.389
1536,12,22,0.383,241.181,0.0140,2.600
1536,13,23,1.025,0.000,0.0135,23.893
1536,14,24,0.511,207.107,0.0135,3.322
1536,15,25,0.561,158.919,0.0128,20.201
1537,0,11,2.128,0.000,0.0304,0.000
1537,1,12,0.646,0.000,0.0304,0.000
1537,2,13,0.252,0.000,0.0304,0.000
1537,3,14,0.848,0.000,0.0304,0.000
1537,4,15,0.745,0.000,0.0304,0.000
1537,5,16,0.513,3806.018,0.0304,0.000
1537,6,17,0.650,0.000,0.0304,380.602
1537,7,18,0.303,0.000,0.0304,201.317
1537,8,19,0.174,0.000,5.7607,76.421
1537,9,20,0.279,258.819,3.6098,0.966
1537,10,21,0.361,0.000,0.3203,26.389
1537,11,22,0.669,241.181,0.0140,2.600
1537,12,23,0.171,0.000,0.0135,23.893
1537,13,24,0.548,207.107,0.0135,3.322
1537,14,25,0.337,158.919,0.0128,20.201
1537,15,26,0.615,99.900,0.0128,15.355
1538,0,12,3.607,0.000,0.0304,0.000
1538,1,13,1.133,0.000,0.0304,0.000
1538,2,14,1.166,0.000,0.0304,0.000
1538,3,15,1.525,0.000,0.0304,0.000
1538,4,16,1.051,3806.018,0.0304,0.000
1538,5,17,0.437,0.000,0.0304,380.602
1538,6,18,0.121,0.000,0.0304,201.317
1538,7,19,0.188,0.000,5.7607,76.421
1538,8,20,0.211,258.819,3.6098,0.966
1538,9,21,0.323,0.000,0.3203,26.389
1538,10,22,0.555,241.181,0.0140,2.600
1538,11,23,0.428,0.000,0.0135,23.893
1538,12,24,0.422,207.107,0.0135,3.322
1538,13,25,0.454,158.919,0.0128,20.201
1538,14,26,0.664,99.900,0.0128,15.355
1538,15,27,1.036,34.075,0.0122,9.606
1539,0,13,0.541,0.000,0.0304,0.000
1539,1,14,0.573,0.000,0.0304,0.000
1539,2,15,2.205,0.000,0.0304,0.000
1539,3,16,379.990,3806.018,0.0304,0.000
1539,4,17,0.889,0.000,0.0304,380.602
1539,5,18,0.223,0.000,0.0304,201.317
1539,6,19,0.555,0.000,5.7607,76.421
1539,7,20,26.049,258.819,3.6098,0.966
1539,8,21,1.496,0.000,0.3203,26.389
1539,9,22,23.712,241.181,0.0140,2.600
1539,10,23,1.058,0.000,0.0135,23.893
1539,11,24,20.679,207.107,0.0135,3.322
1539,12,25,16.349,158.919,0.0128,20.201
1539,13,26,9.957,99.900,0.0128,15.355
1539,14,27,2.724,34.075,0.0122,9.606
1539,15,28,2.588,0.000,0.0117,3.239
1540,0,14,3.453,0.000,0.0304,0.000
1540,1,15,3.512,0.000,0.0304,0.000
1540,2,16,6.853,3806.018,0.0304,0.000
1540,3,17,1.308,0.000,0.0304,380.602
1540,4,18,1.540,0.000,0.0304,201.317
1540,5,19,0.931,0.000,5.7607,76.421
1540,6,20,1.724,258.819,3.6098,0.966
1540,7,21,1.438,0.000,0.3203,26.389
1540,8,22,1.180,241.181,0.0140,2.600
1540,9,23,1.456,0.000,0.0135,23.893
1540,10,24,1.326,207.107,0.0135,3.322
1540,11,25,1.645,158.919,0.0128,20.201
1540,12,26,0.354,99.900,0.0128,15.355
1540,13,27,1.979,34.075,0.0122,9.606
1540,14,28,2.408,0.000,0.0117,3.239
1540,15,29,1.163,0.000,0.0114,3.175
1541,0,15,0.893,0.000,0.0304,0.000
1541,1,16,376.598,3806.018,0.0304,0.000
1541,2,17,2.562,0.000,0.0304,380.602
1541,3,18,1.159,0.000,0.0304,201.317
1541,4,19,0.160,0.000,5.7607,76.421
1541,5,20,25.768,258.819,3.6098,0.966
1541,6,21,0.778,0.000,0.3203,26.389
1541,7,22,24.677,241.181,0.0140,2.600
1541,8,23,0.357,0.000,0.0135,23.893
1541,9,24,21.109,207.107,0.0135,3.322
1541,10,25,16.062,158.919,0.0128,20.201
1541,11,26,10.361,99.900,0.0128,15.355
1541,12,27,2.487,34.075,0.0122,9.606
1541,13,28,1.422,0.000,0.0117,3.239
1541,14,29,1.356,0.000,0.0114,3.175
1541,15,30,0.750,0.000,0.0688,3.087
1542,0,16,1.861,3806.018,0.0304,0.000
1542,1,17,0.455,0.000,0.0304,380.602
1542,2,18,0.231,0.000,0.0304,201.317
1542,3,19,1.225,0.000,5.7607,76.421
1542,4,20,0.882,258.819,3.6098,0.966
1542,5,21,0.269,0.000,0.3203,26.389
1542,6,22,0.392,241.181,0.0140,2.600
1542,7,23,0.365,0.000,0.0135,23.893
1542,8,24,0.416,207.107,0.0135,3.322
1542,9,25,0.372,158.919,0.0128,20.201
1542,10,26,0.576,99.900,0.0128,15.355
1542,11,27,0.302,34.075,0.0122,9.606
1542,12,28,0.638,0.000,0.0117,3.239
1542,13,29,0.854,0.000,0.0114,3.175
1542,14,30,0.282,0.000,0.0688,3.087
1542,15,31,0.330,0.000,0.1338,3.209
1543,0,17,0.913,0.000,0.0304,380.602
1543,1,18,1.192,0.000,0.0304,201.317
1543,2,19,0.468,0.000,5.7607,76.421
1543,3,20,1.950,258.819,3.6098,0.966
1543,4,21,0.637,0.000,0.3203,26.389
1543,5,22,1.831,241.181,0.0140,2.600
1543,6,23,0.114,0.000,0.0135,23.893
1543,7,24,1.228,207.107,0.0135,3.322
1543,8,25,1.308,158.919,0.0128,20.201
1543,9,26,1.414,99.900,0.0128,15.355
1543,10,27,1.219,34.075,0.0122,9.606
1543,11,28,0.427,0.000,0.0117,3.239
1543,12,29,0.378,0.000,0.0114,3.175
1543,13,30,0.086,0.000,0.0688,3.087
1543,14,31,0.101,0.000,0.1338,3.209
1543,15,32,0.321,0.000,0.0282,3.231
1544,0,18,1.039,0.000,0.0304,201.317
1544,1,19,1.008,0.000,5.7607,76.421
1544,2,20,0.359,258.819,3.6098,0.966
1544,3,21,0.666,0.000,0.3203,26.389
1544,4,22,0.249,241.181,0.0140,2.600
1544,5,23,0.535,0.000,0.0135,23.893
1544,6,24,0.417,207.107,0.0135,3.322
1544,7,25,0.301,158.919,0.0128,20.201
1544,8,26,0.405,99.900,0.0128,15.355
1544,9,27,0.780,34.075,0.0122,9.606
1544,10,28,0.012,0.000,0.0117,3.239
1544,11,29,0.232,0.000,0.0114,3.175
1544,12,30,0.161,0.000,0.0688,3.087
1544,13,31,0.510,0.000,0.1338,3.209
1544,14,32,1.180,0.000,0.0282,3.231
1544,15,33,0.691,0.000,0.0210,3.380
1545,0,19,0.474,0.000,5.7607,76.421
1545,1,20,0.334,258.819,3.6098,0.966
1545,2,21,0.492,0.000,0.3203,26.389
1545,3,22,0.548,241.181,0.0140,2.600
1545,4,23,0.578,0.000,0.0135,23.893
1545,5,24,0.558,207.107,0.0135,3.322
1545,6,25,0.483,158.919,0.0128,20.201
1545,7,26,0.760,99.900,0.0128,15.355
1545,8,27,0.694,34.075,0.0122,9.606
1545,9,28,0.294,0.000,0.0117,3.239
1545,10,29,0.418,0.000,0.0114,3.175
1545,11,30,1.149,0.000,0.0688,3.087
1545,12,31,0.834,0.000,0.1338,3.209
1545,13,32,0.630,0.000,0.0282,3.231
1545,14,33,0.911,0.000,0.0210,3.380
1545,15,34,0.182,0.000,0.0210,3.231
1546,0,20,0.560,258.819,3.6098,0.966
1546,1,21,0.913,0.000,0.3203,26.389
1546,2,22,1.121,241.181,0.0140,2.600
1546,3,23,0.327,0.000,0.0135,23.893
1546,4,24,0.062,207.107,0.0135,3.322
1546,5,25,0.444,158.919,0.0128,20.201
1546,6,26,0.439,99.900,0.0128,15.355
1546,7,27,0.746,34.075,0.0122,9.606
1546,8,28,1.005,0.000,0.0117,3.239
1546,9,29,0.347,0.000,0.0114,3.175
1546,10,30,0.987,0.000,0.0688,3.087
1546,11,31,0.027,0.000,0.1338,3.209
1546,12,32,1.423,0.000,0.0282,3.231
1546,13,33,1.026,0.000,0.0210,3.380
1546,14,34,0.344,0.000,0.0210,3.231
1546,15,35,1.063,0.000,0.0209,3.379
1547,0,21,0.873,0.000,0.3203,26.389
1547,1,22,0.204,241.181,0.0140,2.600
1547,2,23,0.327,0.000,0.0135,23.893
1547,3,24,0.354,207.107,0.0135,3.322
1547,4,25,0.420,158.919,0.0128,20.201
1547,5,26,0.151,99.900,0.0128,15.355
1547,6,27,0.236,34.075,0.0122,9.606
1547,7,28,0.204,0.000,0.0117,3.239
1547,8,29,0.446,0.000,0.0114,3.175
1547,9,30,0.017,0.000,0.0688,3.087
1547,10,31,0.790,0.000,0.1338,3.209
1547,11,32,0.078,0.000,0.0282,3.231
1547,12,33,0.290,0.000,0.0210,3.380
1547,13,34,0.165,0.000,0.0210,3.231
1547,14,35,0.185,0.000,0.0209,3.379
1547,15,36,0.291,0.000,0.0211,3.231
1548,0,22,1.891,241.181,0.0140,2.600
1548,1,23,2.934,0.000,0.0135,23.893
1548,2,24,0.691,207.107,0.0135,3.322
1548,3,25,0.367,158.919,0.0128,20.201
1548,4,26,2.616,99.900,0.0128,15.355
1548,5,27,6.852,34.075,0.0122,9.606
1548,6,28,2.692,0.000,0.0117,3.239
1548,7,29,1.096,0.000,0.0114,3.175
1548,8,30,3.756,0.000,0.0688,3.087
1548,9,31,2.706,0.000,0.1338,3.209
1548,10,32,2.043,0.000,0.0282,3.231
1548,11,33,1.784,0.000,0.0210,3.380
1548,12,34,3.023,0.000,0.0210,3.231
1548,13,35,2.726,0.000,0.0209,3.379
1548,14,36,2.339,0.000,0.0211,3.231
1548,15,37,2.687,0.000,0.0209,3.379
1549,0,23,0.534,0.000,0.0135,23.893
1549,1,24,1.708,207.107,0.0135,3.322
1549,2,25,1.301,158.919,0.0128,20.201
1549,3,26,1.445,99.900,0.0128,15.355
1549,4,27,0.626,34.075,0.0122,9.606
1549,5,28,0.274,0.000,0.0117,3.239
1549,6,29,0.431,0.000,0.0114,3.175
1549,7,30,1.198,0.000,0.0688,3.087
1549,8,31,0.294,0.000,0.1338,3.209
1549,9,32,0.202,0.000,0.0282,3.231
1549,10,33,0.573,0.000,0.0210,3.380
1549,11,34,0.627,0.000,0.0210,3.231
1549,12,35,0.909,0.000,0.0209,3.379
1549,13,36,0.348,0.000,0.0211,3.231
1549,14,37,1.668,0.000,0.0209,3.379
1549,15,38,0.732,0.000,0.0210,3.231
1550,0,24,0.462,207.107,0.0135,3.322
1550,1,25,0.758,158.919,0.0128,20.201
1550,2,26,0.146,99.900,0.0128,15.355
1550,3,27,1.064,34.075,0.0122,9.606
1550,4,28,0.384,0.000,0.0117,3.239
1550,5,29,0.218,0.000,0.0114,3.175
1550,6,30,0.653,0.000,0.0688,3.087
1550,7,31,0.410,0.000,0.1338,3.209
1550,8,32,0.234,0.000,0.0282,3.231
1550,9,33,0.265,0.000,0.0210,3.380
1550,10,34,0.329,0.000,0.0210,3.231
1550,11,35,0.097,0.000,0.0209,3.379
1550,12,36,0.464,0.000,0.0211,3.231
1550,13,37,0.301,0.000,0.0209,3.379
1550,14,38,0.228,0.000,0.0210,3.231
1550,15,39,0.078,1000.000,0.0211,3.379
1551,0,25,1.690,158.919,0.0128,20.201
1551,1,26,1.275,99.900,0.0128,15.355
1551,2,27,0.446,34.075,0.0122,9.606
1551,3,28,0.103,0.000,0.0117,3.239
1551,4,29,0.342,0.000,0.0114,3.175
1551,5,30,0.701,0.000,0.0688,3.087
1551,6,31,0.753,0.000,0.1338,3.209
1551,7,32,0.464,0.000,0.0282,3.231
1551,8,33,0.279,0.000,0.0210,3.380
1551,9,34,0.163,0.000,0.0210,3.231
1551,10,35,0.579,0.000,0.0209,3.379
1551,11,36,0.242,0.000,0.0211,3.231
1551,12,37,0.633,0.000,0.0209,3.379
1551,13,38,0.808,0.000,0.0210,3.231
1551,14,39,0.643,1000.000,0.0211,3.379
1551,15,40,0.580,0.000,0.0212,4.546
1552,0,26,4.768,99.900,0.0128,15.355
1552,1,27,0.526,34.075,0.0122,9.606
1552,2,28,0.039,0.000,0.0117,3.239
1552,3,29,0.219,0.000,0.0114,3.175
1552,4,30,0.540,0.000,0.0688,3.087
1552,5,31,0.083,0.000,0.1338,3.209
1552,6,32,0.266,0.000,0.0282,3.231
1552,7,33,0.242,0.000,0.0210,3.380
1552,8,34,0.167,0.000,0.0210,3.231
1552,9,35,0.093,0.000,0.0209,3.379
1552,10,36,0.236,0.000,0.0211,3.231
1552,11,37,0.522,0.000,0.0209,3.379
1552,12,38,0.339,0.000,0.0210,3.231
1552,13,39,0.379,1000.000,0.0211,3.379
1552,14,40,0.506,0.000,0.0212,4.546
1552,15,41,61.489,1035.570,2.0069,0.622
1553,0,27,0.591,34.075,0.0122,9.606
1553,1,28,0.561,0.000,0.0117,3.239
1553,2,29,0.174,0.000,0.0114,3.175
1553,3,30,0.436,0.000,0.0688,3.087
1553,4,31,0.578,0.000,0.1338,3.209
1553,5,32,0.318,0.000,0.0282,3.231
1553,6,33,0.203,0.000,0.0210,3.380
1553,7,34,0.424,0.000,0.0210,3.231
1553,8,35,0.736,0.000,0.0209,3.379
1553,9,36,1.046,0.000,0.0211,3.231
1553,10,37,0.629,0.000,0.0209,3.379
1553,11,38,0.110,0.000,0.0210,3.231
1553,12,39,0.141,1000.000,0.0211,3.379
1553,13,40,0.377,0.000,0.0212,4.546
1553,14,41,8.830,1035.570,2.0069,0.622
1553,15,42,0.456,0.000,0.0237,102.260
1554,0,28,0.784,0.000,0.0117,3.239
1554,1,29,0.924,0.000,0.0114,3.175
1554,2,30,0.160,0.000,0.0688,3.087
1554,3,31,0.331,0.000,0.1338,3.209
1554,4,32,0.407,0.000,0.0282,3.231
1554,5,33,0.464,0.000,0.0210,3.380
1554,6,34,1.076,0.000,0.0210,3.231
1554,7,35,0.871,0.000,0.0209,3.379
1554,8,36,0.462,0.000,0.0211,3.231
1554,9,37,1.506,0.000,0.0209,3.379
1554,10,38,0.818,0.000,0.0210,3.231
1554,11,39,0.699,1000.000,0.0211,3.379
1554,12,40,0.746,0.000,0.0212,4.546
1554,13,41,35.795,1035.570,2.0069,0.622
1554,14,42,1.012,0.000,0.0237,102.260
1554,15,43,0.268,0.000,4.4781,20.432
1555,0,29,0.078,0.000,0.0114,3.175
1555,1,30,0.479,0.000,0.0688,3.087
1555,2,31,0.260,0.000,0.1338,3.209
1555,3,32,0.600,0.000,0.0282,3.231
1555,4,33,0.338,0.000,0.0210,3.380
1555,5,34,0.104,0.000,0.0210,3.231
1555,6,35,0.077,0.000,0.0209,3.379
1555,7,36,0.403,0.000,0.0211,3.231
1555,8,37,0.454,0.000,0.0209,3.379
1555,9,38,0.327,0.000,0.0210,3.231
1555,10,39,0.304,1000.000,0.0211,3.379
1555,11,40,0.570,0.000,0.0212,4.546
1555,12,41,109.681,1035.570,2.0069,0.622
1555,13,42,0.522,0.000,0.0237,102.260
1555,14,43,0.644,0.000,4.4781,20.432
1555,15,44,0.794,0.000,3.0447,0.615
1556,0,30,0.712,0.000,0.0688,3.087
1556,1,31,1.000,0.000,0.1338,3.209
1556,2,32,0.669,0.000,0.0282,3.231
1556,3,33,0.275,0.000,0.0210,3.380
1556,4,34,0.437,0.000,0.0210,3.231
1556,5,35,0.535,0.000,0.0209,3.379
1556,6,36,0.028,0.000,0.0211,3.231
1556,7,37,0.544,0.000,0.0209,3.379
1556,8,38,0.500,0.000,0.0210,3.231
1556,9,39,0.629,1000.000,0.0211,3.379
1556,10,40,1.027,0.000,0.0212,4.546
1556,11,41,55.005,1035.570,2.0069,0.622
1556,12,42,0.876,0.000,0.0237,102.260
1556,13,43,0.751,0.000,4.4781,20.432
1556,14,44,0.701,0.000,3.0447,0.615
1556,15,45,0.402,0.000,0.0245,1.216
1557,0,31,0.220,0.000,0.1338,3.209
1557,1,32,0.416,0.000,0.0282,3.231
1557,2,33,0.313,0.000,0.0210,3.380
1557,3,34,0.025,0.000,0.0210,3.231
1557,4,35,0.228,0.000,0.0209,3.379
1557,5,36,0.083,0.000,0.0211,3.231
1557,6,37,0.433,0.000,0.0209,3.379
1557,7,38,0.091,0.000,0.0210,3.231
1557,8,39,0.353,1000.000,0.0211,3.379
1557,9,40,0.860,0.000,0.0212,4.546
1557,10,41,74.731,1035.570,2.0069,0.622
1557,11,42,0.655,0.000,0.0237,102.260
1557,12,43,0.657,0.000,4.4781,20.432
1557,13,44,0.854,0.000,3.0447,0.615
1557,14,45,1.009,0.000,0.0245,1.216
1557,15,46,1.018,0.000,0.0248,0.614
1558,0,32,1.010,0.000,0.0282,3.231
1558,1,33,0.488,0.000,0.0210,3.380
1558,2,34,0.547,0.000,0.0210,3.231
1558,3,35,0.890,0.000,0.0209,3.379
1558,4,36,0.416,0.000,0.0211,3.231
1558,5,37,0.499,0.000,0.0209,3.379
1558,6,38,1.047,0.000,0.0210,3.231
1558,7,39,1.579,1000.000,0.0211,3.379
1558,8,40,0.797,0.000,0.0212,4.546
1558,9,41,3.183,1035.570,2.0069,0.622
1558,10,42,1.608,0.000,0.0237,102.260
1558,11,43,0.282,0.000,4.4781,20.432
1558,12,44,1.083,0.000,3.0447,0.615
1558,13,45,0.803,0.000,0.0245,1.216
1558,14,46,0.576,0.000,0.0248,0.614
1558,15,47,1.178,0.000,0.0246,1.216
1559,0,33,0.720,0.000,0.0210,3.380
1559,1,34,0.882,0.000,0.0210,3.231
1559,2,35,0.536,0.000,0.0209,3.379
1559,3,36,1.440,0.000,0.0211,3.231
1559,4,37,0.911,0.000,0.0209,3.379
1559,5,38,2.035,0.000,0.0210,3.231
1559,6,39,0.713,1000.000,0.0211,3.379
1559,7,40,0.886,0.000,0.0212,4.546
1559,8,41,2.033,1035.570,2.0069,0.622
1559,9,42,1.961,0.000,0.0237,102.260
1559,10,43,0.241,0.000,4.4781,20.432
1559,11,44,0.663,0.000,3.0447,0.615
1559,12,45,0.491,0.000,0.0245,1.216
1559,13,46,0.332,0.000,0.0248,0.614
1559,14,47,0.772,0.000,0.0246,1.216
1559,15,48,0.599,0.000,0.0248,0.614
1560,0,34,0.846,0.000,0.0210,3.231
1560,1,35,0.604,0.000,0.0209,3.379
1560,2,36,1.023,0.000,0.0211,3.231
1560,3,37,0.555,0.000,0.0209,3.379
1560,4,38,0.923,0.000,0.0210,3.231
1560,5,39,0.383,1000.000,0.0211,3.379
1560,6,40,3.523,0.000,0.0212,4.546
1560,7,41,1.180,1035.570,2.0069,0.622
1560,8,42,0.955,0.000,0.0237,102.260
1560,9,43,0.930,0.000,4.4781,20.432
1560,10,44,1.002,0.000,3.0447,0.615
1560,11,45,1.067,0.000,0.0245,1.216
1560,12,46,0.445,0.000,0.0248,0.614
1560,13,47,0.565,0.000,0.0246,1.216
1560,14,48,1.191,0.000,0.0248,0.614
1560,15,49,10.614,0.000,0.0247,1.216
1561,0,35,0.907,0.000,0.0209,3.379
1561,1,36,1.995,0.000,0.0211,3.231
1561,2,37,1.284,0.000,0.0209,3.379
1561,3,38,1.995,0.000,0.0210,3.231
1561,4,39,1.546,1000.000,0.0211,3.379
1561,5,40,1.106,0.000,0.0212,4.546
1561,6,41,4.164,1035.570,2.0069,0.622
1561,7,42,1.212,0.000,0.0237,102.260
1561,8,43,1.107,0.000,4.4781,20.432
1561,9,44,0.543,0.000,3.0447,0.615
1561,10,45,0.741,0.000,0.0245,1.216
1561,11,46,0.751,0.000,0.0248,0.614
1561,12,47,0.759,0.000,0.0246,1.216
1561,13,48,1.576,0.000,0.0248,0.614
1561,14,49,2.922,0.000,0.0247,1.216
1561,15,50,0.824,0.000,0.0247,0.614
1562,0,36,0.058,0.000,0.0211,3.231
1562,1,37,1.176,0.000,0.0209,3.379
1562,2,38,3.435,0.000,0.0210,3.231
1562,3,39,2.067,1000.000,0.0211,3.379
1562,4,40,5.180,0.000,0.0212,4.546
1562,5,41,8.628,1035.570,2.0069,0.622
1562,6,42,2.990,0.000,0.0237,102.260
1562,7,43,1.054,0.000,4.4781,20.432
1562,8,44,1.487,0.000,3.0447,0.615
1562,9,45,0.703,0.000,0.0245,1.216
1562,10,46,1.252,0.000,0.0248,0.614
1562,11,47,0.931,0.000,0.0246,1.216
1562,12,48,1.404,0.000,0.0248,0.614
1562,13,49,1.519,0.000,0.0247,1.216
1562,14,50,1.760,0.000,0.0247,0.614
1562,15,51,1.246,0.000,0.0247,1.216
1563,0,37,0.685,0.000,0.0209,3.379
1563,1,38,0.690,0.000,0.0210,3.231
1563,2,39,0.375,1000.000,0.0211,3.379
1563,3,40,1.409,0.000,0.0212,4.546
1563,4,41,14.166,1035.570,2.0069,0.622
1563,5,42,1.451,0.000,0.0237,102.260
1563,6,43,1.534,0.000,4.4781,20.432
1563,7,44,0.766,0.000,3.0447,0.615
1563,8,45,0.247,0.000,0.0245,1.216
1563,9,46,0.633,0.000,0.0248,0.614
1563,10,47,0.510,0.000,0.0246,1.216
1563,11,48,0.338,0.000,0.0248,0.614
1563,12,49,0.488,0.000,0.0247,1.216
1563,13,50,0.371,0.000,0.0247,0.614
1563,14,51,0.536,0.000,0.0247,1.216
1563,15,52,0.301,0.000,0.0247,0.614
1564,0,38,3.459,0.000,0.0210,3.231
1564,1,39,6.510,1000.000,0.0211,3.379
1564,2,40,6.008,0.000,0.0212,4.546
1564,3,41,5.525,1035.570,2.0069,0.622
1564,4,42,2.127,0.000,0.0237,102.260
1564,5,43,2.155,0.000,4.4781,20.432
1564,6,44,0.902,0.000,3.0447,0.615
1564,7,45,1.500,0.000,0.0245,1.216
1564,8,46,0.465,0.000,0.0248,0.614
1564,9,47,1.223,0.000,0.0246,1.216
1564,10,48,0.464,0.000,0.0248,0.614
1564,11,49,1.555,0.000,0.0247,1.216
1564,12,50,1.404,0.000,0.0247,0.614
1564,13,51,1.403,0.000,0.0247,1.216
1564,14,52,1.009,0.000,0.0247,0.614
1564,15,53,2.775,0.000,0.0247,1.216
1565,0,39,0.364,1000.000,0.0211,3.379
1565,1,40,100.034,0.000,0.0212,4.546
1565,2,41,0.294,1035.570,2.0069,0.622
1565,3,42,1.671,0.000,0.0237,102.260
1565,4,43,1.652,0.000,4.4781,20.432
1565,5,44,1.162,0.000,3.0447,0.615
1565,6,45,1.281,0.000,0.0245,1.216
1565,7,46,0.658,0.000,0.0248,0.614
1565,8,47,0.727,0.000,0.0246,1.216
1565,9,48,1.233,0.000,0.0248,0.614
1565,10,49,0.421,0.000,0.0247,1.216
1565,11,50,0.586,0.000,0.0247,0.614
1565,12,51,0.666,0.000,0.0247,1.216
1565,13,52,0.355,0.000,0.0247,0.614
1565,14,53,1.359,0.000,0.0247,1.216
1565,15,54,0.570,258.819,0.0246,0.614
1566,0,40,100.004,0.000,0.0212,4.546
1566,1,41,99.901,1035.570,2.0069,0.622
1566,2,42,102.865,0.000,0.0237,102.260
1566,3,43,102.365,0.000,4.4781,20.432
1566,4,44,0.866,0.000,3.0447,0.615
1566,5,45,1.749,0.000,0.0245,1.216
1566,6,46,1.890,0.000,0.0248,0.614
1566,7,47,2.191,0.000,0.0246,1.216
1566,8,48,0.411,0.000,0.0248,0.614
1566,9,49,0.549,0.000,0.0247,1.216
1566,10,50,0.761,0.000,0.0247,0.614
1566,11,51,0.940,0.000,0.0247,1.216
1566,12,52,0.905,0.000,0.0247,0.614
1566,13,53,0.491,0.000,0.0247,1.216
1566,14,54,0.557,258.819,0.0246,0.614
1566,15,55,26.699,0.000,0.0246,25.738
1567,0,41,0.614,1035.570,2.0069,0.622
1567,1,42,1.058,0.000,0.0237,102.260
1567,2,43,0.608,0.000,4.4781,20.432
1567,3,44,1.013,0.000,3.0447,0.615
1567,4,45,0.832,0.000,0.0245,1.216
1567,5,46,0.845,0.000,0.0248,0.614
1567,6,47,0.773,0.000,0.0246,1.216
1567,7,48,0.706,0.000,0.0248,0.614
1567,8,49,0.782,0.000,0.0247,1.216
1567,9,50,0.552,0.000,0.0247,0.614
1567,10,51,0.517,0.000,0.0247,1.216
1567,11,52,0.306,0.000,0.0247,0.614
1567,12,53,1.021,0.000,0.0247,1.216
1567,13,54,0.795,258.819,0.0246,0.614
1567,14,55,0.805,0.000,0.0246,25.738
1567,15,56,2.471,241.181,0.0245,3.848
1568,0,42,0.407,0.000,0.0237,102.260
1568,1,43,1.789,0.000,4.4781,20.432
1568,2,44,0.302,0.000,3.0447,0.615
1568,3,45,0.626,0.000,0.0245,1.216
1568,4,46,0.049,0.000,0.0248,0.614
1568,5,47,0.355,0.000,0.0246,1.216
1568,6,48,0.333,0.000,0.0248,0.614
1568,7,49,0.600,0.000,0.0247,1.216
1568,8,50,0.727,0.000,0.0247,0.614
1568,9,51,0.218,0.000,0.0247,1.216
1568,10,52,0.359,0.000,0.0247,0.614
1568,11,53,0.575,0.000,0.0247,1.216
1568,12,54,0.093,258.819,0.0246,0.614
1568,13,55,0.337,0.000,0.0246,25.738
1568,14,56,0.394,241.181,0.0245,3.848
1568,15,57,0.702,207.107,0.0240,23.208
1569,0,43,2.839,0.000,4.4781,20.432
1569,1,44,0.379,0.000,3.0447,0.615
1569,2,45,1.159,0.000,0.0245,1.216
1569,3,46,0.456,0.000,0.0248,0.614
1569,4,47,0.544,0.000,0.0246,1.216
1569,5,48,0.506,0.000,0.0248,0.614
1569,6,49,0.641,0.000,0.0247,1.216
1569,7,50,0.221,0.000,0.0247,0.614
1569,8,51,0.801,0.000,0.0247,1.216
1569,9,52,0.123,0.000,0.0247,0.614
1569,10,53,0.101,0.000,0.0247,1.216
1569,11,54,0.087,258.819,0.0246,0.614
1569,12,55,0.579,0.000,0.0246,25.738
1569,13,56,0.888,241.181,0.0245,3.848
1569,14,57,0.846,207.107,0.0240,23.208
1569,15,58,3.400,158.918,0.0238,19.579
1570,0,44,1.500,0.000,3.0447,0.615
1570,1,45,0.799,0.000,0.0245,1.216
1570,2,46,1.001,0.000,0.0248,0.614
1570,3,47,1.383,0.000,0.0246,1.216
1570,4,48,1.069,0.000,0.0248,0.614
1570,5,49,1.153,0.000,0.0247,1.216
1570,6,50,2.555,0.000,0.0247,0.614
1570,7,51,0.334,0.000,0.0247,1.216
1570,8,52,1.168,0.000,0.0247,0.614
1570,9,53,1.101,0.000,0.0247,1.216
1570,10,54,0.955,258.819,0.0246,0.614
1570,11,55,1.088,0.000,0.0246,25.738
1570,12,56,1.231,241.181,0.0245,3.848
1570,13,57,1.636,207.107,0.0240,23.208
1570,14,58,1.253,158.918,0.0238,19.579
1570,15,59,1.740,99.901,0.0230,14.895
1571,0,45,0.194,0.000,0.0245,1.216
1571,1,46,1.010,0.000,0.0248,0.614
1571,2,47,0.489,0.000,0.0246,1.216
1571,3,48,1.951,0.000,0.0248,0.614
1571,4,49,0.382,0.000,0.0247,1.216
1571,5,50,0.339,0.000,0.0247,0.614
1571,6,51,0.322,0.000,0.0247,1.216
1571,7,52,0.404,0.000,0.0247,0.614
1571,8,53,0.447,0.000,0.0247,1.216
1571,9,54,0.851,258.819,0.0246,0.614
1571,10,55,0.620,0.000,0.0246,25.738
1571,11,56,0.317,241.181,0.0245,3.848
1571,12,57,0.360,207.107,0.0240,23.208
1571,13,58,0.313,158.918,0.0238,19.579
1571,14,59,0.184,99.901,0.0230,14.895
1571,15,60,0.628,34.075,0.0222,9.361
1572,0,46,5.926,0.000,0.0248,0.614
1572,1,47,0.274,0.000,0.0246,1.216
1572,2,48,0.391,0.000,0.0248,0.614
1572,3,49,0.436,0.000,0.0247,1.216
1572,4,50,0.481,0.000,0.0247,0.614
1572,5,51,0.242,0.000,0.0247,1.216
1572,6,52,0.529,0.000,0.0247,0.614
1572,7,53,0.261,0.000,0.0247,1.216
1572,8,54,0.831,258.819,0.0246,0.614
1572,9,55,0.480,0.000,0.0246,25.738
1572,10,56,0.360,241.181,0.0245,3.848
1572,11,57,0.778,207.107,0.0240,23.208
1572,12,58,0.546,158.918,0.0238,19.579
1572,13,59,0.505,99.901,0.0230,14.895
1572,14,60,0.976,34.075,0.0222,9.361
1572,15,61,2.008,0.000,0.0213,3.215
1573,0,47,0.151,0.000,0.0246,1.216
1573,1,48,0.631,0.000,0.0248,0.614
1573,2,49,0.083,0.000,0.0247,1.216
1573,3,50,0.035,0.000,0.0247,0.614
1573,4,51,0.370,0.000,0.0247,1.216
1573,5,52,0.346,0.000,0.0247,0.614
1573,6,53,0.257,0.000,0.0247,1.216
1573,7,54,0.417,258.819,0.0246,0.614
1573,8,55,0.591,0.000,0.0246,25.738
1573,9,56,0.411,241.181,0.0245,3.848
1573,10,57,0.513,207.107,0.0240,23.208
1573,11,58,0.247,158.918,0.0238,19.579
1573,12,59,0.573,99.901,0.0230,14.895
1573,13,60,0.669,34.075,0.0222,9.361
1573,14,61,0.577,0.000,0.0213,3.215
1573,15,62,0.783,0.000,0.0211,0.617
1574,0,48,1.101,0.000,0.0248,0.614
1574,1,49,0.360,0.000,0.0247,1.216
1574,2,50,1.584,0.000,0.0247,0.614
1574,3,51,1.289,0.000,0.0247,1.216
1574,4,52,0.985,0.000,0.0247,0.614
1574,5,53,2.055,0.000,0.0247,1.216
1574,6,54,1.814,258.819,0.0246,0.614
1574,7,55,2.571,0.000,0.0246,25.738
1574,8,56,4.419,241.181,0.0245,3.848
1574,9,57,3.733,207.107,0.0240,23.208
1574,10,58,3.556,158.918,0.0238,19.579
1574,11,59,2.259,99.901,0.0230,14.895
1574,12,60,1.867,34.075,0.0222,9.361
1574,13,61,1.380,0.000,0.0213,3.215
1574,14,62,1.725,0.000,0.0211,0.617
1574,15,63,0.744,0.000,0.0211,1.225
1575,0,49,0.372,0.000,0.0247,1.216
1575,1,50,0.406,0.000,0.0247,0.614
1575,2,51,0.101,0.000,0.0247,1.216
1575,3,52,0.257,0.000,0.0247,0.614
1575,4,53,0.446,0.000,0.0247,1.216
1575,5,54,0.182,258.819,0.0246,0.614
1575,6,55,0.250,0.000,0.0246,25.738
1575,7,56,0.584,241.181,0.0245,3.848
1575,8,57,0.526,207.107,0.0240,23.208
1575,9,58,0.127,158.918,0.0238,19.579
1575,10,59,0.690,99.901,0.0230,14.895
1575,11,60,0.137,34.075,0.0222,9.361
1575,12,61,0.356,0.000,0.0213,3.215
1575,13,62,0.353,0.000,0.0211,0.617
1575,14,63,0.197,0.000,0.0211,1.225
1575,15,64,0.350,0.000,0.0210,0.617
1576,0,50,1.071,0.000,0.0247,0.614
1576,1,51,0.580,0.000,0.0247,1.216
1576,2,52,0.339,0.000,0.0247,0.614
1576,3,53,0.679,0.000,0.0247,1.216
1576,4,54,0.870,258.819,0.0246,0.614
1576,5,55,2.397,0.000,0.0246,25.738
1576,6,56,0.994,241.181,0.0245,3.848
1576,7,57,1.121,207.107,0.0240,23.208
1576,8,58,2.485,158.918,0.0238,19.579
1576,9,59,1.659,99.901,0.0230,14.895
1576,10,60,0.347,34.075,0.0222,9.361
1576,11,61,0.511,0.000,0.0213,3.215
1576,12,62,0.681,0.000,0.0211,0.617
1576,13,63,0.385,0.000,0.0211,1.225
1576,14,64,0.135,0.000,0.0210,0.617
1576,15,65,0.791,0.000,0.0210,1.224
1577,0,51,0.554,0.000,0.0247,1.216
1577,1,52,2.022,0.000,0.0247,0.614
1577,2,53,0.215,0.000,0.0247,1.216
1577,3,54,0.750,258.819,0.0246,0.614
1577,4,55,0.638,0.000,0.0246,25.738
1577,5,56,0.722,241.181,0.0245,3.848
1577,6,57,0.425,207.107,0.0240,23.208
1577,7,58,0.772,158.918,0.0238,19.579
1577,8,59,0.655,99.901,0.0230,14.895
1577,9,60,0.588,34.075,0.0222,9.361
1577,10,61,0.922,0.000,0.0213,3.215
1577,11,62,0.428,0.000,0.0211,0.617
1577,12,63,0.390,0.000,0.0211,1.225
1577,13,64,1.072,0.000,0.0210,0.617
1577,14,65,0.522,0.000,0.0210,1.224
1577,15,66,1.531,0.000,0.0208,0.618
1578,0,52,0.338,0.000,0.0247,0.614
1578,1,53,2.228,0.000,0.0247,1.216
1578,2,54,1.058,258.819,0.0246,0.614
1578,3,55,2.256,0.000,0.0246,25.738
1578,4,56,2.926,241.181,0.0245,3.848
1578,5,57,3.212,207.107,0.0240,23.208
1578,6,58,3.625,158.918,0.0238,19.579
1578,7,59,1.840,99.901,0.0230,14.895
1578,8,60,1.413,34.075,0.0222,9.361
1578,9,61,0.293,0.000,0.0213,3.215
1578,10,62,0.287,0.000,0.0211,0.617
1578,11,63,0.943,0.000,0.0211,1.225
1578,12,64,0.946,0.000,0.0210,0.617
1578,13,65,0.285,0.000,0.0210,1.224
1578,14,66,0.647,0.000,0.0208,0.618
1578,15,67,0.482,0.000,0.0208,1.225
1579,0,53,1.915,0.000,0.0247,1.216
1579,1,54,5.031,258.819,0.0246,0.614
1579,2,55,1.764,0.000,0.0246,25.738
1579,3,56,1.957,241.181,0.0245,3.848
1579,4,57,3.013,207.107,0.0240,23.208
1579,5,58,3.630,158.918,0.0238,19.579
1579,6,59,2.238,99.901,0.0230,14.895
1579,7,60,1.599,34.075,0.0222,9.361
1579,8,61,0.762,0.000,0.0213,3.215
1579,9,62,0.380,0.000,0.0211,0.617
1579,10,63,0.692,0.000,0.0211,1.225
1579,11,64,0.299,0.000,0.0210,0.617
1579,12,65,0.523,0.000,0.0210,1.224
1579,13,66,0.357,0.000,0.0208,0.618
1579,14,67,0.504,0.000,0.0208,1.225
1579,15,68,0.354,0.000,0.0209,0.617
1580,0,54,0.864,258.819,0.0246,0.614
1580,1,55,0.956,0.000,0.0246,25.738
1580,2,56,0.410,241.181,0.0245,3.848
1580,3,57,0.973,207.107,0.0240,23.208
1580,4,58,0.786,158.918,0.0238,19.579
1580,5,59,0.652,99.901,0.0230,14.895
1580,6,60,1.508,34.075,0.0222,9.361
1580,7,61,0.519,0.000,0.0213,3.215
1580,8,62,0.105,0.000,0.0211,0.617
1580,9,63,0.227,0.000,0.0211,1.225
1580,10,64,0.643,0.000,0.0210,0.617
1580,11,65,0.373,0.000,0.0210,1.224
1580,12,66,0.318,0.000,0.0208,0.618
1580,13,67,0.627,0.000,0.0208,1.225
1580,14,68,0.705,0.000,0.0209,0.617
1580,15,69,0.313,0.000,0.0209,1.224
1581,0,55,0.119,0.000,0.0246,25.738
1581,1,56,0.539,241.181,0.0245,3.848
1581,2,57,0.628,207.107,0.0240,23.208
1581,3,58,0.917,158.918,0.0238,19.579
1581,4,59,0.500,99.901,0.0230,14.895
1581,5,60,0.384,34.075,0.0222,9.361
1581,6,61,0.331,0.000,0.0213,3.215
1581,7,62,0.386,0.000,0.0211,0.617
1581,8,63,0.599,0.000,0.0211,1.225
1581,9,64,0.206,0.000,0.0210,0.617
1581,10,65,0.474,0.000,0.0210,1.224
1581,11,66,0.628,0.000,0.0208,0.618
1581,12,67,0.297,0.000,0.0208,1.225
1581,13,68,0.672,0.000,0.0209,0.617
1581,14,69,0.379,0.000,0.0209,1.224
1581,15,70,0.363,0.000,0.0208,0.618
1582,0,56,2.006,241.181,0.0245,3.848
1582,1,57,2.030,207.107,0.0240,23.208
1582,2,58,5.948,158.918,0.0238,19.579
1582,3,59,3.367,99.901,0.0230,14.895
1582,4,60,1.863,34.075,0.0222,9.361
1582,5,61,1.505,0.000,0.0213,3.215
1582,6,62,1.298,0.000,0.0211,0.617
1582,7,63,1.050,0.000,0.0211,1.225
1582,8,64,1.076,0.000,0.0210,0.617
1582,9,65,1.159,0.000,0.0210,1.224
1582,10,66,1.543,0.000,0.0208,0.618
1582,11,67,1.037,0.000,0.0208,1.225
1582,12,68,0.570,0.000,0.0209,0.617
1582,13,69,0.912,0.000,0.0209,1.224
1582,14,70,1.329,0.000,0.0208,0.618
1582,15,71,0.776,0.000,0.0208,1.225
1583,0,57,1.212,207.107,0.0240,23.208
1583,1,58,1.346,158.918,0.0238,19.579
1583,2,59,1.197,99.901,0.0230,14.895
1583,3,60,1.296,34.075,0.0222,9.361
1583,4,61,0.405,0.000,0.0213,3.215
1583,5,62,0.453,0.000,0.0211,0.617
1583,6,63,0.278,0.000,0.0211,1.225
1583,7,64,0.145,0.000,0.0210,0.617
1583,8,65,1.035,0.000,0.0210,1.224
1583,9,66,0.471,0.000,0.0208,0.618
1583,10,67,0.330,0.000,0.0208,1.225
1583,11,68,0.262,0.000,0.0209,0.617
1583,12,69,0.198,0.000,0.0209,1.224
1583,13,70,0.489,0.000,0.0208,0.618
1583,14,71,1.093,0.000,0.0208,1.225
1583,15,72,0.195,0.000,0.0205,0.616
1584,0,58,1.681,158.918,0.0238,19.579
1584,1,59,1.409,99.901,0.0230,14.895
1584,2,60,0.799,34.075,0.0222,9.361
1584,3,61,0.784,0.000,0.0213,3.215
1584,4,62,0.498,0.000,0.0211,0.617
1584,5,63,0.363,0.000,0.0211,1.225
1584,6,64,0.788,0.000,0.0210,0.617
1584,7,65,0.775,0.000,0.0210,1.224
1584,8,66,0.742,0.000,0.0208,0.618
1584,9,67,1.211,0.000,0.0208,1.225
1584,10,68,0.456,0.000,0.0209,0.617
1584,11,69,0.905,0.000,0.0209,1.224
1584,12,70,0.331,0.000,0.0208,0.618
1584,13,71,0.795,0.000,0.0208,1.225
1584,14,72,0.314,0.000,0.0205,0.616
1584,15,73,0.806,0.000,0.0209,1.223
1585,0,59,1.024,99.901,0.0230,14.895
1585,1,60,2.275,34.075,0.0222,9.361
1585,2,61,0.588,0.000,0.0213,3.215
1585,3,62,0.508,0.000,0.0211,0.617
1585,4,63,0.218,0.000,0.0211,1.225
1585,5,64,1.301,0.000,0.0210,0.617
1585,6,65,0.539,0.000,0.0210,1.224
1585,7,66,0.225,0.000,0.0208,0.618
1585,8,67,0.300,0.000,0.0208,1.225
1585,9,68,0.805,0.000,0.0209,0.617
1585,10,69,0.497,0.000,0.0209,1.224
1585,11,70,0.332,0.000,0.0208,0.618
1585,12,71,0.875,0.000,0.0208,1.225
1585,13,72,0.268,0.000,0.0205,0.616
1585,14,73,0.940,0.000,0.0209,1.223
1585,15,74,0.543,0.000,0.0208,0.618
1586,0,60,0.800,34.075,0.0222,9.361
1586,1,61,0.993,0.000,0.0213,3.215
1586,2,62,0.811,0.000,0.0211,0.617
1586,3,63,0.506,0.000,0.0211,1.225
1586,4,64,1.241,0.000,0.0210,0.617
1586,5,65,0.289,0.000,0.0210,1.224
1586,6,66,0.347,0.000,0.0208,0.618
1586,7,67,0.727,0.000,0.0208,1.225
1586,8,68,0.406,0.000,0.0209,0.617
1586,9,69,0.534,0.000,0.0209,1.224
1586,10,70,0.798,0.000,0.0208,0.618
1586,11,71,0.681,0.000,0.0208,1.225
1586,12,72,0.579,0.000,0.0205,0.616
1586,13,73,0.596,0.000,0.0209,1.223
1586,14,74,0.405,0.000,0.0208,0.618
1586,15,75,1.073,0.000,0.0209,1.225
1587,0,61,0.495,0.000,0.0213,3.215
1587,1,62,1.826,0.000,0.0211,0.617
1587,2,63,0.666,0.000,0.0211,1.225
1587,3,64,0.658,0.000,0.0210,0.617
1587,4,65,0.893,0.000,0.0210,1.224
1587,5,66,0.688,0.000,0.0208,0.618
1587,6,67,0.986,0.000,0.0208,1.225
1587,7,68,0.603,0.000,0.0209,0.617
1587,8,69,0.669,0.000,0.0209,1.224
1587,9,70,0.608,0.000,0.0208,0.618
1587,10,71,0.462,0.000,0.0208,1.225
1587,11,72,0.223,0.000,0.0205,0.616
1587,12,73,0.727,0.000,0.0209,1.223
1587,13,74,0.703,0.000,0.0208,0.618
1587,14,75,0.724,0.000,0.0209,1.225
1587,15,76,0.752,0.000,0.0208,0.616
1588,0,62,2.058,0.000,0.0211,0.617
1588,1,63,0.413,0.000,0.0211,1.225
1588,2,64,0.595,0.000,0.0210,0.617
1588,3,65,0.600,0.000,0.0210,1.224
1588,4,66,0.796,0.000,0.0208,0.618
1588,5,67,0.449,0.000,0.0208,1.225
1588,6,68,3.731,0.000,0.0209,0.617
1588,7,69,1.226,0.000,0.0209,1.224
1588,8,70,0.720,0.000,0.0208,0.618
1588,9,71,0.561,0.000,0.0208,1.225
1588,10,72,0.538,0.000,0.0205,0.616
1588,11,73,0.314,0.000,0.0209,1.223
1588,12,74,0.685,0.000,0.0208,0.618
1588,13,75,0.567,0.000,0.0209,1.225
1588,14,76,1.399,0.000,0.0208,0.616
1588,15,77,0.631,0.000,0.0210,0.610
1589,0,63,0.329,0.000,0.0211,1.225
1589,1,64,0.344,0.000,0.0210,0.617
1589,2,65,0.752,0.000,0.0210,1.224
1589,3,66,0.441,0.000,0.0208,0.618
1589,4,67,0.444,0.000,0.0208,1.225
1589,5,68,0.239,0.000,0.0209,0.617
1589,6,69,0.192,0.000,0.0209,1.224
1589,7,70,0.366,0.000,0.0208,0.618
1589,8,71,0.260,0.000,0.0208,1.225
1589,9,72,0.423,0.000,0.0205,0.616
1589,10,73,0.434,0.000,0.0209,1.223
1589,11,74,0.699,0.000,0.0208,0.618
1589,12,75,0.440,0.000,0.0209,1.225
1589,13,76,0.162,0.000,0.0208,0.616
1589,14,77,0.814,0.000,0.0210,0.610
1589,15,78,2.341,1000.000,0.0110,0.609
1590,0,64,0.427,0.000,0.0210,0.617
1590,1,65,0.836,0.000,0.0210,1.224
1590,2,66,0.168,0.000,0.0208,0.618
1590,3,67,0.512,0.000,0.0208,1.225
1590,4,68,0.174,0.000,0.0209,0.617
1590,5,69,0.191,0.000,0.0209,1.224
1590,6,70,0.205,0.000,0.0208,0.618
1590,7,71,0.232,0.000,0.0208,1.225
1590,8,72,0.526,0.000,0.0205,0.616
1590,9,73,0.299,0.000,0.0209,1.223
1590,10,74,0.424,0.000,0.0208,0.618
1590,11,75,0.448,0.000,0.0209,1.225
1590,12,76,0.260,0.000,0.0208,0.616
1590,13,77,0.726,0.000,0.0210,0.610
1590,14,78,0.548,1000.000,0.0110,0.609
1590,15,79,0.300,19.375,0.0110,1.938
1591,0,65,1.959,0.000,0.0210,1.224
1591,1,66,0.996,0.000,0.0208,0.618
1591,2,67,0.802,0.000,0.0208,1.225
1591,3,68,0.873,0.000,0.0209,0.617
1591,4,69,0.586,0.000,0.0209,1.224
1591,5,70,0.536,0.000,0.0208,0.618
1591,6,71,0.476,0.000,0.0208,1.225
1591,7,72,0.459,0.000,0.0205,0.616
1591,8,73,1.109,0.000,0.0209,1.223
1591,9,74,0.556,0.000,0.0208,0.618
1591,10,75,1.151,0.000,0.0209,1.225
1591,11,76,1.842,0.000,0.0208,0.616
1591,12,77,0.750,0.000,0.0210,0.610
1591,13,78,0.585,1000.000,0.0110,0.609
1591,14,79,1.364,19.375,0.0110,1.938
1592,0,66,0.706,0.000,0.0208,0.618
1592,1,67,0.550,0.000,0.0208,1.225
1592,2,68,0.555,0.000,0.0209,0.617
1592,3,69,1.058,0.000,0.0209,1.224
1592,4,70,1.123,0.000,0.0208,0.618
1592,5,71,0.491,0.000,0.0208,1.225
1592,6,72,0.248,0.000,0.0205,0.616
1592,7,73,0.418,0.000,0.0209,1.223
1592,8,74,0.563,0.000,0.0208,0.618
1592,9,75,0.749,0.000,0.0209,1.225
1592,10,76,0.505,0.000,0.0208,0.616
1592,11,77,0.608,0.000,0.0210,0.610
1592,12,78,0.568,1000.000,0.0110,0.609
1592,13,79,2.189,19.375,0.0110,1.938
1593,0,67,0.393,0.000,0.0208,1.225
1593,1,68,1.069,0.000,0.0209,0.617
1593,2,69,0.505,0.000,0.0209,1.224
1593,3,70,0.593,0.000,0.0208,0.618
1593,4,71,0.810,0.000,0.0208,1.225
1593,5,72,0.486,0.000,0.0205,0.616
1593,6,73,0.276,0.000,0.0209,1.223
1593,7,74,0.575,0.000,0.0208,0.618
1593,8,75,0.427,0.000,0.0209,1.225
1593,9,76,0.426,0.000,0.0208,0.616
1593,10,77,0.493,0.000,0.0210,0.610
1593,11,78,0.308,1000.000,0.0110,0.609
1593,12,79,0.375,19.375,0.0110,1.938
1594,0,68,0.814,0.000,0.0209,0.617
1594,1,69,1.005,0.000,0.0209,1.224
1594,2,70,0.871,0.000,0.0208,0.618
1594,3,71,0.817,0.000,0.0208,1.225
1594,4,72,0.814,0.000,0.0205,0.616
1594,5,73,0.434,0.000,0.0209,1.223
1594,6,74,0.525,0.000,0.0208,0.618
1594,7,75,0.871,0.000,0.0209,1.225
1594,8,76,0.640,0.000,0.0208,0.616
1594,9,77,94.478,0.000,0.0210,0.610
1594,10,78,93.147,1000.000,0.0110,0.609
1594,11,79,11.493,19.375,0.0110,1.938
1595,0,69,0.285,0.000,0.0209,1.224
1595,1,70,0.299,0.000,0.0208,0.618
1595,2,71,0.503,0.000,0.0208,1.225
1595,3,72,0.415,0.000,0.0205,0.616
1595,4,73,0.219,0.000,0.0209,1.223
1595,5,74,0.215,0.000,0.0208,0.618
1595,6,75,0.523,0.000,0.0209,1.225
1595,7,76,0.226,0.000,0.0208,0.616
1595,8,77,0.546,0.000,0.0210,0.610
1595,9,78,0.657,1000.000,0.0110,0.609
1595,10,79,0.609,19.375,0.0110,1.938
1596,0,70,0.280,0.000,0.0208,0.618
1596,1,71,0.487,0.000,0.0208,1.225
1596,2,72,0.247,0.000,0.0205,0.616
1596,3,73,1.113,0.000,0.0209,1.223
1596,4,74,0.164,0.000,0.0208,0.618
1596,5,75,1.055,0.000,0.0209,1.225
1596,6,76,0.868,0.000,0.0208,0.616
1596,7,77,99.972,0.000,0.0210,0.610
1596,8,78,99.332,1000.000,0.0110,0.609
1596,9,79,9.224,19.375,0.0110,1.938
1597,0,71,0.516,0.000,0.0208,1.225
1597,1,72,0.459,0.000,0.0205,0.616
1597,2,73,0.717,0.000,0.0209,1.223
1597,3,74,0.451,0.000,0.0208,0.618
1597,4,75,1.021,0.000,0.0209,1.225
1597,5,76,0.628,0.000,0.0208,0.616
1597,6,77,99.313,0.000,0.0210,0.610
1597,7,78,98.760,1000.000,0.0110,0.609
1597,8,79,9.197,19.375,0.0110,1.938
1598,0,72,1.239,0.000,0.0205,0.616
1598,1,73,1.962,0.000,0.0209,1.223
1598,2,74,1.128,0.000,0.0208,0.618
1598,3,75,0.972,0.000,0.0209,1.225
1598,4,76,0.799,0.000,0.0208,0.616
1598,5,77,99.645,0.000,0.0210,0.610
1598,6,78,99.996,1000.000,0.0110,0.609
1598,7,79,10.052,19.375,0.0110,1.938
1599,0,73,0.929,0.000,0.0209,1.223
1599,1,74,0.678,0.000,0.0208,0.618
1599,2,75,0.299,0.000,0.0209,1.225
1599,3,76,0.888,0.000,0.0208,0.616
1599,4,77,0.748,0.000,0.0210,0.610
1599,5,78,0.548,1000.000,0.0110,0.609
1599,6,79,0.957,19.375,0.0110,1.938
1600,0,74,0.299,0.000,0.0208,0.618
1600,1,75,0.888,0.000,0.0209,1.225
1600,2,76,2.338,0.000,0.0208,0.616
1600,3,77,1.839,0.000,0.0210,0.610
1600,4,78,1.190,1000.000,0.0110,0.609
1600,5,79,1.529,19.375,0.0110,1.938
1601,0,75,3.424,0.000,0.0209,1.225
1601,1,76,0.681,0.000,0.0208,0.616
1601,2,77,2.047,0.000,0.0210,0.610
1601,3,78,15.582,1000.000,0.0110,0.609
1601,4,79,1.360,19.375,0.0110,1.938
1602,0,76,1.176,0.000,0.0208,0.616
1602,1,77,0.652,0.000,0.0210,0.610
1602,2,78,1.740,1000.000,0.0110,0.609
1602,3,79,1.216,19.375,0.0110,1.938
1603,0,77,0.837,0.000,0.0210,0.610
1603,1,78,1.242,1000.000,0.0110,0.609
1603,2,79,1.301,19.375,0.0110,1.938
1604,0,78,0.811,1000.000,0.0110,0.609
1604,1,79,0.530,19.375,0.0110,1.938
1605,0,79,2.349,19.375,0.0110,1.938
