part,episode,length,release_mode,pre_ref,action_final,state_final,commanded_delta,opened_commanded,frac_state_followed,truncated,action_changed_last_n,state_changed_last_n
gear_20teeth,0,66,open,0.09774845093488693,0.1804591566324234,0.09774838387966156,0.08271070569753647,True,-0.0,True,True,False
gear_20teeth,9,66,open,0.09774845093488693,0.1804591566324234,0.09774838387966156,0.08271070569753647,True,-0.0,True,True,False
gear_20teeth,18,66,open,0.09774845093488693,0.1804591566324234,0.09774838387966156,0.08271070569753647,True,-0.0,True,True,False
gear_20teeth,27,66,open,0.09774845093488693,0.1804591566324234,0.09774838387966156,0.08271070569753647,True,-0.0,True,True,False
gear_20teeth,36,66,open,0.09774845093488693,0.1804591566324234,0.09774838387966156,0.08271070569753647,True,-0.0,True,True,False
gear_20teeth,45,66,open,0.09774845093488693,0.1804591566324234,0.09774838387966156,0.08271070569753647,True,-0.0,True,True,False
gear_20teeth,54,66,open,0.09774845093488693,0.1804591566324234,0.09774838387966156,0.08271070569753647,True,-0.0,True,True,False
gear_20teeth,63,66,open,0.09774845093488693,0.1804591566324234,0.09774838387966156,0.08271070569753647,True,-0.0,True,True,False
gear_20teeth,72,66,open,0.09774845093488693,0.1804591566324234,0.09774838387966156,0.08271070569753647,True,-0.0,True,True,False
gear_20teeth,81,66,open,0.09774845093488693,0.1804591566324234,0.09774838387966156,0.08271070569753647,True,-0.0,True,True,False
gear_20teeth,90,66,open,0.09774845093488693,0.1804591566324234,0.09774838387966156,0.08271070569753647,True,-0.0,True,True,False
gear_20teeth,99,66,open,0.09774845093488693,0.1804591566324234,0.09774838387966156,0.08271070569753647,True,-0.0,True,True,False
gear_20teeth,108,66,open,0.09774845093488693,0.1804591566324234,0.09774838387966156,0.08271070569753647,True,-0.0,True,True,False
gear_20teeth,117,66,open,0.09774845093488693,0.1804591566324234,0.09774838387966156,0.08271070569753647,True,-0.0,True,True,False
gear_20teeth,126,66,open,0.09774845093488693,0.1804591566324234,0.09774838387966156,0.08271070569753647,True,-0.0,True,True,False
gear_20teeth,135,66,open,0.09774845093488693,0.1804591566324234,0.09774838387966156,0.08271070569753647,True,-0.0,True,True,False
gear_20teeth,144,66,open,0.09774845093488693,0.1804591566324234,0.09774838387966156,0.08271070569753647,True,-0.0,True,True,False
gear_20teeth,153,66,open,0.09774845093488693,0.1804591566324234,0.09774838387966156,0.08271070569753647,True,-0.0,True,True,False
gear_20teeth,162,66,open,0.09774845093488693,0.1804591566324234,0.09774838387966156,0.08271070569753647,True,-0.0,True,True,False
gear_20teeth,171,66,open,0.09774845093488693,0.1804591566324234,0.09774838387966156,0.08271070569753647,True,-0.0,True,True,False
gear_20teeth,180,66,open,0.09774845093488693,0.1804591566324234,0.09774838387966156,0.08271070569753647,True,-0.0,True,True,False
gear_20teeth,189,66,open,0.09774845093488693,0.1804591566324234,0.09774838387966156,0.08271070569753647,True,-0.0,True,True,False
gear_20teeth,198,66,open,0.09774845093488693,0.1804591566324234,0.09774838387966156,0.08271070569753647,True,-0.0,True,True,False
gear_20teeth,207,66,open,0.09774845093488693,0.1804591566324234,0.09774838387966156,0.08271070569753647,True,-0.0,True,True,False
gear_20teeth,216,66,open,0.09774845093488693,0.1804591566324234,0.09774838387966156,0.08271070569753647,True,-0.0,True,True,False
gear_20teeth,225,66,open,0.09774845093488693,0.1804591566324234,0.09774838387966156,0.08271070569753647,True,-0.0,True,True,False
gear_20teeth,234,66,open,0.09774845093488693,0.1804591566324234,0.09774838387966156,0.08271070569753647,True,-0.0,True,True,False
gear_20teeth,243,66,open,0.09774845093488693,0.1804591566324234,0.09774838387966156,0.08271070569753647,True,-0.0,True,True,False
gear_20teeth,252,66,open,0.09774845093488693,0.1804591566324234,0.09774838387966156,0.08271070569753647,True,-0.0,True,True,False
gear_20teeth,261,66,open,0.09774845093488693,0.1804591566324234,0.09774838387966156,0.08271070569753647,True,-0.0,True,True,False
gear_20teeth,270,66,open,0.09774845093488693,0.1804591566324234,0.09774838387966156,0.08271070569753647,True,-0.0,True,True,False
gear_20teeth,279,66,open,0.09774845093488693,0.1804591566324234,0.09774838387966156,0.08271070569753647,True,-0.0,True,True,False
gear_20teeth,288,66,open,0.09774845093488693,0.1804591566324234,0.09774838387966156,0.08271070569753647,True,-0.0,True,True,False
gear_20teeth,297,66,open,0.09774845093488693,0.1804591566324234,0.09774838387966156,0.08271070569753647,True,-0.0,True,True,False
gear_20teeth,306,66,open,0.09774845093488693,0.1804591566324234,0.09774838387966156,0.08271070569753647,True,-0.0,True,True,False
gear_20teeth,315,66,open,0.09774845093488693,0.1804591566324234,0.09774838387966156,0.08271070569753647,True,-0.0,True,True,False
gear_20teeth,324,66,open,0.09774845093488693,0.1804591566324234,0.09774838387966156,0.08271070569753647,True,-0.0,True,True,False
gear_20teeth,333,66,open,0.09774845093488693,0.1804591566324234,0.09774838387966156,0.08271070569753647,True,-0.0,True,True,False
gear_20teeth,342,66,open,0.09774845093488693,0.1804591566324234,0.09774838387966156,0.08271070569753647,True,-0.0,True,True,False
gear_20teeth,351,66,open,0.09774845093488693,0.1804591566324234,0.09774838387966156,0.08271070569753647,True,-0.0,True,True,False
gear_20teeth,360,66,open,0.09774845093488693,0.1804591566324234,0.09774838387966156,0.08271070569753647,True,-0.0,True,True,False
gear_20teeth,369,66,open,0.09774845093488693,0.1804591566324234,0.09774838387966156,0.08271070569753647,True,-0.0,True,True,False
gear_20teeth,378,66,open,0.09774845093488693,0.1804591566324234,0.09774838387966156,0.08271070569753647,True,-0.0,True,True,False
gear_20teeth,387,66,open,0.09774845093488693,0.1804591566324234,0.09774838387966156,0.08271070569753647,True,-0.0,True,True,False
gear_20teeth,396,66,open,0.09774845093488693,0.1804591566324234,0.09774838387966156,0.08271070569753647,True,-0.0,True,True,False
gear_20teeth,405,66,open,0.09774845093488693,0.1804591566324234,0.09774838387966156,0.08271070569753647,True,-0.0,True,True,False
gear_20teeth,414,66,open,0.09774845093488693,0.1804591566324234,0.09774838387966156,0.08271070569753647,True,-0.0,True,True,False
gear_20teeth,423,66,open,0.09774845093488693,0.1804591566324234,0.09774838387966156,0.08271070569753647,True,-0.0,True,True,False
gear_20teeth,432,66,open,0.09774845093488693,0.1804591566324234,0.09774838387966156,0.08271070569753647,True,-0.0,True,True,False
gear_20teeth,441,66,open,0.09774845093488693,0.1804591566324234,0.09774838387966156,0.08271070569753647,True,-0.0,True,True,False
gear_20teeth,450,66,open,0.09774845093488693,0.1804591566324234,0.09774838387966156,0.08271070569753647,True,-0.0,True,True,False
gear_20teeth,459,66,open,0.09774845093488693,0.1804591566324234,0.09774838387966156,0.08271070569753647,True,-0.0,True,True,False
gear_20teeth,468,66,open,0.09774845093488693,0.1804591566324234,0.09774838387966156,0.08271070569753647,True,-0.0,True,True,False
gear_20teeth,477,66,open,0.09774845093488693,0.1804591566324234,0.09774838387966156,0.08271070569753647,True,-0.0,True,True,False
gear_20teeth,486,66,open,0.09774845093488693,0.1804591566324234,0.09774838387966156,0.08271070569753647,True,-0.0,True,True,False
gear_20teeth,495,66,open,0.09774845093488693,0.1804591566324234,0.09774838387966156,0.08271070569753647,True,-0.0,True,True,False
gear_20teeth,504,66,open,0.09774845093488693,0.1804591566324234,0.09774838387966156,0.08271070569753647,True,-0.0,True,True,False
gear_20teeth,513,66,open,0.09774845093488693,0.1804591566324234,0.09774838387966156,0.08271070569753647,True,-0.0,True,True,False
gear_20teeth,522,66,open,0.09774845093488693,0.1804591566324234,0.09774838387966156,0.08271070569753647,True,-0.0,True,True,False
gear_20teeth,531,66,open,0.09774845093488693,0.1804591566324234,0.09774838387966156,0.08271070569753647,True,-0.0,True,True,False
gear_20teeth,540,66,open,0.09774845093488693,0.1804591566324234,0.09774838387966156,0.08271070569753647,True,-0.0,True,True,False
gear_20teeth,549,66,open,0.09774845093488693,0.1804591566324234,0.09774838387966156,0.08271070569753647,True,-0.0,True,True,False
gear_20teeth,558,66,open,0.09774845093488693,0.1804591566324234,0.09774838387966156,0.08271070569753647,True,-0.0,True,True,False
gear_20teeth,567,66,open,0.09774845093488693,0.1804591566324234,0.09774838387966156,0.08271070569753647,True,-0.0,True,True,False
gear_20teeth,576,66,open,0.09774845093488693,0.1804591566324234,0.09774838387966156,0.08271070569753647,True,-0.0,True,True,False
gear_20teeth,585,66,open,0.09774845093488693,0.1804591566324234,0.09774838387966156,0.08271070569753647,True,-0.0,True,True,False
gear_20teeth,594,66,open,0.09774845093488693,0.1804591566324234,0.09774838387966156,0.08271070569753647,True,-0.0,True,True,False
gear_20teeth,603,66,open,0.09774845093488693,0.1804591566324234,0.09774838387966156,0.08271070569753647,True,-0.0,True,True,False
gear_20teeth,612,66,open,0.09774845093488693,0.1804591566324234,0.09774838387966156,0.08271070569753647,True,-0.0,True,True,False
gear_20teeth,621,66,open,0.09774845093488693,0.1804591566324234,0.09774838387966156,0.08271070569753647,True,-0.0,True,True,False
gear_20teeth,630,66,open,0.09774845093488693,0.1804591566324234,0.09774838387966156,0.08271070569753647,True,-0.0,True,True,False
gear_20teeth,639,66,open,0.09774845093488693,0.1804591566324234,0.09774838387966156,0.08271070569753647,True,-0.0,True,True,False
gear_20teeth,648,66,open,0.09774845093488693,0.1804591566324234,0.09774838387966156,0.08271070569753647,True,-0.0,True,True,False
gear_20teeth,657,66,open,0.09774845093488693,0.1804591566324234,0.09774838387966156,0.08271070569753647,True,-0.0,True,True,False
gear_20teeth,666,66,open,0.09774845093488693,0.1804591566324234,0.09774838387966156,0.08271070569753647,True,-0.0,True,True,False
gear_20teeth,675,66,open,0.09774845093488693,0.1804591566324234,0.09774838387966156,0.08271070569753647,True,-0.0,True,True,False
gear_20teeth,684,66,open,0.09774845093488693,0.1804591566324234,0.09774838387966156,0.08271070569753647,True,-0.0,True,True,False
gear_20teeth,693,66,open,0.09774845093488693,0.1804591566324234,0.09774838387966156,0.08271070569753647,True,-0.0,True,True,False
gear_20teeth,702,66,open,0.09774845093488693,0.1804591566324234,0.09774838387966156,0.08271070569753647,True,-0.0,True,True,False
gear_20teeth,711,66,open,0.09774845093488693,0.1804591566324234,0.09774838387966156,0.08271070569753647,True,-0.0,True,True,False
gear_20teeth,720,66,open,0.09774845093488693,0.1804591566324234,0.09774838387966156,0.08271070569753647,True,-0.0,True,True,False
gear_20teeth,729,66,open,0.09774845093488693,0.1804591566324234,0.09774838387966156,0.08271070569753647,True,-0.0,True,True,False
gear_20teeth,738,66,open,0.09774845093488693,0.1804591566324234,0.09774838387966156,0.08271070569753647,True,-0.0,True,True,False
gear_20teeth,747,66,open,0.09774845093488693,0.1804591566324234,0.09774838387966156,0.08271070569753647,True,-0.0,True,True,False
gear_20teeth,756,66,open,0.09774845093488693,0.1804591566324234,0.09774838387966156,0.08271070569753647,True,-0.0,True,True,False
gear_20teeth,765,66,open,0.09774845093488693,0.1804591566324234,0.09774838387966156,0.08271070569753647,True,-0.0,True,True,False
gear_20teeth,774,66,open,0.09774845093488693,0.1804591566324234,0.09774838387966156,0.08271070569753647,True,-0.0,True,True,False
gear_20teeth,783,66,open,0.09774845093488693,0.1804591566324234,0.09774838387966156,0.08271070569753647,True,-0.0,True,True,False
gear_20teeth,792,66,open,0.09774845093488693,0.1804591566324234,0.09774838387966156,0.08271070569753647,True,-0.0,True,True,False
gear_20teeth,801,66,open,0.09774845093488693,0.1804591566324234,0.09774838387966156,0.08271070569753647,True,-0.0,True,True,False
gear_20teeth,810,66,open,0.09774845093488693,0.1804591566324234,0.09774838387966156,0.08271070569753647,True,-0.0,True,True,False
gear_20teeth,819,66,open,0.09774845093488693,0.1804591566324234,0.09774838387966156,0.08271070569753647,True,-0.0,True,True,False
gear_20teeth,828,66,open,0.09774845093488693,0.1804591566324234,0.09774838387966156,0.08271070569753647,True,-0.0,True,True,False
gear_20teeth,837,66,open,0.09774845093488693,0.1804591566324234,0.09774838387966156,0.08271070569753647,True,-0.0,True,True,False
gear_20teeth,846,66,open,0.09774845093488693,0.1804591566324234,0.09774838387966156,0.08271070569753647,True,-0.0,True,True,False
gear_20teeth,855,66,open,0.09774845093488693,0.1804591566324234,0.09774838387966156,0.08271070569753647,True,-0.0,True,True,False
gear_20teeth,864,66,open,0.09774845093488693,0.1804591566324234,0.09774838387966156,0.08271070569753647,True,-0.0,True,True,False
gear_20teeth,873,66,open,0.09774845093488693,0.1804591566324234,0.09774838387966156,0.08271070569753647,True,-0.0,True,True,False
gear_20teeth,882,66,open,0.09774845093488693,0.1804591566324234,0.09774838387966156,0.08271070569753647,True,-0.0,True,True,False
gear_20teeth,891,66,open,0.09774845093488693,0.1804591566324234,0.09774838387966156,0.08271070569753647,True,-0.0,True,True,False
gear_20teeth,900,66,open,0.09774845093488693,0.1804591566324234,0.09774838387966156,0.08271070569753647,True,-0.0,True,True,False
gear_20teeth,909,66,open,0.09774845093488693,0.1804591566324234,0.09774838387966156,0.08271070569753647,True,-0.0,True,True,False
gear_20teeth,918,66,open,0.09774845093488693,0.1804591566324234,0.09774838387966156,0.08271070569753647,True,-0.0,True,True,False
gear_20teeth,927,66,open,0.09774845093488693,0.1804591566324234,0.09774838387966156,0.08271070569753647,True,-0.0,True,True,False
gear_20teeth,936,66,open,0.09774845093488693,0.1804591566324234,0.09774838387966156,0.08271070569753647,True,-0.0,True,True,False
gear_20teeth,945,66,open,0.09774845093488693,0.1804591566324234,0.09774838387966156,0.08271070569753647,True,-0.0,True,True,False
gear_20teeth,954,66,open,0.09774845093488693,0.1804591566324234,0.09774838387966156,0.08271070569753647,True,-0.0,True,True,False
gear_20teeth,963,66,open,0.09774845093488693,0.1804591566324234,0.09774838387966156,0.08271070569753647,True,-0.0,True,True,False
gear_20teeth,972,66,open,0.09774845093488693,0.1804591566324234,0.09774838387966156,0.08271070569753647,True,-0.0,True,True,False
gear_20teeth,981,66,open,0.09774845093488693,0.1804591566324234,0.09774838387966156,0.08271070569753647,True,-0.0,True,True,False
gear_20teeth,990,66,open,0.09774845093488693,0.1804591566324234,0.09774838387966156,0.08271070569753647,True,-0.0,True,True,False
gear_20teeth,999,66,open,0.09774845093488693,0.1804591566324234,0.09774838387966156,0.08271070569753647,True,-0.0,True,True,False
gear_20teeth,1008,66,open,0.09774845093488693,0.1804591566324234,0.09774838387966156,0.08271070569753647,True,-0.0,True,True,False
gear_20teeth,1017,66,open,0.09774845093488693,0.1804591566324234,0.09774838387966156,0.08271070569753647,True,-0.0,True,True,False
gear_20teeth,1026,66,open,0.09774845093488693,0.1804591566324234,0.09774838387966156,0.08271070569753647,True,-0.0,True,True,False
gear_20teeth,1035,66,open,0.09774845093488693,0.1804591566324234,0.09774838387966156,0.08271070569753647,True,-0.0,True,True,False
gear_20teeth,1044,66,open,0.09774845093488693,0.1804591566324234,0.09774838387966156,0.08271070569753647,True,-0.0,True,True,False
gear_20teeth,1053,66,open,0.09774845093488693,0.1804591566324234,0.09774838387966156,0.08271070569753647,True,-0.0,True,True,False
gear_20teeth,1062,66,open,0.09774845093488693,0.1804591566324234,0.09774838387966156,0.08271070569753647,True,-0.0,True,True,False
gear_20teeth,1071,66,open,0.09774845093488693,0.1804591566324234,0.09774838387966156,0.08271070569753647,True,-0.0,True,True,False
gear_20teeth,1080,66,open,0.09774845093488693,0.1804591566324234,0.09774838387966156,0.08271070569753647,True,-0.0,True,True,False
gear_20teeth,1089,66,open,0.09774845093488693,0.1804591566324234,0.09774838387966156,0.08271070569753647,True,-0.0,True,True,False
gear_20teeth,1098,66,open,0.09774845093488693,0.1804591566324234,0.09774838387966156,0.08271070569753647,True,-0.0,True,True,False
gear_20teeth,1107,66,open,0.09774845093488693,0.1804591566324234,0.09774838387966156,0.08271070569753647,True,-0.0,True,True,False
gear_20teeth,1116,66,open,0.09774845093488693,0.1804591566324234,0.09774838387966156,0.08271070569753647,True,-0.0,True,True,False
gear_20teeth,1125,66,open,0.09774845093488693,0.1804591566324234,0.09774838387966156,0.08271070569753647,True,-0.0,True,True,False
gear_20teeth,1134,66,open,0.09774845093488693,0.1804591566324234,0.09774838387966156,0.08271070569753647,True,-0.0,True,True,False
gear_20teeth,1143,66,open,0.09774845093488693,0.1804591566324234,0.09774838387966156,0.08271070569753647,True,-0.0,True,True,False
gear_20teeth,1152,66,open,0.09774845093488693,0.1804591566324234,0.09774838387966156,0.08271070569753647,True,-0.0,True,True,False
gear_20teeth,1161,66,open,0.09774845093488693,0.1804591566324234,0.09774838387966156,0.08271070569753647,True,-0.0,True,True,False
gear_20teeth,1170,66,open,0.09774845093488693,0.1804591566324234,0.09774838387966156,0.08271070569753647,True,-0.0,True,True,False
gear_20teeth,1179,66,open,0.09774845093488693,0.1804591566324234,0.09774838387966156,0.08271070569753647,True,-0.0,True,True,False
gear_20teeth,1188,66,open,0.09774845093488693,0.1804591566324234,0.09774838387966156,0.08271070569753647,True,-0.0,True,True,False
gear_20teeth,1197,66,open,0.09774845093488693,0.1804591566324234,0.09774838387966156,0.08271070569753647,True,-0.0,True,True,False
gear_20teeth,1206,66,open,0.09774845093488693,0.1804591566324234,0.09774838387966156,0.08271070569753647,True,-0.0,True,True,False
gear_20teeth,1215,66,open,0.09774845093488693,0.1804591566324234,0.09774838387966156,0.08271070569753647,True,-0.0,True,True,False
gear_20teeth,1224,66,open,0.09774845093488693,0.1804591566324234,0.09774838387966156,0.08271070569753647,True,-0.0,True,True,False
gear_20teeth,1233,66,open,0.09774845093488693,0.1804591566324234,0.09774838387966156,0.08271070569753647,True,-0.0,True,True,False
gear_20teeth,1242,66,open,0.09774845093488693,0.1804591566324234,0.09774838387966156,0.08271070569753647,True,-0.0,True,True,False
gear_20teeth,1251,66,open,0.09774845093488693,0.1804591566324234,0.09774838387966156,0.08271070569753647,True,-0.0,True,True,False
gear_20teeth,1260,66,open,0.09774845093488693,0.1804591566324234,0.09774838387966156,0.08271070569753647,True,-0.0,True,True,False
gear_20teeth,1269,66,open,0.09774845093488693,0.1804591566324234,0.09774838387966156,0.08271070569753647,True,-0.0,True,True,False
gear_20teeth,1278,66,open,0.09774845093488693,0.1804591566324234,0.09774838387966156,0.08271070569753647,True,-0.0,True,True,False
gear_20teeth,1287,66,open,0.09774845093488693,0.1804591566324234,0.09774838387966156,0.08271070569753647,True,-0.0,True,True,False
gear_20teeth,1296,66,open,0.09774845093488693,0.1804591566324234,0.09774838387966156,0.08271070569753647,True,-0.0,True,True,False
gear_20teeth,1305,66,open,0.09774845093488693,0.1804591566324234,0.09774838387966156,0.08271070569753647,True,-0.0,True,True,False
gear_20teeth,1314,66,open,0.09774845093488693,0.1804591566324234,0.09774838387966156,0.08271070569753647,True,-0.0,True,True,False
gear_20teeth,1323,66,open,0.09774845093488693,0.1804591566324234,0.09774838387966156,0.08271070569753647,True,-0.0,True,True,False
gear_20teeth,1332,66,open,0.09774845093488693,0.1804591566324234,0.09774838387966156,0.08271070569753647,True,-0.0,True,True,False
gear_20teeth,1341,66,open,0.09774845093488693,0.1804591566324234,0.09774838387966156,0.08271070569753647,True,-0.0,True,True,False
gear_20teeth,1350,66,open,0.09774845093488693,0.1804591566324234,0.09774838387966156,0.08271070569753647,True,-0.0,True,True,False
gear_20teeth,1359,66,open,0.09774845093488693,0.1804591566324234,0.09774838387966156,0.08271070569753647,True,-0.0,True,True,False
gear_20teeth,1368,66,open,0.09774845093488693,0.1804591566324234,0.09774838387966156,0.08271070569753647,True,-0.0,True,True,False
gear_20teeth,1377,66,open,0.09774845093488693,0.1804591566324234,0.09774838387966156,0.08271070569753647,True,-0.0,True,True,False
gear_20teeth,1386,66,open,0.09774845093488693,0.1804591566324234,0.09774838387966156,0.08271070569753647,True,-0.0,True,True,False
gear_20teeth,1395,66,open,0.09774845093488693,0.1804591566324234,0.09774838387966156,0.08271070569753647,True,-0.0,True,True,False
gear_20teeth,1404,66,open,0.09774845093488693,0.1804591566324234,0.09774838387966156,0.08271070569753647,True,-0.0,True,True,False
gear_20teeth,1413,66,open,0.09774845093488693,0.1804591566324234,0.09774838387966156,0.08271070569753647,True,-0.0,True,True,False
gear_20teeth,1422,66,open,0.09774845093488693,0.1804591566324234,0.09774838387966156,0.08271070569753647,True,-0.0,True,True,False
gear_20teeth,1431,66,open,0.09774845093488693,0.1804591566324234,0.09774838387966156,0.08271070569753647,True,-0.0,True,True,False
gear_20teeth,1440,66,open,0.09774845093488693,0.1804591566324234,0.09774838387966156,0.08271070569753647,True,-0.0,True,True,False
gear_20teeth,1449,66,open,0.09774845093488693,0.1804591566324234,0.09774838387966156,0.08271070569753647,True,-0.0,True,True,False
gear_20teeth,1458,66,open,0.09774845093488693,0.1804591566324234,0.09774838387966156,0.08271070569753647,True,-0.0,True,True,False
gear_20teeth,1467,66,open,0.09774845093488693,0.1804591566324234,0.09774838387966156,0.08271070569753647,True,-0.0,True,True,False
gear_20teeth,1476,66,open,0.09774845093488693,0.1804591566324234,0.09774838387966156,0.08271070569753647,True,-0.0,True,True,False
gear_20teeth,1485,66,open,0.09774845093488693,0.1804591566324234,0.09774838387966156,0.08271070569753647,True,-0.0,True,True,False
gear_20teeth,1494,66,open,0.09774845093488693,0.1804591566324234,0.09774838387966156,0.08271070569753647,True,-0.0,True,True,False
gear_20teeth,1503,66,open,0.09774845093488693,0.1804591566324234,0.09774838387966156,0.08271070569753647,True,-0.0,True,True,False
gear_20teeth,1512,66,open,0.09774845093488693,0.1804591566324234,0.09774838387966156,0.08271070569753647,True,-0.0,True,True,False
gear_20teeth,1521,66,open,0.09774845093488693,0.1804591566324234,0.09774838387966156,0.08271070569753647,True,-0.0,True,True,False
gear_20teeth,1530,66,open,0.09774845093488693,0.1804591566324234,0.09774838387966156,0.08271070569753647,True,-0.0,True,True,False
gear_20teeth,1539,66,open,0.09774845093488693,0.1804591566324234,0.09774838387966156,0.08271070569753647,True,-0.0,True,True,False
gear_20teeth,1548,66,open,0.09774845093488693,0.1804591566324234,0.09774838387966156,0.08271070569753647,True,-0.0,True,True,False
gear_20teeth,1557,66,open,0.09774845093488693,0.1804591566324234,0.09774838387966156,0.08271070569753647,True,-0.0,True,True,False
gear_20teeth,1566,66,open,0.09774845093488693,0.1804591566324234,0.09774838387966156,0.08271070569753647,True,-0.0,True,True,False
gear_20teeth,1575,66,open,0.09774845093488693,0.1804591566324234,0.09774838387966156,0.08271070569753647,True,-0.0,True,True,False
gear_20teeth,1584,66,open,0.09774845093488693,0.1804591566324234,0.09774838387966156,0.08271070569753647,True,-0.0,True,True,False
gear_20teeth,1593,66,open,0.09774845093488693,0.1804591566324234,0.09774838387966156,0.08271070569753647,True,-0.0,True,True,False
gear_20teeth,1602,66,open,0.09774845093488693,0.1804591566324234,0.09774838387966156,0.08271070569753647,True,-0.0,True,True,False
gear_20teeth,1611,66,open,0.09774769842624664,0.1804591566324234,0.09774764627218246,0.08271145820617676,True,-0.0,True,True,False
gear_20teeth,1620,66,open,0.09774845093488693,0.1804591566324234,0.09774838387966156,0.08271070569753647,True,-0.0,True,True,False
gear_20teeth,1629,66,open,0.09774845093488693,0.1804591566324234,0.09774838387966156,0.08271070569753647,True,-0.0,True,True,False
gear_20teeth,1638,66,open,0.09774845093488693,0.1804591566324234,0.09774838387966156,0.08271070569753647,True,-0.0,True,True,False
gear_20teeth,1647,66,open,0.09774845093488693,0.1804591566324234,0.09774838387966156,0.08271070569753647,True,-0.0,True,True,False
gear_20teeth,1656,66,open,0.09774845093488693,0.1804591566324234,0.09774838387966156,0.08271070569753647,True,-0.0,True,True,False
gear_20teeth,1665,66,open,0.09774845093488693,0.1804591566324234,0.09774838387966156,0.08271070569753647,True,-0.0,True,True,False
gear_20teeth,1674,66,open,0.09774845093488693,0.1804591566324234,0.09774838387966156,0.08271070569753647,True,-0.0,True,True,False
gear_20teeth,1683,66,open,0.09774845093488693,0.1804591566324234,0.09774838387966156,0.08271070569753647,True,-0.0,True,True,False
gear_20teeth,1692,66,open,0.09774845093488693,0.1804591566324234,0.09774838387966156,0.08271070569753647,True,-0.0,True,True,False
gear_20teeth,1701,66,open,0.09774845093488693,0.1804591566324234,0.09774838387966156,0.08271070569753647,True,-0.0,True,True,False
gear_20teeth,1710,66,open,0.09774845093488693,0.1804591566324234,0.09774838387966156,0.08271070569753647,True,-0.0,True,True,False
gear_20teeth,1719,66,open,0.09774845093488693,0.1804591566324234,0.09774838387966156,0.08271070569753647,True,-0.0,True,True,False
gear_20teeth,1728,66,open,0.09774845093488693,0.1804591566324234,0.09774838387966156,0.08271070569753647,True,-0.0,True,True,False
gear_20teeth,1737,66,open,0.09774845093488693,0.1804591566324234,0.09774838387966156,0.08271070569753647,True,-0.0,True,True,False
gear_20teeth,1746,66,open,0.09774845093488693,0.1804591566324234,0.09774838387966156,0.08271070569753647,True,-0.0,True,True,False
gear_20teeth,1755,66,open,0.09774845093488693,0.1804591566324234,0.09774838387966156,0.08271070569753647,True,-0.0,True,True,False
gear_20teeth,1764,66,open,0.09774845093488693,0.1804591566324234,0.09774838387966156,0.08271070569753647,True,-0.0,True,True,False
gear_20teeth,1773,66,open,0.09774845093488693,0.1804591566324234,0.09774838387966156,0.08271070569753647,True,-0.0,True,True,False
gear_20teeth,1782,66,open,0.09774845093488693,0.1804591566324234,0.09774838387966156,0.08271070569753647,True,-0.0,True,True,False
gear_20teeth,1791,66,open,0.09774845093488693,0.1804591566324234,0.09774838387966156,0.08271070569753647,True,-0.0,True,True,False
gear_60teeth,1,81,open,0.22557535767555237,0.3007652759552002,0.22557538747787476,0.07518991827964783,True,0.0,True,True,False
gear_60teeth,10,81,open,0.22557535767555237,0.3007652759552002,0.22557538747787476,0.07518991827964783,True,0.0,True,True,False
gear_60teeth,19,81,open,0.22557535767555237,0.3007652759552002,0.22557538747787476,0.07518991827964783,True,0.0,True,True,False
gear_60teeth,28,81,open,0.22557535767555237,0.3007652759552002,0.22557538747787476,0.07518991827964783,True,0.0,True,True,False
gear_60teeth,37,81,open,0.22557535767555237,0.3007652759552002,0.22557538747787476,0.07518991827964783,True,0.0,True,True,False
gear_60teeth,46,81,open,0.22557535767555237,0.3007652759552002,0.22557538747787476,0.07518991827964783,True,0.0,True,True,False
gear_60teeth,55,81,open,0.22557535767555237,0.3007652759552002,0.22557538747787476,0.07518991827964783,True,0.0,True,True,False
gear_60teeth,64,81,open,0.22557535767555237,0.3007652759552002,0.22557538747787476,0.07518991827964783,True,0.0,True,True,False
gear_60teeth,73,81,open,0.22557535767555237,0.3007652759552002,0.22557538747787476,0.07518991827964783,True,0.0,True,True,False
gear_60teeth,82,81,open,0.22557535767555237,0.3007652759552002,0.22557538747787476,0.07518991827964783,True,0.0,True,True,False
gear_60teeth,91,81,open,0.22557535767555237,0.3007652759552002,0.22557538747787476,0.07518991827964783,True,0.0,True,True,False
gear_60teeth,100,81,open,0.22557535767555237,0.3007652759552002,0.22557538747787476,0.07518991827964783,True,0.0,True,True,False
gear_60teeth,109,81,open,0.22557535767555237,0.3007652759552002,0.22557538747787476,0.07518991827964783,True,0.0,True,True,False
gear_60teeth,118,81,open,0.22557535767555237,0.3007652759552002,0.22557538747787476,0.07518991827964783,True,0.0,True,True,False
gear_60teeth,127,81,open,0.22557535767555237,0.3007652759552002,0.22557538747787476,0.07518991827964783,True,0.0,True,True,False
gear_60teeth,136,81,open,0.22557535767555237,0.3007652759552002,0.22557538747787476,0.07518991827964783,True,0.0,True,True,False
gear_60teeth,145,81,open,0.22557535767555237,0.3007652759552002,0.22557538747787476,0.07518991827964783,True,0.0,True,True,False
gear_60teeth,154,81,open,0.22557535767555237,0.3007652759552002,0.22557538747787476,0.07518991827964783,True,0.0,True,True,False
gear_60teeth,163,81,open,0.22557535767555237,0.3007652759552002,0.22557538747787476,0.07518991827964783,True,0.0,True,True,False
gear_60teeth,172,81,open,0.22557535767555237,0.3007652759552002,0.22557538747787476,0.07518991827964783,True,0.0,True,True,False
gear_60teeth,181,81,open,0.22557535767555237,0.3007652759552002,0.22557538747787476,0.07518991827964783,True,0.0,True,True,False
gear_60teeth,190,81,open,0.22557535767555237,0.3007652759552002,0.22557538747787476,0.07518991827964783,True,0.0,True,True,False
gear_60teeth,199,81,open,0.22557535767555237,0.3007652759552002,0.22557538747787476,0.07518991827964783,True,0.0,True,True,False
gear_60teeth,208,81,open,0.22557535767555237,0.3007652759552002,0.22557538747787476,0.07518991827964783,True,0.0,True,True,False
gear_60teeth,217,81,open,0.22557535767555237,0.3007652759552002,0.22557538747787476,0.07518991827964783,True,0.0,True,True,False
gear_60teeth,226,81,open,0.22557535767555237,0.3007652759552002,0.22557538747787476,0.07518991827964783,True,0.0,True,True,False
gear_60teeth,235,81,open,0.22557535767555237,0.3007652759552002,0.22557538747787476,0.07518991827964783,True,0.0,True,True,False
gear_60teeth,244,81,open,0.22557535767555237,0.3007652759552002,0.22557538747787476,0.07518991827964783,True,0.0,True,True,False
gear_60teeth,253,81,open,0.22557535767555237,0.3007652759552002,0.22557538747787476,0.07518991827964783,True,0.0,True,True,False
gear_60teeth,262,81,open,0.22557535767555237,0.3007652759552002,0.22557538747787476,0.07518991827964783,True,0.0,True,True,False
gear_60teeth,271,81,open,0.22557535767555237,0.3007652759552002,0.22557538747787476,0.07518991827964783,True,0.0,True,True,False
gear_60teeth,280,81,open,0.22557535767555237,0.3007652759552002,0.22557538747787476,0.07518991827964783,True,0.0,True,True,False
gear_60teeth,289,81,open,0.22557535767555237,0.3007652759552002,0.22557538747787476,0.07518991827964783,True,0.0,True,True,False
gear_60teeth,298,81,open,0.22557535767555237,0.3007652759552002,0.22557538747787476,0.07518991827964783,True,0.0,True,True,False
gear_60teeth,307,81,open,0.22557535767555237,0.3007652759552002,0.22557538747787476,0.07518991827964783,True,0.0,True,True,False
gear_60teeth,316,81,open,0.22557535767555237,0.3007652759552002,0.22557538747787476,0.07518991827964783,True,0.0,True,True,False
gear_60teeth,325,81,open,0.22557535767555237,0.3007652759552002,0.22557538747787476,0.07518991827964783,True,0.0,True,True,False
gear_60teeth,334,81,open,0.22557535767555237,0.3007652759552002,0.22557538747787476,0.07518991827964783,True,0.0,True,True,False
gear_60teeth,343,81,open,0.22557535767555237,0.3007652759552002,0.22557538747787476,0.07518991827964783,True,0.0,True,True,False
gear_60teeth,352,81,open,0.22557535767555237,0.3007652759552002,0.22557538747787476,0.07518991827964783,True,0.0,True,True,False
gear_60teeth,361,81,open,0.22557535767555237,0.3007652759552002,0.22557538747787476,0.07518991827964783,True,0.0,True,True,False
gear_60teeth,370,81,open,0.22557535767555237,0.3007652759552002,0.22557538747787476,0.07518991827964783,True,0.0,True,True,False
gear_60teeth,379,81,open,0.22557535767555237,0.3007652759552002,0.22557538747787476,0.07518991827964783,True,0.0,True,True,False
gear_60teeth,388,81,open,0.22557535767555237,0.3007652759552002,0.22557538747787476,0.07518991827964783,True,0.0,True,True,False
gear_60teeth,397,81,open,0.22557535767555237,0.3007652759552002,0.22557538747787476,0.07518991827964783,True,0.0,True,True,False
gear_60teeth,406,81,open,0.22557535767555237,0.3007652759552002,0.22557538747787476,0.07518991827964783,True,0.0,True,True,False
gear_60teeth,415,81,open,0.22557535767555237,0.3007652759552002,0.22557538747787476,0.07518991827964783,True,0.0,True,True,False
gear_60teeth,424,81,open,0.22557535767555237,0.3007652759552002,0.22557538747787476,0.07518991827964783,True,0.0,True,True,False
gear_60teeth,433,81,open,0.22557535767555237,0.3007652759552002,0.22557538747787476,0.07518991827964783,True,0.0,True,True,False
gear_60teeth,442,81,open,0.22557535767555237,0.3007652759552002,0.22557538747787476,0.07518991827964783,True,0.0,True,True,False
gear_60teeth,451,81,open,0.22557535767555237,0.3007652759552002,0.22557538747787476,0.07518991827964783,True,0.0,True,True,False
gear_60teeth,460,81,open,0.22557535767555237,0.3007652759552002,0.22557538747787476,0.07518991827964783,True,0.0,True,True,False
gear_60teeth,469,81,open,0.22557535767555237,0.3007652759552002,0.22557538747787476,0.07518991827964783,True,0.0,True,True,False
gear_60teeth,478,81,open,0.22557535767555237,0.3007652759552002,0.22557538747787476,0.07518991827964783,True,0.0,True,True,False
gear_60teeth,487,81,open,0.22557535767555237,0.3007652759552002,0.22557538747787476,0.07518991827964783,True,0.0,True,True,False
gear_60teeth,496,81,open,0.22557535767555237,0.3007652759552002,0.22557538747787476,0.07518991827964783,True,0.0,True,True,False
gear_60teeth,505,81,open,0.22557535767555237,0.3007652759552002,0.22557538747787476,0.07518991827964783,True,0.0,True,True,False
gear_60teeth,514,81,open,0.22557535767555237,0.3007652759552002,0.22557538747787476,0.07518991827964783,True,0.0,True,True,False
gear_60teeth,523,81,open,0.22557535767555237,0.3007652759552002,0.22557538747787476,0.07518991827964783,True,0.0,True,True,False
gear_60teeth,532,81,open,0.22557535767555237,0.3007652759552002,0.22557538747787476,0.07518991827964783,True,0.0,True,True,False
gear_60teeth,541,81,open,0.22557535767555237,0.3007652759552002,0.22557538747787476,0.07518991827964783,True,0.0,True,True,False
gear_60teeth,550,81,open,0.22557535767555237,0.3007652759552002,0.22557538747787476,0.07518991827964783,True,0.0,True,True,False
gear_60teeth,559,81,open,0.22557535767555237,0.3007652759552002,0.22557538747787476,0.07518991827964783,True,0.0,True,True,False
gear_60teeth,568,81,open,0.22557535767555237,0.3007652759552002,0.22557538747787476,0.07518991827964783,True,0.0,True,True,False
gear_60teeth,577,81,open,0.22557535767555237,0.3007652759552002,0.22557538747787476,0.07518991827964783,True,0.0,True,True,False
gear_60teeth,586,81,open,0.22557535767555237,0.3007652759552002,0.22557538747787476,0.07518991827964783,True,0.0,True,True,False
gear_60teeth,595,81,open,0.22557535767555237,0.3007652759552002,0.22557538747787476,0.07518991827964783,True,0.0,True,True,False
gear_60teeth,604,81,open,0.22557535767555237,0.3007652759552002,0.22557538747787476,0.07518991827964783,True,0.0,True,True,False
gear_60teeth,613,81,open,0.22557535767555237,0.3007652759552002,0.22557538747787476,0.07518991827964783,True,0.0,True,True,False
gear_60teeth,622,81,open,0.22557535767555237,0.3007652759552002,0.22557538747787476,0.07518991827964783,True,0.0,True,True,False
gear_60teeth,631,81,open,0.22557535767555237,0.3007652759552002,0.22557538747787476,0.07518991827964783,True,0.0,True,True,False
gear_60teeth,640,81,open,0.22557535767555237,0.3007652759552002,0.22557538747787476,0.07518991827964783,True,0.0,True,True,False
gear_60teeth,649,81,open,0.22557535767555237,0.3007652759552002,0.22557538747787476,0.07518991827964783,True,0.0,True,True,False
gear_60teeth,658,81,open,0.22557535767555237,0.3007652759552002,0.22557538747787476,0.07518991827964783,True,0.0,True,True,False
gear_60teeth,667,81,open,0.22557535767555237,0.3007652759552002,0.22557538747787476,0.07518991827964783,True,0.0,True,True,False
gear_60teeth,676,81,open,0.22557535767555237,0.3007652759552002,0.22557538747787476,0.07518991827964783,True,0.0,True,True,False
gear_60teeth,685,81,open,0.22557535767555237,0.3007652759552002,0.22557538747787476,0.07518991827964783,True,0.0,True,True,False
gear_60teeth,694,81,open,0.22557535767555237,0.3007652759552002,0.22557538747787476,0.07518991827964783,True,0.0,True,True,False
gear_60teeth,703,81,open,0.22557535767555237,0.3007652759552002,0.22557538747787476,0.07518991827964783,True,0.0,True,True,False
gear_60teeth,712,81,open,0.22557535767555237,0.3007652759552002,0.22557538747787476,0.07518991827964783,True,0.0,True,True,False
gear_60teeth,721,81,open,0.22557535767555237,0.3007652759552002,0.22557538747787476,0.07518991827964783,True,0.0,True,True,False
gear_60teeth,730,81,open,0.22557535767555237,0.3007652759552002,0.22557538747787476,0.07518991827964783,True,0.0,True,True,False
gear_60teeth,739,81,open,0.22557535767555237,0.3007652759552002,0.22557538747787476,0.07518991827964783,True,0.0,True,True,False
gear_60teeth,748,81,open,0.22557535767555237,0.3007652759552002,0.22557538747787476,0.07518991827964783,True,0.0,True,True,False
gear_60teeth,757,81,open,0.22557535767555237,0.3007652759552002,0.22557538747787476,0.07518991827964783,True,0.0,True,True,False
gear_60teeth,766,81,open,0.22557535767555237,0.3007652759552002,0.22557538747787476,0.07518991827964783,True,0.0,True,True,False
gear_60teeth,775,81,open,0.22557535767555237,0.3007652759552002,0.22557538747787476,0.07518991827964783,True,0.0,True,True,False
gear_60teeth,784,81,open,0.22557535767555237,0.3007652759552002,0.22557538747787476,0.07518991827964783,True,0.0,True,True,False
gear_60teeth,793,81,open,0.22557535767555237,0.3007652759552002,0.22557538747787476,0.07518991827964783,True,0.0,True,True,False
gear_60teeth,802,81,open,0.22557535767555237,0.3007652759552002,0.22557538747787476,0.07518991827964783,True,0.0,True,True,False
gear_60teeth,811,81,open,0.22557535767555237,0.3007652759552002,0.22557538747787476,0.07518991827964783,True,0.0,True,True,False
gear_60teeth,820,81,open,0.22557535767555237,0.3007652759552002,0.22557538747787476,0.07518991827964783,True,0.0,True,True,False
gear_60teeth,829,81,open,0.22557535767555237,0.3007652759552002,0.22557538747787476,0.07518991827964783,True,0.0,True,True,False
gear_60teeth,838,81,open,0.22557535767555237,0.3007652759552002,0.22557538747787476,0.07518991827964783,True,0.0,True,True,False
gear_60teeth,847,81,open,0.22557535767555237,0.3007652759552002,0.22557538747787476,0.07518991827964783,True,0.0,True,True,False
gear_60teeth,856,81,open,0.22557535767555237,0.3007652759552002,0.22557538747787476,0.07518991827964783,True,0.0,True,True,False
gear_60teeth,865,81,open,0.22557535767555237,0.3007652759552002,0.22557538747787476,0.07518991827964783,True,0.0,True,True,False
gear_60teeth,874,81,open,0.22557535767555237,0.3007652759552002,0.22557538747787476,0.07518991827964783,True,0.0,True,True,False
gear_60teeth,883,81,open,0.22557535767555237,0.3007652759552002,0.22557538747787476,0.07518991827964783,True,0.0,True,True,False
gear_60teeth,892,81,open,0.22557535767555237,0.3007652759552002,0.22557538747787476,0.07518991827964783,True,0.0,True,True,False
gear_60teeth,901,81,open,0.22557535767555237,0.3007652759552002,0.22557538747787476,0.07518991827964783,True,0.0,True,True,False
gear_60teeth,910,81,open,0.22557535767555237,0.3007652759552002,0.22557538747787476,0.07518991827964783,True,0.0,True,True,False
gear_60teeth,919,81,open,0.22557535767555237,0.3007652759552002,0.22557538747787476,0.07518991827964783,True,0.0,True,True,False
gear_60teeth,928,81,open,0.22557535767555237,0.3007652759552002,0.22557538747787476,0.07518991827964783,True,0.0,True,True,False
gear_60teeth,937,81,open,0.22557535767555237,0.3007652759552002,0.22557538747787476,0.07518991827964783,True,0.0,True,True,False
gear_60teeth,946,81,open,0.22557535767555237,0.3007652759552002,0.22557538747787476,0.07518991827964783,True,0.0,True,True,False
gear_60teeth,955,81,open,0.22557535767555237,0.3007652759552002,0.22557538747787476,0.07518991827964783,True,0.0,True,True,False
gear_60teeth,964,81,open,0.22557535767555237,0.3007652759552002,0.22557538747787476,0.07518991827964783,True,0.0,True,True,False
gear_60teeth,973,81,open,0.22557535767555237,0.3007652759552002,0.22557538747787476,0.07518991827964783,True,0.0,True,True,False
gear_60teeth,982,81,open,0.22557535767555237,0.3007652759552002,0.22557538747787476,0.07518991827964783,True,0.0,True,True,False
gear_60teeth,991,81,open,0.22557535767555237,0.3007652759552002,0.22557538747787476,0.07518991827964783,True,0.0,True,True,False
gear_60teeth,1000,81,open,0.22557535767555237,0.3007652759552002,0.22557538747787476,0.07518991827964783,True,0.0,True,True,False
gear_60teeth,1009,81,open,0.22557535767555237,0.3007652759552002,0.22557538747787476,0.07518991827964783,True,0.0,True,True,False
gear_60teeth,1018,81,open,0.22557535767555237,0.3007652759552002,0.22557538747787476,0.07518991827964783,True,0.0,True,True,False
gear_60teeth,1027,81,open,0.22557535767555237,0.3007652759552002,0.22557538747787476,0.07518991827964783,True,0.0,True,True,False
gear_60teeth,1036,81,open,0.22557535767555237,0.3007652759552002,0.22557538747787476,0.07518991827964783,True,0.0,True,True,False
gear_60teeth,1045,81,open,0.22557535767555237,0.3007652759552002,0.22557538747787476,0.07518991827964783,True,0.0,True,True,False
gear_60teeth,1054,81,open,0.22557535767555237,0.3007652759552002,0.22557538747787476,0.07518991827964783,True,0.0,True,True,False
gear_60teeth,1063,81,open,0.22557535767555237,0.3007652759552002,0.22557538747787476,0.07518991827964783,True,0.0,True,True,False
gear_60teeth,1072,81,open,0.22557535767555237,0.3007652759552002,0.22557538747787476,0.07518991827964783,True,0.0,True,True,False
gear_60teeth,1081,81,open,0.22557535767555237,0.3007652759552002,0.22557538747787476,0.07518991827964783,True,0.0,True,True,False
gear_60teeth,1090,81,open,0.22557535767555237,0.3007652759552002,0.22557538747787476,0.07518991827964783,True,0.0,True,True,False
gear_60teeth,1099,81,open,0.22557535767555237,0.3007652759552002,0.22557538747787476,0.07518991827964783,True,0.0,True,True,False
gear_60teeth,1108,81,open,0.22557535767555237,0.3007652759552002,0.22557538747787476,0.07518991827964783,True,0.0,True,True,False
gear_60teeth,1117,81,open,0.22557535767555237,0.3007652759552002,0.22557538747787476,0.07518991827964783,True,0.0,True,True,False
gear_60teeth,1126,81,open,0.22557535767555237,0.3007652759552002,0.22557538747787476,0.07518991827964783,True,0.0,True,True,False
gear_60teeth,1135,81,open,0.22557535767555237,0.3007652759552002,0.22557538747787476,0.07518991827964783,True,0.0,True,True,False
gear_60teeth,1144,81,open,0.22557535767555237,0.3007652759552002,0.22557538747787476,0.07518991827964783,True,0.0,True,True,False
gear_60teeth,1153,81,open,0.22557535767555237,0.3007652759552002,0.22557538747787476,0.07518991827964783,True,0.0,True,True,False
gear_60teeth,1162,81,open,0.22557535767555237,0.3007652759552002,0.22557538747787476,0.07518991827964783,True,0.0,True,True,False
gear_60teeth,1171,81,open,0.22557535767555237,0.3007652759552002,0.22557538747787476,0.07518991827964783,True,0.0,True,True,False
gear_60teeth,1180,81,open,0.22557535767555237,0.3007652759552002,0.22557538747787476,0.07518991827964783,True,0.0,True,True,False
gear_60teeth,1189,81,open,0.22557535767555237,0.3007652759552002,0.22557538747787476,0.07518991827964783,True,0.0,True,True,False
gear_60teeth,1198,81,open,0.22557535767555237,0.3007652759552002,0.22557538747787476,0.07518991827964783,True,0.0,True,True,False
gear_60teeth,1207,81,open,0.22557535767555237,0.3007652759552002,0.22557538747787476,0.07518991827964783,True,0.0,True,True,False
gear_60teeth,1216,81,open,0.22557535767555237,0.3007652759552002,0.22557538747787476,0.07518991827964783,True,0.0,True,True,False
gear_60teeth,1225,81,open,0.22557535767555237,0.3007652759552002,0.22557538747787476,0.07518991827964783,True,0.0,True,True,False
gear_60teeth,1234,81,open,0.22557535767555237,0.3007652759552002,0.22557538747787476,0.07518991827964783,True,0.0,True,True,False
gear_60teeth,1243,81,open,0.22557535767555237,0.3007652759552002,0.22557538747787476,0.07518991827964783,True,0.0,True,True,False
gear_60teeth,1252,81,open,0.22557535767555237,0.3007652759552002,0.22557538747787476,0.07518991827964783,True,0.0,True,True,False
gear_60teeth,1261,81,open,0.22557535767555237,0.3007652759552002,0.22557538747787476,0.07518991827964783,True,0.0,True,True,False
gear_60teeth,1270,81,open,0.22557535767555237,0.3007652759552002,0.22557538747787476,0.07518991827964783,True,0.0,True,True,False
gear_60teeth,1279,81,open,0.22557535767555237,0.3007652759552002,0.22557538747787476,0.07518991827964783,True,0.0,True,True,False
gear_60teeth,1288,81,open,0.22557535767555237,0.3007652759552002,0.22557538747787476,0.07518991827964783,True,0.0,True,True,False
gear_60teeth,1297,81,open,0.22557535767555237,0.3007652759552002,0.22557538747787476,0.07518991827964783,True,0.0,True,True,False
gear_60teeth,1306,81,open,0.22557535767555237,0.3007652759552002,0.22557538747787476,0.07518991827964783,True,0.0,True,True,False
gear_60teeth,1315,81,open,0.22557535767555237,0.3007652759552002,0.22557538747787476,0.07518991827964783,True,0.0,True,True,False
gear_60teeth,1324,81,open,0.22557535767555237,0.3007652759552002,0.22557538747787476,0.07518991827964783,True,0.0,True,True,False
gear_60teeth,1333,81,open,0.22557535767555237,0.3007652759552002,0.22557538747787476,0.07518991827964783,True,0.0,True,True,False
gear_60teeth,1342,81,open,0.22557535767555237,0.3007652759552002,0.22557538747787476,0.07518991827964783,True,0.0,True,True,False
gear_60teeth,1351,81,open,0.22557535767555237,0.3007652759552002,0.22557538747787476,0.07518991827964783,True,0.0,True,True,False
gear_60teeth,1360,81,open,0.22557535767555237,0.3007652759552002,0.22557538747787476,0.07518991827964783,True,0.0,True,True,False
gear_60teeth,1369,81,open,0.22557535767555237,0.3007652759552002,0.22557538747787476,0.07518991827964783,True,0.0,True,True,False
gear_60teeth,1378,81,open,0.22557535767555237,0.3007652759552002,0.22557538747787476,0.07518991827964783,True,0.0,True,True,False
gear_60teeth,1387,81,open,0.22557535767555237,0.3007652759552002,0.22557538747787476,0.07518991827964783,True,0.0,True,True,False
gear_60teeth,1396,81,open,0.22557535767555237,0.3007652759552002,0.22557538747787476,0.07518991827964783,True,0.0,True,True,False
gear_60teeth,1405,81,open,0.22557535767555237,0.3007652759552002,0.22557538747787476,0.07518991827964783,True,0.0,True,True,False
gear_60teeth,1414,81,open,0.22557535767555237,0.3007652759552002,0.22557538747787476,0.07518991827964783,True,0.0,True,True,False
gear_60teeth,1423,81,open,0.22557535767555237,0.3007652759552002,0.22557538747787476,0.07518991827964783,True,0.0,True,True,False
gear_60teeth,1432,81,open,0.22557535767555237,0.3007652759552002,0.22557538747787476,0.07518991827964783,True,0.0,True,True,False
gear_60teeth,1441,81,open,0.22557535767555237,0.3007652759552002,0.22557538747787476,0.07518991827964783,True,0.0,True,True,False
gear_60teeth,1450,81,open,0.22557535767555237,0.3007652759552002,0.22557538747787476,0.07518991827964783,True,0.0,True,True,False
gear_60teeth,1459,81,open,0.22557535767555237,0.3007652759552002,0.22557538747787476,0.07518991827964783,True,0.0,True,True,False
gear_60teeth,1468,81,open,0.22557535767555237,0.3007652759552002,0.22557538747787476,0.07518991827964783,True,0.0,True,True,False
gear_60teeth,1477,81,open,0.22557535767555237,0.3007652759552002,0.22557538747787476,0.07518991827964783,True,0.0,True,True,False
gear_60teeth,1486,81,open,0.22557535767555237,0.3007652759552002,0.22557538747787476,0.07518991827964783,True,0.0,True,True,False
gear_60teeth,1495,81,open,0.22557535767555237,0.3007652759552002,0.22557538747787476,0.07518991827964783,True,0.0,True,True,False
gear_60teeth,1504,81,open,0.22557535767555237,0.3007652759552002,0.22557538747787476,0.07518991827964783,True,0.0,True,True,False
gear_60teeth,1513,81,open,0.22557535767555237,0.3007652759552002,0.22557538747787476,0.07518991827964783,True,0.0,True,True,False
gear_60teeth,1522,81,open,0.22557535767555237,0.3007652759552002,0.22557538747787476,0.07518991827964783,True,0.0,True,True,False
gear_60teeth,1531,81,open,0.22557535767555237,0.3007652759552002,0.22557538747787476,0.07518991827964783,True,0.0,True,True,False
gear_60teeth,1540,81,open,0.22557535767555237,0.3007652759552002,0.22557538747787476,0.07518991827964783,True,0.0,True,True,False
gear_60teeth,1549,81,open,0.22557535767555237,0.3007652759552002,0.22557538747787476,0.07518991827964783,True,0.0,True,True,False
gear_60teeth,1558,81,open,0.22557535767555237,0.3007652759552002,0.22557538747787476,0.07518991827964783,True,0.0,True,True,False
gear_60teeth,1567,81,open,0.22557535767555237,0.3007652759552002,0.22557538747787476,0.07518991827964783,True,0.0,True,True,False
gear_60teeth,1576,81,open,0.22557535767555237,0.3007652759552002,0.22557538747787476,0.07518991827964783,True,0.0,True,True,False
gear_60teeth,1585,81,open,0.22557535767555237,0.3007652759552002,0.22557538747787476,0.07518991827964783,True,0.0,True,True,False
gear_60teeth,1594,81,open,0.22557535767555237,0.3007652759552002,0.22557538747787476,0.07518991827964783,True,0.0,True,True,False
gear_60teeth,1603,81,open,0.22557535767555237,0.3007652759552002,0.22557538747787476,0.07518991827964783,True,0.0,True,True,False
gear_60teeth,1612,81,open,0.2255755364894867,0.3007652759552002,0.2255755215883255,0.0751897394657135,True,-0.0,True,True,False
gear_60teeth,1621,81,open,0.22557535767555237,0.3007652759552002,0.22557538747787476,0.07518991827964783,True,0.0,True,True,False
gear_60teeth,1630,81,open,0.22557535767555237,0.3007652759552002,0.22557538747787476,0.07518991827964783,True,0.0,True,True,False
gear_60teeth,1639,81,open,0.22557535767555237,0.3007652759552002,0.22557538747787476,0.07518991827964783,True,0.0,True,True,False
gear_60teeth,1648,81,open,0.22557535767555237,0.3007652759552002,0.22557538747787476,0.07518991827964783,True,0.0,True,True,False
gear_60teeth,1657,81,open,0.22557535767555237,0.3007652759552002,0.22557538747787476,0.07518991827964783,True,0.0,True,True,False
gear_60teeth,1666,81,open,0.22557535767555237,0.3007652759552002,0.22557538747787476,0.07518991827964783,True,0.0,True,True,False
gear_60teeth,1675,81,open,0.22557535767555237,0.3007652759552002,0.22557538747787476,0.07518991827964783,True,0.0,True,True,False
gear_60teeth,1684,81,open,0.22557535767555237,0.3007652759552002,0.22557538747787476,0.07518991827964783,True,0.0,True,True,False
gear_60teeth,1693,81,open,0.22557535767555237,0.3007652759552002,0.22557538747787476,0.07518991827964783,True,0.0,True,True,False
gear_60teeth,1702,81,open,0.22557535767555237,0.3007652759552002,0.22557538747787476,0.07518991827964783,True,0.0,True,True,False
gear_60teeth,1711,81,open,0.22557535767555237,0.3007652759552002,0.22557538747787476,0.07518991827964783,True,0.0,True,True,False
gear_60teeth,1720,81,open,0.22557535767555237,0.3007652759552002,0.22557538747787476,0.07518991827964783,True,0.0,True,True,False
gear_60teeth,1729,81,open,0.22557535767555237,0.3007652759552002,0.22557538747787476,0.07518991827964783,True,0.0,True,True,False
gear_60teeth,1738,81,open,0.22557535767555237,0.3007652759552002,0.22557538747787476,0.07518991827964783,True,0.0,True,True,False
gear_60teeth,1747,81,open,0.22557535767555237,0.3007652759552002,0.22557538747787476,0.07518991827964783,True,0.0,True,True,False
gear_60teeth,1756,81,open,0.22557535767555237,0.3007652759552002,0.22557538747787476,0.07518991827964783,True,0.0,True,True,False
gear_60teeth,1765,81,open,0.22557535767555237,0.3007652759552002,0.22557538747787476,0.07518991827964783,True,0.0,True,True,False
gear_60teeth,1774,81,open,0.22557535767555237,0.3007652759552002,0.22557538747787476,0.07518991827964783,True,0.0,True,True,False
gear_60teeth,1783,81,open,0.22557535767555237,0.3007652759552002,0.22557538747787476,0.07518991827964783,True,0.0,True,True,False
gear_60teeth,1792,81,open,0.22557535767555237,0.3007652759552002,0.22557538747787476,0.07518991827964783,True,0.0,True,True,False
rod_16mm,2,71,snap,0.0601518452167511,0.0902295783162117,0.06015433371067047,0.030077733099460602,True,0.0,True,True,False
rod_16mm,11,72,snap,0.06015115603804588,0.0902295783162117,0.06015453487634659,0.030078422278165817,True,0.0,True,True,False
rod_16mm,20,74,snap,0.060152582824230194,0.0902295783162117,0.0601547546684742,0.030076995491981506,True,0.0,True,True,False
rod_16mm,29,69,snap,0.06015147641301155,0.0902295783162117,0.06015409901738167,0.03007810190320015,True,0.0,True,True,False
rod_16mm,38,72,snap,0.06015622243285179,0.0902295783162117,0.06015336140990257,0.03007335588335991,True,-0.0,True,True,False
rod_16mm,47,75,snap,0.06015349179506302,0.0902295783162117,0.06015357747673988,0.03007608652114868,True,0.0,True,True,False
rod_16mm,56,74,snap,0.060152072459459305,0.0902295783162117,0.06015460565686226,0.030077505856752396,True,0.0,True,True,False
rod_16mm,65,73,snap,0.06015037000179291,0.0902295783162117,0.06015348434448242,0.030079208314418793,True,0.0,True,True,False
rod_16mm,74,71,snap,0.060151346027851105,0.0902295783162117,0.06015407666563988,0.030078232288360596,True,0.0,True,True,False
rod_16mm,83,70,snap,0.06015179306268692,0.0902295783162117,0.060154639184474945,0.03007778525352478,True,0.0,True,True,False
rod_16mm,92,74,snap,0.0601547472178936,0.0902295783162117,0.06015460565686226,0.0300748310983181,True,-0.0,True,True,False
rod_16mm,101,72,snap,0.060148924589157104,0.0902295783162117,0.06015423312783241,0.030080653727054596,True,0.0,True,True,False
rod_16mm,110,71,snap,0.06015108525753021,0.0902295783162117,0.06015434116125107,0.030078493058681488,True,0.0,True,True,False
rod_16mm,119,73,snap,0.060150522738695145,0.0902295783162117,0.060153763741254807,0.030079055577516556,True,0.0,True,True,False
rod_16mm,128,70,snap,0.0601523257791996,0.0902295783162117,0.06015470623970032,0.0300772525370121,True,0.0,True,True,False
rod_16mm,137,73,snap,0.0601506307721138,0.0902295783162117,0.06015385314822197,0.0300789475440979,True,0.0,True,True,False
rod_16mm,146,71,snap,0.06015194207429886,0.0902295783162117,0.06015414372086525,0.030077636241912842,True,0.0,True,True,False
rod_16mm,155,71,snap,0.06015333905816078,0.0902295783162117,0.06015372276306152,0.03007623925805092,True,0.0,True,True,False
rod_16mm,164,69,snap,0.0601518340408802,0.0902295783162117,0.06015445291996002,0.030077744275331497,True,0.0,True,True,False
rod_16mm,173,71,snap,0.060152072459459305,0.0902295783162117,0.06015445291996002,0.030077505856752396,True,0.0,True,True,False
rod_16mm,182,68,snap,0.06015391647815704,0.0902295783162117,0.06015419960021973,0.030075661838054657,True,0.0,True,True,False
rod_16mm,191,72,snap,0.06015212833881378,0.0902295783162117,0.06015396490693092,0.03007744997739792,True,0.0,True,True,False
rod_16mm,200,73,snap,0.0601508803665638,0.0902295783162117,0.06015424057841301,0.030078697949647903,True,0.0,True,True,False
rod_16mm,209,73,snap,0.060151662677526474,0.0902295783162117,0.060154739767313004,0.030077915638685226,True,0.0,True,True,False
rod_16mm,218,71,snap,0.06015007570385933,0.0902295783162117,0.060153696686029434,0.03007950261235237,True,0.0,True,True,False
rod_16mm,227,72,snap,0.06015120446681976,0.0902295783162117,0.06015435606241226,0.030078373849391937,True,0.0,True,True,False
rod_16mm,236,72,snap,0.06014889478683472,0.0902295783162117,0.060154028236866,0.030080683529376984,True,0.0,True,True,False
rod_16mm,245,74,snap,0.06015412509441376,0.0902295783162117,0.06015467271208763,0.030075453221797943,True,0.0,True,True,False
rod_16mm,254,69,snap,0.06015235185623169,0.0902295783162117,0.06015471741557121,0.03007722645998001,True,0.0,True,True,False
rod_16mm,263,71,snap,0.06015081703662872,0.0902295783162117,0.06015380099415779,0.030078761279582977,True,0.0,True,True,False
rod_16mm,272,72,snap,0.060150146484375,0.0902295783162117,0.06015381962060928,0.0300794318318367,True,0.0,True,True,False
rod_16mm,281,69,snap,0.060151755809783936,0.0902295783162117,0.06015417352318764,0.030077822506427765,True,0.0,True,True,False
rod_16mm,290,71,snap,0.060151875019073486,0.0902295783162117,0.060154564678668976,0.030077703297138214,True,0.0,True,True,False
rod_16mm,299,71,snap,0.060148999094963074,0.0902295783162117,0.060153812170028687,0.030080579221248627,True,0.0,True,True,False
rod_16mm,308,165,snap,0.06015622243285179,0.0902295783162117,0.060154277831315994,0.03007335588335991,True,-0.0,True,True,False
rod_16mm,317,71,snap,0.060151442885398865,0.0902295783162117,0.06015418469905853,0.030078135430812836,True,0.0,True,True,False
rod_16mm,326,69,snap,0.06015266850590706,0.0902295783162117,0.06015467271208763,0.03007690981030464,True,0.0,True,True,False
rod_16mm,335,71,snap,0.06015334278345108,0.0902295783162117,0.060153838247060776,0.03007623553276062,True,0.0,True,True,False
rod_16mm,344,71,snap,0.060150787234306335,0.0902295783162117,0.06015380099415779,0.030078791081905365,True,0.0,True,True,False
rod_16mm,353,72,snap,0.060151368379592896,0.0902295783162117,0.06015407294034958,0.030078209936618805,True,0.0,True,True,False
rod_16mm,362,71,snap,0.06015404313802719,0.0902295783162117,0.060153741389513016,0.03007553517818451,True,-0.0,True,True,False
rod_16mm,371,74,snap,0.06015145778656006,0.0902295783162117,0.060154855251312256,0.030078120529651642,True,0.0,True,True,False
rod_16mm,380,73,snap,0.060150157660245895,0.0902295783162117,0.0601547546684742,0.030079420655965805,True,0.0,True,True,False
rod_16mm,389,72,snap,0.060151226818561554,0.0902295783162117,0.06015415117144585,0.030078351497650146,True,0.0,True,True,False
rod_16mm,398,71,snap,0.06015106290578842,0.0902295783162117,0.06015404313802719,0.03007851541042328,True,0.0,True,True,False
rod_16mm,407,72,snap,0.06015295535326004,0.0902295783162117,0.06015371158719063,0.03007662296295166,True,0.0,True,True,False
rod_16mm,416,71,snap,0.060149550437927246,0.0902295783162117,0.06015445291996002,0.030080027878284454,True,0.0,True,True,False
rod_16mm,425,73,snap,0.06015056371688843,0.0902295783162117,0.060153838247060776,0.030079014599323273,True,0.0,True,True,False
rod_16mm,434,66,snap,0.06015092879533768,0.0902295783162117,0.060154467821121216,0.030078649520874023,True,0.0,True,True,False
rod_16mm,443,74,snap,0.06015065684914589,0.0902295783162117,0.060154207050800323,0.03007892146706581,True,0.0,True,True,False
rod_16mm,452,71,snap,0.06015041470527649,0.0902295783162117,0.06015423312783241,0.03007916361093521,True,0.0,True,True,False
rod_16mm,461,73,snap,0.060151711106300354,0.0902295783162117,0.06015412136912346,0.030077867209911346,True,0.0,True,True,False
rod_16mm,470,72,snap,0.0601506382226944,0.0902295783162117,0.060153860598802567,0.030078940093517303,True,0.0,True,True,False
rod_16mm,479,70,snap,0.060151588171720505,0.0902295783162117,0.06015375629067421,0.030077990144491196,True,0.0,True,True,False
rod_16mm,488,71,snap,0.06015019118785858,0.0902295783162117,0.06015440821647644,0.03007938712835312,True,0.0,True,True,False
rod_16mm,497,71,snap,0.06015077233314514,0.0902295783162117,0.06015431135892868,0.03007880598306656,True,0.0,True,True,False
rod_16mm,506,72,snap,0.06015204265713692,0.0902295783162117,0.0601545125246048,0.030077535659074783,True,0.0,True,True,False
rod_16mm,515,68,snap,0.06015263497829437,0.0902295783162117,0.060154616832733154,0.030076943337917328,True,0.0,True,True,False
rod_16mm,524,71,snap,0.06015375256538391,0.0902295783162117,0.06015389412641525,0.03007582575082779,True,0.0,True,True,False
rod_16mm,533,73,snap,0.06015075370669365,0.0902295783162117,0.060153666883707047,0.03007882460951805,True,0.0,True,True,False
rod_16mm,542,72,snap,0.06015334650874138,0.0902295783162117,0.06015384942293167,0.03007623180747032,True,0.0,True,True,False
rod_16mm,551,73,snap,0.060150474309921265,0.0902295783162117,0.06015417352318764,0.030079104006290436,True,0.0,True,True,False
rod_16mm,560,72,snap,0.0601503849029541,0.0902295783162117,0.060154322534799576,0.0300791934132576,True,0.0,True,True,False
rod_16mm,569,73,snap,0.06015268340706825,0.0902295783162117,0.060154639184474945,0.030076894909143448,True,0.0,True,True,False
rod_16mm,578,74,snap,0.06015041843056679,0.0902295783162117,0.060153763741254807,0.030079159885644913,True,0.0,True,True,False
rod_16mm,587,74,snap,0.06014980375766754,0.0902295783162117,0.06015419960021973,0.03007977455854416,True,0.0,True,True,False
rod_16mm,596,70,snap,0.06015164032578468,0.0902295783162117,0.06015431880950928,0.030077937990427017,True,0.0,True,True,False
rod_16mm,605,75,snap,0.06015140563249588,0.0902295783162117,0.06015462800860405,0.03007817268371582,True,0.0,True,True,False
rod_16mm,614,71,snap,0.060148850083351135,0.0902295783162117,0.06015392020344734,0.030080728232860565,True,0.0,True,True,False
rod_16mm,623,65,snap,0.0601525641977787,0.0902295783162117,0.06015462055802345,0.030077014118433,True,0.0,True,True,False
rod_16mm,632,73,snap,0.060152120888233185,0.0902295783162117,0.0601549968123436,0.030077457427978516,True,0.0,True,True,False
rod_16mm,641,73,snap,0.0601511150598526,0.0902295783162117,0.06015435606241226,0.0300784632563591,True,0.0,True,True,False
rod_16mm,650,71,snap,0.060153789818286896,0.0902295783162117,0.0601537860929966,0.030075788497924805,True,-0.0,True,True,False
rod_16mm,659,70,snap,0.06015142798423767,0.0902295783162117,0.06015384942293167,0.03007815033197403,True,0.0,True,True,False
rod_16mm,668,72,snap,0.06015137955546379,0.0902295783162117,0.060153886675834656,0.03007819876074791,True,0.0,True,True,False
rod_16mm,677,75,snap,0.060154028236866,0.0902295783162117,0.06015453487634659,0.030075550079345703,True,0.0,True,True,False
rod_16mm,686,72,snap,0.0601513609290123,0.0902295783162117,0.060154128819704056,0.030078217387199402,True,0.0,True,True,False
rod_16mm,695,71,snap,0.06015044450759888,0.0902295783162117,0.06015431135892868,0.030079133808612823,True,0.0,True,True,False
rod_16mm,704,72,snap,0.06015323847532272,0.0902295783162117,0.06015372276306152,0.030076339840888977,True,0.0,True,True,False
rod_16mm,713,74,snap,0.06015336513519287,0.0902295783162117,0.060153521597385406,0.03007621318101883,True,0.0,True,True,False
rod_16mm,722,67,snap,0.06015174090862274,0.0902295783162117,0.06015422195196152,0.03007783740758896,True,0.0,True,True,False
rod_16mm,731,125,snap,0.06015480309724808,0.0902295783162117,0.06015324220061302,0.030074775218963623,True,-0.0,True,True,False
rod_16mm,740,72,snap,0.0601511225104332,0.0902295783162117,0.060154274106025696,0.030078455805778503,True,0.0,True,True,False
rod_16mm,749,71,snap,0.06015203893184662,0.0902295783162117,0.0601535327732563,0.030077539384365082,True,0.0,True,True,False
rod_16mm,758,70,snap,0.06015358865261078,0.0902295783162117,0.06015382334589958,0.03007598966360092,True,0.0,True,True,False
rod_16mm,767,72,snap,0.06015215441584587,0.0902295783162117,0.060154419392347336,0.03007742390036583,True,0.0,True,True,False
rod_16mm,776,73,snap,0.06015058979392052,0.0902295783162117,0.06015397235751152,0.030078988522291183,True,0.0,True,True,False
rod_16mm,785,74,snap,0.060152098536491394,0.0902295783162117,0.06015482917428017,0.030077479779720306,True,0.0,True,True,False
rod_16mm,794,70,snap,0.060151949524879456,0.0902295783162117,0.060154322534799576,0.030077628791332245,True,0.0,True,True,False
rod_16mm,803,70,snap,0.060151852667331696,0.0902295783162117,0.06015409901738167,0.030077725648880005,True,0.0,True,True,False
rod_16mm,812,74,snap,0.0601540207862854,0.0902295783162117,0.060154665261507034,0.0300755575299263,True,0.0,True,True,False
rod_16mm,821,77,snap,0.06015325337648392,0.0902295783162117,0.06015325337648392,0.030076324939727783,True,0.0,True,True,False
rod_16mm,830,72,snap,0.06015058606863022,0.0902295783162117,0.06015434116125107,0.030078992247581482,True,0.0,True,True,False
rod_16mm,839,71,snap,0.06015115976333618,0.0902295783162117,0.06015405058860779,0.03007841855287552,True,0.0,True,True,False
rod_16mm,848,71,snap,0.06014932692050934,0.0902295783162117,0.06015407294034958,0.030080251395702362,True,0.0,True,True,False
rod_16mm,857,72,snap,0.06015287712216377,0.0902295783162117,0.060153719037771225,0.030076701194047928,True,0.0,True,True,False
rod_16mm,866,72,snap,0.06015108525753021,0.0902295783162117,0.06015431880950928,0.030078493058681488,True,0.0,True,True,False
rod_16mm,875,67,snap,0.06015259027481079,0.0902295783162117,0.06015457212924957,0.03007698804140091,True,0.0,True,True,False
rod_16mm,884,73,snap,0.060148876160383224,0.0902295783162117,0.06015412136912346,0.030080702155828476,True,0.0,True,True,False
rod_16mm,893,70,snap,0.06015191972255707,0.0902295783162117,0.06015459820628166,0.030077658593654633,True,0.0,True,True,False
rod_16mm,902,70,snap,0.060151442885398865,0.0902295783162117,0.06015406548976898,0.030078135430812836,True,0.0,True,True,False
rod_16mm,911,71,snap,0.06015010178089142,0.0902295783162117,0.06015434488654137,0.030079476535320282,True,0.0,True,True,False
rod_16mm,920,70,snap,0.060151610523462296,0.0902295783162117,0.06015409529209137,0.030077967792749405,True,0.0,True,True,False
rod_16mm,929,71,snap,0.060152020305395126,0.0902295783162117,0.060154322534799576,0.030077558010816574,True,0.0,True,True,False
rod_16mm,938,74,snap,0.06015017628669739,0.0902295783162117,0.060154955834150314,0.030079402029514313,True,0.0,True,True,False
rod_16mm,947,76,snap,0.06015189364552498,0.0902295783162117,0.06015477329492569,0.030077684670686722,True,0.0,True,True,False
rod_16mm,956,71,snap,0.06015041470527649,0.0902295783162117,0.06015388295054436,0.03007916361093521,True,0.0,True,True,False
rod_16mm,965,72,snap,0.060154542326927185,0.0902295783162117,0.06015404313802719,0.030075035989284515,True,-0.0,True,True,False
rod_16mm,974,73,snap,0.060150451958179474,0.0902295783162117,0.06015441194176674,0.030079126358032227,True,0.0,True,True,False
rod_16mm,983,71,snap,0.0601513534784317,0.0902295783162117,0.06015419960021973,0.03007822483778,True,0.0,True,True,False
rod_16mm,992,71,snap,0.06015029549598694,0.0902295783162117,0.060153745114803314,0.030079282820224762,True,0.0,True,True,False
rod_16mm,1001,73,snap,0.06015196815133095,0.0902295783162117,0.06015462055802345,0.030077610164880753,True,0.0,True,True,False
rod_16mm,1010,71,snap,0.06015024334192276,0.0902295783162117,0.06015412136912346,0.03007933497428894,True,0.0,True,True,False
rod_16mm,1019,72,snap,0.06014984846115112,0.0902295783162117,0.06015407294034958,0.030079729855060577,True,0.0,True,True,False
rod_16mm,1028,69,snap,0.060152649879455566,0.0902295783162117,0.0601547509431839,0.030076928436756134,True,0.0,True,True,False
rod_16mm,1037,67,snap,0.06015174090862274,0.0902295783162117,0.06015414372086525,0.03007783740758896,True,0.0,True,True,False
rod_16mm,1046,74,snap,0.060151420533657074,0.0902295783162117,0.06015508994460106,0.030078157782554626,True,0.0,True,True,False
rod_16mm,1055,183,snap,0.06015463173389435,0.0902295783162117,0.06015324220061302,0.030074946582317352,True,-0.0,True,True,False
rod_16mm,1064,70,snap,0.0601491779088974,0.0902295783162117,0.06015429645776749,0.0300804004073143,True,0.0,True,True,False
rod_16mm,1073,71,snap,0.06015210598707199,0.0902295783162117,0.06015460938215256,0.03007747232913971,True,0.0,True,True,False
rod_16mm,1082,68,snap,0.06015168875455856,0.0902295783162117,0.06015438959002495,0.030077889561653137,True,0.0,True,True,False
rod_16mm,1091,72,snap,0.060151517391204834,0.0902295783162117,0.06015421077609062,0.030078060925006866,True,0.0,True,True,False
rod_16mm,1100,75,snap,0.060149841010570526,0.0902295783162117,0.060154154896736145,0.030079737305641174,True,0.0,True,True,False
rod_16mm,1109,71,snap,0.06015215069055557,0.0902295783162117,0.06015462055802345,0.030077427625656128,True,0.0,True,True,False
rod_16mm,1118,69,snap,0.060154713690280914,0.0902295783162117,0.06015408784151077,0.030074864625930786,True,-0.0,True,True,False
rod_16mm,1127,71,snap,0.06015070527791977,0.0902295783162117,0.06015421822667122,0.03007887303829193,True,0.0,True,True,False
rod_16mm,1136,73,snap,0.06015212833881378,0.0902295783162117,0.06015482917428017,0.03007744997739792,True,0.0,True,True,False
rod_16mm,1145,74,snap,0.06014926731586456,0.0902295783162117,0.06015416607260704,0.030080311000347137,True,0.0,True,True,False
rod_16mm,1154,72,snap,0.0601537749171257,0.0902295783162117,0.060153767466545105,0.030075803399086,True,-0.0,True,True,False
rod_16mm,1163,76,snap,0.06015394255518913,0.0902295783162117,0.06015465408563614,0.030075635761022568,True,0.0,True,True,False
rod_16mm,1172,71,snap,0.060151368379592896,0.0902295783162117,0.06015418469905853,0.030078209936618805,True,0.0,True,True,False
rod_16mm,1181,72,snap,0.06015390157699585,0.0902295783162117,0.060153696686029434,0.03007567673921585,True,-0.0,True,True,False
rod_16mm,1190,71,snap,0.060150474309921265,0.0902295783162117,0.060153886675834656,0.030079104006290436,True,0.0,True,True,False
rod_16mm,1199,74,snap,0.06015252694487572,0.0902295783162117,0.06015469506382942,0.030077051371335983,True,0.0,True,True,False
rod_16mm,1208,72,snap,0.0601528137922287,0.0902295783162117,0.06015405058860779,0.030076764523983,True,0.0,True,True,False
rod_16mm,1217,75,snap,0.06015250086784363,0.0902295783162117,0.06015355512499809,0.030077077448368073,True,0.0,True,True,False
rod_16mm,1226,74,snap,0.06015083193778992,0.0902295783162117,0.06015375629067421,0.030078746378421783,True,0.0,True,True,False
rod_16mm,1235,75,snap,0.06015249341726303,0.0902295783162117,0.06015471741557121,0.03007708489894867,True,0.0,True,True,False
rod_16mm,1244,70,snap,0.0601525604724884,0.0902295783162117,0.060154665261507034,0.030077017843723297,True,0.0,True,True,False
rod_16mm,1253,70,snap,0.060151904821395874,0.0902295783162117,0.06015438586473465,0.030077673494815826,True,0.0,True,True,False
rod_16mm,1262,71,snap,0.060152456164360046,0.0902295783162117,0.06015521287918091,0.030077122151851654,True,0.0,True,True,False
rod_16mm,1271,75,snap,0.06015210971236229,0.0902295783162117,0.0601547546684742,0.03007746860384941,True,0.0,True,True,False
rod_16mm,1280,71,snap,0.06015153229236603,0.0902295783162117,0.060154128819704056,0.030078046023845673,True,0.0,True,True,False
rod_16mm,1289,74,snap,0.06015197932720184,0.0902295783162117,0.06015470623970032,0.030077598989009857,True,0.0,True,True,False
rod_16mm,1298,70,snap,0.060151632875204086,0.0902295783162117,0.060154110193252563,0.030077945441007614,True,0.0,True,True,False
rod_16mm,1307,70,snap,0.06015424430370331,0.0902295783162117,0.06015406548976898,0.030075334012508392,True,-0.0,True,True,False
rod_16mm,1316,71,snap,0.06015201285481453,0.0902295783162117,0.06015437841415405,0.03007756546139717,True,0.0,True,True,False
rod_16mm,1325,72,snap,0.060152120888233185,0.0902295783162117,0.06015458330512047,0.030077457427978516,True,0.0,True,True,False
rod_16mm,1334,72,snap,0.0601530522108078,0.0902295783162117,0.06015411764383316,0.0300765261054039,True,0.0,True,True,False
rod_16mm,1343,71,snap,0.06014884263277054,0.0902295783162117,0.06015421077609062,0.030080735683441162,True,0.0,True,True,False
rod_16mm,1352,73,snap,0.06015048176050186,0.0902295783162117,0.06015434488654137,0.03007909655570984,True,0.0,True,True,False
rod_16mm,1361,71,snap,0.06015428155660629,0.0902295783162117,0.06015392020344734,0.030075296759605408,True,-0.0,True,True,False
rod_16mm,1370,70,snap,0.06015235558152199,0.0902295783162117,0.06015467643737793,0.030077222734689713,True,0.0,True,True,False
rod_16mm,1379,72,snap,0.060151465237140656,0.0902295783162117,0.06015416607260704,0.030078113079071045,True,0.0,True,True,False
rod_16mm,1388,74,snap,0.060151346027851105,0.0902295783162117,0.06015496328473091,0.030078232288360596,True,0.0,True,True,False
rod_16mm,1397,74,snap,0.06015053018927574,0.0902295783162117,0.0601537860929966,0.03007904812693596,True,0.0,True,True,False
rod_16mm,1406,71,snap,0.06015196442604065,0.0902295783162117,0.06015405058860779,0.03007761389017105,True,0.0,True,True,False
rod_16mm,1415,70,snap,0.060154497623443604,0.0902295783162117,0.06015367433428764,0.030075080692768097,True,-0.0,True,True,False
rod_16mm,1424,71,snap,0.06015072762966156,0.0902295783162117,0.0601537860929966,0.03007885068655014,True,0.0,True,True,False
rod_16mm,1433,71,snap,0.06015034765005112,0.0902295783162117,0.060153767466545105,0.030079230666160583,True,0.0,True,True,False
rod_16mm,1442,108,snap,0.06015446037054062,0.0902295783162117,0.0601532869040966,0.03007511794567108,True,-0.0,True,True,False
rod_16mm,1451,71,snap,0.060150373727083206,0.0902295783162117,0.060153741389513016,0.030079204589128494,True,0.0,True,True,False
rod_16mm,1460,71,snap,0.060151685029268265,0.0902295783162117,0.06015418469905853,0.030077893286943436,True,0.0,True,True,False
rod_16mm,1469,71,snap,0.06014874577522278,0.0902295783162117,0.06015423312783241,0.030080832540988922,True,0.0,True,True,False
rod_16mm,1478,71,snap,0.06015051156282425,0.0902295783162117,0.06015435606241226,0.03007906675338745,True,0.0,True,True,False
rod_16mm,1487,72,snap,0.06015315651893616,0.0902295783162117,0.060153983533382416,0.030076421797275543,True,0.0,True,True,False
rod_16mm,1496,70,snap,0.06015443801879883,0.0902295783162117,0.060154128819704056,0.030075140297412872,True,-0.0,True,True,False
rod_16mm,1505,71,snap,0.06015171855688095,0.0902295783162117,0.06015423312783241,0.03007785975933075,True,0.0,True,True,False
rod_16mm,1514,72,snap,0.06015155464410782,0.0902295783162117,0.060154564678668976,0.030078023672103882,True,0.0,True,True,False
rod_16mm,1523,72,snap,0.06015026569366455,0.0902295783162117,0.060153763741254807,0.03007931262254715,True,0.0,True,True,False
rod_16mm,1532,69,snap,0.06015168875455856,0.0902295783162117,0.060154207050800323,0.030077889561653137,True,0.0,True,True,False
rod_16mm,1541,73,snap,0.06015072390437126,0.0902295783162117,0.0601540170609951,0.03007885441184044,True,0.0,True,True,False
rod_16mm,1550,70,snap,0.060149602591991425,0.0902295783162117,0.06015458703041077,0.030079975724220276,True,0.0,True,True,False
rod_16mm,1559,69,snap,0.060150645673274994,0.0902295783162117,0.06015487760305405,0.030078932642936707,True,0.0,True,True,False
rod_16mm,1568,73,snap,0.06015058234333992,0.0902295783162117,0.06015372276306152,0.03007899597287178,True,0.0,True,True,False
rod_16mm,1577,74,snap,0.06015074625611305,0.0902295783162117,0.060154110193252563,0.030078832060098648,True,0.0,True,True,False
rod_16mm,1586,68,snap,0.06015171855688095,0.0902295783162117,0.060153864324092865,0.03007785975933075,True,0.0,True,True,False
rod_16mm,1595,67,snap,0.06015171855688095,0.0902295783162117,0.060154639184474945,0.03007785975933075,True,0.0,True,True,False
rod_16mm,1604,75,snap,0.06015044450759888,0.0902295783162117,0.06015344336628914,0.030079133808612823,True,0.0,True,True,False
rod_16mm,1613,66,snap,0.06015094369649887,0.0902295783162117,0.06015471741557121,0.03007863461971283,True,0.0,True,True,False
rod_16mm,1622,71,snap,0.060150329023599625,0.0902295783162117,0.060153864324092865,0.030079249292612076,True,0.0,True,True,False
rod_16mm,1631,73,snap,0.060151539742946625,0.0902295783162117,0.06015501916408539,0.030078038573265076,True,0.0,True,True,False
rod_16mm,1640,74,snap,0.060151357203722,0.0902295783162117,0.060154739767313004,0.0300782211124897,True,0.0,True,True,False
rod_16mm,1649,70,snap,0.06015266478061676,0.0902295783162117,0.06015414372086525,0.03007691353559494,True,0.0,True,True,False
rod_16mm,1658,72,snap,0.060150161385536194,0.0902295783162117,0.06015390902757645,0.030079416930675507,True,0.0,True,True,False
rod_16mm,1667,72,snap,0.06015382707118988,0.0902295783162117,0.06015381962060928,0.03007575124502182,True,-0.0,True,True,False
rod_16mm,1676,71,snap,0.060151107609272,0.0902295783162117,0.06015419587492943,0.030078470706939697,True,0.0,True,True,False
rod_16mm,1685,73,snap,0.060151368379592896,0.0902295783162117,0.06015469506382942,0.030078209936618805,True,0.0,True,True,False
rod_16mm,1694,73,snap,0.06015058979392052,0.0902295783162117,0.060154251754283905,0.030078988522291183,True,0.0,True,True,False
rod_16mm,1703,75,snap,0.06015319377183914,0.0902295783162117,0.060153529047966,0.03007638454437256,True,0.0,True,True,False
rod_16mm,1712,75,snap,0.06015266478061676,0.0902295783162117,0.06015469506382942,0.03007691353559494,True,0.0,True,True,False
rod_16mm,1721,72,snap,0.060151606798172,0.0902295783162117,0.06015424057841301,0.030077971518039703,True,0.0,True,True,False
rod_16mm,1730,72,snap,0.06015186756849289,0.0902295783162117,0.06015416607260704,0.03007771074771881,True,0.0,True,True,False
rod_16mm,1739,70,snap,0.060152046382427216,0.0902295783162117,0.060154132544994354,0.030077531933784485,True,0.0,True,True,False
rod_16mm,1748,72,snap,0.06015050783753395,0.0902295783162117,0.060154106467962265,0.03007907047867775,True,0.0,True,True,False
rod_16mm,1757,68,snap,0.060152530670166016,0.0902295783162117,0.06015448644757271,0.030077047646045685,True,0.0,True,True,False
rod_16mm,1766,71,snap,0.06015335023403168,0.0902295783162117,0.060153719037771225,0.030076228082180023,True,0.0,True,True,False
rod_16mm,1775,73,snap,0.060150615870952606,0.0902295783162117,0.060154207050800323,0.030078962445259094,True,0.0,True,True,False
rod_16mm,1784,72,snap,0.060150694102048874,0.0902295783162117,0.060153745114803314,0.030078884214162827,True,0.0,True,True,False
rod_16mm,1793,71,snap,0.060150645673274994,0.0902295783162117,0.06015380844473839,0.030078932642936707,True,0.0,True,True,False
bolt_8mm,3,41,snap,0.060147080570459366,0.22557395696640015,0.06014956161379814,0.16542687639594078,True,0.0,True,True,False
bolt_8mm,12,41,snap,0.06014706566929817,0.22557395696640015,0.06014956161379814,0.16542689129710197,True,0.0,True,True,False
bolt_8mm,21,40,snap,0.06014697253704071,0.22557395696640015,0.06014956161379814,0.16542698442935944,True,0.0,True,True,False
bolt_8mm,30,41,snap,0.0601462796330452,0.22557395696640015,0.06014956161379814,0.16542767733335495,True,0.0,True,True,False
bolt_8mm,39,41,snap,0.06014695391058922,0.22557395696640015,0.06014956161379814,0.16542700305581093,True,0.0,True,True,False
bolt_8mm,48,41,snap,0.060146719217300415,0.22557395696640015,0.06014956161379814,0.16542723774909973,True,0.0,True,True,False
bolt_8mm,57,40,snap,0.060146987438201904,0.22557395696640015,0.06014956906437874,0.16542696952819824,True,0.0,True,True,False
bolt_8mm,66,41,snap,0.06014704331755638,0.22557395696640015,0.06014956161379814,0.16542691364884377,True,0.0,True,True,False
bolt_8mm,75,41,snap,0.060145627707242966,0.22557395696640015,0.06014959141612053,0.16542832925915718,True,0.0,True,True,False
bolt_8mm,84,41,snap,0.06014646217226982,0.22557395696640015,0.06014956161379814,0.16542749479413033,True,0.0,True,True,False
bolt_8mm,93,40,snap,0.060145944356918335,0.22557395696640015,0.06014959514141083,0.1654280126094818,True,0.0,True,True,False
bolt_8mm,102,41,snap,0.06014680489897728,0.22557395696640015,0.06014956161379814,0.16542715206742287,True,0.0,True,True,False
bolt_8mm,111,41,snap,0.060147106647491455,0.22557395696640015,0.06014956161379814,0.1654268503189087,True,0.0,True,True,False
bolt_8mm,120,41,snap,0.06014703959226608,0.22557395696640015,0.06014956161379814,0.16542691737413406,True,0.0,True,True,False
bolt_8mm,129,41,snap,0.06014647334814072,0.22557395696640015,0.06014956161379814,0.16542748361825943,True,0.0,True,True,False
bolt_8mm,138,41,snap,0.060146085917949677,0.22557395696640015,0.06014955788850784,0.16542787104845047,True,0.0,True,True,False
bolt_8mm,147,41,snap,0.060146868228912354,0.22557395696640015,0.06014956906437874,0.1654270887374878,True,0.0,True,True,False
bolt_8mm,156,41,snap,0.060147128999233246,0.22557395696640015,0.06014956906437874,0.1654268279671669,True,0.0,True,True,False
bolt_8mm,165,41,snap,0.06014563515782356,0.22557395696640015,0.06014959141612053,0.16542832180857658,True,0.0,True,True,False
bolt_8mm,174,41,snap,0.06014662981033325,0.22557395696640015,0.06014959514141083,0.1654273271560669,True,0.0,True,True,False
bolt_8mm,183,41,snap,0.060146514326334,0.22557395696640015,0.06014956161379814,0.16542744264006615,True,0.0,True,True,False
bolt_8mm,192,41,snap,0.060146741569042206,0.22557395696640015,0.06014956161379814,0.16542721539735794,True,0.0,True,True,False
bolt_8mm,201,41,snap,0.06014721095561981,0.22557395696640015,0.06014956161379814,0.16542674601078033,True,0.0,True,True,False
bolt_8mm,210,40,snap,0.06014694273471832,0.22557395696640015,0.06014956161379814,0.16542701423168182,True,0.0,True,True,False
bolt_8mm,219,41,snap,0.060147009789943695,0.22557395696640015,0.06014956161379814,0.16542694717645645,True,0.0,True,True,False
bolt_8mm,228,41,snap,0.06014619767665863,0.22557395696640015,0.06014955788850784,0.16542775928974152,True,0.0,True,True,False
bolt_8mm,237,41,snap,0.060146886855363846,0.22557395696640015,0.06014956161379814,0.1654270701110363,True,0.0,True,True,False
bolt_8mm,246,40,snap,0.060147128999233246,0.22557395696640015,0.06014955788850784,0.1654268279671669,True,0.0,True,True,False
bolt_8mm,255,40,snap,0.060146793723106384,0.22557395696640015,0.06014956161379814,0.16542716324329376,True,0.0,True,True,False
bolt_8mm,264,41,snap,0.06014569103717804,0.22557395696640015,0.06014959141612053,0.1654282659292221,True,0.0,True,True,False
bolt_8mm,273,41,snap,0.06014695018529892,0.22557395696640015,0.06014956161379814,0.16542700678110123,True,0.0,True,True,False
bolt_8mm,282,41,snap,0.06014714390039444,0.22557395696640015,0.06014956161379814,0.1654268130660057,True,0.0,True,True,False
bolt_8mm,291,41,snap,0.060145601630210876,0.22557395696640015,0.06014959141612053,0.16542835533618927,True,0.0,True,True,False
bolt_8mm,300,41,snap,0.0601467527449131,0.22557395696640015,0.06014956906437874,0.16542720422148705,True,0.0,True,True,False
bolt_8mm,309,41,snap,0.06014673411846161,0.22557395696640015,0.06014956161379814,0.16542722284793854,True,0.0,True,True,False
bolt_8mm,318,41,snap,0.060146890580654144,0.22557395696640015,0.06014956161379814,0.165427066385746,True,0.0,True,True,False
bolt_8mm,327,40,snap,0.06014686077833176,0.22557395696640015,0.06014956161379814,0.1654270961880684,True,0.0,True,True,False
bolt_8mm,336,41,snap,0.06014697626233101,0.22557395696640015,0.06014956161379814,0.16542698070406914,True,0.0,True,True,False
bolt_8mm,345,41,snap,0.06014713644981384,0.22557395696640015,0.06014956161379814,0.1654268205165863,True,0.0,True,True,False
bolt_8mm,354,41,snap,0.060146264731884,0.22557395696640015,0.06014957278966904,0.16542769223451614,True,0.0,True,True,False
bolt_8mm,363,41,snap,0.06014685332775116,0.22557395696640015,0.06014956906437874,0.165427103638649,True,0.0,True,True,False
bolt_8mm,372,40,snap,0.06014585494995117,0.22557395696640015,0.06014955788850784,0.16542810201644897,True,0.0,True,True,False
bolt_8mm,381,40,snap,0.06014704331755638,0.22557395696640015,0.06014956906437874,0.16542691364884377,True,0.0,True,True,False
bolt_8mm,390,41,snap,0.06014695763587952,0.22557395696640015,0.06014957278966904,0.16542699933052063,True,0.0,True,True,False
bolt_8mm,399,41,snap,0.060146838426589966,0.22557395696640015,0.06014956906437874,0.16542711853981018,True,0.0,True,True,False
bolt_8mm,408,41,snap,0.060146115720272064,0.22557395696640015,0.06014959141612053,0.16542784124612808,True,0.0,True,True,False
bolt_8mm,417,40,snap,0.0601470023393631,0.22557395696640015,0.06014956161379814,0.16542695462703705,True,0.0,True,True,False
bolt_8mm,426,41,snap,0.06014694273471832,0.22557395696640015,0.06014959514141083,0.16542701423168182,True,0.0,True,True,False
bolt_8mm,435,40,snap,0.060146864503622055,0.22557395696640015,0.06014956161379814,0.1654270924627781,True,0.0,True,True,False
bolt_8mm,444,41,snap,0.06014716625213623,0.22557395696640015,0.06014956161379814,0.16542679071426392,True,0.0,True,True,False
bolt_8mm,453,41,snap,0.06014695018529892,0.22557395696640015,0.06014956161379814,0.16542700678110123,True,0.0,True,True,False
bolt_8mm,462,41,snap,0.06014715135097504,0.22557395696640015,0.06014956906437874,0.1654268056154251,True,0.0,True,True,False
bolt_8mm,471,41,snap,0.06014721840620041,0.22557395696640015,0.06014956161379814,0.16542673856019974,True,0.0,True,True,False
bolt_8mm,480,41,snap,0.06014634668827057,0.22557395696640015,0.06014956161379814,0.16542761027812958,True,0.0,True,True,False
bolt_8mm,489,41,snap,0.06014704704284668,0.22557395696640015,0.06014956906437874,0.16542690992355347,True,0.0,True,True,False
bolt_8mm,498,41,snap,0.060146987438201904,0.22557395696640015,0.06014956906437874,0.16542696952819824,True,0.0,True,True,False
bolt_8mm,507,41,snap,0.06014716997742653,0.22557395696640015,0.06014956161379814,0.16542678698897362,True,0.0,True,True,False
bolt_8mm,516,40,snap,0.06014689430594444,0.22557395696640015,0.06014956161379814,0.1654270626604557,True,0.0,True,True,False
bolt_8mm,525,41,snap,0.06014702841639519,0.22557395696640015,0.06014956906437874,0.16542692855000496,True,0.0,True,True,False
bolt_8mm,534,41,snap,0.06014703959226608,0.22557395696640015,0.06014955788850784,0.16542691737413406,True,0.0,True,True,False
bolt_8mm,543,41,snap,0.06014716252684593,0.22557395696640015,0.06014956161379814,0.16542679443955421,True,0.0,True,True,False
bolt_8mm,552,41,snap,0.06014719977974892,0.22557395696640015,0.06014956161379814,0.16542675718665123,True,0.0,True,True,False
bolt_8mm,561,41,snap,0.060146771371364594,0.22557395696640015,0.06014959141612053,0.16542718559503555,True,0.0,True,True,False
bolt_8mm,570,40,snap,0.06014690920710564,0.22557395696640015,0.06014956161379814,0.1654270477592945,True,0.0,True,True,False
bolt_8mm,579,41,snap,0.06014641374349594,0.22557395696640015,0.06014956161379814,0.1654275432229042,True,0.0,True,True,False
bolt_8mm,588,41,snap,0.06014716997742653,0.22557395696640015,0.06014959141612053,0.16542678698897362,True,0.0,True,True,False
bolt_8mm,597,41,snap,0.06014545261859894,0.22557395696640015,0.06014956906437874,0.1654285043478012,True,0.0,True,True,False
bolt_8mm,606,40,snap,0.06014631688594818,0.22557395696640015,0.06014956161379814,0.16542764008045197,True,0.0,True,True,False
bolt_8mm,615,41,snap,0.06014545261859894,0.22557395696640015,0.06014959514141083,0.1654285043478012,True,0.0,True,True,False
bolt_8mm,624,41,snap,0.060147229582071304,0.22557395696640015,0.06014956161379814,0.16542672738432884,True,0.0,True,True,False
bolt_8mm,633,40,snap,0.06014693155884743,0.22557395696640015,0.06014956161379814,0.16542702540755272,True,0.0,True,True,False
bolt_8mm,642,41,snap,0.06014713644981384,0.22557395696640015,0.06014955788850784,0.1654268205165863,True,0.0,True,True,False
bolt_8mm,651,41,snap,0.06014731526374817,0.22557395696640015,0.06014956161379814,0.16542664170265198,True,0.0,True,True,False
bolt_8mm,660,41,snap,0.0601472333073616,0.22557395696640015,0.06014956906437874,0.16542672365903854,True,0.0,True,True,False
bolt_8mm,669,41,snap,0.0601469986140728,0.22557395696640015,0.06014956161379814,0.16542695835232735,True,0.0,True,True,False
bolt_8mm,678,40,snap,0.06014721840620041,0.22557395696640015,0.06014956906437874,0.16542673856019974,True,0.0,True,True,False
bolt_8mm,687,41,snap,0.060146987438201904,0.22557395696640015,0.06014956161379814,0.16542696952819824,True,0.0,True,True,False
bolt_8mm,696,41,snap,0.0601460263133049,0.22557395696640015,0.06014956906437874,0.16542793065309525,True,0.0,True,True,False
bolt_8mm,705,41,snap,0.06014680117368698,0.22557395696640015,0.06014956161379814,0.16542715579271317,True,0.0,True,True,False
bolt_8mm,714,41,snap,0.0601470023393631,0.22557395696640015,0.06014956161379814,0.16542695462703705,True,0.0,True,True,False
bolt_8mm,723,41,snap,0.06014697626233101,0.22557395696640015,0.06014956161379814,0.16542698070406914,True,0.0,True,True,False
bolt_8mm,732,41,snap,0.0601469948887825,0.22557395696640015,0.060149580240249634,0.16542696207761765,True,0.0,True,True,False
bolt_8mm,741,41,snap,0.06014722213149071,0.22557395696640015,0.06014959514141083,0.16542673483490944,True,0.0,True,True,False
bolt_8mm,750,41,snap,0.0601472370326519,0.22557395696640015,0.06014956161379814,0.16542671993374825,True,0.0,True,True,False
bolt_8mm,759,41,snap,0.060146696865558624,0.22557395696640015,0.06014956161379814,0.16542726010084152,True,0.0,True,True,False
bolt_8mm,768,41,snap,0.06014654040336609,0.22557395696640015,0.06014956161379814,0.16542741656303406,True,0.0,True,True,False
bolt_8mm,777,41,snap,0.060147255659103394,0.22557395696640015,0.06014956161379814,0.16542670130729675,True,0.0,True,True,False
bolt_8mm,786,40,snap,0.06014703959226608,0.22557395696640015,0.06014956161379814,0.16542691737413406,True,0.0,True,True,False
bolt_8mm,795,41,snap,0.060146987438201904,0.22557395696640015,0.06014956906437874,0.16542696952819824,True,0.0,True,True,False
bolt_8mm,804,41,snap,0.06014706939458847,0.22557395696640015,0.06014956906437874,0.16542688757181168,True,0.0,True,True,False
bolt_8mm,813,40,snap,0.060147009789943695,0.22557395696640015,0.06014959141612053,0.16542694717645645,True,0.0,True,True,False
bolt_8mm,822,41,snap,0.06014559417963028,0.22557395696640015,0.06014959514141083,0.16542836278676987,True,0.0,True,True,False
bolt_8mm,831,41,snap,0.06014677509665489,0.22557395696640015,0.06014956906437874,0.16542718186974525,True,0.0,True,True,False
bolt_8mm,840,41,snap,0.060146309435367584,0.22557395696640015,0.06014956161379814,0.16542764753103256,True,0.0,True,True,False
bolt_8mm,849,41,snap,0.06014709174633026,0.22557395696640015,0.06014956161379814,0.16542686522006989,True,0.0,True,True,False
bolt_8mm,858,41,snap,0.060146450996398926,0.22557395696640015,0.06014956161379814,0.16542750597000122,True,0.0,True,True,False
bolt_8mm,867,41,snap,0.06014714390039444,0.22557395696640015,0.06014956161379814,0.1654268130660057,True,0.0,True,True,False
bolt_8mm,876,41,snap,0.06014717370271683,0.22557395696640015,0.06014956161379814,0.16542678326368332,True,0.0,True,True,False
bolt_8mm,885,41,snap,0.060147300362586975,0.22557395696640015,0.06014956161379814,0.16542665660381317,True,0.0,True,True,False
bolt_8mm,894,41,snap,0.06014704704284668,0.22557395696640015,0.06014956161379814,0.16542690992355347,True,0.0,True,True,False
bolt_8mm,903,41,snap,0.06014568731188774,0.22557395696640015,0.06014959514141083,0.1654282696545124,True,0.0,True,True,False
bolt_8mm,912,41,snap,0.06014654412865639,0.22557395696640015,0.06014955788850784,0.16542741283774376,True,0.0,True,True,False
bolt_8mm,921,41,snap,0.06014715135097504,0.22557395696640015,0.06014956161379814,0.1654268056154251,True,0.0,True,True,False
bolt_8mm,930,41,snap,0.0601472333073616,0.22557395696640015,0.06014956161379814,0.16542672365903854,True,0.0,True,True,False
bolt_8mm,939,40,snap,0.06014697253704071,0.22557395696640015,0.06014956161379814,0.16542698442935944,True,0.0,True,True,False
bolt_8mm,948,40,snap,0.060146719217300415,0.22557395696640015,0.06014956161379814,0.16542723774909973,True,0.0,True,True,False
bolt_8mm,957,41,snap,0.06014677509665489,0.22557395696640015,0.06014956161379814,0.16542718186974525,True,0.0,True,True,False
bolt_8mm,966,41,snap,0.06014686077833176,0.22557395696640015,0.06014956161379814,0.1654270961880684,True,0.0,True,True,False
bolt_8mm,975,41,snap,0.06014712154865265,0.22557395696640015,0.06014956161379814,0.1654268354177475,True,0.0,True,True,False
bolt_8mm,984,41,snap,0.06014658510684967,0.22557395696640015,0.060149580240249634,0.16542737185955048,True,0.0,True,True,False
bolt_8mm,993,41,snap,0.06014646217226982,0.22557395696640015,0.06014956161379814,0.16542749479413033,True,0.0,True,True,False
bolt_8mm,1002,40,snap,0.060146912932395935,0.22557395696640015,0.06014955788850784,0.1654270440340042,True,0.0,True,True,False
bolt_8mm,1011,41,snap,0.06014692038297653,0.22557395696640015,0.06014956161379814,0.16542703658342361,True,0.0,True,True,False
bolt_8mm,1020,41,snap,0.060146838426589966,0.22557395696640015,0.06014956161379814,0.16542711853981018,True,0.0,True,True,False
bolt_8mm,1029,40,snap,0.06014672666788101,0.22557395696640015,0.06014956161379814,0.16542723029851913,True,0.0,True,True,False
bolt_8mm,1038,41,snap,0.06014648824930191,0.22557395696640015,0.06014956161379814,0.16542746871709824,True,0.0,True,True,False
bolt_8mm,1047,40,snap,0.06014673411846161,0.22557395696640015,0.06014956906437874,0.16542722284793854,True,0.0,True,True,False
bolt_8mm,1056,41,snap,0.06014717370271683,0.22557395696640015,0.06014956161379814,0.16542678326368332,True,0.0,True,True,False
bolt_8mm,1065,41,snap,0.060145869851112366,0.22557395696640015,0.06014956161379814,0.16542808711528778,True,0.0,True,True,False
bolt_8mm,1074,41,snap,0.06014583632349968,0.22557395696640015,0.06014956161379814,0.16542812064290047,True,0.0,True,True,False
bolt_8mm,1083,41,snap,0.060147229582071304,0.22557395696640015,0.06014956161379814,0.16542672738432884,True,0.0,True,True,False
bolt_8mm,1092,41,snap,0.06014712154865265,0.22557395696640015,0.06014956906437874,0.1654268354177475,True,0.0,True,True,False
bolt_8mm,1101,41,snap,0.060146529227495193,0.22557395696640015,0.06014955788850784,0.16542742773890495,True,0.0,True,True,False
bolt_8mm,1110,41,snap,0.06014673411846161,0.22557395696640015,0.06014956161379814,0.16542722284793854,True,0.0,True,True,False
bolt_8mm,1119,41,snap,0.06014695763587952,0.22557395696640015,0.06014956161379814,0.16542699933052063,True,0.0,True,True,False
bolt_8mm,1128,53,snap,0.06015070527791977,0.22557395696640015,0.06015005335211754,0.16542325168848038,True,-0.0,True,True,False
bolt_8mm,1137,40,snap,0.060147225856781006,0.22557395696640015,0.06014956161379814,0.16542673110961914,True,0.0,True,True,False
bolt_8mm,1146,41,snap,0.06014716625213623,0.22557395696640015,0.06014956161379814,0.16542679071426392,True,0.0,True,True,False
bolt_8mm,1155,41,snap,0.06014683097600937,0.22557395696640015,0.06014956906437874,0.16542712599039078,True,0.0,True,True,False
bolt_8mm,1164,40,snap,0.06014552712440491,0.22557395696640015,0.06014958396553993,0.16542842984199524,True,0.0,True,True,False
bolt_8mm,1173,41,snap,0.06014715135097504,0.22557395696640015,0.06014956906437874,0.1654268056154251,True,0.0,True,True,False
bolt_8mm,1182,41,snap,0.06014714390039444,0.22557395696640015,0.06014956161379814,0.1654268130660057,True,0.0,True,True,False
bolt_8mm,1191,41,snap,0.0601472482085228,0.22557395696640015,0.06014956161379814,0.16542670875787735,True,0.0,True,True,False
bolt_8mm,1200,40,snap,0.060146719217300415,0.22557395696640015,0.06014956161379814,0.16542723774909973,True,0.0,True,True,False
bolt_8mm,1209,41,snap,0.06014585867524147,0.22557395696640015,0.06014955788850784,0.16542809829115868,True,0.0,True,True,False
bolt_8mm,1218,41,snap,0.0601465180516243,0.22557395696640015,0.06014956161379814,0.16542743891477585,True,0.0,True,True,False
bolt_8mm,1227,41,snap,0.060146089643239975,0.22557395696640015,0.06014956161379814,0.16542786732316017,True,0.0,True,True,False
bolt_8mm,1236,40,snap,0.06014719977974892,0.22557395696640015,0.06014956161379814,0.16542675718665123,True,0.0,True,True,False
bolt_8mm,1245,40,snap,0.06014718860387802,0.22557395696640015,0.06014956161379814,0.16542676836252213,True,0.0,True,True,False
bolt_8mm,1254,41,snap,0.06014551967382431,0.22557395696640015,0.06014959141612053,0.16542843729257584,True,0.0,True,True,False
bolt_8mm,1263,40,snap,0.060146987438201904,0.22557395696640015,0.06014956161379814,0.16542696952819824,True,0.0,True,True,False
bolt_8mm,1272,40,snap,0.06014728546142578,0.22557395696640015,0.06014956161379814,0.16542667150497437,True,0.0,True,True,False
bolt_8mm,1281,41,snap,0.06014561653137207,0.22557395696640015,0.06014958396553993,0.16542834043502808,True,0.0,True,True,False
bolt_8mm,1290,40,snap,0.060146644711494446,0.22557395696640015,0.06014956161379814,0.1654273122549057,True,0.0,True,True,False
bolt_8mm,1299,41,snap,0.06014718860387802,0.22557395696640015,0.06014956161379814,0.16542676836252213,True,0.0,True,True,False
bolt_8mm,1308,41,snap,0.060145702213048935,0.22557395696640015,0.06014959514141083,0.1654282547533512,True,0.0,True,True,False
bolt_8mm,1317,41,snap,0.06014743819832802,0.22557395696640015,0.06014956161379814,0.16542651876807213,True,0.0,True,True,False
bolt_8mm,1326,41,snap,0.060146257281303406,0.22557395696640015,0.06014956161379814,0.16542769968509674,True,0.0,True,True,False
bolt_8mm,1335,41,snap,0.06014641001820564,0.22557395696640015,0.06014956906437874,0.1654275469481945,True,0.0,True,True,False
bolt_8mm,1344,41,snap,0.060146428644657135,0.22557395696640015,0.06014956161379814,0.165427528321743,True,0.0,True,True,False
bolt_8mm,1353,41,snap,0.06014677509665489,0.22557395696640015,0.06014956161379814,0.16542718186974525,True,0.0,True,True,False
bolt_8mm,1362,41,snap,0.060147177428007126,0.22557395696640015,0.06014956161379814,0.16542677953839302,True,0.0,True,True,False
bolt_8mm,1371,41,snap,0.0601472333073616,0.22557395696640015,0.06014956906437874,0.16542672365903854,True,0.0,True,True,False
bolt_8mm,1380,41,snap,0.06014706939458847,0.22557395696640015,0.06014956161379814,0.16542688757181168,True,0.0,True,True,False
bolt_8mm,1389,40,snap,0.06014658510684967,0.22557395696640015,0.06014957278966904,0.16542737185955048,True,0.0,True,True,False
bolt_8mm,1398,41,snap,0.060147158801555634,0.22557395696640015,0.06014958396553993,0.1654267981648445,True,0.0,True,True,False
bolt_8mm,1407,41,snap,0.06014729291200638,0.22557395696640015,0.06014956161379814,0.16542666405439377,True,0.0,True,True,False
bolt_8mm,1416,41,snap,0.06014712527394295,0.22557395696640015,0.06014956161379814,0.1654268316924572,True,0.0,True,True,False
bolt_8mm,1425,41,snap,0.060147181153297424,0.22557395696640015,0.06014956161379814,0.16542677581310272,True,0.0,True,True,False
bolt_8mm,1434,41,snap,0.06014712154865265,0.22557395696640015,0.06014956161379814,0.1654268354177475,True,0.0,True,True,False
bolt_8mm,1443,41,snap,0.060147128999233246,0.22557395696640015,0.06014956161379814,0.1654268279671669,True,0.0,True,True,False
bolt_8mm,1452,41,snap,0.060147158801555634,0.22557395696640015,0.06014956161379814,0.1654267981648445,True,0.0,True,True,False
bolt_8mm,1461,41,snap,0.06014586240053177,0.22557395696640015,0.06014956161379814,0.16542809456586838,True,0.0,True,True,False
bolt_8mm,1470,41,snap,0.0601467490196228,0.22557395696640015,0.06014956906437874,0.16542720794677734,True,0.0,True,True,False
bolt_8mm,1479,41,snap,0.06014670059084892,0.22557395696640015,0.06014956161379814,0.16542725637555122,True,0.0,True,True,False
bolt_8mm,1488,41,snap,0.06014672666788101,0.22557395696640015,0.06014959141612053,0.16542723029851913,True,0.0,True,True,False
bolt_8mm,1497,41,snap,0.06014684960246086,0.22557395696640015,0.06014956161379814,0.16542710736393929,True,0.0,True,True,False
bolt_8mm,1506,41,snap,0.0601460300385952,0.22557395696640015,0.06014956906437874,0.16542792692780495,True,0.0,True,True,False
bolt_8mm,1515,41,snap,0.06014715135097504,0.22557395696640015,0.06014956161379814,0.1654268056154251,True,0.0,True,True,False
bolt_8mm,1524,41,snap,0.06014682352542877,0.22557395696640015,0.06014955788850784,0.16542713344097137,True,0.0,True,True,False
bolt_8mm,1533,41,snap,0.06014721468091011,0.22557395696640015,0.06014956161379814,0.16542674228549004,True,0.0,True,True,False
bolt_8mm,1542,41,snap,0.06014716625213623,0.22557395696640015,0.06014956161379814,0.16542679071426392,True,0.0,True,True,False
bolt_8mm,1551,41,snap,0.06014715135097504,0.22557395696640015,0.06014956161379814,0.1654268056154251,True,0.0,True,True,False
bolt_8mm,1560,40,snap,0.06014670431613922,0.22557395696640015,0.06014956161379814,0.16542725265026093,True,0.0,True,True,False
bolt_8mm,1569,41,snap,0.060146789997816086,0.22557395696640015,0.06014956161379814,0.16542716696858406,True,0.0,True,True,False
bolt_8mm,1578,41,snap,0.0601469948887825,0.22557395696640015,0.06014956906437874,0.16542696207761765,True,0.0,True,True,False
bolt_8mm,1587,41,snap,0.06014658883213997,0.22557395696640015,0.060149580240249634,0.16542736813426018,True,0.0,True,True,False
bolt_8mm,1596,40,snap,0.0601470023393631,0.22557395696640015,0.06014955788850784,0.16542695462703705,True,0.0,True,True,False
bolt_8mm,1605,41,snap,0.06014637649059296,0.22557395696640015,0.06014956161379814,0.1654275804758072,True,0.0,True,True,False
bolt_8mm,1614,40,snap,0.06014682352542877,0.22557395696640015,0.06014956161379814,0.16542713344097137,True,0.0,True,True,False
bolt_8mm,1623,41,snap,0.0601470023393631,0.22557395696640015,0.06014956161379814,0.16542695462703705,True,0.0,True,True,False
bolt_8mm,1632,40,snap,0.060147080570459366,0.22557395696640015,0.06014955788850784,0.16542687639594078,True,0.0,True,True,False
bolt_8mm,1641,40,snap,0.060146041214466095,0.22557395696640015,0.060149580240249634,0.16542791575193405,True,0.0,True,True,False
bolt_8mm,1650,41,snap,0.06014653295278549,0.22557395696640015,0.06014956161379814,0.16542742401361465,True,0.0,True,True,False
bolt_8mm,1659,41,snap,0.06014692038297653,0.22557395696640015,0.06014956906437874,0.16542703658342361,True,0.0,True,True,False
bolt_8mm,1668,41,snap,0.06014684587717056,0.22557395696640015,0.06014956161379814,0.16542711108922958,True,0.0,True,True,False
bolt_8mm,1677,41,snap,0.060146719217300415,0.22557395696640015,0.06014956161379814,0.16542723774909973,True,0.0,True,True,False
bolt_8mm,1686,40,snap,0.06014703959226608,0.22557395696640015,0.06014959141612053,0.16542691737413406,True,0.0,True,True,False
bolt_8mm,1695,41,snap,0.06014701724052429,0.22557395696640015,0.06014956161379814,0.16542693972587585,True,0.0,True,True,False
bolt_8mm,1704,41,snap,0.060147084295749664,0.22557395696640015,0.06014956161379814,0.16542687267065048,True,0.0,True,True,False
bolt_8mm,1713,40,snap,0.06014694273471832,0.22557395696640015,0.06014956161379814,0.16542701423168182,True,0.0,True,True,False
bolt_8mm,1722,41,snap,0.06014551222324371,0.22557395696640015,0.06014956906437874,0.16542844474315643,True,0.0,True,True,False
bolt_8mm,1731,41,snap,0.060147009789943695,0.22557395696640015,0.06014955788850784,0.16542694717645645,True,0.0,True,True,False
bolt_8mm,1740,41,snap,0.06014686077833176,0.22557395696640015,0.06014956161379814,0.1654270961880684,True,0.0,True,True,False
bolt_8mm,1749,41,snap,0.06014704331755638,0.22557395696640015,0.06014956161379814,0.16542691364884377,True,0.0,True,True,False
bolt_8mm,1758,41,snap,0.06014697253704071,0.22557395696640015,0.06014956161379814,0.16542698442935944,True,0.0,True,True,False
bolt_8mm,1767,41,snap,0.06014556065201759,0.22557395696640015,0.06014959141612053,0.16542839631438255,True,0.0,True,True,False
bolt_8mm,1776,41,snap,0.060146965086460114,0.22557395696640015,0.06014956161379814,0.16542699187994003,True,0.0,True,True,False
bolt_8mm,1785,41,snap,0.06014728546142578,0.22557395696640015,0.06014956161379814,0.16542667150497437,True,0.0,True,True,False
bolt_8mm,1794,41,snap,0.06014673411846161,0.22557395696640015,0.06014956906437874,0.16542722284793854,True,0.0,True,True,False
usb_a,4,59,snap,0.06015472859144211,0.1503826379776001,0.06015291064977646,0.09022790938615799,True,-0.0,True,True,False
usb_a,13,63,snap,0.06015507131814957,0.1503826379776001,0.060153618454933167,0.09022756665945053,True,-0.0,True,True,False
usb_a,22,56,snap,0.060153529047966,0.1503826379776001,0.06015266478061676,0.0902291089296341,True,-0.0,True,True,False
usb_a,31,57,snap,0.06015542149543762,0.1503826379776001,0.0601535327732563,0.09022721648216248,True,-0.0,True,True,False
usb_a,40,57,snap,0.060153551399707794,0.1503826379776001,0.060152653604745865,0.0902290865778923,True,-0.0,True,True,False
usb_a,49,56,snap,0.06015367433428764,0.1503826379776001,0.06015252694487572,0.09022896364331245,True,-0.0,True,True,False
usb_a,58,58,snap,0.06015454977750778,0.1503826379776001,0.060153231024742126,0.09022808820009232,True,-0.0,True,True,False
usb_a,67,62,snap,0.06015361472964287,0.1503826379776001,0.06015254184603691,0.09022902324795723,True,-0.0,True,True,False
usb_a,76,58,snap,0.060153715312480927,0.1503826379776001,0.06015264242887497,0.09022892266511917,True,-0.0,True,True,False
usb_a,85,56,snap,0.060152824968099594,0.1503826379776001,0.060152627527713776,0.0902298130095005,True,-0.0,True,True,False
usb_a,94,57,snap,0.06015361472964287,0.1503826379776001,0.060152627527713776,0.09022902324795723,True,-0.0,True,True,False
usb_a,103,56,snap,0.06015383079648018,0.1503826379776001,0.06015274301171303,0.09022880718111992,True,-0.0,True,True,False
usb_a,112,56,snap,0.060152750462293625,0.1503826379776001,0.060152631253004074,0.09022988751530647,True,-0.0,True,True,False
usb_a,121,59,snap,0.06015578657388687,0.1503826379776001,0.06015348806977272,0.09022685140371323,True,-0.0,True,True,False
usb_a,130,57,snap,0.060153767466545105,0.1503826379776001,0.06015266105532646,0.09022887051105499,True,-0.0,True,True,False
usb_a,139,58,snap,0.06015509366989136,0.1503826379776001,0.06015358492732048,0.09022754430770874,True,-0.0,True,True,False
usb_a,148,57,snap,0.06015509366989136,0.1503826379776001,0.0601528063416481,0.09022754430770874,True,-0.0,True,True,False
usb_a,157,56,snap,0.0601537823677063,0.1503826379776001,0.060152582824230194,0.0902288556098938,True,-0.0,True,True,False
usb_a,166,57,snap,0.06015431880950928,0.1503826379776001,0.06015370041131973,0.09022831916809082,True,-0.0,True,True,False
usb_a,175,58,snap,0.060153890401124954,0.1503826379776001,0.060152675956487656,0.09022874757647514,True,-0.0,True,True,False
usb_a,184,56,snap,0.06015368178486824,0.1503826379776001,0.06015251576900482,0.09022895619273186,True,-0.0,True,True,False
usb_a,193,56,snap,0.060152631253004074,0.1503826379776001,0.060152582824230194,0.09023000672459602,True,-0.0,True,True,False
usb_a,202,58,snap,0.06015441566705704,0.1503826379776001,0.06015365570783615,0.09022822231054306,True,-0.0,True,True,False
usb_a,211,56,snap,0.06015358865261078,0.1503826379776001,0.060152649879455566,0.09022904932498932,True,-0.0,True,True,False
usb_a,220,58,snap,0.06015535444021225,0.1503826379776001,0.06015351042151451,0.09022728353738785,True,-0.0,True,True,False
usb_a,229,57,snap,0.060152724385261536,0.1503826379776001,0.06015266105532646,0.09022991359233856,True,-0.0,True,True,False
usb_a,238,57,snap,0.060153793543577194,0.1503826379776001,0.060152530670166016,0.0902288444340229,True,-0.0,True,True,False
usb_a,247,57,snap,0.0601547472178936,0.1503826379776001,0.06015363335609436,0.0902278907597065,True,-0.0,True,True,False
usb_a,256,57,snap,0.06015567108988762,0.1503826379776001,0.06015370041131973,0.09022696688771248,True,-0.0,True,True,False
usb_a,265,56,snap,0.06015350669622421,0.1503826379776001,0.06015274301171303,0.09022913128137589,True,-0.0,True,True,False
usb_a,274,61,snap,0.06015358492732048,0.1503826379776001,0.06015254184603691,0.09022905305027962,True,-0.0,True,True,False
usb_a,283,57,snap,0.06015466898679733,0.1503826379776001,0.06015283986926079,0.09022796899080276,True,-0.0,True,True,False
usb_a,292,57,snap,0.0601535439491272,0.1503826379776001,0.060152631253004074,0.0902290940284729,True,-0.0,True,True,False
usb_a,301,61,snap,0.060153670608997345,0.1503826379776001,0.060152653604745865,0.09022896736860275,True,-0.0,True,True,False
usb_a,310,57,snap,0.060153692960739136,0.1503826379776001,0.06015262007713318,0.09022894501686096,True,-0.0,True,True,False
usb_a,319,57,snap,0.060152821242809296,0.1503826379776001,0.06015254929661751,0.0902298167347908,True,-0.0,True,True,False
usb_a,328,58,snap,0.060152843594551086,0.1503826379776001,0.060152582824230194,0.09022979438304901,True,-0.0,True,True,False
usb_a,337,57,snap,0.0601528026163578,0.1503826379776001,0.06015264242887497,0.0902298353612423,True,-0.0,True,True,False
usb_a,346,62,snap,0.06015443056821823,0.1503826379776001,0.0601535327732563,0.09022820740938187,True,-0.0,True,True,False
usb_a,355,57,snap,0.06015492230653763,0.1503826379776001,0.06015360727906227,0.09022771567106247,True,-0.0,True,True,False
usb_a,364,58,snap,0.06015448272228241,0.1503826379776001,0.06015351042151451,0.09022815525531769,True,-0.0,True,True,False
usb_a,373,58,snap,0.06015506386756897,0.1503826379776001,0.06015360727906227,0.09022757411003113,True,-0.0,True,True,False
usb_a,382,57,snap,0.06015537679195404,0.1503826379776001,0.06015343964099884,0.09022726118564606,True,-0.0,True,True,False
usb_a,391,62,snap,0.06015360355377197,0.1503826379776001,0.0601525641977787,0.09022903442382812,True,-0.0,True,True,False
usb_a,400,56,snap,0.060152824968099594,0.1503826379776001,0.060152508318424225,0.0902298130095005,True,-0.0,True,True,False
usb_a,409,57,snap,0.060152679681777954,0.1503826379776001,0.06015263870358467,0.09022995829582214,True,-0.0,True,True,False
usb_a,418,56,snap,0.06015365570783615,0.1503826379776001,0.06015274301171303,0.09022898226976395,True,-0.0,True,True,False
usb_a,427,58,snap,0.060154449194669724,0.1503826379776001,0.060153599828481674,0.09022818878293037,True,-0.0,True,True,False
usb_a,436,58,snap,0.0601545125246048,0.1503826379776001,0.06015285104513168,0.0902281254529953,True,-0.0,True,True,False
usb_a,445,58,snap,0.06015447527170181,0.1503826379776001,0.06015344336628914,0.09022816270589828,True,-0.0,True,True,False
usb_a,454,61,snap,0.060154519975185394,0.1503826379776001,0.06015361100435257,0.0902281180024147,True,-0.0,True,True,False
usb_a,463,58,snap,0.06015443801879883,0.1503826379776001,0.060153644531965256,0.09022819995880127,True,-0.0,True,True,False
usb_a,472,63,snap,0.06015452370047569,0.1503826379776001,0.06015348806977272,0.0902281142771244,True,-0.0,True,True,False
usb_a,481,57,snap,0.06015486270189285,0.1503826379776001,0.06015360727906227,0.09022777527570724,True,-0.0,True,True,False
usb_a,490,57,snap,0.06015447527170181,0.1503826379776001,0.060152817517519,0.09022816270589828,True,-0.0,True,True,False
usb_a,499,57,snap,0.06015455722808838,0.1503826379776001,0.06015283241868019,0.09022808074951172,True,-0.0,True,True,False
usb_a,508,57,snap,0.06015535444021225,0.1503826379776001,0.060153529047966,0.09022728353738785,True,-0.0,True,True,False
usb_a,517,57,snap,0.06015278398990631,0.1503826379776001,0.06015264242887497,0.09022985398769379,True,-0.0,True,True,False
usb_a,526,57,snap,0.06015355885028839,0.1503826379776001,0.060152649879455566,0.0902290791273117,True,-0.0,True,True,False
usb_a,535,57,snap,0.060155145823955536,0.1503826379776001,0.060153618454933167,0.09022749215364456,True,-0.0,True,True,False
usb_a,544,57,snap,0.0601528137922287,0.1503826379776001,0.060152504593133926,0.0902298241853714,True,-0.0,True,True,False
usb_a,553,57,snap,0.06015452370047569,0.1503826379776001,0.060153596103191376,0.0902281142771244,True,-0.0,True,True,False
usb_a,562,58,snap,0.0601554773747921,0.1503826379776001,0.06015278398990631,0.090227160602808,True,-0.0,True,True,False
usb_a,571,57,snap,0.06015460938215256,0.1503826379776001,0.060153573751449585,0.09022802859544754,True,-0.0,True,True,False
usb_a,580,56,snap,0.06015300750732422,0.1503826379776001,0.06015254184603691,0.09022963047027588,True,-0.0,True,True,False
usb_a,589,57,snap,0.060155145823955536,0.1503826379776001,0.060153499245643616,0.09022749215364456,True,-0.0,True,True,False
usb_a,598,63,snap,0.060155559331178665,0.1503826379776001,0.0601532869040966,0.09022707864642143,True,-0.0,True,True,False
usb_a,607,58,snap,0.06015511229634285,0.1503826379776001,0.06015360727906227,0.09022752568125725,True,-0.0,True,True,False
usb_a,616,56,snap,0.060153551399707794,0.1503826379776001,0.060152653604745865,0.0902290865778923,True,-0.0,True,True,False
usb_a,625,69,snap,0.06015288829803467,0.1503826379776001,0.060152530670166016,0.09022974967956543,True,-0.0,True,True,False
usb_a,634,56,snap,0.06015355885028839,0.1503826379776001,0.06015268340706825,0.0902290791273117,True,-0.0,True,True,False
usb_a,643,58,snap,0.0601552352309227,0.1503826379776001,0.06015291064977646,0.0902274027466774,True,-0.0,True,True,False
usb_a,652,57,snap,0.06015516072511673,0.1503826379776001,0.060152817517519,0.09022747725248337,True,-0.0,True,True,False
usb_a,661,62,snap,0.06015443801879883,0.1503826379776001,0.060153499245643616,0.09022819995880127,True,-0.0,True,True,False
usb_a,670,68,snap,0.06015269458293915,0.1503826379776001,0.0601525753736496,0.09022994339466095,True,-0.0,True,True,False
usb_a,679,56,snap,0.06015383079648018,0.1503826379776001,0.06015266105532646,0.09022880718111992,True,-0.0,True,True,False
usb_a,688,57,snap,0.06015359237790108,0.1503826379776001,0.06015268340706825,0.09022904559969902,True,-0.0,True,True,False
usb_a,697,61,snap,0.060154080390930176,0.1503826379776001,0.06015263870358467,0.09022855758666992,True,-0.0,True,True,False
usb_a,706,58,snap,0.06015525013208389,0.1503826379776001,0.060152553021907806,0.0902273878455162,True,-0.0,True,True,False
usb_a,715,57,snap,0.06015367805957794,0.1503826379776001,0.06015273183584213,0.09022895991802216,True,-0.0,True,True,False
usb_a,724,56,snap,0.0601528137922287,0.1503826379776001,0.06015258654952049,0.0902298241853714,True,-0.0,True,True,False
usb_a,733,58,snap,0.060155339539051056,0.1503826379776001,0.06015268340706825,0.09022729843854904,True,-0.0,True,True,False
usb_a,742,57,snap,0.060152847319841385,0.1503826379776001,0.06015254929661751,0.09022979065775871,True,-0.0,True,True,False
usb_a,751,56,snap,0.060153745114803314,0.1503826379776001,0.0601525641977787,0.09022889286279678,True,-0.0,True,True,False
usb_a,760,67,snap,0.060154542326927185,0.1503826379776001,0.060153763741254807,0.09022809565067291,True,-0.0,True,True,False
usb_a,769,64,snap,0.060154400765895844,0.1503826379776001,0.06015278398990631,0.09022823721170425,True,-0.0,True,True,False
usb_a,778,62,snap,0.06015454977750778,0.1503826379776001,0.06015357747673988,0.09022808820009232,True,-0.0,True,True,False
usb_a,787,58,snap,0.06015273556113243,0.1503826379776001,0.060152675956487656,0.09022990241646767,True,-0.0,True,True,False
usb_a,796,59,snap,0.060154445469379425,0.1503826379776001,0.060153473168611526,0.09022819250822067,True,-0.0,True,True,False
usb_a,805,58,snap,0.06015448272228241,0.1503826379776001,0.06015286594629288,0.09022815525531769,True,-0.0,True,True,False
usb_a,814,62,snap,0.0601537749171257,0.1503826379776001,0.060152649879455566,0.0902288630604744,True,-0.0,True,True,False
usb_a,823,57,snap,0.06015520542860031,0.1503826379776001,0.06015275418758392,0.09022743254899979,True,-0.0,True,True,False
usb_a,832,61,snap,0.06015344709157944,0.1503826379776001,0.060152653604745865,0.09022919088602066,True,-0.0,True,True,False
usb_a,841,58,snap,0.06015511974692345,0.1503826379776001,0.06015343219041824,0.09022751823067665,True,-0.0,True,True,False
usb_a,850,57,snap,0.060155730694532394,0.1503826379776001,0.06015295535326004,0.0902269072830677,True,-0.0,True,True,False
usb_a,859,58,snap,0.06015452742576599,0.1503826379776001,0.06015271693468094,0.0902281105518341,True,-0.0,True,True,False
usb_a,868,58,snap,0.06015441566705704,0.1503826379776001,0.060153551399707794,0.09022822231054306,True,-0.0,True,True,False
usb_a,877,57,snap,0.06015529856085777,0.1503826379776001,0.0601535439491272,0.09022733941674232,True,-0.0,True,True,False
usb_a,886,57,snap,0.06015373021364212,0.1503826379776001,0.06015259772539139,0.09022890776395798,True,-0.0,True,True,False
usb_a,895,58,snap,0.06015537679195404,0.1503826379776001,0.060152817517519,0.09022726118564606,True,-0.0,True,True,False
usb_a,904,59,snap,0.060155242681503296,0.1503826379776001,0.06015351787209511,0.0902273952960968,True,-0.0,True,True,False
usb_a,913,62,snap,0.060153573751449585,0.1503826379776001,0.060152553021907806,0.09022906422615051,True,-0.0,True,True,False
usb_a,922,56,snap,0.06015292927622795,0.1503826379776001,0.06015252694487572,0.09022970870137215,True,-0.0,True,True,False
usb_a,931,58,snap,0.060154423117637634,0.1503826379776001,0.06015350669622421,0.09022821485996246,True,-0.0,True,True,False
usb_a,940,57,snap,0.06015358120203018,0.1503826379776001,0.0601525641977787,0.09022905677556992,True,-0.0,True,True,False
usb_a,949,57,snap,0.06015355885028839,0.1503826379776001,0.06015266105532646,0.0902290791273117,True,-0.0,True,True,False
usb_a,958,58,snap,0.06015445291996002,0.1503826379776001,0.06015361100435257,0.09022818505764008,True,-0.0,True,True,False
usb_a,967,57,snap,0.060155414044857025,0.1503826379776001,0.06015348434448242,0.09022722393274307,True,-0.0,True,True,False
usb_a,976,57,snap,0.06015446037054062,0.1503826379776001,0.060153529047966,0.09022817760705948,True,-0.0,True,True,False
usb_a,985,61,snap,0.06015368551015854,0.1503826379776001,0.060152605175971985,0.09022895246744156,True,-0.0,True,True,False
usb_a,994,58,snap,0.06015469878911972,0.1503826379776001,0.06015360727906227,0.09022793918848038,True,-0.0,True,True,False
usb_a,1003,56,snap,0.06015362963080406,0.1503826379776001,0.060152698308229446,0.09022900834679604,True,-0.0,True,True,False
usb_a,1012,68,snap,0.060152746737003326,0.1503826379776001,0.06015267223119736,0.09022989124059677,True,-0.0,True,True,False
usb_a,1021,61,snap,0.06015363335609436,0.1503826379776001,0.06015268713235855,0.09022900462150574,True,-0.0,True,True,False
usb_a,1030,56,snap,0.06015288084745407,0.1503826379776001,0.0601525716483593,0.09022975713014603,True,-0.0,True,True,False
usb_a,1039,61,snap,0.06015351414680481,0.1503826379776001,0.06015261635184288,0.09022912383079529,True,-0.0,True,True,False
usb_a,1048,59,snap,0.06015540286898613,0.1503826379776001,0.06015295162796974,0.09022723510861397,True,-0.0,True,True,False
usb_a,1057,56,snap,0.06015382707118988,0.1503826379776001,0.06015252694487572,0.09022881090641022,True,-0.0,True,True,False
usb_a,1066,56,snap,0.06015363335609436,0.1503826379776001,0.06015268340706825,0.09022900462150574,True,-0.0,True,True,False
usb_a,1075,62,snap,0.06015390902757645,0.1503826379776001,0.0601525604724884,0.09022872895002365,True,-0.0,True,True,False
usb_a,1084,57,snap,0.06015470251441002,0.1503826379776001,0.060153551399707794,0.09022793546319008,True,-0.0,True,True,False
usb_a,1093,58,snap,0.060154516249895096,0.1503826379776001,0.060152798891067505,0.090228121727705,True,-0.0,True,True,False
usb_a,1102,61,snap,0.060153599828481674,0.1503826379776001,0.060152649879455566,0.09022903814911842,True,-0.0,True,True,False
usb_a,1111,57,snap,0.06015452742576599,0.1503826379776001,0.06015372276306152,0.0902281105518341,True,-0.0,True,True,False
usb_a,1120,59,snap,0.06015445291996002,0.1503826379776001,0.06015261635184288,0.09022818505764008,True,-0.0,True,True,False
usb_a,1129,57,snap,0.0601547509431839,0.1503826379776001,0.06015349552035332,0.0902278870344162,True,-0.0,True,True,False
usb_a,1138,63,snap,0.06015455722808838,0.1503826379776001,0.0601528100669384,0.09022808074951172,True,-0.0,True,True,False
usb_a,1147,58,snap,0.06015374884009361,0.1503826379776001,0.06015264242887497,0.09022888913750648,True,-0.0,True,True,False
usb_a,1156,60,snap,0.060153789818286896,0.1503826379776001,0.0601525641977787,0.0902288481593132,True,-0.0,True,True,False
usb_a,1165,57,snap,0.06015273928642273,0.1503826379776001,0.060152627527713776,0.09022989869117737,True,-0.0,True,True,False
usb_a,1174,61,snap,0.06015373393893242,0.1503826379776001,0.06015258654952049,0.09022890403866768,True,-0.0,True,True,False
usb_a,1183,56,snap,0.06015358120203018,0.1503826379776001,0.06015266478061676,0.09022905677556992,True,-0.0,True,True,False
usb_a,1192,56,snap,0.06015373021364212,0.1503826379776001,0.060152508318424225,0.09022890776395798,True,-0.0,True,True,False
usb_a,1201,63,snap,0.06015358120203018,0.1503826379776001,0.060152772814035416,0.09022905677556992,True,-0.0,True,True,False
usb_a,1210,58,snap,0.06015462800860405,0.1503826379776001,0.06015270948410034,0.09022800996899605,True,-0.0,True,True,False
usb_a,1219,57,snap,0.060153715312480927,0.1503826379776001,0.0601525641977787,0.09022892266511917,True,-0.0,True,True,False
usb_a,1228,58,snap,0.06015464663505554,0.1503826379776001,0.060153529047966,0.09022799134254456,True,-0.0,True,True,False
usb_a,1237,62,snap,0.06015477329492569,0.1503826379776001,0.060153137892484665,0.09022786468267441,True,-0.0,True,True,False
usb_a,1246,58,snap,0.060155682265758514,0.1503826379776001,0.06015351042151451,0.09022695571184158,True,-0.0,True,True,False
usb_a,1255,57,snap,0.06015555560588837,0.1503826379776001,0.06015351042151451,0.09022708237171173,True,-0.0,True,True,False
usb_a,1264,62,snap,0.060155123472213745,0.1503826379776001,0.06015267223119736,0.09022751450538635,True,-0.0,True,True,False
usb_a,1273,57,snap,0.060154497623443604,0.1503826379776001,0.06015292927622795,0.0902281403541565,True,-0.0,True,True,False
usb_a,1282,57,snap,0.060155391693115234,0.1503826379776001,0.06015350669622421,0.09022724628448486,True,-0.0,True,True,False
usb_a,1291,63,snap,0.06015465781092644,0.1503826379776001,0.060152698308229446,0.09022798016667366,True,-0.0,True,True,False
usb_a,1300,57,snap,0.06015278398990631,0.1503826379776001,0.060152504593133926,0.09022985398769379,True,-0.0,True,True,False
usb_a,1309,58,snap,0.06015531346201897,0.1503826379776001,0.06015339866280556,0.09022732451558113,True,-0.0,True,True,False
usb_a,1318,58,snap,0.060154497623443604,0.1503826379776001,0.0601535439491272,0.0902281403541565,True,-0.0,True,True,False
usb_a,1327,57,snap,0.06015355885028839,0.1503826379776001,0.06015268713235855,0.0902290791273117,True,-0.0,True,True,False
usb_a,1336,59,snap,0.060154423117637634,0.1503826379776001,0.060153551399707794,0.09022821485996246,True,-0.0,True,True,False
usb_a,1345,58,snap,0.06015510484576225,0.1503826379776001,0.0601535439491272,0.09022753313183784,True,-0.0,True,True,False
usb_a,1354,63,snap,0.06015455722808838,0.1503826379776001,0.06015351042151451,0.09022808074951172,True,-0.0,True,True,False
usb_a,1363,57,snap,0.0601537711918354,0.1503826379776001,0.06015253812074661,0.0902288667857647,True,-0.0,True,True,False
usb_a,1372,58,snap,0.0601552315056324,0.1503826379776001,0.06015346571803093,0.0902274064719677,True,-0.0,True,True,False
usb_a,1381,62,snap,0.06015454977750778,0.1503826379776001,0.06015367433428764,0.09022808820009232,True,-0.0,True,True,False
usb_a,1390,57,snap,0.060153622180223465,0.1503826379776001,0.06015264242887497,0.09022901579737663,True,-0.0,True,True,False
usb_a,1399,57,snap,0.06015396863222122,0.1503826379776001,0.06015253812074661,0.09022866934537888,True,-0.0,True,True,False
usb_a,1408,58,snap,0.06015443056821823,0.1503826379776001,0.06015360727906227,0.09022820740938187,True,-0.0,True,True,False
usb_a,1417,62,snap,0.06015285104513168,0.1503826379776001,0.0601525604724884,0.09022978693246841,True,-0.0,True,True,False
usb_a,1426,57,snap,0.06015457212924957,0.1503826379776001,0.060152817517519,0.09022806584835052,True,-0.0,True,True,False
usb_a,1435,59,snap,0.060154445469379425,0.1503826379776001,0.06015360727906227,0.09022819250822067,True,-0.0,True,True,False
usb_a,1444,57,snap,0.060152702033519745,0.1503826379776001,0.060152482241392136,0.09022993594408035,True,-0.0,True,True,False
usb_a,1453,57,snap,0.06015443801879883,0.1503826379776001,0.06015361100435257,0.09022819995880127,True,-0.0,True,True,False
usb_a,1462,59,snap,0.0601547472178936,0.1503826379776001,0.06015278771519661,0.0902278907597065,True,-0.0,True,True,False
usb_a,1471,58,snap,0.06015544384717941,0.1503826379776001,0.06015358492732048,0.09022719413042068,True,-0.0,True,True,False
usb_a,1480,61,snap,0.060154590755701065,0.1503826379776001,0.060152817517519,0.09022804722189903,True,-0.0,True,True,False
usb_a,1489,56,snap,0.060152702033519745,0.1503826379776001,0.06015254184603691,0.09022993594408035,True,-0.0,True,True,False
usb_a,1498,57,snap,0.06015363335609436,0.1503826379776001,0.06015254184603691,0.09022900462150574,True,-0.0,True,True,False
usb_a,1507,58,snap,0.06015440821647644,0.1503826379776001,0.06015371158719063,0.09022822976112366,True,-0.0,True,True,False
usb_a,1516,56,snap,0.06015365570783615,0.1503826379776001,0.06015259772539139,0.09022898226976395,True,-0.0,True,True,False
usb_a,1525,57,snap,0.060154467821121216,0.1503826379776001,0.06015357747673988,0.09022817015647888,True,-0.0,True,True,False
usb_a,1534,57,snap,0.06015532463788986,0.1503826379776001,0.06015261635184288,0.09022731333971024,True,-0.0,True,True,False
usb_a,1543,58,snap,0.06015539914369583,0.1503826379776001,0.06015351787209511,0.09022723883390427,True,-0.0,True,True,False
usb_a,1552,57,snap,0.060153502970933914,0.1503826379776001,0.060152653604745865,0.09022913500666618,True,-0.0,True,True,False
usb_a,1561,57,snap,0.060152776539325714,0.1503826379776001,0.06015268713235855,0.09022986143827438,True,-0.0,True,True,False
usb_a,1570,57,snap,0.060153715312480927,0.1503826379776001,0.06015249341726303,0.09022892266511917,True,-0.0,True,True,False
usb_a,1579,62,snap,0.060154471546411514,0.1503826379776001,0.06015355512499809,0.09022816643118858,True,-0.0,True,True,False
usb_a,1588,58,snap,0.06015376001596451,0.1503826379776001,0.060152675956487656,0.09022887796163559,True,-0.0,True,True,False
usb_a,1597,67,snap,0.06015443801879883,0.1503826379776001,0.06015268340706825,0.09022819995880127,True,-0.0,True,True,False
usb_a,1606,57,snap,0.06015364080667496,0.1503826379776001,0.0601525604724884,0.09022899717092514,True,-0.0,True,True,False
usb_a,1615,56,snap,0.06015356630086899,0.1503826379776001,0.060152627527713776,0.09022907167673111,True,-0.0,True,True,False
usb_a,1624,57,snap,0.060153599828481674,0.1503826379776001,0.06015266478061676,0.09022903814911842,True,-0.0,True,True,False
usb_a,1633,57,snap,0.060153551399707794,0.1503826379776001,0.0601525753736496,0.0902290865778923,True,-0.0,True,True,False
usb_a,1642,57,snap,0.06015361100435257,0.1503826379776001,0.06015266478061676,0.09022902697324753,True,-0.0,True,True,False
usb_a,1651,61,snap,0.060153767466545105,0.1503826379776001,0.0601525753736496,0.09022887051105499,True,-0.0,True,True,False
usb_a,1660,66,snap,0.06015462800860405,0.1503826379776001,0.0601535402238369,0.09022800996899605,True,-0.0,True,True,False
usb_a,1669,58,snap,0.060155048966407776,0.1503826379776001,0.060153450816869736,0.09022758901119232,True,-0.0,True,True,False
usb_a,1678,58,snap,0.06015436351299286,0.1503826379776001,0.060153521597385406,0.09022827446460724,True,-0.0,True,True,False
usb_a,1687,58,snap,0.060154370963573456,0.1503826379776001,0.06015356630086899,0.09022826701402664,True,-0.0,True,True,False
usb_a,1696,66,snap,0.06015452742576599,0.1503826379776001,0.060152817517519,0.0902281105518341,True,-0.0,True,True,False
usb_a,1705,57,snap,0.060154423117637634,0.1503826379776001,0.0601535327732563,0.09022821485996246,True,-0.0,True,True,False
usb_a,1714,67,snap,0.060154348611831665,0.1503826379776001,0.06015283241868019,0.09022828936576843,True,-0.0,True,True,False
usb_a,1723,57,snap,0.0601535327732563,0.1503826379776001,0.060152631253004074,0.0902291052043438,True,-0.0,True,True,False
usb_a,1732,57,snap,0.06015511974692345,0.1503826379776001,0.06015357747673988,0.09022751823067665,True,-0.0,True,True,False
usb_a,1741,57,snap,0.06015443801879883,0.1503826379776001,0.06015361100435257,0.09022819995880127,True,-0.0,True,True,False
usb_a,1750,57,snap,0.06015361472964287,0.1503826379776001,0.0601525641977787,0.09022902324795723,True,-0.0,True,True,False
usb_a,1759,62,snap,0.06015372276306152,0.1503826379776001,0.060152675956487656,0.09022891521453857,True,-0.0,True,True,False
usb_a,1768,57,snap,0.06015365570783615,0.1503826379776001,0.06015260890126228,0.09022898226976395,True,-0.0,True,True,False
usb_a,1777,62,snap,0.06015379726886749,0.1503826379776001,0.06015261635184288,0.0902288407087326,True,-0.0,True,True,False
usb_a,1786,58,snap,0.060154519975185394,0.1503826379776001,0.06015283986926079,0.0902281180024147,True,-0.0,True,True,False
usb_a,1795,59,snap,0.06015516817569733,0.1503826379776001,0.06015346199274063,0.09022746980190277,True,-0.0,True,True,False
hdmi,5,69,snap,0.060148485004901886,0.22557395696640015,0.060149047523736954,0.16542547196149826,True,0.0,True,True,False
hdmi,14,67,snap,0.06014910340309143,0.22557395696640015,0.06014901399612427,0.16542485356330872,True,-0.0,True,True,False
hdmi,23,68,snap,0.06014861539006233,0.22557395696640015,0.06014915183186531,0.16542534157633781,True,0.0,True,True,False
hdmi,32,67,snap,0.06014871224761009,0.22557395696640015,0.06014896184206009,0.16542524471879005,True,0.0,True,True,False
hdmi,41,68,snap,0.06014890968799591,0.22557395696640015,0.06014915183186531,0.16542504727840424,True,0.0,True,True,False
hdmi,50,68,snap,0.060149066150188446,0.22557395696640015,0.0601491741836071,0.1654248908162117,True,0.0,True,True,False
hdmi,59,65,snap,0.06014914810657501,0.22557395696640015,0.060148995369672775,0.16542480885982513,True,-0.0,True,True,False
hdmi,68,67,snap,0.060148920863866806,0.22557395696640015,0.0601489394903183,0.16542503610253334,True,0.0,True,True,False
hdmi,77,66,snap,0.06014882028102875,0.22557395696640015,0.060149308294057846,0.1654251366853714,True,0.0,True,True,False
hdmi,86,65,snap,0.06014883890748024,0.22557395696640015,0.060149259865283966,0.1654251180589199,True,0.0,True,True,False
hdmi,95,70,snap,0.06014858931303024,0.22557395696640015,0.060148779302835464,0.1654253676533699,True,0.0,True,True,False
hdmi,104,68,snap,0.060149356722831726,0.22557395696640015,0.06014884635806084,0.16542460024356842,True,-0.0,True,True,False
hdmi,113,70,snap,0.06014923006296158,0.22557395696640015,0.06014862656593323,0.16542472690343857,True,-0.0,True,True,False
hdmi,122,67,snap,0.06014929711818695,0.22557395696640015,0.060149140655994415,0.1654246598482132,True,-0.0,True,True,False
hdmi,131,68,snap,0.06014912575483322,0.22557395696640015,0.06014914810657501,0.16542483121156693,True,0.0,True,True,False
hdmi,140,66,snap,0.060149576514959335,0.22557395696640015,0.06014937534928322,0.1654243804514408,True,-0.0,True,True,False
hdmi,149,64,snap,0.0601491816341877,0.22557395696640015,0.060149263590574265,0.16542477533221245,True,0.0,True,True,False
hdmi,158,68,snap,0.06014889478683472,0.22557395696640015,0.060149241238832474,0.16542506217956543,True,0.0,True,True,False
hdmi,167,68,snap,0.060149166733026505,0.22557395696640015,0.06014901399612427,0.16542479023337364,True,-0.0,True,True,False
hdmi,176,69,snap,0.060149386525154114,0.22557395696640015,0.060149259865283966,0.16542457044124603,True,-0.0,True,True,False
hdmi,185,69,snap,0.06014895811676979,0.22557395696640015,0.06014881655573845,0.16542499884963036,True,-0.0,True,True,False
hdmi,194,67,snap,0.060148581862449646,0.22557395696640015,0.06014908105134964,0.1654253751039505,True,0.0,True,True,False
hdmi,203,65,snap,0.06014975905418396,0.22557395696640015,0.06014939770102501,0.1654241979122162,True,-0.0,True,True,False
hdmi,212,69,snap,0.06014900654554367,0.22557395696640015,0.060149047523736954,0.16542495042085648,True,0.0,True,True,False
hdmi,221,66,snap,0.060149140655994415,0.22557395696640015,0.06014923006296158,0.16542481631040573,True,0.0,True,True,False
hdmi,230,68,snap,0.06014839559793472,0.22557395696640015,0.06014900654554367,0.16542556136846542,True,0.0,True,True,False
hdmi,239,67,snap,0.060149505734443665,0.22557395696640015,0.06014896184206009,0.16542445123195648,True,-0.0,True,True,False
hdmi,248,67,snap,0.060148935765028,0.22557395696640015,0.06014899164438248,0.16542502120137215,True,0.0,True,True,False
hdmi,257,69,snap,0.060149140655994415,0.22557395696640015,0.060148801654577255,0.16542481631040573,True,-0.0,True,True,False
hdmi,266,66,snap,0.060149308294057846,0.22557395696640015,0.06014900282025337,0.1654246486723423,True,-0.0,True,True,False
hdmi,275,68,snap,0.060148999094963074,0.22557395696640015,0.06014915183186531,0.16542495787143707,True,0.0,True,True,False
hdmi,284,66,snap,0.060149382799863815,0.22557395696640015,0.06014924868941307,0.16542457416653633,True,-0.0,True,True,False
hdmi,293,68,snap,0.06014897674322128,0.22557395696640015,0.06014886125922203,0.16542498022317886,True,-0.0,True,True,False
hdmi,302,67,snap,0.06014929711818695,0.22557395696640015,0.06014929711818695,0.1654246598482132,True,0.0,True,True,False
hdmi,311,66,snap,0.060149185359478,0.22557395696640015,0.060149386525154114,0.16542477160692215,True,0.0,True,True,False
hdmi,320,68,snap,0.0601491741836071,0.22557395696640015,0.0601491741836071,0.16542478278279305,True,0.0,True,True,False
hdmi,329,67,snap,0.06014928221702576,0.22557395696640015,0.06014922633767128,0.1654246747493744,True,-0.0,True,True,False
hdmi,338,69,snap,0.06014994531869888,0.22557395696640015,0.06014886870980263,0.16542401164770126,True,-0.0,True,True,False
hdmi,347,69,snap,0.0601489320397377,0.22557395696640015,0.06014900282025337,0.16542502492666245,True,0.0,True,True,False
hdmi,356,64,snap,0.06014910340309143,0.22557395696640015,0.060149241238832474,0.16542485356330872,True,0.0,True,True,False
hdmi,365,64,snap,0.06014881283044815,0.22557395696640015,0.06014924868941307,0.165425144135952,True,0.0,True,True,False
hdmi,374,65,snap,0.06014876812696457,0.22557395696640015,0.060148924589157104,0.16542518883943558,True,0.0,True,True,False
hdmi,383,78,snap,0.060161150991916656,0.22557395696640015,0.060158621519804,0.1654128059744835,True,-0.0,True,True,False
hdmi,392,69,snap,0.0601491741836071,0.22557395696640015,0.06014881283044815,0.16542478278279305,True,-0.0,True,True,False
hdmi,401,67,snap,0.06014888733625412,0.22557395696640015,0.06014925241470337,0.16542506963014603,True,0.0,True,True,False
hdmi,410,65,snap,0.0601491704583168,0.22557395696640015,0.06014944985508919,0.16542478650808334,True,0.0,True,True,False
hdmi,419,68,snap,0.060148827731609344,0.22557395696640015,0.060148995369672775,0.1654251292347908,True,0.0,True,True,False
hdmi,428,70,snap,0.06014940142631531,0.22557395696640015,0.06014872342348099,0.16542455554008484,True,-0.0,True,True,False
hdmi,437,63,snap,0.060149550437927246,0.22557395696640015,0.06014946103096008,0.1654244065284729,True,-0.0,True,True,False
hdmi,446,68,snap,0.0601489394903183,0.22557395696640015,0.060148779302835464,0.16542501747608185,True,-0.0,True,True,False
hdmi,455,69,snap,0.06014936417341232,0.22557395696640015,0.060149241238832474,0.16542459279298782,True,-0.0,True,True,False
hdmi,464,67,snap,0.0601489394903183,0.22557395696640015,0.06014885753393173,0.16542501747608185,True,-0.0,True,True,False
hdmi,473,63,snap,0.060149189084768295,0.22557395696640015,0.060149405151605606,0.16542476788163185,True,0.0,True,True,False
hdmi,482,68,snap,0.06014871969819069,0.22557395696640015,0.060149215161800385,0.16542523726820946,True,0.0,True,True,False
hdmi,491,65,snap,0.06014915555715561,0.22557395696640015,0.060149237513542175,0.16542480140924454,True,0.0,True,True,False
hdmi,500,66,snap,0.060148850083351135,0.22557395696640015,0.06014920771121979,0.165425106883049,True,0.0,True,True,False
hdmi,509,69,snap,0.06014937162399292,0.22557395696640015,0.06014907360076904,0.16542458534240723,True,-0.0,True,True,False
hdmi,518,64,snap,0.06014959141612053,0.22557395696640015,0.06014905869960785,0.16542436555027962,True,-0.0,True,True,False
hdmi,527,65,snap,0.060149647295475006,0.22557395696640015,0.060149140655994415,0.16542430967092514,True,-0.0,True,True,False
hdmi,536,65,snap,0.06014915555715561,0.22557395696640015,0.060149237513542175,0.16542480140924454,True,0.0,True,True,False
hdmi,545,63,snap,0.060149163007736206,0.22557395696640015,0.0601494275033474,0.16542479395866394,True,0.0,True,True,False
hdmi,554,68,snap,0.060148291289806366,0.22557395696640015,0.060148946940898895,0.16542566567659378,True,0.0,True,True,False
hdmi,563,64,snap,0.06014963611960411,0.22557395696640015,0.06014947220683098,0.16542432084679604,True,-0.0,True,True,False
hdmi,572,69,snap,0.06014849245548248,0.22557395696640015,0.06014900282025337,0.16542546451091766,True,0.0,True,True,False
hdmi,581,64,snap,0.060149192810058594,0.22557395696640015,0.06014928221702576,0.16542476415634155,True,0.0,True,True,False
hdmi,590,65,snap,0.06014915555715561,0.22557395696640015,0.060149215161800385,0.16542480140924454,True,0.0,True,True,False
hdmi,599,67,snap,0.060148946940898895,0.22557395696640015,0.060149215161800385,0.16542501002550125,True,0.0,True,True,False
hdmi,608,63,snap,0.06014958769083023,0.22557395696640015,0.060149408876895905,0.16542436927556992,True,-0.0,True,True,False
hdmi,617,70,snap,0.060148805379867554,0.22557395696640015,0.06014877185225487,0.1654251515865326,True,-0.0,True,True,False
hdmi,626,66,snap,0.0601489432156086,0.22557395696640015,0.06014907360076904,0.16542501375079155,True,0.0,True,True,False
hdmi,635,68,snap,0.06014887988567352,0.22557395696640015,0.06014920771121979,0.16542507708072662,True,0.0,True,True,False
hdmi,644,64,snap,0.060149140655994415,0.22557395696640015,0.060149285942316055,0.16542481631040573,True,0.0,True,True,False
hdmi,653,68,snap,0.06014847010374069,0.22557395696640015,0.06014902889728546,0.16542548686265945,True,0.0,True,True,False
hdmi,662,65,snap,0.06014926731586456,0.22557395696640015,0.060149431228637695,0.16542468965053558,True,0.0,True,True,False
hdmi,671,67,snap,0.06014859676361084,0.22557395696640015,0.06014927104115486,0.1654253602027893,True,0.0,True,True,False
hdmi,680,79,snap,0.060149118304252625,0.22557395696640015,0.06014876067638397,0.16542483866214752,True,-0.0,True,True,False
hdmi,689,67,snap,0.06014879047870636,0.22557395696640015,0.06014920398592949,0.1654251664876938,True,0.0,True,True,False
hdmi,698,67,snap,0.06014873832464218,0.22557395696640015,0.06014921888709068,0.16542521864175797,True,0.0,True,True,False
hdmi,707,68,snap,0.0601489320397377,0.22557395696640015,0.06014904007315636,0.16542502492666245,True,0.0,True,True,False
hdmi,716,66,snap,0.060148708522319794,0.22557395696640015,0.060148827731609344,0.16542524844408035,True,0.0,True,True,False
hdmi,725,65,snap,0.06014857441186905,0.22557395696640015,0.06014919653534889,0.1654253825545311,True,0.0,True,True,False
hdmi,734,66,snap,0.06014932692050934,0.22557395696640015,0.06014928221702576,0.1654246300458908,True,-0.0,True,True,False
hdmi,743,67,snap,0.06014940142631531,0.22557395696640015,0.06014922633767128,0.16542455554008484,True,-0.0,True,True,False
hdmi,752,63,snap,0.06014911085367203,0.22557395696640015,0.060149457305669785,0.16542484611272812,True,0.0,True,True,False
hdmi,761,70,snap,0.0601482018828392,0.22557395696640015,0.060149163007736206,0.16542575508356094,True,0.0,True,True,False
hdmi,770,66,snap,0.060149066150188446,0.22557395696640015,0.060149241238832474,0.1654248908162117,True,0.0,True,True,False
hdmi,779,70,snap,0.06014849245548248,0.22557395696640015,0.06014912575483322,0.16542546451091766,True,0.0,True,True,False
hdmi,788,66,snap,0.060149215161800385,0.22557395696640015,0.060149263590574265,0.16542474180459976,True,0.0,True,True,False
hdmi,797,66,snap,0.060149259865283966,0.22557395696640015,0.060149114578962326,0.16542469710111618,True,-0.0,True,True,False
hdmi,806,67,snap,0.0601487010717392,0.22557395696640015,0.06014924868941307,0.16542525589466095,True,0.0,True,True,False
hdmi,815,66,snap,0.060149114578962326,0.22557395696640015,0.06014900282025337,0.16542484238743782,True,-0.0,True,True,False
hdmi,824,68,snap,0.06014930084347725,0.22557395696640015,0.060149017721414566,0.1654246561229229,True,-0.0,True,True,False
hdmi,833,81,snap,0.060162149369716644,0.22557395696640015,0.06015859171748161,0.1654118075966835,True,-0.0,True,True,False
hdmi,842,69,snap,0.06014842540025711,0.22557395696640015,0.060149017721414566,0.16542553156614304,True,0.0,True,True,False
hdmi,851,68,snap,0.060149312019348145,0.22557395696640015,0.06014920771121979,0.165424644947052,True,-0.0,True,True,False
hdmi,860,80,snap,0.06016242504119873,0.22557395696640015,0.06015859171748161,0.16541153192520142,True,-0.0,True,True,False
hdmi,869,68,snap,0.060149215161800385,0.22557395696640015,0.06014905869960785,0.16542474180459976,True,-0.0,True,True,False
hdmi,878,69,snap,0.060149431228637695,0.22557395696640015,0.06014885753393173,0.16542452573776245,True,-0.0,True,True,False
hdmi,887,69,snap,0.06014885753393173,0.22557395696640015,0.060149163007736206,0.16542509943246841,True,0.0,True,True,False
hdmi,896,66,snap,0.06014903634786606,0.22557395696640015,0.06014921888709068,0.1654249206185341,True,0.0,True,True,False
hdmi,905,69,snap,0.06014891713857651,0.22557395696640015,0.06014881283044815,0.16542503982782364,True,-0.0,True,True,False
hdmi,914,67,snap,0.060149166733026505,0.22557395696640015,0.06014927104115486,0.16542479023337364,True,0.0,True,True,False
hdmi,923,66,snap,0.060148872435092926,0.22557395696640015,0.06014872342348099,0.16542508453130722,True,-0.0,True,True,False
hdmi,932,69,snap,0.06014976650476456,0.22557395696640015,0.06014874577522278,0.1654241904616356,True,-0.0,True,True,False
hdmi,941,70,snap,0.06014852225780487,0.22557395696640015,0.060148824006319046,0.16542543470859528,True,0.0,True,True,False
hdmi,950,65,snap,0.06014912575483322,0.22557395696640015,0.060148995369672775,0.16542483121156693,True,-0.0,True,True,False
hdmi,959,67,snap,0.06014881283044815,0.22557395696640015,0.060149215161800385,0.165425144135952,True,0.0,True,True,False
hdmi,968,67,snap,0.06014849245548248,0.22557395696640015,0.060149017721414566,0.16542546451091766,True,0.0,True,True,False
hdmi,977,68,snap,0.06014814227819443,0.22557395696640015,0.060149095952510834,0.16542581468820572,True,0.0,True,True,False
hdmi,986,66,snap,0.060148872435092926,0.22557395696640015,0.060149215161800385,0.16542508453130722,True,0.0,True,True,False
hdmi,995,67,snap,0.0601494237780571,0.22557395696640015,0.06014921888709068,0.16542453318834305,True,-0.0,True,True,False
hdmi,1004,66,snap,0.0601486898958683,0.22557395696640015,0.06014920398592949,0.16542526707053185,True,0.0,True,True,False
hdmi,1013,69,snap,0.060148708522319794,0.22557395696640015,0.060148660093545914,0.16542524844408035,True,-0.0,True,True,False
hdmi,1022,66,snap,0.060148902237415314,0.22557395696640015,0.06014900654554367,0.16542505472898483,True,0.0,True,True,False
hdmi,1031,67,snap,0.0601487010717392,0.22557395696640015,0.06014922633767128,0.16542525589466095,True,0.0,True,True,False
hdmi,1040,71,snap,0.060149289667606354,0.22557395696640015,0.06014857441186905,0.1654246672987938,True,-0.0,True,True,False
hdmi,1049,66,snap,0.06014872342348099,0.22557395696640015,0.060149259865283966,0.16542523354291916,True,0.0,True,True,False
hdmi,1058,68,snap,0.060148488730192184,0.22557395696640015,0.06014900282025337,0.16542546823620796,True,0.0,True,True,False
hdmi,1067,68,snap,0.0601486898958683,0.22557395696640015,0.060149237513542175,0.16542526707053185,True,0.0,True,True,False
hdmi,1076,70,snap,0.06014915183186531,0.22557395696640015,0.06014891713857651,0.16542480513453484,True,-0.0,True,True,False
hdmi,1085,69,snap,0.06014891713857651,0.22557395696640015,0.06014873832464218,0.16542503982782364,True,-0.0,True,True,False
hdmi,1094,69,snap,0.06014896184206009,0.22557395696640015,0.060149047523736954,0.16542499512434006,True,0.0,True,True,False
hdmi,1103,68,snap,0.0601489283144474,0.22557395696640015,0.060149140655994415,0.16542502865195274,True,0.0,True,True,False
hdmi,1112,64,snap,0.060148850083351135,0.22557395696640015,0.06014931574463844,0.165425106883049,True,0.0,True,True,False
hdmi,1121,66,snap,0.060148417949676514,0.22557395696640015,0.06014898046851158,0.16542553901672363,True,0.0,True,True,False
hdmi,1130,69,snap,0.06014912575483322,0.22557395696640015,0.06014900654554367,0.16542483121156693,True,-0.0,True,True,False
hdmi,1139,68,snap,0.06014907732605934,0.22557395696640015,0.06014891713857651,0.1654248796403408,True,-0.0,True,True,False
hdmi,1148,75,snap,0.06016186997294426,0.22557395696640015,0.06015866622328758,0.1654120869934559,True,-0.0,True,True,False
hdmi,1157,68,snap,0.060148850083351135,0.22557395696640015,0.060149192810058594,0.165425106883049,True,0.0,True,True,False
hdmi,1166,69,snap,0.060148730874061584,0.22557395696640015,0.0601489283144474,0.16542522609233856,True,0.0,True,True,False
hdmi,1175,67,snap,0.06014913320541382,0.22557395696640015,0.0601489283144474,0.16542482376098633,True,-0.0,True,True,False
hdmi,1184,68,snap,0.060148969292640686,0.22557395696640015,0.06014873459935188,0.16542498767375946,True,-0.0,True,True,False
hdmi,1193,70,snap,0.06014946103096008,0.22557395696640015,0.06014886870980263,0.16542449593544006,True,-0.0,True,True,False
hdmi,1202,78,snap,0.060161612927913666,0.22557395696640015,0.060158614069223404,0.16541234403848648,True,-0.0,True,True,False
hdmi,1211,67,snap,0.0601489283144474,0.22557395696640015,0.060148727148771286,0.16542502865195274,True,-0.0,True,True,False
hdmi,1220,69,snap,0.06014898419380188,0.22557395696640015,0.06014874950051308,0.16542497277259827,True,-0.0,True,True,False
hdmi,1229,67,snap,0.06014930456876755,0.22557395696640015,0.060149069875478745,0.1654246523976326,True,-0.0,True,True,False
hdmi,1238,69,snap,0.06014877185225487,0.22557395696640015,0.06014906242489815,0.16542518511414528,True,0.0,True,True,False
hdmi,1247,66,snap,0.060149192810058594,0.22557395696640015,0.06014899164438248,0.16542476415634155,True,-0.0,True,True,False
hdmi,1256,68,snap,0.06014847010374069,0.22557395696640015,0.060149069875478745,0.16542548686265945,True,0.0,True,True,False
hdmi,1265,69,snap,0.06014980375766754,0.22557395696640015,0.06014876812696457,0.1654241532087326,True,-0.0,True,True,False
hdmi,1274,67,snap,0.06014913320541382,0.22557395696640015,0.06014900654554367,0.16542482376098633,True,-0.0,True,True,False
hdmi,1283,67,snap,0.06014922261238098,0.22557395696640015,0.06014925241470337,0.16542473435401917,True,0.0,True,True,False
hdmi,1292,69,snap,0.06014847382903099,0.22557395696640015,0.06014900282025337,0.16542548313736916,True,0.0,True,True,False
hdmi,1301,69,snap,0.060148872435092926,0.22557395696640015,0.06014874577522278,0.16542508453130722,True,-0.0,True,True,False
hdmi,1310,64,snap,0.060149624943733215,0.22557395696640015,0.06014934927225113,0.16542433202266693,True,-0.0,True,True,False
hdmi,1319,66,snap,0.060148678719997406,0.22557395696640015,0.060148727148771286,0.16542527824640274,True,0.0,True,True,False
hdmi,1328,67,snap,0.060148682445287704,0.22557395696640015,0.06014876067638397,0.16542527452111244,True,0.0,True,True,False
hdmi,1337,69,snap,0.06014872342348099,0.22557395696640015,0.0601486973464489,0.16542523354291916,True,-0.0,True,True,False
hdmi,1346,65,snap,0.060148946940898895,0.22557395696640015,0.060149241238832474,0.16542501002550125,True,0.0,True,True,False
hdmi,1355,69,snap,0.06014936417341232,0.22557395696640015,0.06014902889728546,0.16542459279298782,True,-0.0,True,True,False
hdmi,1364,68,snap,0.06014901027083397,0.22557395696640015,0.060149241238832474,0.16542494669556618,True,0.0,True,True,False
hdmi,1373,68,snap,0.060148924589157104,0.22557395696640015,0.06014902517199516,0.16542503237724304,True,0.0,True,True,False
hdmi,1382,68,snap,0.06014895439147949,0.22557395696640015,0.06014920398592949,0.16542500257492065,True,0.0,True,True,False
hdmi,1391,65,snap,0.06014832854270935,0.22557395696640015,0.06014899164438248,0.1654256284236908,True,0.0,True,True,False
hdmi,1400,68,snap,0.06014867499470711,0.22557395696640015,0.060148801654577255,0.16542528197169304,True,0.0,True,True,False
hdmi,1409,65,snap,0.060149185359478,0.22557395696640015,0.060149405151605606,0.16542477160692215,True,0.0,True,True,False
hdmi,1418,66,snap,0.06014943867921829,0.22557395696640015,0.060149263590574265,0.16542451828718185,True,-0.0,True,True,False
hdmi,1427,68,snap,0.06014936417341232,0.22557395696640015,0.06014923006296158,0.16542459279298782,True,-0.0,True,True,False
hdmi,1436,65,snap,0.0601489394903183,0.22557395696640015,0.060149259865283966,0.16542501747608185,True,0.0,True,True,False
hdmi,1445,67,snap,0.06014920771121979,0.22557395696640015,0.06014925241470337,0.16542474925518036,True,0.0,True,True,False
hdmi,1454,64,snap,0.06014914810657501,0.22557395696640015,0.06014928221702576,0.16542480885982513,True,0.0,True,True,False
hdmi,1463,69,snap,0.0601489320397377,0.22557395696640015,0.06014873459935188,0.16542502492666245,True,-0.0,True,True,False
hdmi,1472,69,snap,0.06014887988567352,0.22557395696640015,0.06014900282025337,0.16542507708072662,True,0.0,True,True,False
hdmi,1481,69,snap,0.06014912575483322,0.22557395696640015,0.06014881655573845,0.16542483121156693,True,-0.0,True,True,False
hdmi,1490,68,snap,0.060149021446704865,0.22557395696640015,0.06014910712838173,0.16542493551969528,True,0.0,True,True,False
hdmi,1499,68,snap,0.060148898512125015,0.22557395696640015,0.06014895811676979,0.16542505845427513,True,0.0,True,True,False
hdmi,1508,63,snap,0.06014910712838173,0.22557395696640015,0.060149405151605606,0.16542484983801842,True,0.0,True,True,False
hdmi,1517,65,snap,0.06014873832464218,0.22557395696640015,0.06014908477663994,0.16542521864175797,True,0.0,True,True,False
hdmi,1526,65,snap,0.0601491704583168,0.22557395696640015,0.06014925241470337,0.16542478650808334,True,0.0,True,True,False
hdmi,1535,66,snap,0.06014876812696457,0.22557395696640015,0.060149263590574265,0.16542518883943558,True,0.0,True,True,False
hdmi,1544,68,snap,0.06014935299754143,0.22557395696640015,0.06014921888709068,0.16542460396885872,True,-0.0,True,True,False
hdmi,1553,66,snap,0.060149237513542175,0.22557395696640015,0.0601489394903183,0.16542471945285797,True,-0.0,True,True,False
hdmi,1562,77,snap,0.06016160175204277,0.22557395696640015,0.06015854701399803,0.16541235521435738,True,-0.0,True,True,False
hdmi,1571,66,snap,0.06014876440167427,0.22557395696640015,0.060149308294057846,0.16542519256472588,True,0.0,True,True,False
hdmi,1580,68,snap,0.06014889478683472,0.22557395696640015,0.060148756951093674,0.16542506217956543,True,-0.0,True,True,False
hdmi,1589,63,snap,0.06014915928244591,0.22557395696640015,0.06014943867921829,0.16542479768395424,True,0.0,True,True,False
hdmi,1598,66,snap,0.0601491704583168,0.22557395696640015,0.06014939397573471,0.16542478650808334,True,0.0,True,True,False
hdmi,1607,65,snap,0.06014919653534889,0.22557395696640015,0.060148946940898895,0.16542476043105125,True,-0.0,True,True,False
hdmi,1616,70,snap,0.060149386525154114,0.22557395696640015,0.06014876812696457,0.16542457044124603,True,-0.0,True,True,False
hdmi,1625,68,snap,0.06014927476644516,0.22557395696640015,0.060149192810058594,0.165424682199955,True,-0.0,True,True,False
hdmi,1634,66,snap,0.060149140655994415,0.22557395696640015,0.06014929711818695,0.16542481631040573,True,0.0,True,True,False
hdmi,1643,65,snap,0.06014958769083023,0.22557395696640015,0.060149140655994415,0.16542436927556992,True,-0.0,True,True,False
hdmi,1652,67,snap,0.060148969292640686,0.22557395696640015,0.06014900654554367,0.16542498767375946,True,0.0,True,True,False
hdmi,1661,63,snap,0.0601496547460556,0.22557395696640015,0.0601494275033474,0.16542430222034454,True,-0.0,True,True,False
hdmi,1670,65,snap,0.060149163007736206,0.22557395696640015,0.060149259865283966,0.16542479395866394,True,0.0,True,True,False
hdmi,1679,63,snap,0.06014925241470337,0.22557395696640015,0.0601494163274765,0.16542470455169678,True,0.0,True,True,False
hdmi,1688,68,snap,0.06014944612979889,0.22557395696640015,0.06014908105134964,0.16542451083660126,True,-0.0,True,True,False
hdmi,1697,63,snap,0.06014963984489441,0.22557395696640015,0.060149140655994415,0.16542431712150574,True,-0.0,True,True,False
hdmi,1706,67,snap,0.06014957278966904,0.22557395696640015,0.060149118304252625,0.1654243841767311,True,-0.0,True,True,False
hdmi,1715,66,snap,0.06014841049909592,0.22557395696640015,0.060148935765028,0.16542554646730423,True,0.0,True,True,False
hdmi,1724,65,snap,0.060149502009153366,0.22557395696640015,0.0601494200527668,0.16542445495724678,True,-0.0,True,True,False
hdmi,1733,64,snap,0.0601491779088974,0.22557395696640015,0.06014935299754143,0.16542477905750275,True,0.0,True,True,False
hdmi,1742,65,snap,0.06014900654554367,0.22557395696640015,0.060149483382701874,0.16542495042085648,True,0.0,True,True,False
hdmi,1751,67,snap,0.06014837324619293,0.22557395696640015,0.06014902889728546,0.16542558372020721,True,0.0,True,True,False
hdmi,1760,68,snap,0.06014842540025711,0.22557395696640015,0.06014904007315636,0.16542553156614304,True,0.0,True,True,False
hdmi,1769,69,snap,0.06014881283044815,0.22557395696640015,0.06014898419380188,0.165425144135952,True,0.0,True,True,False
hdmi,1778,69,snap,0.06014895439147949,0.22557395696640015,0.060148969292640686,0.16542500257492065,True,0.0,True,True,False
hdmi,1787,69,snap,0.060148876160383224,0.22557395696640015,0.060148779302835464,0.16542508080601692,True,-0.0,True,True,False
hdmi,1796,68,snap,0.06014895811676979,0.22557395696640015,0.06014898419380188,0.16542499884963036,True,0.0,True,True,False
pin,6,62,snap,0.08270883560180664,0.3007652759552002,0.08270811289548874,0.21805644035339355,True,-0.0,True,True,False
pin,15,66,snap,0.08270774781703949,0.3007652759552002,0.08270872384309769,0.2180575281381607,True,0.0,True,True,False
pin,24,61,snap,0.08270812034606934,0.3007652759552002,0.08270791918039322,0.21805715560913086,True,-0.0,True,True,False
pin,33,63,snap,0.08270688354969025,0.3007652759552002,0.08270478248596191,0.21805839240550995,True,-0.0,True,True,False
pin,42,60,snap,0.08270703256130219,0.3007652759552002,0.08270831406116486,0.218058243393898,True,0.0,True,True,False
pin,51,63,snap,0.08270701766014099,0.3007652759552002,0.08270461112260818,0.2180582582950592,True,-0.0,True,True,False
pin,60,61,snap,0.0827069953083992,0.3007652759552002,0.08270825445652008,0.218058280646801,True,0.0,True,True,False
pin,69,61,snap,0.08270737528800964,0.3007652759552002,0.0827079713344574,0.21805790066719055,True,0.0,True,True,False
pin,78,66,snap,0.0827074646949768,0.3007652759552002,0.08270816504955292,0.2180578112602234,True,0.0,True,True,False
pin,87,63,snap,0.08270809054374695,0.3007652759552002,0.08270461857318878,0.21805718541145325,True,-0.0,True,True,False
pin,96,60,snap,0.08270727097988129,0.3007652759552002,0.08270847797393799,0.2180580049753189,True,0.0,True,True,False
pin,105,64,snap,0.08270783722400665,0.3007652759552002,0.0827045813202858,0.21805743873119354,True,-0.0,True,True,False
pin,114,64,snap,0.08270804584026337,0.3007652759552002,0.08270471543073654,0.21805723011493683,True,-0.0,True,True,False
pin,123,64,snap,0.08270794153213501,0.3007652759552002,0.08270462602376938,0.21805733442306519,True,-0.0,True,True,False
pin,132,60,snap,0.08270703256130219,0.3007652759552002,0.08270829170942307,0.218058243393898,True,0.0,True,True,False
pin,141,65,snap,0.08270721137523651,0.3007652759552002,0.08270830661058426,0.21805806457996368,True,0.0,True,True,False
pin,150,60,snap,0.0827072262763977,0.3007652759552002,0.08270829916000366,0.2180580496788025,True,0.0,True,True,False
pin,159,62,snap,0.08270780742168427,0.3007652759552002,0.08270780742168427,0.21805746853351593,True,0.0,True,True,False
pin,168,62,snap,0.08270703256130219,0.3007652759552002,0.08270836621522903,0.218058243393898,True,0.0,True,True,False
pin,177,65,snap,0.08270813524723053,0.3007652759552002,0.08270838111639023,0.21805714070796967,True,0.0,True,True,False
pin,186,63,snap,0.08270702511072159,0.3007652759552002,0.08270823955535889,0.2180582508444786,True,0.0,True,True,False
pin,195,64,snap,0.08270696550607681,0.3007652759552002,0.08270470798015594,0.21805831044912338,True,-0.0,True,True,False
pin,204,67,snap,0.08270745724439621,0.3007652759552002,0.08270832151174545,0.21805781871080399,True,0.0,True,True,False
pin,213,63,snap,0.08270812034606934,0.3007652759552002,0.08270464092493057,0.21805715560913086,True,-0.0,True,True,False
pin,222,59,snap,0.08270730823278427,0.3007652759552002,0.08270861953496933,0.21805796772241592,True,0.0,True,True,False
pin,231,63,snap,0.0827070027589798,0.3007652759552002,0.08270473033189774,0.2180582731962204,True,-0.0,True,True,False
pin,240,62,snap,0.08270704746246338,0.3007652759552002,0.08270475268363953,0.21805822849273682,True,-0.0,True,True,False
pin,249,63,snap,0.08270697295665741,0.3007652759552002,0.08270473033189774,0.21805830299854279,True,-0.0,True,True,False
pin,258,63,snap,0.08270816504955292,0.3007652759552002,0.08270463347434998,0.21805711090564728,True,-0.0,True,True,False
pin,267,64,snap,0.08270823955535889,0.3007652759552002,0.08270462602376938,0.2180570363998413,True,-0.0,True,True,False
pin,276,62,snap,0.08270744234323502,0.3007652759552002,0.0827045738697052,0.21805783361196518,True,-0.0,True,True,False
pin,285,63,snap,0.08270691335201263,0.3007652759552002,0.08270461857318878,0.21805836260318756,True,-0.0,True,True,False
pin,294,62,snap,0.08270817995071411,0.3007652759552002,0.08270474523305893,0.21805709600448608,True,-0.0,True,True,False
pin,303,62,snap,0.08270704746246338,0.3007652759552002,0.08270475268363953,0.21805822849273682,True,-0.0,True,True,False
pin,312,62,snap,0.08270822465419769,0.3007652759552002,0.0827045738697052,0.2180570513010025,True,-0.0,True,True,False
pin,321,60,snap,0.0827070027589798,0.3007652759552002,0.08270471543073654,0.2180582731962204,True,-0.0,True,True,False
pin,330,66,snap,0.08270739018917084,0.3007652759552002,0.08270838856697083,0.21805788576602936,True,0.0,True,True,False
pin,339,60,snap,0.08270737528800964,0.3007652759552002,0.08270824700593948,0.21805790066719055,True,0.0,True,True,False
pin,348,62,snap,0.08270704001188278,0.3007652759552002,0.08270475268363953,0.2180582359433174,True,-0.0,True,True,False
pin,357,58,snap,0.08270728588104248,0.3007652759552002,0.08270834386348724,0.21805799007415771,True,0.0,True,True,False
pin,366,63,snap,0.08270718157291412,0.3007652759552002,0.08270461857318878,0.21805809438228607,True,-0.0,True,True,False
pin,375,60,snap,0.08270691335201263,0.3007652759552002,0.08270841836929321,0.21805836260318756,True,0.0,True,True,False
pin,384,76,snap,0.08270822465419769,0.3007652759552002,0.08270461857318878,0.2180570513010025,True,-0.0,True,True,False
pin,393,60,snap,0.08270715177059174,0.3007652759552002,0.08270812034606934,0.21805812418460846,True,0.0,True,True,False
pin,402,63,snap,0.082707479596138,0.3007652759552002,0.08270459622144699,0.2180577963590622,True,-0.0,True,True,False
pin,411,66,snap,0.08270733058452606,0.3007652759552002,0.08270835876464844,0.21805794537067413,True,0.0,True,True,False
pin,420,63,snap,0.08270725607872009,0.3007652759552002,0.08270473033189774,0.2180580198764801,True,-0.0,True,True,False
pin,429,63,snap,0.08270733058452606,0.3007652759552002,0.08270465582609177,0.21805794537067413,True,-0.0,True,True,False
pin,438,61,snap,0.0827069878578186,0.3007652759552002,0.08270475268363953,0.2180582880973816,True,-0.0,True,True,False
pin,447,60,snap,0.08270721137523651,0.3007652759552002,0.08270791918039322,0.21805806457996368,True,0.0,True,True,False
pin,456,59,snap,0.08270717412233353,0.3007652759552002,0.08270827680826187,0.21805810183286667,True,0.0,True,True,False
pin,465,62,snap,0.08270816504955292,0.3007652759552002,0.08270462602376938,0.21805711090564728,True,-0.0,True,True,False
pin,474,63,snap,0.08270703256130219,0.3007652759552002,0.08270464092493057,0.218058243393898,True,-0.0,True,True,False
pin,483,66,snap,0.0827074646949768,0.3007652759552002,0.08270884305238724,0.2180578112602234,True,0.0,True,True,False
pin,492,62,snap,0.08270688354969025,0.3007652759552002,0.08270468562841415,0.21805839240550995,True,-0.0,True,True,False
pin,501,59,snap,0.08270718157291412,0.3007652759552002,0.08270836621522903,0.21805809438228607,True,0.0,True,True,False
pin,510,63,snap,0.08270689845085144,0.3007652759552002,0.08270462602376938,0.21805837750434875,True,-0.0,True,True,False
pin,519,59,snap,0.08270706981420517,0.3007652759552002,0.08270833641290665,0.21805820614099503,True,0.0,True,True,False
pin,528,63,snap,0.0827070027589798,0.3007652759552002,0.08270461857318878,0.2180582731962204,True,-0.0,True,True,False
pin,537,61,snap,0.08270701766014099,0.3007652759552002,0.08270832151174545,0.2180582582950592,True,0.0,True,True,False
pin,546,66,snap,0.08270745724439621,0.3007652759552002,0.08270895481109619,0.21805781871080399,True,0.0,True,True,False
pin,555,62,snap,0.08270823955535889,0.3007652759552002,0.08270782232284546,0.2180570363998413,True,-0.0,True,True,False
pin,564,65,snap,0.08270742744207382,0.3007652759552002,0.08270816504955292,0.21805784851312637,True,0.0,True,True,False
pin,573,66,snap,0.08270731568336487,0.3007652759552002,0.08270834386348724,0.21805796027183533,True,0.0,True,True,False
pin,582,66,snap,0.0827079564332962,0.3007652759552002,0.0827084556221962,0.218057319521904,True,0.0,True,True,False
pin,591,64,snap,0.08270730078220367,0.3007652759552002,0.08270464092493057,0.21805797517299652,True,-0.0,True,True,False
pin,600,62,snap,0.08270785212516785,0.3007652759552002,0.08270461857318878,0.21805742383003235,True,-0.0,True,True,False
pin,609,58,snap,0.08270733058452606,0.3007652759552002,0.08270835876464844,0.21805794537067413,True,0.0,True,True,False
pin,618,58,snap,0.08270719647407532,0.3007652759552002,0.0827084332704544,0.21805807948112488,True,0.0,True,True,False
pin,627,66,snap,0.08270736783742905,0.3007652759552002,0.08270834386348724,0.21805790811777115,True,0.0,True,True,False
pin,636,66,snap,0.0827074870467186,0.3007652759552002,0.08270833641290665,0.2180577889084816,True,0.0,True,True,False
pin,645,61,snap,0.08270661532878876,0.3007652759552002,0.08270473778247833,0.21805866062641144,True,-0.0,True,True,False
pin,654,62,snap,0.08270704746246338,0.3007652759552002,0.08270472288131714,0.21805822849273682,True,-0.0,True,True,False
pin,663,60,snap,0.08270817995071411,0.3007652759552002,0.08270840346813202,0.21805709600448608,True,0.0,True,True,False
pin,672,62,snap,0.08270823210477829,0.3007652759552002,0.0827045664191246,0.2180570438504219,True,-0.0,True,True,False
pin,681,62,snap,0.0827084630727768,0.3007652759552002,0.08270462602376938,0.2180568128824234,True,-0.0,True,True,False
pin,690,60,snap,0.08270814269781113,0.3007652759552002,0.08270789682865143,0.21805713325738907,True,-0.0,True,True,False
pin,699,58,snap,0.08270720392465591,0.3007652759552002,0.08270850032567978,0.21805807203054428,True,0.0,True,True,False
pin,708,63,snap,0.08270697295665741,0.3007652759552002,0.08270472288131714,0.21805830299854279,True,-0.0,True,True,False
pin,717,62,snap,0.082706980407238,0.3007652759552002,0.08270473778247833,0.2180582955479622,True,-0.0,True,True,False
pin,726,64,snap,0.08270823210477829,0.3007652759552002,0.08270464837551117,0.2180570438504219,True,-0.0,True,True,False
pin,735,62,snap,0.08270689845085144,0.3007652759552002,0.08270476013422012,0.21805837750434875,True,-0.0,True,True,False
pin,744,61,snap,0.08270688354969025,0.3007652759552002,0.08270462602376938,0.21805839240550995,True,-0.0,True,True,False
pin,753,61,snap,0.08270823955535889,0.3007652759552002,0.08270470798015594,0.2180570363998413,True,-0.0,True,True,False
pin,762,62,snap,0.08270788192749023,0.3007652759552002,0.08270465582609177,0.21805739402770996,True,-0.0,True,True,False
pin,771,61,snap,0.08270710706710815,0.3007652759552002,0.08270473033189774,0.21805816888809204,True,-0.0,True,True,False
pin,780,65,snap,0.08270739763975143,0.3007652759552002,0.08270853012800217,0.21805787831544876,True,0.0,True,True,False
pin,789,63,snap,0.08270801603794098,0.3007652759552002,0.08270475268363953,0.21805725991725922,True,-0.0,True,True,False
pin,798,59,snap,0.08270705491304398,0.3007652759552002,0.0827084630727768,0.21805822104215622,True,0.0,True,True,False
pin,807,60,snap,0.08270709961652756,0.3007652759552002,0.08270838856697083,0.21805817633867264,True,0.0,True,True,False
pin,816,60,snap,0.08270730823278427,0.3007652759552002,0.08270847797393799,0.21805796772241592,True,0.0,True,True,False
pin,825,62,snap,0.08270812779664993,0.3007652759552002,0.0827045664191246,0.21805714815855026,True,-0.0,True,True,False
pin,834,75,snap,0.0827072411775589,0.3007652759552002,0.08270836621522903,0.2180580347776413,True,0.0,True,True,False
pin,843,63,snap,0.0827079713344574,0.3007652759552002,0.08270461857318878,0.2180573046207428,True,-0.0,True,True,False
pin,852,61,snap,0.0827070102095604,0.3007652759552002,0.08270802348852158,0.2180582657456398,True,0.0,True,True,False
pin,861,81,snap,0.08270683884620667,0.3007652759552002,0.08270471543073654,0.21805843710899353,True,-0.0,True,True,False
pin,870,61,snap,0.08270692825317383,0.3007652759552002,0.08270834386348724,0.21805834770202637,True,0.0,True,True,False
pin,879,66,snap,0.08270744234323502,0.3007652759552002,0.0827084556221962,0.21805783361196518,True,0.0,True,True,False
pin,888,59,snap,0.08270741999149323,0.3007652759552002,0.08270784467458725,0.21805785596370697,True,0.0,True,True,False
pin,897,65,snap,0.08270741999149323,0.3007652759552002,0.08270834386348724,0.21805785596370697,True,0.0,True,True,False
pin,906,63,snap,0.08270744979381561,0.3007652759552002,0.08270464092493057,0.21805782616138458,True,-0.0,True,True,False
pin,915,64,snap,0.08270706236362457,0.3007652759552002,0.08270472288131714,0.21805821359157562,True,-0.0,True,True,False
pin,924,62,snap,0.08270704001188278,0.3007652759552002,0.08270805329084396,0.2180582359433174,True,0.0,True,True,False
pin,933,63,snap,0.08270689845085144,0.3007652759552002,0.08270470798015594,0.21805837750434875,True,-0.0,True,True,False
pin,942,63,snap,0.0827069878578186,0.3007652759552002,0.08270838111639023,0.2180582880973816,True,0.0,True,True,False
pin,951,66,snap,0.08270743489265442,0.3007652759552002,0.08270835876464844,0.21805784106254578,True,0.0,True,True,False
pin,960,61,snap,0.08270817995071411,0.3007652759552002,0.08270785212516785,0.21805709600448608,True,-0.0,True,True,False
pin,969,59,snap,0.08270712941884995,0.3007652759552002,0.08270832151174545,0.21805814653635025,True,0.0,True,True,False
pin,978,58,snap,0.0827069878578186,0.3007652759552002,0.08270850777626038,0.2180582880973816,True,0.0,True,True,False
pin,987,63,snap,0.08270785957574844,0.3007652759552002,0.08270462602376938,0.21805741637945175,True,-0.0,True,True,False
pin,996,66,snap,0.08270770311355591,0.3007652759552002,0.08270831406116486,0.2180575728416443,True,0.0,True,True,False
pin,1005,62,snap,0.08270701766014099,0.3007652759552002,0.08270841836929321,0.2180582582950592,True,0.0,True,True,False
pin,1014,63,snap,0.08270727097988129,0.3007652759552002,0.08270464092493057,0.2180580049753189,True,-0.0,True,True,False
pin,1023,61,snap,0.08270832151174545,0.3007652759552002,0.08270785212516785,0.21805695444345474,True,-0.0,True,True,False
pin,1032,59,snap,0.0827070027589798,0.3007652759552002,0.08270827680826187,0.2180582731962204,True,0.0,True,True,False
pin,1041,59,snap,0.08270697295665741,0.3007652759552002,0.08270841091871262,0.21805830299854279,True,0.0,True,True,False
pin,1050,61,snap,0.08270703256130219,0.3007652759552002,0.08270832151174545,0.218058243393898,True,0.0,True,True,False
pin,1059,63,snap,0.08270835876464844,0.3007652759552002,0.08270460367202759,0.21805691719055176,True,-0.0,True,True,False
pin,1068,65,snap,0.08270739018917084,0.3007652759552002,0.08270882070064545,0.21805788576602936,True,0.0,True,True,False
pin,1077,60,snap,0.08270718157291412,0.3007652759552002,0.08270827680826187,0.21805809438228607,True,0.0,True,True,False
pin,1086,62,snap,0.0827070102095604,0.3007652759552002,0.08270475268363953,0.2180582657456398,True,-0.0,True,True,False
pin,1095,65,snap,0.08270823210477829,0.3007652759552002,0.08270841091871262,0.2180570438504219,True,0.0,True,True,False
pin,1104,63,snap,0.08270695805549622,0.3007652759552002,0.08270467072725296,0.21805831789970398,True,-0.0,True,True,False
pin,1113,58,snap,0.08270701766014099,0.3007652759552002,0.08270838111639023,0.2180582582950592,True,0.0,True,True,False
pin,1122,61,snap,0.08270800113677979,0.3007652759552002,0.08270794153213501,0.2180572748184204,True,-0.0,True,True,False
pin,1131,62,snap,0.08270697295665741,0.3007652759552002,0.08270470052957535,0.21805830299854279,True,-0.0,True,True,False
pin,1140,64,snap,0.0827084630727768,0.3007652759552002,0.08270459622144699,0.2180568128824234,True,-0.0,True,True,False
pin,1149,78,snap,0.08270701766014099,0.3007652759552002,0.08270471543073654,0.2180582582950592,True,-0.0,True,True,False
pin,1158,61,snap,0.08270706981420517,0.3007652759552002,0.08270825445652008,0.21805820614099503,True,0.0,True,True,False
pin,1167,66,snap,0.08270655572414398,0.3007652759552002,0.08270903676748276,0.2180587202310562,True,0.0,True,True,False
pin,1176,62,snap,0.08270792663097382,0.3007652759552002,0.08270464092493057,0.21805734932422638,True,-0.0,True,True,False
pin,1185,58,snap,0.08270728588104248,0.3007652759552002,0.08270841836929321,0.21805799007415771,True,0.0,True,True,False
pin,1194,62,snap,0.08270721137523651,0.3007652759552002,0.08270470052957535,0.21805806457996368,True,-0.0,True,True,False
pin,1203,78,snap,0.08270703256130219,0.3007652759552002,0.08270817250013351,0.218058243393898,True,0.0,True,True,False
pin,1212,65,snap,0.08270823210477829,0.3007652759552002,0.08270838856697083,0.2180570438504219,True,0.0,True,True,False
pin,1221,63,snap,0.08270688354969025,0.3007652759552002,0.08270474523305893,0.21805839240550995,True,-0.0,True,True,False
pin,1230,60,snap,0.08270731568336487,0.3007652759552002,0.08270838111639023,0.21805796027183533,True,0.0,True,True,False
pin,1239,60,snap,0.08270740509033203,0.3007652759552002,0.08270831406116486,0.21805787086486816,True,0.0,True,True,False
pin,1248,63,snap,0.08270818740129471,0.3007652759552002,0.08270466327667236,0.2180570885539055,True,-0.0,True,True,False
pin,1257,63,snap,0.08270789682865143,0.3007652759552002,0.08270461112260818,0.21805737912654877,True,-0.0,True,True,False
pin,1266,58,snap,0.08270741999149323,0.3007652759552002,0.08270863443613052,0.21805785596370697,True,0.0,True,True,False
pin,1275,62,snap,0.08270701766014099,0.3007652759552002,0.08270834386348724,0.2180582582950592,True,0.0,True,True,False
pin,1284,63,snap,0.08270841836929321,0.3007652759552002,0.08270462602376938,0.21805685758590698,True,-0.0,True,True,False
pin,1293,61,snap,0.08270701766014099,0.3007652759552002,0.08270828425884247,0.2180582582950592,True,0.0,True,True,False
pin,1302,60,snap,0.08270704746246338,0.3007652759552002,0.082708440721035,0.21805822849273682,True,0.0,True,True,False
pin,1311,61,snap,0.08270697295665741,0.3007652759552002,0.08270474523305893,0.21805830299854279,True,-0.0,True,True,False
pin,1320,60,snap,0.0827070102095604,0.3007652759552002,0.08270834386348724,0.2180582657456398,True,0.0,True,True,False
pin,1329,66,snap,0.08270730078220367,0.3007652759552002,0.08270841091871262,0.21805797517299652,True,0.0,True,True,False
pin,1338,63,snap,0.08270817995071411,0.3007652759552002,0.08270459622144699,0.21805709600448608,True,-0.0,True,True,False
pin,1347,61,snap,0.082706980407238,0.3007652759552002,0.08270805329084396,0.2180582955479622,True,0.0,True,True,False
pin,1356,62,snap,0.08270701766014099,0.3007652759552002,0.08270786702632904,0.2180582582950592,True,0.0,True,True,False
pin,1365,66,snap,0.08270727097988129,0.3007652759552002,0.08270836621522903,0.2180580049753189,True,0.0,True,True,False
pin,1374,61,snap,0.08270704001188278,0.3007652759552002,0.08270836621522903,0.2180582359433174,True,0.0,True,True,False
pin,1383,63,snap,0.08270695060491562,0.3007652759552002,0.08270471543073654,0.21805832535028458,True,-0.0,True,True,False
pin,1392,62,snap,0.08270706236362457,0.3007652759552002,0.08270475268363953,0.21805821359157562,True,-0.0,True,True,False
pin,1401,66,snap,0.08270782232284546,0.3007652759552002,0.08270831406116486,0.21805745363235474,True,0.0,True,True,False
pin,1410,66,snap,0.08270800113677979,0.3007652759552002,0.08270832151174545,0.2180572748184204,True,0.0,True,True,False
pin,1419,64,snap,0.0827069878578186,0.3007652759552002,0.08270471543073654,0.2180582880973816,True,-0.0,True,True,False
pin,1428,63,snap,0.08270660042762756,0.3007652759552002,0.08270473033189774,0.21805867552757263,True,-0.0,True,True,False
pin,1437,62,snap,0.0827070027589798,0.3007652759552002,0.08270475268363953,0.2180582731962204,True,-0.0,True,True,False
pin,1446,65,snap,0.0827081948518753,0.3007652759552002,0.0827089473605156,0.2180570811033249,True,0.0,True,True,False
pin,1455,63,snap,0.08270779252052307,0.3007652759552002,0.08270461857318878,0.21805748343467712,True,-0.0,True,True,False
pin,1464,66,snap,0.0827074721455574,0.3007652759552002,0.08270793408155441,0.2180578038096428,True,0.0,True,True,False
pin,1473,58,snap,0.08270739763975143,0.3007652759552002,0.08270831406116486,0.21805787831544876,True,0.0,True,True,False
pin,1482,62,snap,0.0827070027589798,0.3007652759552002,0.08270832151174545,0.2180582731962204,True,0.0,True,True,False
pin,1491,61,snap,0.08270689100027084,0.3007652759552002,0.08270826190710068,0.21805838495492935,True,0.0,True,True,False
pin,1500,62,snap,0.08270824700593948,0.3007652759552002,0.08270470798015594,0.2180570289492607,True,-0.0,True,True,False
pin,1509,61,snap,0.0827070027589798,0.3007652759552002,0.08270468562841415,0.2180582731962204,True,-0.0,True,True,False
pin,1518,59,snap,0.08270727097988129,0.3007652759552002,0.08270827680826187,0.2180580049753189,True,0.0,True,True,False
pin,1527,65,snap,0.08270788192749023,0.3007652759552002,0.08270830661058426,0.21805739402770996,True,0.0,True,True,False
pin,1536,66,snap,0.08270733803510666,0.3007652759552002,0.08270823210477829,0.21805793792009354,True,0.0,True,True,False
pin,1545,63,snap,0.08270741254091263,0.3007652759552002,0.08270461857318878,0.21805786341428757,True,-0.0,True,True,False
pin,1554,61,snap,0.08270696550607681,0.3007652759552002,0.08270757645368576,0.21805831044912338,True,0.0,True,True,False
pin,1563,75,snap,0.08270837366580963,0.3007652759552002,0.08270782232284546,0.21805690228939056,True,-0.0,True,True,False
pin,1572,59,snap,0.08270731568336487,0.3007652759552002,0.08270835131406784,0.21805796027183533,True,0.0,True,True,False
pin,1581,66,snap,0.08270743489265442,0.3007652759552002,0.08270815014839172,0.21805784106254578,True,0.0,True,True,False
pin,1590,59,snap,0.08270740509033203,0.3007652759552002,0.08270838856697083,0.21805787086486816,True,0.0,True,True,False
pin,1599,61,snap,0.08270721882581711,0.3007652759552002,0.08270835876464844,0.2180580571293831,True,0.0,True,True,False
pin,1608,61,snap,0.08270801603794098,0.3007652759552002,0.08270791918039322,0.21805725991725922,True,-0.0,True,True,False
pin,1617,63,snap,0.08270782232284546,0.3007652759552002,0.08270464092493057,0.21805745363235474,True,-0.0,True,True,False
pin,1626,66,snap,0.08270743489265442,0.3007652759552002,0.08270836621522903,0.21805784106254578,True,0.0,True,True,False
pin,1635,63,snap,0.08270881325006485,0.3007652759552002,0.08270466327667236,0.21805646270513535,True,-0.0,True,True,False
pin,1644,64,snap,0.08270813524723053,0.3007652759552002,0.08270471543073654,0.21805714070796967,True,-0.0,True,True,False
pin,1653,62,snap,0.08270823210477829,0.3007652759552002,0.08270786702632904,0.2180570438504219,True,-0.0,True,True,False
pin,1662,63,snap,0.082707479596138,0.3007652759552002,0.08270461857318878,0.2180577963590622,True,-0.0,True,True,False
pin,1671,64,snap,0.08270691335201263,0.3007652759552002,0.08270461112260818,0.21805836260318756,True,-0.0,True,True,False
pin,1680,63,snap,0.08270812779664993,0.3007652759552002,0.08270459622144699,0.21805714815855026,True,-0.0,True,True,False
pin,1689,66,snap,0.08270770311355591,0.3007652759552002,0.08270829916000366,0.2180575728416443,True,0.0,True,True,False
pin,1698,61,snap,0.08270701766014099,0.3007652759552002,0.08270472288131714,0.2180582582950592,True,-0.0,True,True,False
pin,1707,63,snap,0.08270793408155441,0.3007652759552002,0.08270461112260818,0.21805734187364578,True,-0.0,True,True,False
pin,1716,66,snap,0.08270785212516785,0.3007652759552002,0.08270830661058426,0.21805742383003235,True,0.0,True,True,False
pin,1725,64,snap,0.08270742744207382,0.3007652759552002,0.08270470798015594,0.21805784851312637,True,-0.0,True,True,False
pin,1734,63,snap,0.0827069878578186,0.3007652759552002,0.08270464092493057,0.2180582880973816,True,-0.0,True,True,False
pin,1743,66,snap,0.08270756900310516,0.3007652759552002,0.0827081948518753,0.21805770695209503,True,0.0,True,True,False
pin,1752,66,snap,0.08270744979381561,0.3007652759552002,0.08270834386348724,0.21805782616138458,True,0.0,True,True,False
pin,1761,61,snap,0.08270671963691711,0.3007652759552002,0.08270468562841415,0.21805855631828308,True,-0.0,True,True,False
pin,1770,60,snap,0.08270711451768875,0.3007652759552002,0.08270835876464844,0.21805816143751144,True,0.0,True,True,False
pin,1779,62,snap,0.08270885050296783,0.3007652759552002,0.08270838856697083,0.21805642545223236,True,-0.0,True,True,False
pin,1788,66,snap,0.08270783722400665,0.3007652759552002,0.08270840346813202,0.21805743873119354,True,0.0,True,True,False
pin,1797,62,snap,0.08270835876464844,0.3007652759552002,0.08270468562841415,0.21805691719055176,True,-0.0,True,True,False
battery_size1,7,79,open,0.1052817702293396,0.3007652759552002,0.10528159141540527,0.1954835057258606,True,-0.0,True,True,False
battery_size1,16,78,open,0.10528337210416794,0.3007652759552002,0.10528331995010376,0.19548190385103226,True,-0.0,True,True,False
battery_size1,25,77,open,0.10528349131345749,0.3007652759552002,0.10528361797332764,0.1954817846417427,True,0.0,True,True,False
battery_size1,34,78,open,0.10528376698493958,0.3007652759552002,0.1052836999297142,0.19548150897026062,True,-0.0,True,True,False
battery_size1,43,77,open,0.10528366267681122,0.3007652759552002,0.10528328269720078,0.19548161327838898,True,-0.0,True,True,False
battery_size1,52,76,open,0.10528212785720825,0.3007652759552002,0.10528191924095154,0.19548314809799194,True,-0.0,True,True,False
battery_size1,61,76,open,0.10528308153152466,0.3007652759552002,0.10528301447629929,0.19548219442367554,True,-0.0,True,True,False
battery_size1,70,77,open,0.10528308898210526,0.3007652759552002,0.1052829846739769,0.19548218697309494,True,-0.0,True,True,False
battery_size1,79,77,open,0.10528337955474854,0.3007652759552002,0.10528325289487839,0.19548189640045166,True,-0.0,True,True,False
battery_size1,88,77,open,0.10528303682804108,0.3007652759552002,0.10528279840946198,0.19548223912715912,True,-0.0,True,True,False
battery_size1,97,78,open,0.10528360307216644,0.3007652759552002,0.10528352856636047,0.19548167288303375,True,-0.0,True,True,False
battery_size1,106,76,open,0.10528334975242615,0.3007652759552002,0.1052832379937172,0.19548192620277405,True,-0.0,True,True,False
battery_size1,115,76,open,0.10528343915939331,0.3007652759552002,0.10528330504894257,0.19548183679580688,True,-0.0,True,True,False
battery_size1,124,76,open,0.10528220981359482,0.3007652759552002,0.10528210550546646,0.19548306614160538,True,-0.0,True,True,False
battery_size1,133,77,open,0.10528337955474854,0.3007652759552002,0.10528327524662018,0.19548189640045166,True,-0.0,True,True,False
battery_size1,142,76,open,0.10528212785720825,0.3007652759552002,0.10528207570314407,0.19548314809799194,True,-0.0,True,True,False
battery_size1,151,77,open,0.10528324544429779,0.3007652759552002,0.10528309643268585,0.1954820305109024,True,-0.0,True,True,False
battery_size1,160,78,open,0.10528375208377838,0.3007652759552002,0.10528358817100525,0.19548152387142181,True,-0.0,True,True,False
battery_size1,169,77,open,0.10528314858675003,0.3007652759552002,0.10528316348791122,0.19548212736845016,True,0.0,True,True,False
battery_size1,178,78,open,0.10528379678726196,0.3007652759552002,0.10528357326984406,0.19548147916793823,True,-0.0,True,True,False
battery_size1,187,77,open,0.10528330504894257,0.3007652759552002,0.10528326034545898,0.19548197090625763,True,-0.0,True,True,False
battery_size1,196,77,open,0.10528326034545898,0.3007652759552002,0.10528334230184555,0.1954820156097412,True,0.0,True,True,False
battery_size1,205,78,open,0.10528351366519928,0.3007652759552002,0.10528337210416794,0.19548176229000092,True,-0.0,True,True,False
battery_size1,214,78,open,0.10528343915939331,0.3007652759552002,0.10528379678726196,0.19548183679580688,True,0.0,True,True,False
battery_size1,223,78,open,0.10528320074081421,0.3007652759552002,0.10528312623500824,0.195482075214386,True,-0.0,True,True,False
battery_size1,232,78,open,0.10528396815061569,0.3007652759552002,0.10528396815061569,0.1954813078045845,True,0.0,True,True,False
battery_size1,241,77,open,0.10528339445590973,0.3007652759552002,0.10528301447629929,0.19548188149929047,True,-0.0,True,True,False
battery_size1,250,78,open,0.1052834764122963,0.3007652759552002,0.10528343170881271,0.1954817995429039,True,-0.0,True,True,False
battery_size1,259,77,open,0.10528328269720078,0.3007652759552002,0.10528349876403809,0.19548199325799942,True,0.0,True,True,False
battery_size1,268,76,open,0.1052832305431366,0.3007652759552002,0.10528318583965302,0.1954820454120636,True,-0.0,True,True,False
battery_size1,277,77,open,0.10528332740068436,0.3007652759552002,0.1052834764122963,0.19548194855451584,True,0.0,True,True,False
battery_size1,286,76,open,0.10528194904327393,0.3007652759552002,0.10528161376714706,0.19548332691192627,True,-0.0,True,True,False
battery_size1,295,76,open,0.10528326034545898,0.3007652759552002,0.10528336465358734,0.1954820156097412,True,0.0,True,True,False
battery_size1,304,77,open,0.10528324544429779,0.3007652759552002,0.10528328269720078,0.1954820305109024,True,0.0,True,True,False
battery_size1,313,76,open,0.10528206080198288,0.3007652759552002,0.10528194159269333,0.19548321515321732,True,-0.0,True,True,False
battery_size1,322,77,open,0.10528343915939331,0.3007652759552002,0.10528361052274704,0.19548183679580688,True,0.0,True,True,False
battery_size1,331,76,open,0.10528212785720825,0.3007652759552002,0.1052820086479187,0.19548314809799194,True,-0.0,True,True,False
battery_size1,340,77,open,0.1052834615111351,0.3007652759552002,0.10528349876403809,0.1954818144440651,True,0.0,True,True,False
battery_size1,349,76,open,0.10528336465358734,0.3007652759552002,0.10528327524662018,0.19548191130161285,True,-0.0,True,True,False
battery_size1,358,78,open,0.1052844226360321,0.3007652759552002,0.10528421401977539,0.1954808533191681,True,-0.0,True,True,False
battery_size1,367,77,open,0.10528353601694107,0.3007652759552002,0.10528352111577988,0.19548173993825912,True,-0.0,True,True,False
battery_size1,376,77,open,0.1052834689617157,0.3007652759552002,0.10528334230184555,0.1954818069934845,True,-0.0,True,True,False
battery_size1,385,77,open,0.10528328269720078,0.3007652759552002,0.10528327524662018,0.19548199325799942,True,-0.0,True,True,False
battery_size1,394,78,open,0.1052834540605545,0.3007652759552002,0.10528352111577988,0.1954818218946457,True,0.0,True,True,False
battery_size1,403,78,open,0.10528343915939331,0.3007652759552002,0.10528334975242615,0.19548183679580688,True,-0.0,True,True,False
battery_size1,412,78,open,0.10528400540351868,0.3007652759552002,0.10528384149074554,0.19548127055168152,True,-0.0,True,True,False
battery_size1,421,77,open,0.10528324544429779,0.3007652759552002,0.10528310388326645,0.1954820305109024,True,-0.0,True,True,False
battery_size1,430,76,open,0.1052820160984993,0.3007652759552002,0.105281762778759,0.1954832598567009,True,-0.0,True,True,False
battery_size1,439,78,open,0.1052834764122963,0.3007652759552002,0.10528318583965302,0.1954817995429039,True,-0.0,True,True,False
battery_size1,448,78,open,0.10528351366519928,0.3007652759552002,0.10528328269720078,0.19548176229000092,True,-0.0,True,True,False
battery_size1,457,78,open,0.10528424382209778,0.3007652759552002,0.1052841916680336,0.19548103213310242,True,-0.0,True,True,False
battery_size1,466,77,open,0.10528331249952316,0.3007652759552002,0.10528334975242615,0.19548196345567703,True,0.0,True,True,False
battery_size1,475,76,open,0.10528229176998138,0.3007652759552002,0.10528215020895004,0.1954829841852188,True,-0.0,True,True,False
battery_size1,484,77,open,0.10528303682804108,0.3007652759552002,0.1052829921245575,0.19548223912715912,True,-0.0,True,True,False
battery_size1,493,78,open,0.10528373718261719,0.3007652759552002,0.10528356581926346,0.195481538772583,True,-0.0,True,True,False
battery_size1,502,77,open,0.10528334975242615,0.3007652759552002,0.10528314858675003,0.19548192620277405,True,-0.0,True,True,False
battery_size1,511,78,open,0.10528182983398438,0.3007652759552002,0.10528190433979034,0.19548344612121582,True,0.0,True,True,False
battery_size1,520,77,open,0.10528340935707092,0.3007652759552002,0.10528317093849182,0.19548186659812927,True,-0.0,True,True,False
battery_size1,529,78,open,0.10528378933668137,0.3007652759552002,0.1052839457988739,0.19548148661851883,True,0.0,True,True,False
battery_size1,538,77,open,0.10528172552585602,0.3007652759552002,0.10528179258108139,0.19548355042934418,True,0.0,True,True,False
battery_size1,547,77,open,0.1052834540605545,0.3007652759552002,0.10528348386287689,0.1954818218946457,True,0.0,True,True,False
battery_size1,556,78,open,0.105283722281456,0.3007652759552002,0.10528378933668137,0.1954815536737442,True,0.0,True,True,False
battery_size1,565,77,open,0.10528342425823212,0.3007652759552002,0.10528336465358734,0.19548185169696808,True,-0.0,True,True,False
battery_size1,574,77,open,0.10528174042701721,0.3007652759552002,0.10528154671192169,0.19548353552818298,True,-0.0,True,True,False
battery_size1,583,76,open,0.10528206825256348,0.3007652759552002,0.10528187453746796,0.19548320770263672,True,-0.0,True,True,False
battery_size1,592,76,open,0.10528214275836945,0.3007652759552002,0.10528205335140228,0.19548313319683075,True,-0.0,True,True,False
battery_size1,601,78,open,0.10528349876403809,0.3007652759552002,0.10528343170881271,0.1954817771911621,True,-0.0,True,True,False
battery_size1,610,77,open,0.10528331249952316,0.3007652759552002,0.10528327524662018,0.19548196345567703,True,-0.0,True,True,False
battery_size1,619,78,open,0.1052841991186142,0.3007652759552002,0.10528399795293808,0.195481076836586,True,-0.0,True,True,False
battery_size1,628,77,open,0.1052834540605545,0.3007652759552002,0.10528358817100525,0.1954818218946457,True,0.0,True,True,False
battery_size1,637,77,open,0.10528348386287689,0.3007652759552002,0.10528365522623062,0.1954817920923233,True,0.0,True,True,False
battery_size1,646,78,open,0.10528428852558136,0.3007652759552002,0.10528403520584106,0.19548098742961884,True,-0.0,True,True,False
battery_size1,655,77,open,0.1052817851305008,0.3007652759552002,0.10528172552585602,0.1954834908246994,True,-0.0,True,True,False
battery_size1,664,77,open,0.10528337955474854,0.3007652759552002,0.10528312623500824,0.19548189640045166,True,-0.0,True,True,False
battery_size1,673,78,open,0.10528324544429779,0.3007652759552002,0.10528343915939331,0.1954820305109024,True,0.0,True,True,False
battery_size1,682,77,open,0.10528326779603958,0.3007652759552002,0.10528309643268585,0.19548200815916061,True,-0.0,True,True,False
battery_size1,691,77,open,0.10528337955474854,0.3007652759552002,0.10528329759836197,0.19548189640045166,True,-0.0,True,True,False
battery_size1,700,77,open,0.10528314113616943,0.3007652759552002,0.10528307408094406,0.19548213481903076,True,-0.0,True,True,False
battery_size1,709,77,open,0.10528296232223511,0.3007652759552002,0.10528281331062317,0.1954823136329651,True,-0.0,True,True,False
battery_size1,718,76,open,0.10528214275836945,0.3007652759552002,0.10528192669153214,0.19548313319683075,True,-0.0,True,True,False
battery_size1,727,76,open,0.10528340935707092,0.3007652759552002,0.1052834615111351,0.19548186659812927,True,0.0,True,True,False
battery_size1,736,77,open,0.10528318583965302,0.3007652759552002,0.10528314858675003,0.19548209011554718,True,-0.0,True,True,False
battery_size1,745,76,open,0.10528324544429779,0.3007652759552002,0.10528327524662018,0.1954820305109024,True,0.0,True,True,False
battery_size1,754,78,open,0.10528367012739182,0.3007652759552002,0.10528367757797241,0.19548160582780838,True,0.0,True,True,False
battery_size1,763,78,open,0.10528340190649033,0.3007652759552002,0.10528358817100525,0.19548187404870987,True,0.0,True,True,False
battery_size1,772,76,open,0.10528197139501572,0.3007652759552002,0.1052820086479187,0.19548330456018448,True,0.0,True,True,False
battery_size1,781,76,open,0.10528212040662766,0.3007652759552002,0.10528212040662766,0.19548315554857254,True,0.0,True,True,False
battery_size1,790,76,open,0.10528339445590973,0.3007652759552002,0.10528350621461868,0.19548188149929047,True,0.0,True,True,False
battery_size1,799,77,open,0.10528337210416794,0.3007652759552002,0.10528318583965302,0.19548190385103226,True,-0.0,True,True,False
battery_size1,808,77,open,0.10528320074081421,0.3007652759552002,0.10528307408094406,0.195482075214386,True,-0.0,True,True,False
battery_size1,817,78,open,0.1052815318107605,0.3007652759552002,0.10528159141540527,0.1954837441444397,True,0.0,True,True,False
battery_size1,826,78,open,0.10528340935707092,0.3007652759552002,0.10528358817100525,0.19548186659812927,True,0.0,True,True,False
battery_size1,835,78,open,0.10528375208377838,0.3007652759552002,0.10528354346752167,0.19548152387142181,True,-0.0,True,True,False
battery_size1,844,76,open,0.10528343915939331,0.3007652759552002,0.10528376698493958,0.19548183679580688,True,0.0,True,True,False
battery_size1,853,76,open,0.10528336465358734,0.3007652759552002,0.1052832305431366,0.19548191130161285,True,-0.0,True,True,False
battery_size1,862,77,open,0.10528305172920227,0.3007652759552002,0.10528305917978287,0.19548222422599792,True,0.0,True,True,False
battery_size1,871,77,open,0.10528333485126495,0.3007652759552002,0.10528310388326645,0.19548194110393524,True,-0.0,True,True,False
battery_size1,880,78,open,0.10528402775526047,0.3007652759552002,0.10528392344713211,0.19548124819993973,True,-0.0,True,True,False
battery_size1,889,77,open,0.10528330504894257,0.3007652759552002,0.10528330504894257,0.19548197090625763,True,0.0,True,True,False
battery_size1,898,77,open,0.10528302192687988,0.3007652759552002,0.10528290271759033,0.1954822540283203,True,-0.0,True,True,False
battery_size1,907,76,open,0.10528206825256348,0.3007652759552002,0.10528198629617691,0.19548320770263672,True,-0.0,True,True,False
battery_size1,916,76,open,0.10528342425823212,0.3007652759552002,0.10528330504894257,0.19548185169696808,True,-0.0,True,True,False
battery_size1,925,76,open,0.10528341680765152,0.3007652759552002,0.1052834764122963,0.19548185914754868,True,0.0,True,True,False
battery_size1,934,76,open,0.10528312623500824,0.3007652759552002,0.1052829921245575,0.19548214972019196,True,-0.0,True,True,False
battery_size1,943,77,open,0.10528337210416794,0.3007652759552002,0.10528330504894257,0.19548190385103226,True,-0.0,True,True,False
battery_size1,952,76,open,0.10528308153152466,0.3007652759552002,0.10528318583965302,0.19548219442367554,True,0.0,True,True,False
battery_size1,961,76,open,0.10528195649385452,0.3007652759552002,0.10528172552585602,0.19548331946134567,True,-0.0,True,True,False
battery_size1,970,78,open,0.10528428852558136,0.3007652759552002,0.10528416931629181,0.19548098742961884,True,-0.0,True,True,False
battery_size1,979,77,open,0.1052817851305008,0.3007652759552002,0.1052820086479187,0.1954834908246994,True,0.0,True,True,False
battery_size1,988,76,open,0.1052820235490799,0.3007652759552002,0.10528185963630676,0.1954832524061203,True,-0.0,True,True,False
battery_size1,997,78,open,0.1052834540605545,0.3007652759552002,0.10528332740068436,0.1954818218946457,True,-0.0,True,True,False
battery_size1,1006,78,open,0.10528185963630676,0.3007652759552002,0.10528168082237244,0.19548341631889343,True,-0.0,True,True,False
battery_size1,1015,76,open,0.10528326779603958,0.3007652759552002,0.10528352856636047,0.19548200815916061,True,0.0,True,True,False
battery_size1,1024,77,open,0.1052832156419754,0.3007652759552002,0.10528329759836197,0.1954820603132248,True,0.0,True,True,False
battery_size1,1033,78,open,0.10528374463319778,0.3007652759552002,0.10528349876403809,0.1954815313220024,True,-0.0,True,True,False
battery_size1,1042,77,open,0.10528309643268585,0.3007652759552002,0.10528285801410675,0.19548217952251434,True,-0.0,True,True,False
battery_size1,1051,77,open,0.10528349876403809,0.3007652759552002,0.10528366267681122,0.1954817771911621,True,0.0,True,True,False
battery_size1,1060,77,open,0.10528339445590973,0.3007652759552002,0.10528325289487839,0.19548188149929047,True,-0.0,True,True,False
battery_size1,1069,77,open,0.10528340935707092,0.3007652759552002,0.10528310388326645,0.19548186659812927,True,-0.0,True,True,False
battery_size1,1078,78,open,0.10528343170881271,0.3007652759552002,0.10528354346752167,0.19548184424638748,True,0.0,True,True,False
battery_size1,1087,78,open,0.10528357326984406,0.3007652759552002,0.10528352111577988,0.19548170268535614,True,-0.0,True,True,False
battery_size1,1096,76,open,0.10528208315372467,0.3007652759552002,0.10528182983398438,0.19548319280147552,True,-0.0,True,True,False
battery_size1,1105,77,open,0.10528336465358734,0.3007652759552002,0.10528348386287689,0.19548191130161285,True,0.0,True,True,False
battery_size1,1114,78,open,0.10528342425823212,0.3007652759552002,0.10528339445590973,0.19548185169696808,True,-0.0,True,True,False
battery_size1,1123,77,open,0.10528334975242615,0.3007652759552002,0.1052834540605545,0.19548192620277405,True,0.0,True,True,False
battery_size1,1132,77,open,0.10528337955474854,0.3007652759552002,0.1052832379937172,0.19548189640045166,True,-0.0,True,True,False
battery_size1,1141,78,open,0.1052844375371933,0.3007652759552002,0.10528432577848434,0.1954808384180069,True,-0.0,True,True,False
battery_size1,1150,76,open,0.10528209805488586,0.3007652759552002,0.10528214275836945,0.19548317790031433,True,0.0,True,True,False
battery_size1,1159,77,open,0.10528326034545898,0.3007652759552002,0.10528312623500824,0.1954820156097412,True,-0.0,True,True,False
battery_size1,1168,78,open,0.10528290271759033,0.3007652759552002,0.10528266429901123,0.19548237323760986,True,-0.0,True,True,False
battery_size1,1177,77,open,0.10528303682804108,0.3007652759552002,0.10528303682804108,0.19548223912715912,True,0.0,True,True,False
battery_size1,1186,77,open,0.10528364777565002,0.3007652759552002,0.10528359562158585,0.19548162817955017,True,-0.0,True,True,False
battery_size1,1195,77,open,0.10528334230184555,0.3007652759552002,0.1052832379937172,0.19548193365335464,True,-0.0,True,True,False
battery_size1,1204,78,open,0.10528402030467987,0.3007652759552002,0.10528384149074554,0.19548125565052032,True,-0.0,True,True,False
battery_size1,1213,76,open,0.10528207570314407,0.3007652759552002,0.10528189688920975,0.19548320025205612,True,-0.0,True,True,False
battery_size1,1222,77,open,0.10528333485126495,0.3007652759552002,0.10528316348791122,0.19548194110393524,True,-0.0,True,True,False
battery_size1,1231,77,open,0.10528334230184555,0.3007652759552002,0.10528336465358734,0.19548193365335464,True,0.0,True,True,False
battery_size1,1240,77,open,0.10528327524662018,0.3007652759552002,0.10528317093849182,0.19548200070858002,True,-0.0,True,True,False
battery_size1,1249,76,open,0.10528349876403809,0.3007652759552002,0.10528334230184555,0.1954817771911621,True,-0.0,True,True,False
battery_size1,1258,78,open,0.10528232157230377,0.3007652759552002,0.105282723903656,0.19548295438289642,True,0.0,True,True,False
battery_size1,1267,76,open,0.10528331995010376,0.3007652759552002,0.1052832081913948,0.19548195600509644,True,-0.0,True,True,False
battery_size1,1276,77,open,0.10528327524662018,0.3007652759552002,0.1052832081913948,0.19548200070858002,True,-0.0,True,True,False
battery_size1,1285,78,open,0.10528341680765152,0.3007652759552002,0.10528356581926346,0.19548185914754868,True,0.0,True,True,False
battery_size1,1294,77,open,0.10528334975242615,0.3007652759552002,0.10528316348791122,0.19548192620277405,True,-0.0,True,True,False
battery_size1,1303,78,open,0.10528355836868286,0.3007652759552002,0.10528368502855301,0.19548171758651733,True,0.0,True,True,False
battery_size1,1312,77,open,0.10528331249952316,0.3007652759552002,0.10528338700532913,0.19548196345567703,True,0.0,True,True,False
battery_size1,1321,77,open,0.10528326034545898,0.3007652759552002,0.10528331995010376,0.1954820156097412,True,0.0,True,True,False
battery_size1,1330,76,open,0.10528335720300674,0.3007652759552002,0.10528329759836197,0.19548191875219345,True,-0.0,True,True,False
battery_size1,1339,78,open,0.1052832305431366,0.3007652759552002,0.10528357326984406,0.1954820454120636,True,0.0,True,True,False
battery_size1,1348,78,open,0.10528351366519928,0.3007652759552002,0.10528337210416794,0.19548176229000092,True,-0.0,True,True,False
battery_size1,1357,77,open,0.10528349876403809,0.3007652759552002,0.10528334975242615,0.1954817771911621,True,-0.0,True,True,False
battery_size1,1366,78,open,0.1052834689617157,0.3007652759552002,0.1052834764122963,0.1954818069934845,True,0.0,True,True,False
battery_size1,1375,78,open,0.10528229176998138,0.3007652759552002,0.10528215020895004,0.1954829841852188,True,-0.0,True,True,False
battery_size1,1384,77,open,0.10528324544429779,0.3007652759552002,0.10528317093849182,0.1954820305109024,True,-0.0,True,True,False
battery_size1,1393,78,open,0.10528337955474854,0.3007652759552002,0.10528326034545898,0.19548189640045166,True,-0.0,True,True,False
battery_size1,1402,78,open,0.10528375208377838,0.3007652759552002,0.10528365522623062,0.19548152387142181,True,-0.0,True,True,False
battery_size1,1411,77,open,0.10528184473514557,0.3007652759552002,0.1052815243601799,0.19548343122005463,True,-0.0,True,True,False
battery_size1,1420,78,open,0.10528375208377838,0.3007652759552002,0.10528388619422913,0.19548152387142181,True,0.0,True,True,False
battery_size1,1429,77,open,0.10528340935707092,0.3007652759552002,0.10528334975242615,0.19548186659812927,True,-0.0,True,True,False
battery_size1,1438,77,open,0.10528355836868286,0.3007652759552002,0.10528332740068436,0.19548171758651733,True,-0.0,True,True,False
battery_size1,1447,78,open,0.10528366267681122,0.3007652759552002,0.10528365522623062,0.19548161327838898,True,-0.0,True,True,False
battery_size1,1456,76,open,0.10528349876403809,0.3007652759552002,0.10528361052274704,0.1954817771911621,True,0.0,True,True,False
battery_size1,1465,78,open,0.10528349876403809,0.3007652759552002,0.10528338700532913,0.1954817771911621,True,-0.0,True,True,False
battery_size1,1474,76,open,0.10528339445590973,0.3007652759552002,0.10528343915939331,0.19548188149929047,True,0.0,True,True,False
battery_size1,1483,77,open,0.105283722281456,0.3007652759552002,0.10528372973203659,0.1954815536737442,True,0.0,True,True,False
battery_size1,1492,78,open,0.10528180003166199,0.3007652759552002,0.10528180748224258,0.1954834759235382,True,0.0,True,True,False
battery_size1,1501,76,open,0.10528336465358734,0.3007652759552002,0.10528334230184555,0.19548191130161285,True,-0.0,True,True,False
battery_size1,1510,77,open,0.10528328269720078,0.3007652759552002,0.10528318583965302,0.19548199325799942,True,-0.0,True,True,False
battery_size1,1519,76,open,0.10528349876403809,0.3007652759552002,0.10528341680765152,0.1954817771911621,True,-0.0,True,True,False
battery_size1,1528,76,open,0.10528214275836945,0.3007652759552002,0.10528214275836945,0.19548313319683075,True,0.0,True,True,False
battery_size1,1537,78,open,0.10528373718261719,0.3007652759552002,0.10528384149074554,0.195481538772583,True,0.0,True,True,False
battery_size1,1546,76,open,0.10528219491243362,0.3007652759552002,0.10528194904327393,0.19548308104276657,True,-0.0,True,True,False
battery_size1,1555,78,open,0.10528227686882019,0.3007652759552002,0.10528216511011124,0.19548299908638,True,-0.0,True,True,False
battery_size1,1564,77,open,0.1052832305431366,0.3007652759552002,0.10528312623500824,0.1954820454120636,True,-0.0,True,True,False
battery_size1,1573,78,open,0.1052837073802948,0.3007652759552002,0.10528377443552017,0.1954815685749054,True,0.0,True,True,False
battery_size1,1582,77,open,0.10528324544429779,0.3007652759552002,0.10528307408094406,0.1954820305109024,True,-0.0,True,True,False
battery_size1,1591,77,open,0.10528331995010376,0.3007652759552002,0.10528328269720078,0.19548195600509644,True,-0.0,True,True,False
battery_size1,1600,77,open,0.10528328269720078,0.3007652759552002,0.10528316348791122,0.19548199325799942,True,-0.0,True,True,False
battery_size1,1609,78,open,0.1052817553281784,0.3007652759552002,0.10528156161308289,0.1954835206270218,True,-0.0,True,True,False
battery_size1,1618,76,open,0.10528326034545898,0.3007652759552002,0.10528327524662018,0.1954820156097412,True,0.0,True,True,False
battery_size1,1627,77,open,0.10528303682804108,0.3007652759552002,0.10528292506933212,0.19548223912715912,True,-0.0,True,True,False
battery_size1,1636,77,open,0.10528266429901123,0.3007652759552002,0.10528181493282318,0.19548261165618896,True,-0.0,True,True,False
battery_size1,1645,78,open,0.10528361797332764,0.3007652759552002,0.10528339445590973,0.19548165798187256,True,-0.0,True,True,False
battery_size1,1654,78,open,0.10528424382209778,0.3007652759552002,0.10528404265642166,0.19548103213310242,True,-0.0,True,True,False
battery_size1,1663,76,open,0.10528238117694855,0.3007652759552002,0.10528216511011124,0.19548289477825165,True,-0.0,True,True,False
battery_size1,1672,77,open,0.10528335720300674,0.3007652759552002,0.10528316348791122,0.19548191875219345,True,-0.0,True,True,False
battery_size1,1681,77,open,0.10528342425823212,0.3007652759552002,0.10528336465358734,0.19548185169696808,True,-0.0,True,True,False
battery_size1,1690,78,open,0.10528230667114258,0.3007652759552002,0.10528217256069183,0.19548296928405762,True,-0.0,True,True,False
battery_size1,1699,77,open,0.10528334230184555,0.3007652759552002,0.10528302937746048,0.19548193365335464,True,-0.0,True,True,False
battery_size1,1708,77,open,0.10528340935707092,0.3007652759552002,0.10528357326984406,0.19548186659812927,True,0.0,True,True,False
battery_size1,1717,77,open,0.10528331995010376,0.3007652759552002,0.10528300702571869,0.19548195600509644,True,-0.0,True,True,False
battery_size1,1726,77,open,0.10528360307216644,0.3007652759552002,0.10528355091810226,0.19548167288303375,True,-0.0,True,True,False
battery_size1,1735,76,open,0.10528311133384705,0.3007652759552002,0.10528314113616943,0.19548216462135315,True,0.0,True,True,False
battery_size1,1744,77,open,0.10528342425823212,0.3007652759552002,0.10528303682804108,0.19548185169696808,True,-0.0,True,True,False
battery_size1,1753,77,open,0.10528340935707092,0.3007652759552002,0.1052832305431366,0.19548186659812927,True,-0.0,True,True,False
battery_size1,1762,76,open,0.10528342425823212,0.3007652759552002,0.1052834540605545,0.19548185169696808,True,0.0,True,True,False
battery_size1,1771,78,open,0.10528381913900375,0.3007652759552002,0.10528357326984406,0.19548145681619644,True,-0.0,True,True,False
battery_size1,1780,78,open,0.10528397560119629,0.3007652759552002,0.10528379678726196,0.1954813003540039,True,-0.0,True,True,False
battery_size1,1789,77,open,0.10528340935707092,0.3007652759552002,0.10528332740068436,0.19548186659812927,True,-0.0,True,True,False
battery_size1,1798,77,open,0.10528342425823212,0.3007652759552002,0.10528312623500824,0.19548185169696808,True,-0.0,True,True,False
battery_size5,8,81,open,0.075199194252491,0.16542088985443115,0.16542108356952667,0.09022169560194016,True,1.0,False,True,True
battery_size5,17,82,open,0.07519926130771637,0.16542088985443115,0.16542108356952667,0.09022162854671478,True,1.0,False,True,True
battery_size5,26,80,open,0.07519993185997009,0.16542088985443115,0.16542105376720428,0.09022095799446106,True,1.0,False,True,True
battery_size5,35,80,open,0.0751999020576477,0.16542088985443115,0.16542105376720428,0.09022098779678345,True,1.0,False,True,True
battery_size5,44,81,open,0.07519984245300293,0.16542088985443115,0.16542106866836548,0.09022104740142822,True,1.0,False,True,True
battery_size5,53,80,open,0.07519973814487457,0.16542088985443115,0.16542109847068787,0.09022115170955658,True,1.0,False,True,True
battery_size5,62,81,open,0.0751999020576477,0.16542088985443115,0.16542105376720428,0.09022098779678345,True,1.0,False,True,True
battery_size5,71,80,open,0.07519982755184174,0.16542088985443115,0.16542106866836548,0.09022106230258942,True,1.0,False,True,True
battery_size5,80,80,open,0.07519988715648651,0.16542088985443115,0.16542106866836548,0.09022100269794464,True,1.0,False,True,True
battery_size5,89,81,open,0.07519975304603577,0.16542088985443115,0.16542106866836548,0.09022113680839539,True,1.0,False,True,True
battery_size5,98,80,open,0.07519987225532532,0.16542088985443115,0.16542106866836548,0.09022101759910583,True,1.0,False,True,True
battery_size5,107,81,open,0.07519922405481339,0.16542088985443115,0.16542111337184906,0.09022166579961777,True,1.0,False,True,True
battery_size5,116,81,open,0.07519984245300293,0.16542088985443115,0.16542105376720428,0.09022104740142822,True,1.0,False,True,True
battery_size5,125,81,open,0.07519976049661636,0.16542088985443115,0.16542106866836548,0.09022112935781479,True,1.0,False,True,True
battery_size5,134,80,open,0.07519984245300293,0.16542088985443115,0.16542105376720428,0.09022104740142822,True,1.0,False,True,True
battery_size5,143,80,open,0.07519994676113129,0.16542088985443115,0.16542106866836548,0.09022094309329987,True,1.0,False,True,True
battery_size5,152,80,open,0.07519958913326263,0.16542088985443115,0.16542106866836548,0.09022130072116852,True,1.0,False,True,True
battery_size5,161,82,open,0.07519932091236115,0.16542088985443115,0.16542108356952667,0.09022156894207001,True,1.0,False,True,True
battery_size5,170,81,open,0.07519986480474472,0.16542088985443115,0.16542106866836548,0.09022102504968643,True,1.0,False,True,True
battery_size5,179,80,open,0.07519975304603577,0.16542088985443115,0.16542108356952667,0.09022113680839539,True,1.0,False,True,True
battery_size5,188,80,open,0.07519993931055069,0.16542088985443115,0.1654210239648819,0.09022095054388046,True,1.0,False,True,True
battery_size5,197,81,open,0.07519985735416412,0.16542088985443115,0.16542106866836548,0.09022103250026703,True,1.0,False,True,True
battery_size5,206,81,open,0.07519985735416412,0.16542088985443115,0.16542105376720428,0.09022103250026703,True,1.0,False,True,True
battery_size5,215,80,open,0.07519955933094025,0.16542088985443115,0.16542111337184906,0.0902213305234909,True,1.0,False,True,True
battery_size5,224,80,open,0.07519982755184174,0.16542088985443115,0.16542106866836548,0.09022106230258942,True,1.0,False,True,True
battery_size5,233,82,open,0.07519940286874771,0.16542088985443115,0.16542109847068787,0.09022148698568344,True,1.0,False,True,True
battery_size5,242,80,open,0.07519972324371338,0.16542088985443115,0.16542111337184906,0.09022116661071777,True,1.0,False,True,True
battery_size5,251,80,open,0.07519982755184174,0.16542088985443115,0.16542109847068787,0.09022106230258942,True,1.0,False,True,True
battery_size5,260,80,open,0.07519981265068054,0.16542088985443115,0.16542106866836548,0.09022107720375061,True,1.0,False,True,True
battery_size5,269,80,open,0.07519972324371338,0.16542088985443115,0.16542111337184906,0.09022116661071777,True,1.0,False,True,True
battery_size5,278,80,open,0.07519975304603577,0.16542088985443115,0.16542109847068787,0.09022113680839539,True,1.0,False,True,True
battery_size5,287,80,open,0.07519979774951935,0.16542088985443115,0.16542106866836548,0.0902210921049118,True,1.0,False,True,True
battery_size5,296,81,open,0.07519985735416412,0.16542088985443115,0.16542106866836548,0.09022103250026703,True,1.0,False,True,True
battery_size5,305,80,open,0.07519971579313278,0.16542088985443115,0.16542111337184906,0.09022117406129837,True,1.0,False,True,True
battery_size5,314,81,open,0.07519993931055069,0.16542088985443115,0.16542106866836548,0.09022095054388046,True,1.0,False,True,True
battery_size5,323,81,open,0.07519988715648651,0.16542088985443115,0.16542108356952667,0.09022100269794464,True,1.0,False,True,True
battery_size5,332,82,open,0.07519920915365219,0.16542088985443115,0.16542109847068787,0.09022168070077896,True,1.0,False,True,True
battery_size5,341,80,open,0.07519987970590591,0.16542088985443115,0.16542106866836548,0.09022101014852524,True,1.0,False,True,True
battery_size5,350,80,open,0.07519998401403427,0.16542088985443115,0.16542106866836548,0.09022090584039688,True,1.0,False,True,True
battery_size5,359,81,open,0.07519999146461487,0.16542088985443115,0.1654210388660431,0.09022089838981628,True,1.0,False,True,True
battery_size5,368,81,open,0.07519982755184174,0.16542088985443115,0.16542106866836548,0.09022106230258942,True,1.0,False,True,True
battery_size5,377,80,open,0.07519978284835815,0.16542088985443115,0.16542109847068787,0.090221107006073,True,1.0,False,True,True
battery_size5,386,81,open,0.07519974559545517,0.16542088985443115,0.16542106866836548,0.09022114425897598,True,1.0,False,True,True
battery_size5,395,80,open,0.07519985735416412,0.16542088985443115,0.16542105376720428,0.09022103250026703,True,1.0,False,True,True
battery_size5,404,82,open,0.07519932091236115,0.16542088985443115,0.16542108356952667,0.09022156894207001,True,1.0,False,True,True
battery_size5,413,80,open,0.07519985735416412,0.16542088985443115,0.16542106866836548,0.09022103250026703,True,1.0,False,True,True
battery_size5,422,82,open,0.07519933581352234,0.16542088985443115,0.16542108356952667,0.09022155404090881,True,1.0,False,True,True
battery_size5,431,81,open,0.0751999020576477,0.16542088985443115,0.16542106866836548,0.09022098779678345,True,1.0,False,True,True
battery_size5,440,81,open,0.07519984245300293,0.16542088985443115,0.1654210388660431,0.09022104740142822,True,1.0,False,True,True
battery_size5,449,81,open,0.07519979774951935,0.16542088985443115,0.16542106866836548,0.0902210921049118,True,1.0,False,True,True
battery_size5,458,80,open,0.07519993185997009,0.16542088985443115,0.16542108356952667,0.09022095799446106,True,1.0,False,True,True
battery_size5,467,80,open,0.07519993185997009,0.16542088985443115,0.16542106866836548,0.09022095799446106,True,1.0,False,True,True
battery_size5,476,81,open,0.07519979774951935,0.16542088985443115,0.16542105376720428,0.0902210921049118,True,1.0,False,True,True
battery_size5,485,81,open,0.0751999095082283,0.16542088985443115,0.16542106866836548,0.09022098034620285,True,1.0,False,True,True
battery_size5,494,80,open,0.07519974559545517,0.16542088985443115,0.16542106866836548,0.09022114425897598,True,1.0,False,True,True
battery_size5,503,80,open,0.07519976794719696,0.16542088985443115,0.16542108356952667,0.09022112190723419,True,1.0,False,True,True
battery_size5,512,80,open,0.07520002126693726,0.16542088985443115,0.16542106866836548,0.0902208685874939,True,1.0,False,True,True
battery_size5,521,81,open,0.07519984245300293,0.16542088985443115,0.16542106866836548,0.09022104740142822,True,1.0,False,True,True
battery_size5,530,81,open,0.07519982755184174,0.16542088985443115,0.16542106866836548,0.09022106230258942,True,1.0,False,True,True
battery_size5,539,81,open,0.07519964873790741,0.16542088985443115,0.16542106866836548,0.09022124111652374,True,1.0,False,True,True
battery_size5,548,81,open,0.0751991793513298,0.16542088985443115,0.16542108356952667,0.09022171050310135,True,1.0,False,True,True
battery_size5,557,81,open,0.07519982755184174,0.16542088985443115,0.16542106866836548,0.09022106230258942,True,1.0,False,True,True
battery_size5,566,80,open,0.07519979774951935,0.16542088985443115,0.16542106866836548,0.0902210921049118,True,1.0,False,True,True
battery_size5,575,81,open,0.07519974559545517,0.16542088985443115,0.16542106866836548,0.09022114425897598,True,1.0,False,True,True
battery_size5,584,80,open,0.07519994676113129,0.16542088985443115,0.16542106866836548,0.09022094309329987,True,1.0,False,True,True
battery_size5,593,80,open,0.07519982755184174,0.16542088985443115,0.16542106866836548,0.09022106230258942,True,1.0,False,True,True
battery_size5,602,82,open,0.07519923150539398,0.16542088985443115,0.16542106866836548,0.09022165834903717,True,1.0,False,True,True
battery_size5,611,80,open,0.07519973069429398,0.16542088985443115,0.16542111337184906,0.09022115916013718,True,1.0,False,True,True
battery_size5,620,81,open,0.07519982010126114,0.16542088985443115,0.16542106866836548,0.09022106975317001,True,1.0,False,True,True
battery_size5,629,80,open,0.07519982010126114,0.16542088985443115,0.16542109847068787,0.09022106975317001,True,1.0,False,True,True
battery_size5,638,80,open,0.07519979774951935,0.16542088985443115,0.16542106866836548,0.0902210921049118,True,1.0,False,True,True
battery_size5,647,80,open,0.0751999095082283,0.16542088985443115,0.16542106866836548,0.09022098034620285,True,1.0,False,True,True
battery_size5,656,80,open,0.07519970834255219,0.16542088985443115,0.16542105376720428,0.09022118151187897,True,1.0,False,True,True
battery_size5,665,80,open,0.0751999169588089,0.16542088985443115,0.16542106866836548,0.09022097289562225,True,1.0,False,True,True
battery_size5,674,82,open,0.07519954442977905,0.16542088985443115,0.16542109847068787,0.0902213454246521,True,1.0,False,True,True
battery_size5,683,80,open,0.07519972324371338,0.16542088985443115,0.16542106866836548,0.09022116661071777,True,1.0,False,True,True
battery_size5,692,80,open,0.07519929111003876,0.16542088985443115,0.16542109847068787,0.0902215987443924,True,1.0,False,True,True
battery_size5,701,80,open,0.07519987225532532,0.16542088985443115,0.16542106866836548,0.09022101759910583,True,1.0,False,True,True
battery_size5,710,80,open,0.0751999169588089,0.16542088985443115,0.16542106866836548,0.09022097289562225,True,1.0,False,True,True
battery_size5,719,81,open,0.07519981265068054,0.16542088985443115,0.16542105376720428,0.09022107720375061,True,1.0,False,True,True
battery_size5,728,81,open,0.07519985735416412,0.16542088985443115,0.16542106866836548,0.09022103250026703,True,1.0,False,True,True
battery_size5,737,81,open,0.07519973814487457,0.16542088985443115,0.16542106866836548,0.09022115170955658,True,1.0,False,True,True
battery_size5,746,82,open,0.0751991868019104,0.16542088985443115,0.16542106866836548,0.09022170305252075,True,1.0,False,True,True
battery_size5,755,81,open,0.07519953697919846,0.16542088985443115,0.16542108356952667,0.0902213528752327,True,1.0,False,True,True
battery_size5,764,80,open,0.07519976794719696,0.16542088985443115,0.16542106866836548,0.09022112190723419,True,1.0,False,True,True
battery_size5,773,80,open,0.07519970834255219,0.16542088985443115,0.16542111337184906,0.09022118151187897,True,1.0,False,True,True
battery_size5,782,81,open,0.07519982755184174,0.16542088985443115,0.16542106866836548,0.09022106230258942,True,1.0,False,True,True
battery_size5,791,81,open,0.07519973069429398,0.16542088985443115,0.16542106866836548,0.09022115916013718,True,1.0,False,True,True
battery_size5,800,80,open,0.07519963383674622,0.16542088985443115,0.16542106866836548,0.09022125601768494,True,1.0,False,True,True
battery_size5,809,81,open,0.07519981265068054,0.16542088985443115,0.16542106866836548,0.09022107720375061,True,1.0,False,True,True
battery_size5,818,80,open,0.07519993931055069,0.16542088985443115,0.16542106866836548,0.09022095054388046,True,1.0,False,True,True
battery_size5,827,82,open,0.07519932091236115,0.16542088985443115,0.16542106866836548,0.09022156894207001,True,1.0,False,True,True
battery_size5,836,80,open,0.07519993931055069,0.16542088985443115,0.16542105376720428,0.09022095054388046,True,1.0,False,True,True
battery_size5,845,82,open,0.07519932091236115,0.16542088985443115,0.16542108356952667,0.09022156894207001,True,1.0,False,True,True
battery_size5,854,80,open,0.07519986480474472,0.16542088985443115,0.16542105376720428,0.09022102504968643,True,1.0,False,True,True
battery_size5,863,81,open,0.07519956678152084,0.16542088985443115,0.16542106866836548,0.09022132307291031,True,1.0,False,True,True
battery_size5,872,81,open,0.07519976794719696,0.16542088985443115,0.16542106866836548,0.09022112190723419,True,1.0,False,True,True
battery_size5,881,80,open,0.07519979774951935,0.16542088985443115,0.16542109847068787,0.0902210921049118,True,1.0,False,True,True
battery_size5,890,81,open,0.0751991719007492,0.16542088985443115,0.16542109847068787,0.09022171795368195,True,1.0,False,True,True
battery_size5,899,81,open,0.07519985735416412,0.16542088985443115,0.16542106866836548,0.09022103250026703,True,1.0,False,True,True
battery_size5,908,80,open,0.07519951462745667,0.16542088985443115,0.16542108356952667,0.09022137522697449,True,1.0,False,True,True
battery_size5,917,80,open,0.07519982755184174,0.16542088985443115,0.16542106866836548,0.09022106230258942,True,1.0,False,True,True
battery_size5,926,81,open,0.07519975304603577,0.16542088985443115,0.16542106866836548,0.09022113680839539,True,1.0,False,True,True
battery_size5,935,80,open,0.0751999169588089,0.16542088985443115,0.16542105376720428,0.09022097289562225,True,1.0,False,True,True
battery_size5,944,81,open,0.07519977539777756,0.16542088985443115,0.16542106866836548,0.0902211144566536,True,1.0,False,True,True
battery_size5,953,80,open,0.07519976049661636,0.16542088985443115,0.16542109847068787,0.09022112935781479,True,1.0,False,True,True
battery_size5,962,81,open,0.07519964128732681,0.16542088985443115,0.16542106866836548,0.09022124856710434,True,1.0,False,True,True
battery_size5,971,80,open,0.07519973814487457,0.16542088985443115,0.16542109847068787,0.09022115170955658,True,1.0,False,True,True
battery_size5,980,80,open,0.0751999020576477,0.16542088985443115,0.1654210388660431,0.09022098779678345,True,1.0,False,True,True
battery_size5,989,80,open,0.07519985735416412,0.16542088985443115,0.16542109847068787,0.09022103250026703,True,1.0,False,True,True
battery_size5,998,81,open,0.07519978284835815,0.16542088985443115,0.16542106866836548,0.090221107006073,True,1.0,False,True,True
battery_size5,1007,80,open,0.07519982010126114,0.16542088985443115,0.16542108356952667,0.09022106975317001,True,1.0,False,True,True
battery_size5,1016,81,open,0.07519976794719696,0.16542088985443115,0.1654210388660431,0.09022112190723419,True,1.0,False,True,True
battery_size5,1025,80,open,0.0751999020576477,0.16542088985443115,0.1654210388660431,0.09022098779678345,True,1.0,False,True,True
battery_size5,1034,80,open,0.07519993931055069,0.16542088985443115,0.1654210388660431,0.09022095054388046,True,1.0,False,True,True
battery_size5,1043,81,open,0.07519978284835815,0.16542088985443115,0.16542106866836548,0.090221107006073,True,1.0,False,True,True
battery_size5,1052,80,open,0.0751999095082283,0.16542088985443115,0.16542105376720428,0.09022098034620285,True,1.0,False,True,True
battery_size5,1061,80,open,0.07519984245300293,0.16542088985443115,0.16542106866836548,0.09022104740142822,True,1.0,False,True,True
battery_size5,1070,82,open,0.07519929111003876,0.16542088985443115,0.16542106866836548,0.0902215987443924,True,1.0,False,True,True
battery_size5,1079,80,open,0.07519981265068054,0.16542088985443115,0.16542109847068787,0.09022107720375061,True,1.0,False,True,True
battery_size5,1088,81,open,0.07519970834255219,0.16542088985443115,0.16542106866836548,0.09022118151187897,True,1.0,False,True,True
battery_size5,1097,81,open,0.07519979774951935,0.16542088985443115,0.1654210388660431,0.0902210921049118,True,1.0,False,True,True
battery_size5,1106,81,open,0.07519988715648651,0.16542088985443115,0.16542106866836548,0.09022100269794464,True,1.0,False,True,True
battery_size5,1115,81,open,0.0751991868019104,0.16542088985443115,0.16542108356952667,0.09022170305252075,True,1.0,False,True,True
battery_size5,1124,81,open,0.0751991793513298,0.16542088985443115,0.16542106866836548,0.09022171050310135,True,1.0,False,True,True
battery_size5,1133,80,open,0.07519984245300293,0.16542088985443115,0.1654210388660431,0.09022104740142822,True,1.0,False,True,True
battery_size5,1142,80,open,0.07519979774951935,0.16542088985443115,0.16542106866836548,0.0902210921049118,True,1.0,False,True,True
battery_size5,1151,81,open,0.07520000636577606,0.16542088985443115,0.16542105376720428,0.09022088348865509,True,1.0,False,True,True
battery_size5,1160,81,open,0.07519985735416412,0.16542088985443115,0.1654210388660431,0.09022103250026703,True,1.0,False,True,True
battery_size5,1169,81,open,0.0751999020576477,0.16542088985443115,0.16542106866836548,0.09022098779678345,True,1.0,False,True,True
battery_size5,1178,80,open,0.0751996785402298,0.16542088985443115,0.16542109847068787,0.09022121131420135,True,1.0,False,True,True
battery_size5,1187,80,open,0.07519985735416412,0.16542088985443115,0.16542106866836548,0.09022103250026703,True,1.0,False,True,True
battery_size5,1196,80,open,0.07519975304603577,0.16542088985443115,0.16542109847068787,0.09022113680839539,True,1.0,False,True,True
battery_size5,1205,81,open,0.0751999020576477,0.16542088985443115,0.16542105376720428,0.09022098779678345,True,1.0,False,True,True
battery_size5,1214,81,open,0.0751996636390686,0.16542088985443115,0.16542106866836548,0.09022122621536255,True,1.0,False,True,True
battery_size5,1223,80,open,0.07519982010126114,0.16542088985443115,0.16542111337184906,0.09022106975317001,True,1.0,False,True,True
battery_size5,1232,80,open,0.07519979774951935,0.16542088985443115,0.16542109847068787,0.0902210921049118,True,1.0,False,True,True
battery_size5,1241,80,open,0.07519984990358353,0.16542088985443115,0.16542106866836548,0.09022103995084763,True,1.0,False,True,True
battery_size5,1250,80,open,0.07519970834255219,0.16542088985443115,0.16542109847068787,0.09022118151187897,True,1.0,False,True,True
battery_size5,1259,80,open,0.07519997656345367,0.16542088985443115,0.16542106866836548,0.09022091329097748,True,1.0,False,True,True
battery_size5,1268,80,open,0.07519987225532532,0.16542088985443115,0.16542108356952667,0.09022101759910583,True,1.0,False,True,True
battery_size5,1277,81,open,0.07519987225532532,0.16542088985443115,0.16542105376720428,0.09022101759910583,True,1.0,False,True,True
battery_size5,1286,81,open,0.07519925385713577,0.16542088985443115,0.16542106866836548,0.09022163599729538,True,1.0,False,True,True
battery_size5,1295,81,open,0.07519984245300293,0.16542088985443115,0.16542106866836548,0.09022104740142822,True,1.0,False,True,True
battery_size5,1304,80,open,0.0751999020576477,0.16542088985443115,0.1654210388660431,0.09022098779678345,True,1.0,False,True,True
battery_size5,1313,81,open,0.07519982755184174,0.16542088985443115,0.16542106866836548,0.09022106230258942,True,1.0,False,True,True
battery_size5,1322,81,open,0.07519975304603577,0.16542088985443115,0.1654210239648819,0.09022113680839539,True,1.0,False,True,True
battery_size5,1331,80,open,0.07519993185997009,0.16542088985443115,0.16542106866836548,0.09022095799446106,True,1.0,False,True,True
battery_size5,1340,81,open,0.0751999244093895,0.16542088985443115,0.16542106866836548,0.09022096544504166,True,1.0,False,True,True
battery_size5,1349,80,open,0.07519981265068054,0.16542088985443115,0.16542106866836548,0.09022107720375061,True,1.0,False,True,True
battery_size5,1358,81,open,0.07519987970590591,0.16542088985443115,0.16542106866836548,0.09022101014852524,True,1.0,False,True,True
battery_size5,1367,80,open,0.07519982755184174,0.16542088985443115,0.16542106866836548,0.09022106230258942,True,1.0,False,True,True
battery_size5,1376,80,open,0.0751996710896492,0.16542088985443115,0.16542109847068787,0.09022121876478195,True,1.0,False,True,True
battery_size5,1385,80,open,0.07519979774951935,0.16542088985443115,0.16542105376720428,0.0902210921049118,True,1.0,False,True,True
battery_size5,1394,81,open,0.07519982010126114,0.16542088985443115,0.16542106866836548,0.09022106975317001,True,1.0,False,True,True
battery_size5,1403,80,open,0.07519972324371338,0.16542088985443115,0.16542109847068787,0.09022116661071777,True,1.0,False,True,True
battery_size5,1412,81,open,0.0751992017030716,0.16542088985443115,0.16542106866836548,0.09022168815135956,True,1.0,False,True,True
battery_size5,1421,80,open,0.07519970834255219,0.16542088985443115,0.16542108356952667,0.09022118151187897,True,1.0,False,True,True
battery_size5,1430,81,open,0.07519984245300293,0.16542088985443115,0.16542105376720428,0.09022104740142822,True,1.0,False,True,True
battery_size5,1439,80,open,0.0751999169588089,0.16542088985443115,0.16542106866836548,0.09022097289562225,True,1.0,False,True,True
battery_size5,1448,80,open,0.07519982755184174,0.16542088985443115,0.16542106866836548,0.09022106230258942,True,1.0,False,True,True
battery_size5,1457,80,open,0.07519985735416412,0.16542088985443115,0.16542105376720428,0.09022103250026703,True,1.0,False,True,True
battery_size5,1466,80,open,0.07519981265068054,0.16542088985443115,0.16542109847068787,0.09022107720375061,True,1.0,False,True,True
battery_size5,1475,81,open,0.07519982010126114,0.16542088985443115,0.16542106866836548,0.09022106975317001,True,1.0,False,True,True
battery_size5,1484,81,open,0.07519984245300293,0.16542088985443115,0.16542105376720428,0.09022104740142822,True,1.0,False,True,True
battery_size5,1493,81,open,0.0751999020576477,0.16542088985443115,0.16542106866836548,0.09022098779678345,True,1.0,False,True,True
battery_size5,1502,80,open,0.07519987970590591,0.16542088985443115,0.16542105376720428,0.09022101014852524,True,1.0,False,True,True
battery_size5,1511,80,open,0.0751996636390686,0.16542088985443115,0.16542106866836548,0.09022122621536255,True,1.0,False,True,True
battery_size5,1520,80,open,0.07519987970590591,0.16542088985443115,0.16542106866836548,0.09022101014852524,True,1.0,False,True,True
battery_size5,1529,81,open,0.07519951462745667,0.16542088985443115,0.16542111337184906,0.09022137522697449,True,1.0,False,True,True
battery_size5,1538,80,open,0.07519982755184174,0.16542088985443115,0.16542105376720428,0.09022106230258942,True,1.0,False,True,True
battery_size5,1547,81,open,0.07519982755184174,0.16542088985443115,0.16542106866836548,0.09022106230258942,True,1.0,False,True,True
battery_size5,1556,81,open,0.07519994676113129,0.16542088985443115,0.1654210388660431,0.09022094309329987,True,1.0,False,True,True
battery_size5,1565,81,open,0.07519979029893875,0.16542088985443115,0.16542106866836548,0.0902210995554924,True,1.0,False,True,True
battery_size5,1574,80,open,0.07519987225532532,0.16542088985443115,0.16542106866836548,0.09022101759910583,True,1.0,False,True,True
battery_size5,1583,81,open,0.07519976794719696,0.16542088985443115,0.16542106866836548,0.09022112190723419,True,1.0,False,True,True
battery_size5,1592,81,open,0.0751999020576477,0.16542088985443115,0.16542105376720428,0.09022098779678345,True,1.0,False,True,True
battery_size5,1601,80,open,0.07519955933094025,0.16542088985443115,0.16542106866836548,0.0902213305234909,True,1.0,False,True,True
battery_size5,1610,80,open,0.07519982755184174,0.16542088985443115,0.16542106866836548,0.09022106230258942,True,1.0,False,True,True
battery_size5,1619,81,open,0.07519976049661636,0.16542088985443115,0.16542105376720428,0.09022112935781479,True,1.0,False,True,True
battery_size5,1628,81,open,0.07519979029893875,0.16542088985443115,0.16542106866836548,0.0902210995554924,True,1.0,False,True,True
battery_size5,1637,81,open,0.07519974559545517,0.16542088985443115,0.16542106866836548,0.09022114425897598,True,1.0,False,True,True
battery_size5,1646,81,open,0.0751991868019104,0.16542088985443115,0.16542109847068787,0.09022170305252075,True,1.0,False,True,True
battery_size5,1655,81,open,0.07519988715648651,0.16542088985443115,0.16542106866836548,0.09022100269794464,True,1.0,False,True,True
battery_size5,1664,81,open,0.07519979774951935,0.16542088985443115,0.16542105376720428,0.0902210921049118,True,1.0,False,True,True
battery_size5,1673,81,open,0.07519915699958801,0.16542088985443115,0.16542111337184906,0.09022173285484314,True,1.0,False,True,True
battery_size5,1682,81,open,0.07519989460706711,0.16542088985443115,0.16542106866836548,0.09022099524736404,True,1.0,False,True,True
battery_size5,1691,80,open,0.0751999020576477,0.16542088985443115,0.16542105376720428,0.09022098779678345,True,1.0,False,True,True
battery_size5,1700,81,open,0.07519979774951935,0.16542088985443115,0.16542106866836548,0.0902210921049118,True,1.0,False,True,True
battery_size5,1709,80,open,0.07519996166229248,0.16542088985443115,0.16542106866836548,0.09022092819213867,True,1.0,False,True,True
battery_size5,1718,81,open,0.07520002126693726,0.16542088985443115,0.16542105376720428,0.0902208685874939,True,1.0,False,True,True
battery_size5,1727,81,open,0.0751999095082283,0.16542088985443115,0.16542105376720428,0.09022098034620285,True,1.0,False,True,True
battery_size5,1736,81,open,0.07519957423210144,0.16542088985443115,0.16542106866836548,0.09022131562232971,True,1.0,False,True,True
battery_size5,1745,80,open,0.07519969344139099,0.16542088985443115,0.1654210388660431,0.09022119641304016,True,1.0,False,True,True
battery_size5,1754,80,open,0.07519996166229248,0.16542088985443115,0.16542106866836548,0.09022092819213867,True,1.0,False,True,True
battery_size5,1763,80,open,0.07519979774951935,0.16542088985443115,0.16542106866836548,0.0902210921049118,True,1.0,False,True,True
battery_size5,1772,81,open,0.0751996785402298,0.16542088985443115,0.16542106866836548,0.09022121131420135,True,1.0,False,True,True
battery_size5,1781,81,open,0.0751999020576477,0.16542088985443115,0.16542106866836548,0.09022098779678345,True,1.0,False,True,True
battery_size5,1790,80,open,0.07519985735416412,0.16542088985443115,0.16542106866836548,0.09022103250026703,True,1.0,False,True,True
battery_size5,1799,81,open,0.0751991868019104,0.16542088985443115,0.16542106866836548,0.09022170305252075,True,1.0,False,True,True
